Age,Gender,Medical Condition,Admission Type,Blood Type,Actual_Stay,Predicted_Stay
63,0,5,2,4,7,14.208523809523808
57,0,1,0,4,5,11.8975
71,0,5,2,3,13,17.44387301587302
24,0,0,2,1,30,16.632738095238096
42,1,4,2,6,28,18.51676587301587
57,1,3,0,7,17,10.552428571428573
36,1,4,1,0,8,14.663650072150071
75,0,0,2,5,26,19.769809523809528
59,1,5,1,2,23,19.7768391053391
74,1,2,2,7,4,17.889865079365077
28,0,4,2,5,16,14.053869047619049
75,1,2,1,2,22,13.044436507936505
63,0,5,0,7,30,15.478333333333332
29,0,5,0,0,4,14.191821428571432
56,0,5,0,0,20,16.01540476190477
41,1,4,2,0,7,14.412547619047618
75,1,1,1,6,12,26.539476190476194
60,1,2,0,5,23,8.4265
48,0,1,1,5,15,17.49833333333333
19,1,3,1,6,3,11.613273809523811
27,0,5,2,4,17,10.850928571428572
54,1,2,2,7,2,17.88140476190476
82,0,3,0,6,23,22.783642857142855
81,1,0,0,2,12,12.495333333333333
33,1,0,1,3,4,13.5365
45,0,4,1,2,18,17.91368253968254
82,1,3,2,7,4,22.726666666666667
21,1,0,1,1,3,17.283380952380952
66,1,3,2,1,6,13.7575
60,1,0,0,4,19,17.87696428571429
73,1,4,1,7,16,20.340999999999998
31,1,0,0,1,26,13.38131349206349
68,1,4,0,4,13,8.767499999999998
64,1,4,0,2,2,25.216166666666663
58,0,0,1,5,6,9.743146825396826
38,0,4,2,2,30,21.665349206349205
84,0,3,1,4,2,14.70480158730159
71,0,2,0,4,10,15.285833333333333
81,0,5,2,2,27,8.499666666666668
64,1,3,2,2,17,18.53216666666666
36,0,2,2,3,18,7.629154761904764
75,1,3,1,7,11,13.695833333333333
58,0,4,2,2,16,11.745960317460318
38,0,5,1,2,15,18.50094444444445
73,0,4,1,3,5,17.423523809523807
71,1,0,1,7,13,20.67785317460318
29,1,3,1,2,18,14.118333333333334
39,1,2,0,3,6,6.310499999999999
35,0,3,1,3,15,22.55583333333333
47,0,0,0,3,29,12.485261904761904
64,0,1,1,1,5,10.937775641025642
31,1,4,2,1,6,26.129023809523805
84,0,5,2,2,30,19.22290476190476
79,1,5,2,7,27,7.861821428571427
78,0,4,1,0,3,5.616880952380952
26,0,0,0,1,26,10.041285714285715
51,0,1,1,4,23,15.051666666666662
46,1,3,0,6,22,17.49254365079365
58,0,5,0,0,1,13.937230158730157
82,1,1,2,3,10,18.81803571428571
34,1,3,1,3,11,12.491535714285712
46,1,2,2,5,22,17.10029761904762
28,1,4,1,3,6,10.700571428571429
71,0,4,2,0,18,19.888333333333332
44,0,1,1,4,1,10.590996031746034
47,1,3,2,4,22,8.38770634920635
36,0,3,1,0,9,23.035559523809514
69,0,5,1,6,22,16.098666666666666
59,0,5,0,3,24,5.832444444444445
42,0,0,1,2,6,19.787402236652238
18,1,5,1,7,8,19.899011904761906
23,1,0,1,2,23,14.89825
47,1,4,0,5,4,15.775238095238096
53,1,5,2,3,16,21.806214285714294
29,0,4,1,0,4,9.554333333333336
34,1,2,2,4,12,17.742333333333335
80,1,0,0,3,29,16.851
68,0,3,2,7,8,13.88547619047619
69,0,4,2,3,15,21.284738095238094
38,0,1,0,7,25,11.944619047619046
71,0,1,0,0,20,12.43807142857143
22,0,0,0,6,13,9.840835137085138
56,0,4,1,0,19,12.472952380952384
76,1,5,1,7,5,7.931289682539682
56,1,1,0,1,11,17.01490466477967
52,1,3,1,1,17,13.664246392496398
85,0,1,0,3,26,10.929642857142856
55,0,3,2,4,17,14.647726190476194
38,0,5,1,5,10,10.575365079365078
77,0,0,2,1,11,19.477214285714286
84,0,0,2,4,18,19.405489898989902
41,1,3,1,0,30,13.232833333333337
60,1,1,0,6,30,19.423638888888885
19,0,0,2,3,19,17.139380952380954
45,0,3,0,0,27,11.752499999999998
71,1,1,0,3,2,20.918166666666664
69,0,3,0,3,3,11.718440476190478
69,0,3,1,6,20,16.39024999999999
71,0,4,2,0,30,19.888333333333332
39,0,0,0,3,24,6.908290043290045
28,0,1,2,3,27,12.516404761904765
66,0,3,2,0,26,15.341809523809525
23,1,3,1,0,22,18.107976190476194
24,0,3,0,1,1,16.81233333333333
73,0,3,0,3,8,23.26345238095238
73,1,0,0,6,26,18.056904761904764
34,1,0,1,2,6,24.36329761904761
47,0,1,2,2,6,16.774043650793654
41,0,5,0,0,21,4.145
66,0,1,0,1,2,10.099619047619047
37,1,2,2,5,6,23.427666666666667
72,0,4,0,6,24,20.08358333333333
57,1,3,1,1,27,15.17470238095238
65,1,5,0,1,20,14.849793650793647
55,0,1,1,0,17,10.25125
28,1,4,2,0,29,8.87334126984127
65,1,0,2,2,13,19.064579365079375
63,1,5,2,4,13,9.758428571428572
41,1,2,2,2,5,12.875060245310245
42,0,1,1,6,1,6.390857142857143
40,0,0,1,1,8,15.78403968253968
54,1,4,0,3,24,10.473841269841273
54,1,4,2,1,11,16.78745238095238
22,0,1,0,3,13,12.832809523809523
64,1,5,1,0,13,22.87569191919192
27,1,1,2,3,11,12.019285714285713
69,0,0,0,1,14,15.302045815295813
19,1,3,2,4,7,12.189547619047616
39,0,0,1,4,1,20.100817460317465
81,0,5,2,4,6,21.30666666666667
28,1,3,2,4,21,9.539333333333333
45,1,5,0,3,28,5.085690476190476
56,0,0,1,6,20,18.2548253968254
61,0,5,0,7,14,18.844166666666666
27,1,2,2,6,26,14.225999999999997
57,1,3,0,0,10,7.6851666666666665
47,0,5,2,5,23,9.851068181818183
78,0,1,2,3,15,20.344321428571426
56,1,3,1,3,11,18.366142857142858
60,0,4,2,0,16,12.676146825396824
80,1,0,1,7,23,19.489226190476195
45,0,2,0,1,4,16.97022619047619
58,0,0,0,6,13,14.58721428571428
60,0,1,1,2,23,13.586864357864355
64,0,2,2,2,25,18.14459523809524
19,1,2,1,3,11,12.893333333333334
79,0,0,2,6,7,18.484309523809525
74,0,1,2,0,25,17.190433982683984
54,1,2,2,3,25,14.229976190476188
71,1,1,1,7,13,18.38486111111111
80,0,3,2,4,27,18.44275
52,0,3,0,0,28,15.481511904761907
47,0,5,1,0,3,7.547095238095236
68,1,5,1,5,1,6.911904761904765
52,1,1,0,3,12,13.607285714285712
72,1,0,1,2,25,19.37614285714286
66,0,4,1,5,8,18.02752380952381
29,0,3,2,4,22,18.449404761904763
54,0,2,1,6,8,21.088
48,1,5,0,3,18,12.414190476190479
42,1,2,1,7,4,12.542766233766233
24,1,0,0,3,9,14.990809523809524
37,0,0,2,0,9,17.248333333333328
76,0,2,2,4,11,8.177000000000001
73,0,4,1,6,3,18.712
73,1,5,1,5,25,16.407083333333333
22,0,1,1,3,7,19.706333333333333
50,1,1,2,3,30,5.774112193362193
23,0,0,1,5,21,19.511833333333335
54,0,1,1,3,7,8.037
63,0,1,1,7,27,21.20333333333333
74,0,2,2,5,6,19.964428571428577
46,0,2,2,1,3,12.48068253968254
56,1,5,1,6,11,24.445999999999998
43,0,0,0,7,14,13.23579274891775
40,0,1,0,7,20,15.016857142857143
82,0,2,2,7,1,6.998166666666666
80,0,2,2,1,2,11.838583333333334
76,1,4,2,5,29,25.318833333333338
79,1,2,1,4,4,7.8031428571428565
44,0,2,0,6,25,14.293003968253972
55,0,4,0,5,24,13.885785714285714
45,0,1,2,4,22,20.852761904761902
71,0,2,2,6,6,20.961547619047618
74,1,1,0,7,25,25.31176479076479
62,1,5,2,5,4,12.0825
32,1,1,1,2,18,15.912738095238094
84,1,0,1,3,26,23.922690476190475
59,1,3,0,2,23,18.3845
25,1,5,2,5,30,20.14833333333333
34,0,0,0,2,14,22.487750000000002
18,0,2,1,6,15,16.069666666666667
38,0,5,0,7,30,17.223607142857148
36,1,0,1,6,29,10.577607142857143
51,0,0,1,7,27,23.44791666666667
50,1,2,0,2,9,10.632619047619052
33,1,3,0,6,22,15.007380952380954
47,1,1,0,5,29,17.843833333333333
58,1,5,0,0,2,14.543432539682538
74,1,0,1,1,13,24.125714285714285
38,1,0,0,0,9,14.826392857142856
79,1,3,2,2,24,24.202714285714286
55,1,2,1,1,2,16.133333333333333
44,1,3,0,4,18,15.191142857142857
35,1,0,2,2,16,16.571071428571425
48,1,2,0,7,6,10.925880952380954
74,0,0,2,1,19,6.88479761904762
21,0,3,2,6,7,8.188
60,0,3,0,0,15,8.502285714285714
41,1,3,1,0,26,13.232833333333337
84,0,5,1,7,9,14.653047619047618
78,0,1,2,1,17,11.778666666666666
20,1,1,2,3,1,18.28597619047619
32,1,0,1,7,17,15.470246031746031
85,1,5,0,0,26,11.003833333333334
56,1,2,2,4,29,15.778690476190476
64,1,0,0,2,24,15.255511904761908
66,1,2,1,1,2,16.875095238095234
48,0,2,0,5,7,19.933499999999995
80,1,1,2,3,1,18.447
62,0,5,2,2,3,18.85057106782107
49,1,4,1,3,23,10.080198412698413
71,0,2,2,2,16,15.056500000000003
68,1,3,1,2,27,18.3239246031746
65,1,2,0,1,14,17.014333333333333
85,0,3,0,0,15,14.337238095238094
38,1,1,0,2,21,19.85164285714286
84,0,4,2,6,22,8.00952380952381
84,1,5,0,4,9,24.411666666666665
21,0,4,0,2,9,16.340404761904757
18,1,2,0,7,25,16.083656565656575
82,1,4,0,0,26,11.168190476190473
61,1,0,0,3,1,12.051333333333332
84,1,3,2,2,11,14.555000000000001
27,1,4,0,5,25,16.93784090909091
80,1,3,1,4,21,13.455476190476185
68,1,1,1,7,3,25.648404761904768
77,0,3,1,7,26,10.130095238095238
38,0,4,0,4,29,13.440121572871574
79,1,0,2,0,28,16.024694444444446
50,0,3,2,4,13,16.628690476190478
70,0,0,0,7,4,23.17268253968254
22,1,4,1,4,20,10.502857142857142
68,0,0,1,5,22,18.460019841269844
80,1,2,1,1,9,26.31350432900432
31,1,3,1,3,1,11.948749999999997
40,1,0,2,7,14,11.266000000000002
70,0,5,2,4,9,13.426006493506494
18,0,2,1,3,26,12.67787812187812
32,0,2,2,0,1,19.925500000000003
57,1,4,1,1,7,14.532250000000001
49,1,5,2,7,11,15.800535714285715
33,1,4,2,3,18,10.066976190476186
37,1,2,1,5,27,18.91666666666667
41,1,2,2,4,16,16.87905952380952
24,0,0,2,7,9,19.60861904761905
31,0,4,0,6,29,9.003083333333333
62,1,3,2,3,27,27.295000000000005
43,1,3,2,1,27,19.91916666666667
78,1,2,1,7,3,17.802157176157174
56,0,2,2,3,25,23.802333333333337
35,0,2,0,6,25,17.997809523809522
53,0,4,2,3,5,22.968666666666664
19,0,2,0,7,7,21.618562770562757
68,1,4,1,7,26,13.27797619047619
65,1,4,1,4,28,17.844345238095237
85,0,3,0,3,9,9.083095238095238
58,1,1,1,5,7,20.40079761904762
34,1,1,1,4,5,12.730595238095237
67,1,4,1,4,26,18.614845238095235
46,1,1,0,4,19,10.654000000000002
53,0,0,1,7,1,20.980690476190475
78,0,3,0,2,13,8.998249999999997
43,0,0,2,7,7,11.184892135642135
70,0,2,1,6,18,19.785261904761906
24,0,3,1,7,2,11.4584246031746
41,0,4,0,2,10,6.191250000000001
25,1,0,1,2,26,12.933666666666667
64,1,5,0,4,25,15.317904761904764
68,1,5,1,2,5,6.638166666666666
34,1,3,0,2,4,17.648119047619055
83,1,4,2,7,6,12.056130952380954
58,0,1,0,6,1,5.872460317460318
54,0,2,1,7,7,7.562142857142856
23,1,5,0,4,18,13.962210317460315
77,1,4,1,2,6,15.793515873015874
24,1,5,0,2,19,12.271869047619047
58,1,3,1,7,16,16.636166666666668
19,1,5,2,3,17,9.5505183982684
18,1,4,0,3,27,20.099809523809526
72,1,0,1,6,19,23.53379365079365
31,1,1,1,1,17,15.466796536796537
78,1,2,0,3,20,13.618666666666666
71,1,3,2,1,15,18.321353174603175
36,0,4,1,3,10,18.339583333333334
75,0,5,0,5,12,17.75755194805195
32,1,3,1,7,29,13.746464285714287
36,1,0,1,4,17,16.012762626262628
73,0,2,0,1,29,14.805408730158728
23,0,3,0,0,13,16.206702380952382
21,1,0,0,2,11,16.090130230880234
49,0,1,2,6,19,12.544333333333334
45,1,1,0,0,6,14.283
81,1,5,2,4,4,16.853785714285713
38,0,5,1,1,21,8.179666666666668
73,1,1,1,7,10,6.745833333333334
57,0,2,1,6,9,9.97291666666667
37,1,4,1,6,17,13.737416666666666
82,1,2,2,6,2,17.024158730158728
36,1,1,1,6,25,22.79631421356422
45,1,4,2,5,18,14.859333333333336
32,0,0,1,3,18,19.574964285714287
63,1,0,0,6,16,23.289904761904765
31,1,1,1,1,28,15.466796536796537
24,1,2,2,1,17,15.097777777777779
63,0,0,1,2,9,12.080190476190477
43,1,2,0,7,7,19.663015873015873
20,1,2,2,4,16,17.467301587301584
24,1,1,1,6,19,15.116261904761904
44,0,3,2,5,10,15.186087301587301
25,1,3,1,3,19,12.992333333333333
29,0,0,2,0,18,17.773000000000003
63,1,5,1,1,28,15.998312409812407
51,0,2,1,5,9,14.296666666666667
22,0,3,0,2,10,24.13454761904762
61,1,5,0,1,5,24.10283333333333
52,1,5,2,2,13,15.628584415584411
42,1,1,1,5,9,13.90292857142857
36,1,2,1,2,30,8.433607142857143
67,0,5,2,4,11,8.150666666666668
70,0,4,1,3,18,13.349452380952382
28,0,1,0,6,10,18.566666666666666
38,1,5,1,6,7,16.91983116883117
80,0,1,2,5,25,15.323500000000001
21,0,5,0,3,24,25.420333333333332
37,0,3,0,0,21,11.930154761904761
68,1,5,0,3,8,16.094166666666666
19,0,0,1,5,7,19.49832142857143
27,1,2,0,3,17,21.715944444444453
28,0,5,0,4,23,13.049000000000003
56,1,2,0,3,28,9.279000000000002
19,1,4,0,1,13,13.851396825396828
68,0,1,0,0,7,25.05472222222222
66,0,5,2,7,23,9.591962481962483
21,0,0,2,3,5,12.197523809523805
33,0,0,1,0,26,10.573523809523806
75,0,4,0,4,29,16.823490981240987
76,0,2,1,0,28,17.327376984126992
37,1,4,0,1,25,21.649193722943725
37,0,0,2,1,25,12.29300793650794
33,0,2,2,5,19,16.965190476190475
75,0,2,1,0,24,18.033416666666664
77,0,3,2,3,8,17.433174603174606
68,0,1,1,2,6,20.836083333333335
33,1,1,0,5,12,13.690333333333333
85,1,4,0,2,20,16.30626984126984
72,0,0,0,5,18,11.140555555555556
65,1,3,2,4,10,11.041833333333335
52,0,1,1,4,10,16.11507142857143
42,0,1,0,1,23,12.954694444444442
22,0,3,1,4,9,8.925058441558441
72,0,4,0,5,15,14.501650793650796
40,0,4,0,6,4,14.552452380952383
61,1,4,2,7,14,20.09095238095238
20,0,2,1,3,1,10.609277777777777
50,1,4,0,1,9,22.835
60,0,2,2,7,21,17.2203489010989
81,1,3,0,4,26,18.456642857142857
63,0,3,2,6,16,11.915630952380953
49,0,5,2,4,18,20.72422619047619
68,1,5,1,1,12,17.464999999999996
78,0,1,0,7,25,11.297826839826842
55,1,1,1,1,17,5.928047619047619
85,0,4,2,6,20,13.279518620268624
58,0,3,2,6,3,17.339904401154403
56,1,2,1,7,10,19.89316666666667
36,1,0,1,6,19,10.577607142857143
30,0,5,0,7,9,18.539
33,0,0,2,7,30,13.49957323232323
70,0,0,1,5,29,9.598388888888888
54,1,5,0,2,16,7.79625
42,1,1,1,5,19,13.90292857142857
47,1,2,1,2,3,19.968166666666665
30,1,0,1,6,28,22.397
38,0,2,2,1,5,18.51790367965368
64,1,5,0,1,5,19.693440476190474
80,0,4,2,4,3,16.460666666666665
25,1,4,0,7,20,17.12873809523809
24,0,5,1,7,19,15.120178571428566
82,1,0,1,4,8,22.104952380952383
26,1,0,2,5,16,14.782896825396824
78,0,0,0,2,9,6.002000000000001
45,0,1,0,3,1,16.791333333333334
79,1,3,1,3,18,15.10230952380952
33,0,0,2,5,12,7.354304834054835
77,1,0,1,3,20,16.036285714285714
84,1,1,2,7,2,20.261404761904764
25,1,1,1,1,14,20.47866666666667
57,0,4,1,1,19,15.782333333333334
72,1,5,1,0,1,13.922666666666665
48,1,2,2,1,26,15.438666666666668
63,0,0,0,0,8,18.221630952380952
47,1,5,2,3,3,15.449646825396824
20,1,5,0,7,9,19.89909523809524
32,0,0,1,5,29,14.115238095238091
43,1,3,2,3,8,16.15577777777778
66,1,4,0,5,19,23.522380952380953
18,0,0,2,3,26,15.635
77,0,3,1,7,19,10.130095238095238
28,0,1,2,2,1,16.411900793650794
52,0,1,2,0,9,18.723011904761904
27,1,2,2,3,22,17.13029365079365
50,0,2,2,4,9,13.662047619047616
38,0,5,2,3,30,15.39819444444445
80,1,2,0,0,14,6.9331666666666685
28,1,0,2,0,11,9.668059523809523
69,1,1,0,3,19,16.20477558552559
30,1,4,0,1,7,18.06866666666667
60,0,2,0,1,2,18.639638888888886
21,1,3,1,5,15,20.49786904761904
47,0,3,2,7,3,9.270392857142857
44,1,4,0,3,10,13.131555555555556
30,1,4,2,7,10,10.327214285714287
59,0,4,2,1,8,18.550642857142858
44,1,0,1,2,9,20.63223809523809
31,1,0,2,1,4,17.1275
21,0,4,0,5,21,10.820619047619047
41,1,5,1,0,18,14.73916017316017
19,0,2,1,0,9,12.83038095238095
28,1,3,2,5,27,25.35496428571428
53,0,5,2,6,15,18.407666666666664
57,1,4,0,7,27,11.009037878787876
42,1,5,1,3,27,19.630833333333335
53,0,3,0,5,12,16.23686507936508
42,1,5,1,0,10,15.332
84,1,4,0,3,6,16.217595238095235
20,1,4,2,0,4,25.423595238095242
60,1,1,1,7,17,6.961833333333334
58,1,2,2,4,18,17.851130952380952
81,1,5,0,6,25,21.003809523809522
64,0,0,1,4,7,11.74516666666667
23,0,3,1,6,25,21.951666666666664
59,1,0,0,1,19,12.085027777777775
64,0,2,2,5,14,12.35086904761905
23,1,4,0,6,8,19.023333333333333
67,0,3,2,2,17,14.818797619047617
71,1,4,1,0,11,10.884944444444445
34,0,0,0,7,13,21.87686002886003
40,1,4,1,0,15,6.106941558441556
68,0,3,1,7,26,22.75797619047619
83,1,2,1,3,13,13.049333333333333
69,0,5,0,2,25,16.553833333333333
67,0,3,1,0,4,9.71825541125541
64,0,3,1,0,4,10.413753968253967
32,0,4,2,5,12,17.909011904761904
34,1,4,1,7,2,12.164916666666668
77,1,2,0,4,27,21.712363636363634
65,0,1,2,3,16,16.299166666666665
37,0,2,0,5,16,16.203237373737373
54,1,2,2,1,18,17.21835714285714
74,1,3,1,7,19,7.643785714285715
46,1,0,0,6,14,10.165079365079364
62,1,0,2,1,8,12.696309523809523
35,1,5,2,5,7,14.575119047619046
71,1,2,1,5,6,18.90189285714286
62,0,3,0,3,23,17.675166666666666
50,0,3,0,0,3,17.286549783549784
74,0,0,0,1,20,23.97720238095238
33,0,1,0,6,7,11.502329365079364
25,0,1,2,3,24,18.654585137085135
76,1,2,1,6,23,13.261607142857144
67,1,1,2,7,24,16.384999999999998
81,1,5,0,2,7,14.829988095238093
54,1,0,0,2,30,6.241273809523808
30,1,5,1,5,7,12.649271367521369
40,0,1,0,7,26,15.016857142857143
25,1,5,2,6,10,5.749904761904761
72,0,5,0,1,13,11.362511904761904
22,0,0,2,2,20,12.808630952380954
41,1,2,2,1,15,15.041619047619047
46,1,1,2,5,7,12.001595238095238
44,0,4,2,7,15,17.750833333333336
65,0,2,0,7,8,11.29870238095238
47,1,0,0,3,18,16.86563528138528
36,1,5,1,1,13,13.497547619047621
82,0,0,2,7,16,7.9845
42,0,5,0,5,19,12.44600577200577
82,1,0,0,3,16,18.335285714285714
50,0,0,1,6,14,20.671781746031744
27,0,3,2,4,7,25.435174603174605
28,1,4,1,2,23,6.392309523809525
64,1,1,0,6,3,17.648
53,1,2,1,6,24,14.980036796536794
39,1,0,1,5,8,11.830080086580086
47,0,3,0,6,16,17.26542857142857
32,0,2,1,6,3,19.61478571428572
47,0,4,0,4,19,16.1646443001443
27,1,0,0,5,27,11.153642857142854
84,1,5,0,4,5,24.411666666666665
61,0,1,1,5,3,23.98983333333333
63,0,2,0,6,4,12.180976190476192
81,0,1,2,5,26,16.673219336219336
49,1,4,1,6,30,9.89636507936508
73,0,4,2,1,12,17.08245238095238
78,1,0,0,1,30,14.294285714285715
54,0,0,2,7,12,10.95
81,0,1,1,4,23,15.714555555555556
82,0,4,2,2,7,17.318714285714282
47,1,5,1,0,20,4.950777777777779
53,1,4,1,7,14,9.929269841269841
73,1,0,0,5,23,15.544507936507934
28,1,4,0,7,11,23.68416666666667
47,0,4,0,0,18,15.703694444444444
74,1,3,0,2,2,24.545666666666666
35,0,3,2,6,4,20.039710317460315
20,1,1,2,2,20,21.914976190476196
40,0,4,2,4,18,20.0685
22,1,5,2,0,8,17.12798476523476
32,0,0,2,7,7,11.311876984126984
46,0,5,1,5,13,13.86381349206349
82,0,1,0,3,8,24.635166666666663
67,1,4,1,7,9,19.692761904761902
22,1,5,1,5,18,12.063833333333335
61,1,5,2,5,19,10.57186904761905
35,0,2,1,5,12,18.97110317460317
79,1,0,1,6,14,21.183928571428574
55,0,5,0,7,26,22.81560966810967
35,1,5,0,4,5,18.27169047619047
27,0,1,2,0,1,17.777119047619053
54,1,3,0,0,29,19.516488095238095
49,1,5,1,3,18,17.058666666666667
42,1,5,2,2,9,13.37383333333333
84,1,5,2,1,26,18.711309523809522
82,0,0,0,2,14,20.24656349206349
77,0,2,0,7,17,12.973785714285711
23,1,2,2,0,16,11.022928571428572
36,1,5,0,2,9,14.893642857142858
18,0,4,1,1,29,8.357742063492061
82,1,1,1,2,9,17.891015873015878
41,1,3,2,5,22,14.347091269841272
83,0,0,1,5,17,16.395666666666664
79,0,2,1,2,12,21.083607142857144
82,0,4,0,0,3,11.093
75,1,0,0,1,12,10.305436507936506
26,0,1,1,7,11,18.30415873015873
52,1,4,2,2,13,18.18768650793651
38,0,0,0,0,13,10.490833333333335
66,1,2,1,0,9,17.48966666666667
27,0,4,0,1,23,4.884012987012987
24,0,5,1,5,6,18.550140692640692
85,0,3,1,1,23,9.187
68,0,0,0,6,9,14.132000000000003
82,0,2,2,3,5,18.8615
21,1,5,1,3,14,12.259916666666667
54,1,5,0,0,29,17.13333333333333
57,1,3,2,3,3,7.0245
33,1,2,0,3,16,6.677785714285715
33,1,2,1,6,6,13.909416666666663
44,0,3,2,5,10,15.186087301587301
20,0,0,2,5,27,21.033587301587303
58,0,1,2,7,22,21.252
85,1,1,0,4,22,23.614166666666666
61,1,5,1,7,12,12.081039682539684
64,0,2,0,6,21,13.40145238095238
81,0,1,0,4,11,5.423444444444445
82,0,3,1,6,8,11.456499999999998
27,1,4,2,4,9,15.354892857142854
56,0,5,2,7,20,24.548380952380953
69,1,5,1,2,21,22.209964285714292
37,0,1,0,2,4,18.5352619047619
58,1,5,0,4,27,8.724829725829723
34,0,2,0,7,27,11.145095238095239
51,0,3,2,3,12,18.874166666666664
81,1,2,2,4,27,19.682904761904762
30,0,2,1,3,1,17.936789682539683
73,0,4,2,6,25,13.78504761904762
60,0,5,0,4,8,17.975266658779816
81,0,1,0,5,9,8.486880952380954
30,1,0,2,0,7,12.88667857142857
46,0,3,0,2,23,18.797976190476188
78,0,1,1,6,25,10.312099206349208
46,1,5,1,3,4,18.908769841269837
85,0,0,1,0,13,25.372833333333332
67,0,4,0,6,22,25.22278571428571
36,1,5,0,3,20,9.03
67,0,2,1,6,15,20.71821428571429
84,1,1,1,4,29,10.235202380952382
45,1,4,1,6,2,20.555285714285716
85,1,2,0,2,4,15.573099206349205
66,0,4,2,2,29,23.8505
40,1,1,1,7,8,18.169547619047616
43,0,4,2,4,22,25.86376190476191
86,1,4,2,0,29,22.86129761904762
22,0,3,0,3,11,17.244654761904762
67,0,4,2,0,5,12.556103174603175
30,1,2,1,7,9,17.008
43,0,1,1,3,6,17.244063131313137
58,0,2,1,4,4,25.553452380952372
63,1,4,0,2,11,16.188678571428575
52,1,0,1,0,16,17.603690476190483
74,1,2,2,7,23,17.889865079365077
72,0,0,1,3,25,3.4695
54,1,2,0,5,14,21.434201298701296
77,0,2,2,3,27,15.374
67,0,5,1,5,10,18.863095238095244
49,1,1,0,3,21,19.445222222222217
74,0,5,2,0,23,22.393083333333333
58,1,5,0,7,27,11.050952380952381
70,1,3,0,1,17,13.239369047619045
58,0,1,1,1,2,20.263119047619043
80,0,0,2,2,11,23.604214285714292
31,1,5,2,3,29,11.414690476190476
33,0,2,2,5,16,16.965190476190475
20,1,5,2,5,28,14.371183621933627
43,0,2,1,3,27,22.974666666666668
68,0,1,0,0,11,25.05472222222222
44,1,1,2,4,12,13.289000000000001
83,1,5,1,7,2,16.007023809523808
58,1,0,2,5,11,15.344500000000004
69,1,0,0,6,2,12.293
69,0,2,0,3,6,16.9145
57,1,5,0,6,17,9.178488095238095
49,0,3,1,2,20,8.413857142857143
67,1,4,1,4,11,18.614845238095235
46,1,2,1,3,21,11.836261904761905
46,0,3,1,5,30,17.17
53,0,2,0,6,7,13.8945
75,0,0,1,6,14,18.571428571428573
27,1,5,2,1,30,3.486952380952382
47,1,5,2,2,1,18.137404761904765
57,1,2,2,5,6,13.393178571428566
83,1,5,1,2,19,15.1525
27,1,1,2,7,26,18.204603174603175
42,1,4,1,7,1,9.195333333333332
82,0,1,1,7,7,13.95625396825397
25,0,3,0,4,27,22.129166666666674
78,0,1,1,0,10,11.078
27,0,1,1,5,16,13.896991341991345
34,0,0,0,1,14,14.042023809523812
76,1,0,1,4,18,12.169119047619045
35,1,5,2,5,11,14.575119047619046
21,0,1,0,0,20,11.699333333333332
44,1,2,2,5,12,17.132333333333335
57,0,4,1,5,24,6.986166666666667
19,0,1,1,1,30,18.1425
55,0,4,2,0,17,17.377333333333333
51,1,2,2,3,18,9.156666666666666
59,0,2,2,6,11,12.460416666666667
51,1,2,1,7,22,15.689238095238098
65,0,1,1,0,14,18.526666666666664
67,1,1,2,1,18,13.40244155844156
20,1,2,2,6,22,13.955888888888882
67,0,4,0,5,7,17.207500000000003
38,0,1,1,0,26,10.349666666666668
42,0,5,0,2,16,18.275000000000002
22,0,5,0,7,8,11.19418253968254
75,0,3,1,6,28,23.852047619047624
18,0,3,1,5,12,16.504277777777773
76,0,5,2,0,24,10.630666666666666
63,0,3,0,6,23,13.946341269841264
83,1,3,1,1,15,18.635416666666668
50,1,1,2,2,6,19.855654761904763
72,1,1,0,0,24,25.69555555555556
69,1,2,2,3,1,18.868658730158728
78,1,2,1,7,20,17.802157176157174
56,0,1,1,6,4,12.181607142857144
19,0,3,1,2,20,15.536768398268398
39,1,3,2,1,1,7.337349206349208
68,1,4,1,5,4,19.866333333333333
69,0,5,2,5,3,20.536833333333334
47,0,2,1,0,24,13.373595238095236
21,1,3,0,3,28,19.9342380952381
39,1,5,2,7,28,16.653809523809525
29,0,5,0,7,17,14.858261904761905
64,1,2,1,6,25,10.021976190476188
85,1,2,0,7,12,20.692238095238086
62,1,1,2,4,16,17.239952380952378
36,1,1,2,6,16,15.583083333333335
29,0,2,2,1,21,13.41390476190476
56,0,3,1,5,28,16.640833333333333
21,1,2,2,7,17,11.0165
33,1,5,2,4,6,12.442047619047614
46,1,1,1,4,4,22.134738095238095
75,0,2,0,4,9,9.895309523809523
39,0,3,2,3,25,16.634238095238096
75,1,4,0,5,27,20.72091666666667
36,1,3,2,5,7,10.957299811299812
24,1,1,2,7,3,5.462404761904762
74,0,3,0,2,10,12.369404761904766
68,0,5,1,0,19,17.983190476190476
44,0,5,0,2,26,17.478500000000004
50,0,1,0,1,23,10.544777777777776
56,0,2,1,0,5,12.744214285714287
49,0,1,0,6,14,19.07882142857143
76,1,1,0,1,12,14.68161111111111
56,1,0,1,7,25,20.695765873015876
36,1,5,0,6,15,13.790952380952382
45,1,4,2,2,27,15.285964285714288
58,1,1,2,4,20,15.098690476190475
37,0,4,0,2,29,14.172833333333335
80,1,5,0,3,21,19.029878066378064
78,0,4,2,6,15,16.79033333333333
77,1,1,1,2,8,17.33985714285715
71,0,3,0,5,30,22.010000000000005
42,1,1,0,0,25,17.47666666666667
68,0,0,1,6,20,22.295500000000008
46,1,0,1,7,25,17.154083333333336
54,0,5,0,3,15,18.71107142857143
63,1,4,0,0,28,10.161142857142856
25,0,2,0,6,30,8.451511904761903
47,1,5,2,5,7,15.124666666666666
57,0,4,0,1,13,10.68092424242424
42,1,5,2,5,15,14.773333333333333
59,0,3,0,4,7,15.815833333333336
32,0,4,1,0,1,13.565499999999997
55,0,2,1,6,27,24.434499999999993
72,1,1,1,4,29,17.00257142857142
26,1,1,0,1,6,11.282101731601735
45,0,4,1,7,18,11.882785714285715
20,1,2,0,2,20,17.43373465423466
21,1,3,2,7,10,14.541246031746033
46,0,0,0,1,12,20.58777344877345
41,1,0,1,6,7,15.698908730158726
76,0,5,0,1,28,20.390142857142862
42,1,0,1,5,7,19.376559523809522
21,0,4,1,4,6,23.174222222222223
68,0,5,0,5,8,12.381082251082251
65,1,1,2,6,25,17.494071428571434
26,1,3,1,3,9,22.87707142857143
22,1,1,1,0,19,12.984059523809522
48,1,1,2,3,7,18.747666666666667
71,1,1,2,3,12,24.742583333333336
38,0,3,2,7,16,19.141714285714286
55,1,2,0,0,26,13.283333333333333
79,1,2,0,5,14,6.9433333333333325
75,1,3,1,6,5,14.819428571428572
64,0,4,2,5,2,19.31123845598846
22,1,4,1,4,23,10.502857142857142
46,0,1,1,5,13,19.266761904761907
55,0,3,1,4,28,20.858166666666666
18,0,2,0,2,14,10.044500000000001
68,0,1,0,1,7,18.54566666666667
19,1,1,2,6,13,13.081499999999998
47,0,1,2,6,21,18.2125
39,1,5,1,7,28,13.747557359307361
79,0,1,1,4,13,21.814730158730164
58,1,1,2,6,13,12.27455716505716
54,0,2,2,7,14,20.60741666666667
31,1,0,1,6,19,13.827333333333334
29,1,0,0,1,12,12.393166666666668
79,1,5,0,4,4,12.16707142857143
47,0,0,1,6,6,18.92221428571429
58,0,3,0,1,6,13.394476190476189
75,1,5,1,5,29,16.035935148185146
37,0,0,1,5,20,16.17388095238096
50,1,4,1,7,23,15.062119047619046
32,1,4,2,2,22,18.614392857142857
82,1,5,2,2,22,18.488176739926743
30,0,4,0,6,4,12.57857142857143
76,0,3,1,1,15,14.23820634920635
43,0,4,2,5,29,15.31116666666667
22,1,1,1,1,7,8.846904761904762
69,0,2,1,5,26,20.743166666666667
28,1,3,0,5,2,7.751166666666666
45,1,3,0,5,2,9.704523809523808
67,0,0,2,1,23,15.406666666666665
18,0,1,0,1,16,12.613
61,1,3,1,6,22,16.116156288156287
56,1,5,1,6,10,24.445999999999998
60,1,3,1,0,24,20.495404761904766
38,1,5,0,7,15,21.405678571428574
28,1,4,2,3,29,19.383150432900425
59,1,3,0,5,23,10.673250000000001
64,0,4,1,2,14,13.127845238095238
56,0,1,0,4,28,7.7923333333333344
68,1,1,2,7,26,6.6098333333333334
81,0,4,1,4,22,15.733500000000001
82,0,0,0,5,23,10.274666666666667
35,1,3,1,7,23,13.492
20,1,3,2,2,20,16.876706349206344
44,1,1,2,4,13,13.289000000000001
23,1,4,2,1,5,5.205
46,1,3,2,2,29,10.873071428571428
25,1,0,0,5,24,8.747166666666667
81,1,4,0,7,15,22.864904761904757
41,0,1,0,7,13,9.000666666666666
28,1,2,1,6,30,18.277988095238094
23,0,3,1,1,14,24.98766666666667
81,0,4,2,7,11,9.636666666666667
59,0,3,1,4,24,15.672119047619049
32,0,0,2,4,1,15.818452380952381
40,1,3,2,0,3,13.3125
78,1,3,1,2,11,17.225833333333334
56,0,4,1,4,27,18.548821428571426
60,0,5,0,1,16,15.337476190476188
58,1,2,2,6,5,18.63184523809524
47,1,3,2,1,8,9.020357142857144
52,0,3,1,4,30,20.517250000000004
42,1,0,2,5,19,16.843
52,1,4,2,0,6,26.450571428571433
73,0,0,2,7,23,17.83566666666667
44,0,5,1,5,27,12.640666666666666
34,1,3,2,1,12,15.38252380952381
41,1,0,2,6,3,18.270154761904763
44,0,0,0,7,10,18.28118452380953
46,1,2,0,0,23,16.706796092796093
74,0,4,1,5,6,11.174690476190476
23,1,0,2,1,1,14.693833333333332
70,0,5,1,2,4,23.291
56,1,2,1,7,7,19.89316666666667
18,1,2,1,7,27,8.359333333333334
26,0,2,2,7,15,16.351285714285712
84,1,2,0,3,18,22.59
21,0,1,1,4,5,7.479373737373736
83,0,2,0,3,7,15.33338308913309
59,0,2,2,4,10,18.51689393939394
80,0,3,2,6,3,13.333238095238096
29,1,4,2,3,21,17.451214285714283
88,1,0,0,0,30,15.80860317460318
66,1,0,1,1,24,17.070595238095237
22,0,5,0,0,11,6.035999999999999
34,1,1,2,2,29,11.742785714285713
49,0,4,0,4,1,12.71467532467532
44,1,5,2,3,8,7.1975
70,0,4,1,0,21,9.9805
80,1,0,2,0,7,7.102142857142857
74,0,2,0,6,22,25.17722222222223
84,1,0,1,0,6,21.37002380952382
27,0,5,2,7,4,15.889452380952385
48,0,0,2,0,30,16.649250000000002
63,0,1,0,0,30,21.862968253968255
62,0,5,2,5,5,9.768
48,1,0,1,0,14,23.46865476190476
27,0,5,2,1,2,16.178192640692636
25,0,1,2,0,4,15.721214285714293
46,0,3,0,5,22,22.065380952380956
61,1,0,1,2,5,6.810869047619048
48,0,3,0,5,15,18.64747619047619
18,1,1,0,3,3,13.173119047619041
24,0,3,1,1,14,17.553833333333333
65,1,3,0,1,19,11.46709523809524
54,0,0,2,3,18,19.11702380952381
63,1,0,1,6,21,14.498428571428574
29,0,0,0,4,18,19.10552380952381
47,1,3,1,2,28,4.849505772005771
56,0,0,1,1,25,12.981904761904765
56,0,4,1,6,22,5.657833333333333
30,1,4,1,4,12,12.172055555555557
82,1,1,0,6,25,20.52083333333333
45,1,0,1,5,7,12.542119047619053
44,0,5,2,5,5,14.830690476190476
75,0,1,0,1,17,12.312363636363637
41,0,4,1,2,10,8.5105
24,0,1,1,7,15,17.68091666666667
75,0,2,1,4,2,24.730404761904765
19,0,4,0,3,7,6.119976190476192
47,0,5,2,7,4,22.77088888888889
28,0,1,1,1,7,6.3125
26,1,0,0,6,2,19.912499999999998
44,0,5,2,2,15,4.9929848484848485
80,0,5,2,3,2,24.866249999999994
84,0,5,1,4,28,7.501732323232323
30,1,4,0,6,4,10.554507936507935
62,0,0,1,5,18,13.351333333333335
54,0,3,1,7,2,17.33684668109668
27,1,2,0,1,16,5.864166666666668
61,1,3,1,2,29,11.519833333333333
71,0,5,0,7,27,14.19340476190476
72,0,2,0,5,30,9.17459523809524
25,0,4,0,0,23,10.319175685425684
45,1,4,0,0,2,19.867214285714287
63,1,1,1,7,22,18.571
55,0,4,2,3,4,20.206738095238094
49,1,4,0,4,12,18.71672294372295
64,0,1,2,4,7,20.315785714285713
34,1,1,1,3,17,14.952
63,1,3,2,2,14,12.049630952380955
69,1,0,1,2,3,11.836380952380953
51,1,3,1,5,1,13.07479365079365
62,1,3,1,0,25,16.23634632034632
49,0,3,1,0,11,26.695333333333334
76,0,3,1,4,1,18.24544841269842
23,1,5,0,0,24,15.567285714285715
49,1,2,1,5,21,18.59444444444444
28,0,3,1,2,1,13.474333333333336
36,0,4,2,6,26,17.07933333333333
85,0,2,2,4,24,18.045726190476188
43,0,2,0,3,17,15.292333333333334
79,0,4,1,2,17,22.121111111111112
75,1,2,0,5,6,13.55763095238095
21,1,3,0,5,11,7.7824285714285715
18,0,0,0,2,4,25.62695238095238
45,0,4,0,1,3,19.7369246031746
55,0,2,1,2,14,16.859464285714285
55,1,4,2,6,14,12.025666666666668
33,0,1,0,0,16,12.743690476190475
60,1,1,2,5,24,14.22
48,0,0,2,4,17,18.66559523809524
30,0,1,0,2,12,12.218731601731603
78,1,5,1,0,6,14.808984126984122
41,0,0,2,0,20,19.653190476190474
46,0,1,2,5,20,12.296325396825395
24,0,4,2,3,22,15.345488095238098
57,0,5,1,0,1,17.828333333333333
49,0,2,1,4,20,17.32470493395493
82,1,0,2,0,1,15.230000000000002
24,0,3,2,3,19,16.0112619047619
56,0,1,0,3,5,20.964666666666666
41,0,3,2,0,6,22.236857142857147
37,0,4,2,0,26,8.5015
35,0,1,1,7,23,20.87333333333333
21,0,0,1,1,3,12.014011904761906
71,0,2,2,4,28,13.833214285714284
43,0,1,0,6,23,24.03222222222222
21,0,4,1,2,10,8.0185
66,0,2,2,1,13,15.393224025974025
82,1,3,1,6,30,12.003833333333334
49,1,0,1,2,8,14.946571428571431
81,0,0,1,3,23,17.03588095238095
39,1,1,2,6,11,9.255583333333334
56,0,2,1,3,18,11.92361111111111
79,0,5,1,5,6,20.59266666666667
39,1,2,1,1,8,13.46448484848485
37,0,4,0,0,30,11.283333333333335
24,1,0,1,0,30,18.203833333333336
51,0,1,2,7,7,12.508333333333335
23,0,5,1,4,27,14.34675
68,1,5,1,3,28,16.491904761904763
24,0,0,1,2,9,14.035214285714284
44,0,2,2,2,25,9.162261904761907
82,0,0,2,0,19,20.89583333333333
79,1,4,0,0,10,8.313949494949496
58,0,0,0,2,4,17.954
35,1,4,1,5,27,8.119095238095236
21,1,5,1,3,8,12.259916666666667
42,1,4,1,0,5,23.09883333333333
32,0,5,1,4,4,9.478880952380951
21,1,3,0,6,29,18.099404761904765
78,1,2,0,3,14,13.618666666666666
47,1,4,1,6,3,14.105416666666674
55,0,2,1,4,28,7.9110000000000005
47,1,0,2,3,16,14.821071428571427
53,0,4,2,0,22,5.66045238095238
15,1,5,2,7,29,12.389297619047618
21,1,3,2,2,15,13.547281746031747
82,1,4,1,1,7,20.397777777777776
40,1,2,0,5,26,15.88220634920635
37,0,0,0,2,7,14.005666666666668
55,0,2,2,1,2,17.654857142857143
44,0,1,2,1,27,23.996666666666666
71,1,0,2,3,4,22.45320346320347
82,0,4,2,2,26,17.318714285714282
78,1,0,2,6,25,8.175801587301587
81,1,1,0,2,2,17.676555555555556
25,1,1,0,4,10,12.31177380952381
42,0,4,1,7,9,19.914694444444443
80,0,4,1,1,25,7.217416666666666
85,1,5,0,2,30,17.99233333333333
83,1,5,1,1,13,21.668293650793647
43,1,2,2,0,24,8.676833333333335
37,0,3,1,5,3,20.16333333333333
27,0,2,0,7,1,11.960523809523808
45,1,3,1,6,11,13.717738095238092
41,1,0,1,5,22,18.96019047619048
21,1,1,2,3,30,18.898670634920634
68,0,5,0,2,14,15.053309523809524
49,1,0,1,4,25,12.933841269841274
64,0,0,2,5,30,14.318480519480518
52,1,4,1,3,30,14.007761904761905
59,0,4,2,7,22,16.944761904761904
64,1,4,1,5,16,18.522869408369402
18,1,3,2,2,28,22.790619047619046
46,0,1,1,7,20,18.081888888888887
18,1,0,1,2,7,11.383952380952378
34,1,2,0,7,24,14.98743253968254
21,1,1,0,7,10,8.803738095238096
61,1,5,2,7,17,13.533785714285717
13,1,4,0,3,24,21.768428571428572
81,1,1,1,5,19,11.940226190476194
63,0,1,0,6,25,10.862666666666664
68,0,0,2,1,10,12.667234126984129
55,0,2,2,2,11,17.29994047619048
80,1,0,0,3,28,16.851
37,1,2,0,4,22,9.95957142857143
71,1,0,2,4,21,14.903714285714283
80,0,0,2,1,18,14.936619047619047
36,1,0,2,7,12,10.627083333333335
45,1,3,2,5,14,8.038095238095236
21,1,1,0,2,14,8.189916666666665
18,0,0,2,1,29,21.013108225108216
80,0,1,2,1,25,26.748
50,1,1,2,2,25,19.855654761904763
21,0,4,2,5,10,9.270238095238092
38,1,0,0,6,19,8.16527380952381
39,0,2,0,6,5,17.18116666666667
75,1,1,1,2,11,12.544928571428573
62,0,3,1,5,17,10.983440476190479
40,0,4,1,6,28,17.10059523809524
29,0,0,2,2,22,9.856238095238094
81,0,4,1,3,9,8.451285714285715
57,1,4,0,5,20,17.043619047619046
60,0,5,1,5,29,16.223476190476195
37,0,4,2,6,24,16.937928571428568
45,1,0,2,4,10,13.291460317460315
78,0,4,0,1,10,12.584166666666665
40,0,4,1,4,2,8.655666666666667
19,1,2,0,6,1,20.845869047619043
19,0,2,1,5,4,13.632484126984124
37,0,3,1,6,22,19.49667965367965
43,1,3,2,6,18,20.854928571428573
34,1,2,0,1,18,8.768626984126985
58,0,4,2,4,10,13.727190476190474
82,1,0,0,4,30,20.68847619047619
36,0,2,0,1,13,21.96433333333334
83,1,2,1,7,27,11.185305555555558
61,0,2,0,7,28,6.342309523809526
41,0,0,1,7,3,25.78159523809524
84,0,3,1,6,1,11.894785714285712
52,0,4,2,5,12,17.858111111111114
80,1,1,1,0,12,14.183428571428571
40,1,0,0,1,16,13.882238095238094
84,1,5,1,7,2,17.637166666666666
19,1,4,2,7,21,10.017333333333333
54,1,1,1,1,20,13.34142857142857
66,1,3,2,5,26,13.01919696969697
69,0,2,0,3,16,16.9145
35,1,5,1,2,18,8.03851984126984
83,0,3,1,5,5,22.668404761904764
45,1,4,0,6,21,18.62238095238095
67,0,0,2,2,20,19.237666666666666
27,1,4,0,1,29,8.953033882783881
65,0,0,1,3,18,17.035000000000004
46,0,3,1,4,4,14.191809523809523
59,1,0,0,7,24,9.226404761904766
50,1,3,1,7,21,13.00109523809524
68,0,3,1,5,10,15.401726190476186
35,1,3,2,2,19,12.868833333333335
72,1,2,0,0,9,15.37765873015873
45,0,1,0,7,28,13.352357142857143
30,0,0,0,1,13,15.868071428571431
85,0,2,1,3,16,13.714285714285715
37,0,1,1,7,30,16.264714285714287
34,0,4,2,1,10,16.48404761904762
75,0,1,0,1,13,12.312363636363637
79,1,5,2,7,3,7.861821428571427
41,1,3,0,6,11,5.412904761904762
61,0,3,1,4,27,20.9201746031746
64,1,3,0,7,5,15.179333333333332
27,1,5,0,0,3,17.632388888888887
35,1,1,2,1,26,13.623440476190476
36,1,0,0,1,9,19.938166666666667
27,1,5,0,1,24,22.187928571428564
55,0,0,2,7,24,8.105333333333334
43,1,5,0,4,20,20.365166666666667
81,1,1,1,3,3,13.923996753246756
53,0,3,0,7,21,11.946464285714287
20,1,5,2,0,27,22.245833333333334
33,1,3,2,1,10,15.175833333333335
81,0,1,1,5,28,19.720904761904762
69,1,4,0,0,5,19.218107142857136
30,0,3,2,0,10,21.875238095238096
64,1,1,0,2,7,14.302666666666667
48,0,3,1,2,11,14.720857142857142
58,1,1,2,7,18,28.139571428571422
85,0,1,2,6,3,11.02
43,0,5,2,0,30,11.53870634920635
76,0,1,1,2,9,16.97007142857143
70,0,2,1,0,6,23.652761904761906
74,1,1,0,4,12,20.508384920634917
65,0,0,2,7,14,13.792261904761899
41,0,0,1,1,27,19.25083333333333
51,1,0,1,2,14,21.240277777777774
30,1,0,1,1,22,20.994226190476194
82,1,1,2,7,29,24.842357142857146
71,1,4,0,6,22,23.43559523809524
30,1,5,0,5,1,16.543523809523812
33,1,1,2,2,4,10.923388888888887
37,1,5,1,2,23,18.02411111111111
67,0,0,0,2,8,16.637059523809516
37,0,1,1,7,15,16.264714285714287
38,0,2,2,0,10,9.562702380952377
45,1,5,2,7,29,22.4865
70,0,0,0,1,27,11.84645238095238
25,0,0,0,4,8,20.095353174603172
79,0,4,0,6,17,14.269607142857144
46,0,2,0,1,30,9.690666666666667
84,1,4,0,3,5,16.217595238095235
49,0,4,0,4,2,12.71467532467532
32,0,4,2,1,27,17.135714285714293
71,0,0,0,3,5,18.429537240537243
25,1,2,2,1,2,16.033214285714287
62,1,5,0,6,17,14.702857142857143
34,0,2,1,1,18,17.715027777777777
64,0,4,1,0,1,13.671214285714283
43,0,2,0,0,2,15.230976190476191
62,1,0,0,6,8,13.538698412698416
61,0,3,0,0,1,9.823678571428573
38,0,3,1,6,21,19.67976875901876
61,1,1,2,3,15,8.74297619047619
64,1,5,2,2,4,10.434666666666667
76,0,0,0,0,14,8.266166666666669
83,1,5,2,6,4,17.03544047619047
21,0,2,0,3,12,10.259754578754578
68,1,1,2,6,5,10.90505952380952
21,1,4,2,7,14,12.969166666666668
73,1,5,2,7,7,16.732988095238095
39,1,3,1,2,2,17.771174603174604
63,1,5,1,5,15,15.502476190476191
33,0,2,2,0,4,17.078928571428577
58,0,1,0,2,22,25.207857142857144
28,1,4,1,7,22,21.8235
69,1,1,0,5,6,16.49833333333333
76,1,1,0,5,16,16.759547619047623
31,1,1,0,2,27,25.12469841269841
38,1,1,0,2,8,19.85164285714286
21,0,2,0,4,23,17.67057142857143
78,0,5,0,2,6,24.04533333333334
57,1,2,0,4,24,8.471738095238097
62,0,1,0,1,29,24.924095238095237
24,1,5,2,6,14,9.53707142857143
23,1,1,1,2,29,10.478250000000001
71,1,1,1,6,24,13.137468253968256
71,0,0,2,0,20,22.362
22,0,1,0,6,10,6.818349567099567
52,1,1,2,6,5,12.676472222222229
77,0,1,1,6,22,16.4654126984127
61,1,0,1,3,28,15.686833333333329
83,0,2,2,5,11,21.66766666666667
21,1,2,2,1,5,9.714357142857141
19,1,3,2,5,13,11.326666666666663
81,1,4,2,5,19,18.113071428571423
72,1,1,0,5,5,14.764833333333334
86,1,3,2,2,2,17.653107142857145
44,0,4,2,5,11,14.756887806637806
67,1,1,2,4,4,18.13465476190476
54,1,4,2,3,23,10.151523809523813
41,1,0,0,6,21,8.075285714285714
20,1,1,0,0,29,16.621083333333328
59,1,3,1,7,5,7.103928571428571
80,1,3,2,3,20,15.46755952380952
65,1,0,2,2,21,19.064579365079375
53,1,4,2,1,28,11.209333333333326
83,1,5,0,4,21,9.125571428571428
67,0,2,0,2,5,19.905833333333334
20,1,4,1,4,6,7.9079999999999995
81,0,3,2,7,25,7.950333333333332
80,0,5,1,1,9,9.94457142857143
50,0,1,1,5,20,19.216984126984126
53,1,4,2,7,14,19.69657142857143
73,1,2,2,1,17,16.533952380952382
85,1,5,2,0,4,18.90829761904762
60,1,3,0,1,22,15.720166666666662
44,1,4,0,5,9,11.222785714285715
60,1,0,1,4,8,15.415666666666667
51,1,3,0,5,9,10.4805
64,1,1,1,1,24,16.083809523809524
50,1,4,1,4,17,15.583603174603175
62,1,1,0,6,22,14.885595238095242
60,0,0,0,6,11,9.643833333333331
35,1,0,2,6,3,14.481785714285715
25,1,3,2,2,14,12.447976190476188
60,1,3,2,0,26,17.62542857142857
70,1,5,0,0,30,26.80438095238095
37,1,0,2,6,7,13.71883008658008
45,1,0,1,0,14,11.568476190476192
37,0,4,1,4,17,24.797428571428572
54,1,0,2,2,7,14.485345238095238
81,1,5,1,5,27,23.71490476190476
32,0,1,2,2,18,22.450833333333335
41,1,2,2,5,3,9.230611111111111
56,1,0,2,0,5,17.597166666666666
70,0,1,1,7,24,7.1631904761904766
35,0,2,0,0,16,17.97017490842491
74,1,1,2,1,26,16.842333333333332
61,0,4,1,5,24,16.08847619047619
26,0,4,2,4,19,9.841333333333333
25,0,4,1,2,4,20.581416666666666
76,0,3,0,7,18,11.395222222222221
46,0,1,1,0,2,12.616677489177482
35,1,3,0,7,7,4.830833333333333
44,1,0,1,3,8,23.70654761904762
50,0,3,0,4,20,16.28004761904762
21,0,2,0,7,23,23.028829365079368
51,1,5,0,1,10,13.584428571428571
80,1,3,1,6,14,15.757404761904766
52,0,3,2,6,2,18.515833333333333
24,0,5,1,0,1,13.36625
54,1,4,2,4,12,13.024833333333333
20,0,0,0,6,19,12.02215873015873
31,1,5,1,3,20,8.574166666666667
24,1,5,2,1,1,15.67052380952381
21,0,5,0,5,12,19.3475
63,0,4,2,1,17,10.976630952380951
71,0,4,1,1,28,8.693000000000001
31,0,3,2,7,16,23.166166666666662
54,0,2,0,6,9,13.962333333333339
31,1,2,2,3,20,17.050500000000003
77,1,2,1,5,12,16.42833333333333
68,1,1,2,4,2,17.635440476190478
70,0,2,2,6,13,18.686943722943724
61,1,3,2,7,16,24.448452380952382
47,1,4,2,2,18,10.967063492063492
29,1,4,0,1,14,10.363571428571426
19,1,3,2,1,6,17.485908730158727
78,1,1,2,1,6,15.849166666666665
43,0,5,2,2,17,12.097142857142858
77,0,4,2,7,5,16.492382395382396
35,1,3,1,1,11,17.708249999999992
43,0,2,1,7,6,16.447809523809525
64,0,1,0,3,15,21.18595238095238
60,1,0,0,0,25,13.560000000000002
62,0,2,2,6,17,20.689333333333334
29,0,5,0,1,4,12.088309523809523
19,0,2,2,3,17,13.230833333333337
34,0,1,1,7,20,15.0715
49,0,0,0,1,17,19.971487012987012
52,0,2,0,5,9,15.570460317460322
21,1,1,2,7,14,15.186333333333332
35,0,4,1,3,12,17.49923015873016
45,1,5,0,0,14,7.06272222222222
35,1,0,2,2,18,16.571071428571425
47,1,4,2,0,13,21.367444444444445
22,0,2,2,5,6,12.083432900432902
72,1,3,1,1,28,8.301761904761904
57,1,5,1,2,7,14.511696969696969
57,0,4,0,1,10,10.68092424242424
55,1,1,0,3,7,20.07514285714286
41,1,1,2,0,20,10.106214285714286
56,0,5,2,6,22,13.313833333333331
53,0,1,0,7,26,22.2035
74,0,0,0,4,4,19.78409523809524
38,0,1,2,7,7,15.063617174492173
69,0,4,2,6,30,18.24383333333333
44,0,3,2,0,10,16.488234848484847
75,0,1,0,6,28,8.648166666666667
63,0,2,1,0,27,9.649789682539682
49,1,4,0,7,6,10.752432539682541
39,1,3,2,2,22,13.384999999999998
48,0,0,2,7,7,23.28482142857144
67,0,2,0,7,17,13.195500000000003
63,0,2,1,3,10,25.162289682539676
70,1,3,2,7,12,10.211333333333334
22,0,0,0,4,28,22.40031601731602
81,1,1,1,0,16,14.45985714285714
32,0,4,1,5,6,15.235833333333332
67,1,3,0,3,19,10.84395238095238
40,0,3,2,4,15,13.496666666666668
74,1,3,2,4,24,18.676603174603176
54,1,0,2,0,24,19.21023015873016
70,0,4,2,0,10,14.81455555555556
77,0,4,1,5,24,17.053140692640696
73,0,2,1,3,28,25.667523809523814
51,0,5,1,0,13,15.109136363636365
33,0,1,0,0,13,12.743690476190475
58,1,3,2,1,30,17.915757936507934
66,0,4,1,2,14,11.26227344877345
44,0,5,0,0,3,11.802920634920637
52,0,1,1,0,30,10.974321428571427
55,1,4,2,7,4,19.834285714285713
56,1,3,2,1,23,12.38941017316017
79,0,3,2,2,30,11.280694444444446
57,1,3,0,6,19,24.84449999999999
79,1,4,1,0,28,14.024238095238093
56,0,0,0,7,2,20.70866666666667
84,1,2,2,7,11,4.629345238095238
48,0,5,0,1,8,21.02466666666667
80,1,1,1,7,9,22.706238095238096
60,0,2,1,0,21,20.405214285714283
43,1,0,2,0,10,11.573444444444444
20,0,5,2,1,21,12.255071428571432
39,1,4,0,7,5,18.160551587301594
39,1,5,0,4,14,16.343555555555557
83,1,3,1,4,20,8.156333333333333
84,0,5,2,0,14,6.830579365079366
40,1,5,2,3,19,15.229666666666668
79,0,1,2,3,8,12.80857142857143
21,0,5,2,2,4,19.431523809523803
48,1,0,0,0,24,21.0055
22,1,3,1,4,10,11.908071428571429
25,0,3,0,4,8,22.129166666666674
30,0,3,0,0,12,14.411166666666663
28,1,0,2,2,28,9.450507936507938
24,1,3,1,7,18,19.369821428571427
62,0,5,1,0,8,19.114190476190473
29,0,5,0,1,22,12.088309523809523
45,1,3,0,1,11,18.19297619047619
23,1,4,1,3,22,18.448986263736266
39,1,2,1,4,3,19.838619047619055
61,0,3,1,4,5,20.9201746031746
55,1,4,0,0,18,22.50528571428571
61,0,5,1,1,1,16.097011904761914
50,0,5,0,4,24,17.31601587301587
32,1,0,2,0,18,4.978222222222222
60,0,1,2,2,19,22.766369047619047
27,0,0,0,4,17,13.275440476190479
76,0,5,0,3,14,17.125500000000002
79,1,3,2,2,10,24.202714285714286
51,0,1,1,7,4,22.852380952380955
72,0,1,2,4,16,12.837333333333333
33,1,5,0,3,16,15.560130952380957
55,1,1,2,3,24,23.51314285714286
53,1,4,2,2,11,9.704226190476193
26,1,2,0,6,15,15.648833333333334
38,1,4,2,3,21,19.875833333333336
20,1,0,1,6,4,6.510595238095237
66,0,5,2,2,19,12.22509523809524
76,1,5,1,2,17,15.259166666666665
84,1,0,0,0,13,18.290948412698416
31,0,5,1,5,26,11.3248373015873
36,1,5,2,5,9,16.920452380952376
64,1,4,2,7,25,22.325035714285708
23,0,2,1,4,21,10.615797619047619
85,1,4,2,5,30,24.621803030303028
36,0,3,0,4,8,23.53766666666667
70,1,2,2,7,28,18.117333333333335
81,1,2,1,4,4,8.519333333333336
38,0,3,0,1,8,17.389151542901537
50,0,5,2,7,25,18.631624542124545
31,0,2,2,2,21,21.831916666666665
43,1,0,0,5,25,18.924
46,0,1,2,1,20,6.082809523809521
27,0,2,1,1,18,8.570142857142857
70,1,5,2,7,18,19.655572954822954
59,0,2,1,7,30,15.4355
85,0,0,2,5,2,22.569297619047624
27,1,1,0,7,18,23.690287518037522
70,0,2,1,1,3,21.24965079365079
23,0,1,1,2,6,12.673761904761902
20,0,2,2,2,2,8.946666666666669
45,0,0,0,4,11,15.151
58,1,1,1,2,2,10.51057142857143
19,1,5,2,0,27,23.615916666666664
53,1,2,1,1,20,11.542666666666667
56,1,5,1,4,30,9.558809523809526
44,1,5,0,1,19,13.726666666666665
28,1,5,0,5,22,11.996805194805193
46,1,1,0,0,2,8.762833333333333
70,1,4,1,2,6,15.868000000000002
39,0,4,1,4,25,21.509904761904764
23,0,1,2,5,26,18.677190476190475
73,1,4,1,6,9,10.121015873015871
43,0,0,0,3,14,16.546031746031744
85,0,5,2,5,7,15.781011904761908
26,1,0,2,5,5,14.782896825396824
48,1,2,2,5,12,18.697999999999997
37,0,5,2,0,7,15.863
47,1,3,1,6,7,19.00611904761904
67,1,5,2,5,9,19.263623015873016
52,1,0,0,4,7,13.487333333333334
47,1,3,0,0,7,17.599476190476192
40,0,1,2,5,20,15.24152380952381
78,0,0,0,6,19,20.057511904761906
24,0,5,2,4,23,11.409642857142858
74,1,1,2,4,5,20.36569572094572
42,1,1,1,3,26,18.060055555555557
75,0,4,0,0,11,19.421738095238094
83,1,0,2,0,30,14.481285714285713
29,0,2,1,1,26,13.668999999999999
54,0,0,0,5,15,17.22302380952381
41,1,2,2,2,20,12.875060245310245
75,0,1,1,3,28,10.630380952380959
62,1,5,2,0,21,15.854333333333335
85,0,5,1,5,3,12.884172799422798
29,0,3,1,6,27,16.52433333333333
82,1,3,0,0,15,5.7125
64,1,2,2,5,18,12.328254329004329
34,1,2,0,2,24,5.326095238095239
32,1,4,1,6,21,14.431246031746037
69,1,5,2,7,30,15.475928571428573
51,1,2,2,5,23,6.826666666666667
29,1,5,1,5,12,7.4539285714285715
44,0,2,1,1,7,20.369516594516593
46,1,2,1,6,25,10.471976190476191
71,1,5,0,2,18,18.10955952380952
41,0,2,2,5,19,13.078147546897547
36,1,1,2,2,13,7.0938968253968255
55,0,0,1,5,21,8.368333333333334
79,1,1,2,5,8,7.053499999999998
43,0,5,2,5,23,16.07125
28,1,2,0,7,24,18.875039682539683
20,0,1,1,6,10,15.891889249639245
40,1,4,2,4,2,20.277
27,1,1,1,7,5,20.96930555555556
76,0,2,2,0,27,13.948396825396825
82,0,0,2,5,18,10.31711111111111
57,0,2,2,2,22,17.897214285714284
33,1,1,2,2,8,10.923388888888887
49,0,1,1,7,15,6.633678571428573
66,0,0,0,7,28,13.910642857142859
74,0,4,0,6,13,7.576884920634923
74,0,0,2,3,10,8.843992063492063
83,1,3,2,2,18,8.29277777777778
79,0,2,0,3,2,17.320785714285716
39,0,3,0,3,10,11.668440476190472
32,1,1,2,7,16,23.272666666666666
74,0,0,2,0,14,18.917079004329
48,0,5,1,6,30,19.176603174603173
49,0,4,2,6,27,22.560559523809523
85,1,0,1,6,18,12.3045
37,1,4,1,5,16,11.971999999999998
61,0,3,2,4,28,19.038723887223888
73,1,0,2,0,6,15.518202380952381
57,0,0,2,0,16,16.29728571428571
33,0,3,2,6,27,15.545583333333333
19,0,0,0,5,21,13.024261904761907
51,0,0,1,6,9,14.245083333333332
32,0,0,1,0,4,14.77908333333333
75,1,5,1,5,28,16.035935148185146
55,1,0,1,2,19,20.740833333333335
39,1,4,1,3,10,9.867047619047618
42,0,3,0,0,12,12.07652380952381
79,0,0,2,7,16,14.592333333333334
58,1,5,0,4,17,8.724829725829723
42,0,2,0,0,10,23.91985714285714
58,0,4,0,2,26,12.334940476190477
33,0,4,1,2,25,11.94482936507937
57,0,3,2,6,20,13.806801587301589
63,0,3,1,5,8,8.79733333333333
60,1,3,1,1,11,13.077333333333334
53,1,3,1,6,2,17.41528571428571
24,0,3,1,6,18,13.549333333333333
79,0,5,0,7,16,14.928636363636365
59,0,0,0,0,5,16.552071428571427
38,1,2,0,0,15,7.014060606060605
19,1,0,2,5,23,20.56166666666667
67,1,2,0,6,4,16.246960317460314
65,0,2,0,1,17,20.16166666666667
71,1,1,0,7,25,15.326476911976913
55,0,2,0,2,13,15.572369047619047
40,1,3,2,5,17,17.39711904761905
23,1,1,1,7,7,14.336712121212118
39,1,0,2,7,17,14.522999999999994
25,1,1,2,4,1,22.002452380952377
66,1,1,1,7,28,24.051095238095236
19,0,0,0,2,17,21.7335
27,0,0,1,4,5,13.35907359307359
67,1,5,0,3,27,24.564333333333334
80,1,1,2,0,14,12.892194444444442
72,1,5,0,4,15,19.780261904761904
21,1,1,1,5,16,24.01795238095238
80,0,2,0,2,29,6.3014761904761905
41,1,4,2,6,28,15.01031746031746
85,1,3,1,1,4,23.488500000000002
41,0,4,1,5,27,17.254261904761904
33,1,4,0,1,9,16.519619047619052
49,1,1,1,1,22,14.176738095238097
69,1,1,1,0,13,15.354511904761907
55,1,5,0,0,2,15.468960317460315
20,0,3,0,6,8,13.737382478632476
60,0,1,0,1,29,16.554142857142857
42,1,4,0,5,7,21.528166666666667
54,0,4,0,2,22,13.954154761904762
19,0,3,0,6,25,21.114666666666672
47,1,1,1,4,23,15.914238095238096
56,0,1,0,1,21,10.178714285714285
41,0,2,2,0,16,19.669333333333334
40,0,4,0,3,27,12.799256493506496
25,1,4,1,7,18,12.853674603174602
44,0,2,0,5,10,11.168857142857144
68,1,5,1,6,11,20.0455
59,0,5,1,4,30,19.3465
62,1,2,2,2,21,12.820333333333336
61,0,1,0,3,4,18.369666666666664
73,0,1,1,2,9,12.207285714285712
61,1,2,2,6,5,15.076546536796538
34,0,4,2,6,9,19.689642857142857
21,0,4,0,3,25,21.434095238095242
24,0,0,1,4,17,17.630632034632033
55,1,5,1,0,10,9.024166666666666
23,0,3,1,5,23,14.219702380952379
83,0,3,1,1,21,15.461857142857145
81,1,2,2,5,26,16.636845238095237
62,1,5,2,4,16,17.173055555555553
80,1,1,1,3,15,20.563627705627706
67,1,4,0,0,13,8.039027777777779
55,0,5,2,7,20,16.6816507936508
19,1,3,1,3,14,15.324999999999998
34,1,4,1,0,27,13.833833333333333
79,0,5,0,0,9,10.834714285714286
15,1,1,1,7,15,8.969
23,1,1,1,7,22,14.336712121212118
75,0,2,0,0,25,17.91331998556998
47,0,0,2,7,21,21.799547619047626
21,0,1,1,0,10,21.78023809523809
29,0,4,0,3,21,16.371547619047618
79,0,1,0,7,18,9.705511904761904
61,1,2,1,5,27,17.996666666666666
36,0,0,2,2,30,5.896666666666667
65,1,3,0,3,12,13.614404761904769
59,1,3,2,5,11,11.071214285714289
56,0,3,1,6,24,12.303166666666666
33,0,0,0,3,19,9.96302380952381
51,1,3,2,7,13,23.009
80,0,1,1,1,17,11.952277777777779
43,1,1,0,5,24,12.521714285714285
40,1,3,1,4,14,22.081857142857142
19,1,0,0,3,11,11.657252886002889
48,0,4,2,5,25,12.221809523809524
80,0,2,2,5,21,17.939440476190473
65,1,5,0,3,28,22.68075
86,0,4,0,0,10,14.466916666666664
38,1,2,1,1,8,12.675230158730157
54,1,5,1,5,16,19.254535714285716
85,1,5,0,7,11,18.95452272727273
49,1,1,1,2,12,16.78925
20,0,3,1,5,29,8.577654040404038
59,1,0,2,1,24,20.446333333333335
41,1,4,1,5,2,25.435678571428568
21,0,5,0,6,26,6.311833333333334
46,0,1,2,2,27,14.034083333333333
60,1,2,2,4,20,18.888715284715296
72,0,2,1,6,10,20.135380952380952
74,1,1,1,4,23,17.613619047619046
41,0,1,2,2,29,10.262833333333333
78,1,5,2,7,8,10.319083333333333
59,1,0,2,3,22,23.366630952380955
52,0,0,1,7,3,16.590904761904763
25,1,0,0,6,3,5.656738095238096
42,1,4,0,3,8,7.859333333333332
85,0,0,2,0,9,20.190912698412703
76,1,2,1,3,18,21.55039285714286
56,0,3,2,2,25,15.387861111111112
67,0,5,0,2,6,22.576214285714297
50,1,5,1,1,6,14.040160284160287
80,1,1,1,3,14,20.563627705627706
19,1,1,1,4,10,13.54652380952381
67,0,1,1,6,7,16.973738095238097
73,1,0,0,7,2,14.565714285714286
64,1,4,0,0,11,22.653
65,0,5,2,6,21,9.485833333333334
61,1,3,1,5,29,11.045190476190475
81,0,0,2,0,29,13.767797619047617
78,0,2,1,3,4,14.790894605394607
81,0,5,2,0,6,19.95929365079365
64,1,5,2,3,10,15.753696969696973
29,1,3,1,7,30,12.75587301587302
83,0,2,1,6,15,14.0605
58,0,4,2,7,21,14.988888888888894
30,0,5,1,2,4,18.115408730158727
41,1,3,2,2,22,23.75342063492063
41,1,5,0,7,11,25.25
77,0,4,0,3,23,26.1275
27,1,2,2,7,12,12.327404761904761
73,0,4,1,2,21,15.670333333333334
83,1,2,1,5,25,15.89636507936508
20,0,3,2,2,4,13.022924242424244
77,0,3,0,5,5,18.27916666666667
74,0,0,2,6,20,22.68995238095239
74,0,5,2,4,27,16.800142857142863
22,0,1,1,3,8,19.706333333333333
64,0,2,0,4,3,16.774488095238095
39,0,1,0,2,25,13.859460317460318
74,1,0,2,0,28,17.996349206349205
22,1,4,1,5,3,15.483071428571428
58,1,3,1,1,19,15.370880952380952
26,1,5,0,4,16,27.051261904761905
31,0,4,2,6,14,18.123666666666665
28,1,0,1,6,30,11.370500000000002
79,0,3,2,7,10,13.737976190476191
28,0,4,1,4,3,8.0405
15,1,2,0,3,4,13.200833333333332
24,1,1,1,1,28,19.854833333333332
28,0,0,0,5,20,21.793107142857142
35,0,2,2,1,17,13.396333333333333
41,0,2,1,2,27,14.52183333333333
84,1,0,0,4,20,22.887499999999996
82,0,4,0,1,27,8.263333333333335
75,0,4,2,5,16,19.1794246031746
25,0,2,2,7,1,13.712503968253968
72,1,0,2,5,27,12.944047619047621
73,1,4,0,1,27,14.095984126984122
85,1,1,2,4,23,11.581666666666667
63,0,5,2,4,3,14.208523809523808
62,0,2,2,0,6,20.067166666666665
25,0,4,0,1,7,14.603083333333332
58,1,5,2,4,17,13.799510822510824
59,1,0,2,5,25,19.530379870129867
55,0,3,0,7,25,8.236265873015872
25,0,0,1,6,20,10.97133333333333
80,1,1,2,7,30,11.072333333333336
55,1,5,1,2,5,17.178690476190475
57,0,1,1,4,23,9.822333333333333
48,0,5,2,6,2,2.941333333333333
85,1,3,0,5,14,16.32640476190476
41,1,1,0,5,17,13.988523809523805
43,0,4,0,7,4,7.791444444444444
83,1,3,0,7,22,5.248928571428571
50,1,2,2,7,8,17.41394047619048
21,1,1,1,7,4,7.091142857142855
81,1,3,2,6,15,13.545095238095243
21,0,3,2,1,28,17.687984126984123
56,1,1,2,7,24,18.265345238095236
27,0,2,2,5,7,11.47803846153846
75,0,0,1,7,13,19.398904761904763
57,0,3,1,5,16,12.98947619047619
36,1,2,1,2,22,8.433607142857143
45,1,3,1,7,29,10.81409523809524
56,0,4,2,7,20,12.799238095238097
68,0,1,1,6,4,16.288222222222227
61,0,5,1,2,12,21.236309523809524
24,1,5,1,3,12,16.214135281385282
43,1,1,1,3,1,17.759623015873018
38,0,3,1,2,16,12.556500000000003
77,1,5,1,4,8,16.763435064935063
76,1,1,0,7,29,11.701666666666668
25,1,1,2,1,28,12.749909812409813
30,1,0,1,4,15,26.949500000000008
33,0,4,1,0,3,12.249666666666666
26,1,0,0,0,15,19.557642857142856
58,1,0,2,6,18,25.995666666666665
46,0,0,0,7,25,13.720880952380954
68,1,1,0,1,13,11.390261904761902
74,1,0,1,2,13,14.625166666666665
61,1,1,1,1,17,13.87816666666667
56,0,3,0,4,24,12.664376984126983
34,1,3,0,1,19,5.5565238095238065
43,0,5,1,1,7,14.674624098124102
52,0,3,2,7,2,13.620833333333332
52,0,5,0,5,23,14.453865079365082
26,1,1,0,6,22,14.875857142857145
79,1,4,1,1,10,10.216448412698412
39,1,2,1,0,10,15.315452380952381
46,1,5,2,1,28,18.68116666666667
25,0,3,2,7,17,10.391988095238094
46,1,4,1,0,25,8.365017316017317
55,0,0,1,3,15,23.629801587301586
50,1,0,0,3,8,12.330857142857145
19,0,2,2,3,6,13.230833333333337
54,0,4,0,5,2,18.754500000000004
27,0,3,2,3,18,18.27570238095238
43,0,2,2,0,10,11.683928571428574
82,0,3,2,1,8,15.804023809523807
37,1,4,1,5,3,11.971999999999998
18,1,0,1,7,14,6.197333333333332
68,0,1,0,4,26,15.264833333333334
57,1,3,2,1,8,20.21325793650793
74,1,2,2,5,30,7.741190476190476
64,1,1,1,0,6,10.690769841269839
74,1,2,1,4,13,19.129944444444437
24,1,4,1,0,10,24.015710317460325
46,0,1,2,2,16,14.034083333333333
25,0,2,1,1,27,13.051047619047624
23,1,1,2,5,17,15.508095238095239
67,0,2,2,5,15,12.977012987012984
29,0,5,1,2,21,15.96992857142857
41,0,0,0,4,22,13.453511904761902
78,1,2,2,7,8,9.214964285714284
60,1,5,0,0,11,16.361261904761903
41,0,2,1,3,9,14.702333333333334
49,0,1,2,0,10,13.906111111111112
76,0,1,0,1,5,11.865880952380948
82,0,3,1,4,14,14.246333333333332
62,1,3,1,7,24,9.826464285714282
31,1,1,2,4,12,20.424817460317456
34,0,1,1,3,17,13.150480380730384
82,0,0,0,3,12,19.113690476190474
29,1,2,2,0,10,10.407333333333336
78,1,2,0,0,15,14.436666666666666
71,1,0,2,3,7,22.45320346320347
54,1,1,1,4,26,19.70441702741702
22,0,5,0,5,3,17.441916666666668
54,0,1,1,3,17,8.037
79,0,2,2,6,16,15.430730158730157
36,0,0,0,3,18,8.324801587301588
59,0,5,1,2,15,13.59455952380952
34,1,5,0,4,27,11.077488095238095
20,1,5,0,0,22,17.290119047619047
30,0,1,0,6,29,14.721648101898102
78,0,3,0,6,8,15.93490476190476
29,1,5,1,5,29,7.4539285714285715
43,1,3,0,1,27,18.554083333333335
39,1,1,1,2,28,15.94430158730159
76,1,0,0,3,17,24.75359523809524
44,1,2,1,5,23,12.139666666666667
77,1,4,0,7,16,18.597950244200245
71,0,4,0,4,23,14.611945887445886
80,0,0,2,3,20,20.042404761904763
55,0,0,1,4,21,12.821404761904764
53,1,3,1,6,8,17.41528571428571
44,0,3,1,4,28,17.41995238095238
21,1,0,1,6,19,14.407166666666665
57,0,2,1,4,25,20.357202380952387
62,1,4,2,5,3,25.992416666666667
49,0,4,0,2,25,11.443071428571429
66,1,0,1,4,13,10.839849206349204
25,0,5,2,5,4,6.809
34,1,4,1,2,7,16.646428571428572
72,0,3,2,5,11,22.362202380952375
46,0,1,2,4,18,19.723
36,0,4,1,3,24,18.339583333333334
76,1,2,2,6,23,16.253797619047624
46,1,0,0,3,18,10.901309523809527
38,0,3,2,5,4,11.23047619047619
65,1,3,2,0,12,9.196142857142856
73,0,0,0,2,18,10.214190476190476
75,1,0,1,0,13,17.27071428571428
26,1,4,0,7,27,11.50347619047619
17,0,2,0,4,9,21.745
83,0,3,1,6,17,13.022
79,1,2,1,0,28,9.436571428571428
33,0,4,2,3,26,19.04748809523809
22,1,2,1,0,7,15.47129761904762
22,1,1,0,4,6,13.667750000000002
79,0,5,2,4,7,20.329214285714286
60,0,0,2,0,14,23.98480952380952
40,0,1,2,3,4,17.047666666666668
69,0,5,0,6,23,20.99317460317461
75,1,2,2,0,19,10.295261904761906
70,0,0,1,1,1,18.889119047619047
45,0,0,2,7,27,5.808547619047619
22,0,1,2,5,8,5.382230158730158
56,1,3,2,2,29,16.70813095238095
42,0,1,0,2,20,15.279873015873015
71,1,2,2,1,27,7.650119047619047
43,0,5,2,6,16,17.987114357864357
35,1,3,1,3,7,18.4575
80,1,4,0,1,8,20.611080808080807
85,1,5,0,6,9,15.347903679653681
36,1,0,0,0,21,14.491835497835494
72,0,5,2,7,30,14.807714285714285
39,1,4,0,7,9,18.160551587301594
53,1,0,2,0,22,19.787674603174604
46,1,0,2,3,26,18.783500000000004
51,0,0,1,0,21,13.9725
55,1,0,2,3,19,10.853500000000002
26,1,0,0,3,17,18.29591522366523
43,1,3,0,5,26,5.544499999999999
20,1,3,0,0,24,17.310417082917084
79,0,2,0,7,28,24.29767857142857
30,0,0,1,7,30,15.915373015873017
85,0,5,2,0,11,23.017166666666668
67,0,2,2,4,21,10.760833333333334
40,1,4,2,5,4,14.81833333333333
76,0,0,1,4,25,23.691
50,0,3,1,5,20,16.051920634920638
35,0,4,2,0,23,12.807999999999995
52,1,4,1,2,22,13.516333333333332
73,0,0,1,7,21,8.076
84,1,0,0,5,29,20.789666666666665
80,0,1,1,4,12,19.84130555555556
77,1,3,0,1,6,17.667959956709954
52,0,3,2,7,12,13.620833333333332
63,1,4,1,0,8,12.565321428571428
43,0,4,0,3,3,11.577285714285715
46,1,4,2,4,23,15.857249999999997
67,0,1,2,6,8,15.238
80,0,3,2,0,5,16.811000000000007
84,0,2,0,0,9,13.62820634920635
20,0,0,2,7,5,8.372833333333332
28,1,0,0,0,20,12.273333333333333
47,1,3,1,5,30,5.781761904761904
33,1,4,0,3,18,17.13925
19,1,5,1,7,17,12.07032142857143
19,0,0,1,3,4,18.868
80,1,4,1,5,2,13.504785714285713
29,0,3,0,3,11,15.267559523809522
53,1,2,2,0,17,10.690666666666665
58,0,1,0,1,22,21.056218253968254
23,1,4,0,6,1,19.023333333333333
66,1,5,2,2,4,14.869404761904764
18,0,1,1,0,1,19.518115079365078
14,1,5,0,5,4,14.053047619047616
38,1,1,0,2,12,19.85164285714286
24,0,1,2,5,24,17.578380952380954
30,0,1,2,5,24,13.476028138528134
36,0,2,2,1,6,9.234833333333336
56,1,1,2,1,10,13.609373015873013
62,1,1,1,3,17,21.81364285714286
69,1,3,1,4,29,16.08375
26,0,4,0,6,15,8.356476190476194
38,1,5,2,0,20,10.663492063492063
60,0,4,0,2,13,14.190920634920634
58,1,0,2,1,1,21.738666666666667
38,0,3,0,7,8,15.44776190476191
68,0,1,1,1,28,4.709432539682539
32,0,3,2,7,28,17.14371428571429
29,0,2,1,0,28,13.550269841269841
59,1,0,0,2,12,15.807408730158729
85,1,5,2,5,4,19.17847619047619
38,0,5,2,4,8,24.082166666666662
34,1,2,0,7,29,14.98743253968254
81,1,3,0,7,2,16.405642857142855
24,0,3,2,5,3,11.844357142857143
78,0,3,0,0,9,21.1
38,0,5,2,5,24,18.341559523809522
49,1,5,1,4,24,16.589166666666667
75,1,5,1,2,22,18.87481349206349
49,1,0,0,0,20,17.080869047619043
79,0,4,1,7,1,16.577904761904755
41,1,5,1,6,16,15.65081926406926
85,1,2,1,5,18,13.049333333333331
27,1,5,2,3,23,13.047166666666667
28,0,2,1,0,10,17.870666666666665
52,1,4,2,0,27,26.450571428571433
37,1,0,0,2,15,4.5985
76,0,2,2,1,19,12.67114285714286
62,1,2,1,6,16,9.197940476190475
33,1,5,2,7,16,14.329428571428569
55,0,2,0,4,13,11.0666626984127
36,0,2,2,7,9,20.608174603174607
46,1,5,1,3,19,18.908769841269837
73,1,0,1,6,3,14.237214285714286
26,0,3,1,3,3,11.547875901875903
68,0,1,2,1,14,6.539166666666667
39,0,5,1,2,28,22.661833333333334
37,0,0,2,7,30,20.702968253968262
61,1,3,1,7,2,13.60286111111111
72,0,5,0,6,29,14.586666666666668
61,1,4,2,5,18,12.150833333333336
30,0,4,1,5,21,10.743249999999998
22,1,4,2,0,13,14.96007142857143
46,0,2,1,4,29,9.584833333333332
60,1,0,0,1,24,15.7942619047619
51,1,2,1,6,3,12.357210317460314
32,1,5,1,2,23,7.8791666666666655
64,0,0,2,0,11,25.553333333333335
32,0,5,1,4,30,9.478880952380951
61,0,0,2,1,28,12.90907142857143
80,1,2,1,6,29,22.784833333333335
45,1,2,1,5,15,18.92476984126984
58,0,1,2,1,1,13.841916666666668
59,0,0,0,7,3,9.16325
80,0,4,0,5,26,17.859333333333336
72,0,3,1,0,4,20.687956349206345
82,1,5,0,4,28,14.099166666666669
72,1,2,1,2,23,11.717095238095235
21,1,5,2,4,6,16.885571428571424
82,1,0,0,7,19,21.328357142857147
72,1,2,1,4,21,21.417904761904754
59,1,1,2,7,17,12.169154761904762
71,1,0,1,6,2,25.579166666666666
39,1,1,1,2,9,15.94430158730159
84,0,2,0,3,2,13.544499999999998
56,0,3,1,3,28,11.844809523809522
26,0,1,0,1,8,20.781837301587306
22,1,3,2,7,28,15.997119047619043
61,1,4,2,2,23,14.551888888888886
49,1,5,1,7,12,10.68727380952381
27,1,4,0,0,3,8.72445238095238
62,0,1,2,0,29,19.57138095238095
32,0,5,2,3,9,9.209700577200579
80,1,2,1,5,22,20.197277777777778
22,0,4,2,3,28,16.122083333333336
27,0,1,2,5,9,9.262119047619047
48,0,1,0,1,18,9.89766666666667
75,0,4,2,2,10,17.012071428571424
30,1,4,2,0,24,26.044238095238097
58,1,3,1,6,17,15.954551587301589
80,0,4,2,3,17,6.867333333333334
24,1,5,1,6,7,9.634805555555554
26,0,3,2,7,1,16.521833333333333
43,1,5,2,3,22,4.9587142857142865
36,1,3,2,7,29,19.107333333333337
69,1,2,2,7,25,21.572666666666663
66,0,5,1,4,4,8.109380952380954
82,1,5,1,0,28,24.542619047619052
38,0,3,2,0,23,7.2057142857142855
36,1,1,2,0,23,7.36872619047619
65,1,3,0,1,5,11.46709523809524
58,0,0,2,7,27,5.6491277056277065
64,1,5,0,6,28,9.469
47,0,2,2,6,1,8.051142857142857
18,0,0,1,0,5,13.261789682539684
51,1,1,1,1,8,10.411183510933508
30,1,0,2,7,24,10.04975
23,0,1,1,5,28,12.229333333333335
41,0,5,2,6,24,11.417190476190477
52,0,5,0,3,6,16.058821428571427
43,0,4,1,1,6,14.667988095238094
26,0,5,0,6,15,16.46138095238095
40,1,5,0,4,20,16.18542857142857
37,1,1,1,2,4,15.671186507936506
65,0,5,0,6,6,8.927166666666666
57,0,5,0,4,21,19.594492063492066
36,1,5,2,4,6,14.256785714285716
60,1,1,1,2,23,10.755347125097124
34,0,4,2,6,23,19.689642857142857
64,0,1,1,0,26,16.544261904761903
46,0,3,1,6,1,23.820500000000003
82,0,3,2,3,22,8.393
48,0,4,2,0,13,19.798833333333338
35,1,1,2,7,9,23.08061904761905
60,0,4,2,7,24,20.5117619047619
73,0,3,2,4,16,14.267559523809519
19,1,5,1,2,25,15.197261904761904
30,0,0,1,0,9,8.090166666666669
40,1,1,1,7,25,18.169547619047616
66,1,3,2,0,20,15.879119047619051
70,1,2,0,5,13,15.526666666666666
63,1,1,0,7,3,21.52476190476191
25,1,5,2,2,16,8.841571428571429
69,0,3,0,2,22,12.211357142857144
79,0,5,2,3,21,17.024476190476193
82,1,3,0,6,18,20.281857142857145
52,1,4,0,3,18,21.86736363636364
41,0,1,0,7,3,9.000666666666666
80,0,5,0,3,23,13.50314682539683
45,1,0,1,3,14,18.561770202020202
74,0,0,1,1,6,15.822500000000002
37,0,2,1,3,10,9.383452380952383
44,1,0,0,5,4,22.51950396825397
52,1,0,0,2,3,24.28840079365079
82,1,5,0,5,5,9.724666666666664
55,0,2,2,6,14,14.104583333333332
32,0,2,2,3,3,12.709214285714285
33,0,4,1,1,16,10.721023809523809
40,0,0,0,2,21,13.480333333333332
26,0,4,0,4,10,14.383095238095239
78,0,4,1,4,15,21.639166666666664
67,0,2,0,3,13,20.388972582972585
73,1,2,2,7,29,13.759817460317459
29,0,5,1,1,4,9.821111111111112
27,0,3,1,0,22,16.333920634920634
83,0,0,2,7,9,15.90859523809524
53,1,0,2,5,6,18.6874256021756
31,1,5,0,5,8,18.60830952380952
64,0,3,2,1,1,16.255183261183266
46,0,2,0,5,9,19.313415945165943
41,0,5,2,0,25,18.804666666666666
75,1,2,1,2,30,13.044436507936505
23,0,0,0,2,26,23.101
81,0,2,1,1,6,25.652761904761906
56,1,5,1,3,27,21.500472360972356
34,0,2,0,2,15,10.680666666666665
15,0,3,1,6,22,15.315714285714286
82,0,4,0,2,2,12.90523809523809
50,0,3,0,0,7,17.286549783549784
65,1,4,0,7,30,20.435333333333332
73,1,3,1,7,27,13.719738095238093
55,0,3,2,6,6,6.551190476190476
38,0,0,0,2,17,7.3052539682539654
22,0,4,2,3,15,16.122083333333336
28,0,3,2,5,4,20.96416666666667
38,1,2,1,6,12,17.979
33,1,3,0,1,7,14.039761904761903
85,0,4,2,0,4,13.772666666666664
35,1,2,1,3,10,16.951333333333327
44,0,5,1,1,6,20.655873015873016
78,0,1,2,4,4,17.482833333333335
82,1,4,0,5,24,10.6005
74,0,4,2,3,18,11.735416666666666
43,1,2,2,5,25,21.464666666666666
56,0,3,1,3,9,11.844809523809522
84,0,2,0,1,26,17.792666666666666
74,1,2,1,4,18,19.129944444444437
67,1,3,2,5,27,17.308285714285716
29,0,4,1,0,8,9.554333333333336
23,0,3,0,3,10,14.4075
48,0,2,0,4,28,22.21294047619048
21,1,1,0,4,27,15.658361111111107
60,1,2,2,2,14,11.49245634920635
64,0,1,0,1,22,8.352928571428572
53,0,5,0,6,27,11.535805056055056
82,0,4,2,4,26,18.31902380952381
70,0,4,0,4,17,12.552870712620711
78,0,1,1,7,8,13.557416666666668
25,1,1,0,0,17,6.36617857142857
71,1,4,1,4,6,22.454749999999994
60,1,3,0,2,30,18.30707142857143
27,1,1,1,5,5,14.561047619047617
62,0,3,1,7,24,24.30111904761905
73,0,0,1,0,30,18.25061002886003
81,1,2,2,6,3,11.19807142857143
45,0,1,1,6,19,13.414396825396828
23,1,3,2,1,18,9.344416666666666
54,1,5,2,0,23,15.604000000000001
55,1,3,2,5,20,17.322190476190475
30,0,3,1,5,10,5.140333333333333
32,1,0,2,3,30,9.644583333333332
53,1,0,1,5,17,13.538964285714288
75,0,2,0,7,8,12.823085803085801
57,1,0,0,7,14,11.865178571428569
26,1,0,0,7,17,25.53235714285714
80,1,2,0,0,18,6.9331666666666685
85,1,3,1,1,20,23.488500000000002
76,1,1,2,0,23,21.17975
59,0,1,2,4,11,11.165
64,1,5,0,7,20,14.79644155844156
46,1,2,2,4,21,12.119916666666668
63,0,0,0,3,6,17.372
34,0,4,2,5,26,17.782499999999995
20,0,4,1,3,10,13.127549839049836
57,0,4,0,3,4,26.80079292929293
65,1,0,0,4,4,15.347035714285719
36,1,0,1,1,15,9.372285714285715
57,0,1,1,1,29,14.147892857142857
47,1,1,1,5,11,12.295674603174602
24,1,4,1,1,23,10.730500000000001
52,1,2,0,4,8,14.972909090909091
81,0,0,2,7,15,16.213166666666666
40,1,1,1,1,12,15.094880952380954
25,1,1,2,1,28,12.749909812409813
81,0,4,2,5,21,16.337642857142853
33,0,1,1,3,21,15.774202380952383
45,1,2,2,7,6,17.735333333333333
46,0,4,2,2,21,6.183857142857144
58,1,0,0,4,28,7.43012914862915
44,1,4,1,5,21,12.790333333333333
25,1,0,1,4,7,8.078847402597402
54,1,0,1,1,10,16.525821428571426
77,1,0,2,0,20,11.6129126984127
75,0,4,0,7,10,18.64921428571429
54,1,4,0,0,25,19.130000000000003
78,0,2,0,1,3,11.379571428571431
19,0,4,2,6,21,20.93375
42,0,1,1,6,29,6.390857142857143
79,1,2,0,2,21,17.273583333333335
27,1,5,0,0,20,17.632388888888887
81,0,2,1,5,8,14.312690476190475
46,0,2,0,7,14,8.909404761904764
59,0,4,0,0,24,21.045
37,1,0,1,1,11,6.264095238095238
55,1,1,1,4,13,20.406825757575756
38,1,3,2,3,9,6.1985714285714275
21,0,4,0,0,7,10.559166666666664
67,1,3,0,1,19,13.051904761904764
34,1,1,2,1,29,12.917785714285712
60,0,5,0,1,3,15.337476190476188
54,0,1,0,2,22,19.218000000000004
26,1,5,2,5,1,15.397325036075035
85,0,4,2,6,25,13.279518620268624
44,1,1,2,5,21,11.964190476190476
66,0,1,1,2,30,11.646714285714284
85,1,5,0,4,3,14.523
32,0,1,0,6,9,14.324017288267289
62,0,0,1,6,11,23.938928571428573
61,1,4,0,6,12,10.490157644642942
21,0,5,2,0,1,20.616210317460308
45,1,5,2,2,1,21.093107142857143
78,0,2,0,7,22,12.91072222222222
74,1,3,1,0,13,19.138023809523812
79,1,1,1,3,4,16.15049603174603
33,0,1,0,3,18,13.487
31,1,4,2,4,1,8.791711704961706
47,0,0,0,7,23,17.213353174603178
65,1,0,2,3,12,11.04974603174603
38,1,1,2,2,22,22.24407936507937
51,0,4,1,2,3,10.481035714285714
57,1,3,1,0,23,17.231666666666666
32,0,5,1,3,28,16.664166666666667
73,1,0,2,4,1,13.499678571428571
54,0,5,2,3,9,24.118
66,1,3,0,7,27,18.94783333333333
60,0,1,2,5,11,21.455880952380948
59,0,0,2,4,15,7.0110198412698415
65,0,1,1,0,4,18.526666666666664
70,1,0,1,7,28,21.956358585858585
48,0,2,2,7,9,20.36
34,1,2,1,4,18,12.458111111111108
27,0,1,0,1,18,24.686999999999998
85,1,3,0,4,15,12.061619047619047
47,0,1,0,5,27,14.710642857142856
76,1,3,2,3,3,21.145023809523813
84,1,3,2,2,5,14.555000000000001
68,0,3,2,3,2,7.8073531746031755
82,0,5,2,0,24,17.86897619047619
21,0,5,2,1,16,18.24
37,1,3,1,1,19,8.249404761904763
37,1,2,0,5,1,23.417464285714285
23,0,4,1,7,3,11.047035714285714
74,0,4,1,5,20,11.174690476190476
30,1,4,1,7,23,16.078500000000002
83,1,5,1,7,18,16.007023809523808
76,1,4,1,4,21,13.845809523809523
44,1,2,2,5,20,17.132333333333335
79,1,4,0,5,27,17.79707142857143
29,0,2,0,5,18,18.815357142857142
24,1,4,2,5,7,23.25190476190476
81,0,0,2,5,28,18.173083333333334
41,1,3,1,5,27,10.149000000000004
73,1,1,1,7,11,6.745833333333334
59,1,5,2,4,14,12.05752380952381
85,0,0,1,6,6,8.871403846153845
54,0,2,0,0,8,12.020380952380956
73,0,1,0,2,21,15.75034523809524
27,1,3,0,5,15,14.294
38,1,3,0,7,8,8.006714285714285
83,0,5,2,5,21,11.530999999999999
27,0,2,1,0,21,12.978166666666667
19,0,3,0,1,7,12.429666666666664
74,1,2,1,6,20,15.401805555555557
70,0,5,1,5,22,17.21180952380952
20,0,5,1,7,30,18.07001984126984
54,0,5,1,0,2,21.332249999999995
47,0,5,0,4,23,11.881103174603176
70,0,5,1,3,12,19.15566666666667
20,1,5,1,6,6,8.533833333333334
53,1,5,0,4,1,12.427333333333332
85,0,4,1,6,27,11.293627705627706
37,1,2,0,2,16,13.649666666666668
79,0,1,2,7,21,13.188476190476193
20,1,1,1,5,25,7.831047619047618
27,1,4,0,4,4,14.853999999999996
46,1,3,0,4,30,26.32807142857143
67,0,2,0,5,18,14.286619047619046
18,1,1,2,3,14,8.289797619047617
43,1,1,2,1,18,9.591417027417023
22,1,5,2,1,30,8.994666666666665
34,1,0,2,4,15,17.26478571428571
46,1,4,2,1,3,24.785214285714286
46,0,4,1,2,1,19.797964285714283
25,0,5,0,2,6,22.85878571428571
37,1,2,2,1,12,10.4279898989899
42,1,0,2,3,11,19.72952380952381
77,0,2,1,0,27,20.31991666666667
68,0,4,0,7,5,19.390082251082255
77,1,0,2,3,14,10.281238095238095
33,0,2,2,6,15,23.854876984126978
45,1,3,1,7,7,10.81409523809524
31,0,3,1,1,14,7.284666666666667
37,0,4,0,6,29,23.026857142857143
81,0,4,2,7,11,9.636666666666667
49,1,2,1,5,3,18.59444444444444
62,0,2,2,6,4,20.689333333333334
78,1,4,0,4,11,21.875476190476192
81,1,4,0,3,13,15.285666666666668
42,1,1,2,2,15,14.379880952380956
60,1,2,2,7,2,22.164666666666662
66,1,5,2,5,12,15.896014069264067
27,0,3,0,3,7,15.35754761904762
83,1,5,0,1,6,28.68285714285714
24,0,4,2,1,6,21.20619047619048
80,0,4,0,1,28,20.682333333333336
81,0,0,2,3,13,3.9385158730158722
46,1,0,0,0,6,12.138896825396825
25,0,5,2,0,6,23.46216666666667
20,1,1,2,1,7,20.682190337440343
51,0,3,2,2,10,14.509499999999997
63,1,5,1,1,4,15.998312409812407
39,1,0,0,3,25,16.320952380952384
29,1,2,0,2,16,17.73106349206349
64,1,1,1,5,21,15.80437698412698
61,1,4,2,5,15,12.150833333333336
56,1,1,0,2,12,20.835333333333327
52,1,3,1,2,1,15.172464285714284
85,1,1,1,2,19,18.48766666666667
24,1,5,1,0,21,22.960619047619048
39,1,2,2,6,3,19.86845238095238
43,0,5,0,7,14,8.757142857142858
39,1,5,1,0,3,25.430214285714285
44,1,2,2,4,12,16.307761904761907
26,0,1,0,5,7,21.541785714285705
47,0,0,2,5,5,11.192801587301583
84,0,4,1,0,1,17.56923015873016
59,1,4,1,2,8,12.91637698412698
37,0,3,0,1,21,5.595559523809524
60,0,0,1,2,17,8.40775
31,0,1,1,1,14,12.408499999999998
34,0,1,1,3,20,13.150480380730384
34,1,3,1,4,15,21.788366522366523
56,0,4,2,0,22,14.474166666666665
61,0,2,1,5,11,17.286761904761907
48,0,0,1,0,23,19.309333333333335
61,0,4,2,2,2,21.093428571428568
38,0,4,1,1,28,16.162666666666667
49,1,0,0,0,7,17.080869047619043
63,1,1,1,1,25,20.869000000000007
42,1,2,2,6,22,18.732568542568544
73,1,5,1,1,6,21.343103174603172
78,1,2,2,4,9,8.323
33,1,3,1,5,20,9.344432539682542
37,0,4,2,6,14,16.937928571428568
36,1,4,2,5,8,8.015595238095237
47,1,3,2,3,27,19.930357142857144
62,0,3,2,1,28,12.8052380952381
28,0,3,0,2,26,16.832547619047617
33,0,3,0,0,18,24.008666666666674
84,1,0,1,3,10,23.922690476190475
72,0,0,2,2,6,11.835630952380955
43,1,4,0,3,2,20.080952380952382
55,1,3,2,6,8,7.243333333333334
23,1,1,0,4,9,9.850027777777777
65,0,4,2,4,9,24.02292857142857
38,0,5,1,4,22,9.090499999999999
54,0,1,1,0,30,13.468750000000002
24,1,5,1,0,2,22.960619047619048
79,0,3,0,7,29,18.670833333333334
24,0,0,0,2,5,17.353666666666662
58,1,2,2,0,11,22.90183333333334
35,1,5,2,3,22,17.448547619047616
74,0,4,2,5,30,14.39866666666667
33,0,0,1,5,15,18.50896428571429
76,0,4,2,0,8,12.087272727272726
49,1,2,0,5,15,9.918809523809523
25,1,5,0,0,20,11.478190476190477
77,0,3,0,5,11,18.27916666666667
70,1,3,0,6,5,5.2945
80,0,1,1,1,18,11.952277777777779
63,0,0,0,5,14,16.481166666666667
47,0,3,0,3,24,22.401666666666664
85,1,2,2,6,23,7.081999999999999
62,1,1,2,6,13,23.427515873015874
32,1,0,0,1,23,12.037666666666667
52,1,0,0,0,13,15.793571428571427
78,1,3,0,5,2,18.394333333333332
66,1,5,1,0,2,18.687238095238097
35,0,0,2,4,7,12.677333333333333
24,1,2,2,1,1,15.097777777777779
25,1,2,0,4,26,10.071369047619049
82,0,1,1,7,6,13.95625396825397
29,1,0,2,5,22,18.14136868686869
58,0,0,1,3,9,11.347607142857141
72,0,2,2,5,20,20.324440476190475
83,1,5,1,3,16,19.35333333333333
44,1,0,1,0,3,14.647333333333334
23,1,0,0,1,15,13.598190476190474
55,1,2,0,5,18,17.96433333333333
65,1,1,2,3,20,18.758468253968257
78,1,2,2,5,8,12.1725
75,0,4,1,7,29,12.031666666666665
46,1,3,2,5,23,21.97294155844156
60,0,0,1,0,24,7.519190476190476
60,0,2,1,1,8,24.600000000000005
22,0,1,1,7,11,22.411499999999997
31,1,0,0,4,24,14.067833333333333
65,0,5,0,4,29,7.912476190476192
37,1,3,1,4,9,12.299583333333333
23,1,0,0,2,24,23.34609523809523
47,1,0,1,3,30,12.86825901875902
34,0,3,1,5,11,18.077698412698414
21,1,5,1,2,12,10.209297619047618
24,0,3,1,6,14,13.549333333333333
35,0,1,2,7,10,15.44166666666667
67,0,3,0,3,26,10.933920634920634
75,0,0,0,3,15,17.165734126984127
42,0,1,1,6,17,6.390857142857143
50,1,0,1,1,20,15.90792857142857
60,1,1,0,1,18,19.450761904761908
83,0,5,2,3,14,16.937910173160176
32,1,2,0,4,15,5.929861111111109
57,0,3,2,1,13,9.652833333333335
23,1,4,2,3,16,23.150904761904773
54,0,0,1,3,20,17.059154761904765
84,0,5,0,4,21,15.857234487734491
59,1,4,1,2,4,12.91637698412698
84,0,5,1,5,3,14.529412698412697
62,1,2,0,5,24,15.798619047619045
39,1,0,2,1,13,14.952420995670998
31,0,0,2,0,17,23.60273809523809
40,0,0,1,0,29,17.475
70,1,1,0,0,16,18.569488095238096
59,1,0,1,7,19,20.24183333333334
76,0,0,2,5,20,19.533619047619048
34,1,0,0,2,11,18.671523809523812
37,1,5,0,2,3,14.543333333333335
45,1,5,2,4,18,20.426309523809515
50,0,5,0,3,28,14.791845238095236
85,0,0,1,0,5,25.372833333333332
49,1,3,0,3,11,16.891309523809525
42,1,2,1,5,26,14.746962148962147
59,0,1,1,7,9,15.74480230880231
55,1,4,2,0,11,9.464166666666666
65,1,4,0,2,20,14.632857142857146
43,0,2,2,2,20,13.27823340548341
74,1,2,1,0,21,22.024833333333337
21,1,3,2,3,3,8.119
25,1,3,2,7,1,14.153015873015873
80,0,2,2,0,2,12.269214285714284
73,0,3,2,7,21,12.12111904761905
85,0,3,2,5,27,20.721666666666664
23,1,0,0,3,6,23.396
78,1,3,0,3,16,18.03535714285714
34,0,4,2,5,21,17.782499999999995
53,0,0,1,0,8,13.212309523809527
31,1,3,0,1,27,16.785833333333333
42,1,2,2,4,30,16.699428571428573
74,0,1,2,5,7,17.431
59,0,5,2,2,27,16.988000000000003
64,1,3,0,4,6,17.92662806637807
84,1,0,0,3,10,13.607000000000005
43,1,1,0,2,14,22.350833333333334
80,1,0,2,2,9,16.228333333333335
24,0,0,0,5,21,20.909000000000002
43,0,4,2,0,19,19.62066666666667
83,0,0,2,7,24,15.90859523809524
34,0,1,0,0,18,12.534306193806191
67,1,4,0,7,2,20.502761904761904
62,1,1,0,1,10,27.115666666666666
71,1,1,0,6,21,10.973952380952383
35,0,5,2,7,13,10.292
45,0,1,1,7,12,15.819333333333335
39,1,0,2,0,13,12.241374819624824
67,1,2,1,7,14,15.032496031746033
65,1,4,1,7,5,19.004
21,1,4,1,0,14,20.70776190476191
34,0,4,1,0,18,18.18482142857143
45,0,1,2,4,10,20.852761904761902
19,0,4,2,3,26,16.215999999999998
34,1,4,1,4,14,10.421642857142858
63,0,0,1,3,21,16.55159523809524
23,1,5,2,0,25,13.765547619047616
53,0,4,1,7,22,13.270730158730156
81,0,2,2,6,15,15.484857142857145
47,0,5,2,6,8,21.832261904761907
77,0,4,2,3,14,24.29680952380952
29,1,3,2,2,5,14.964023809523805
54,0,4,0,0,3,22.34733333333333
85,1,2,2,2,7,19.62102380952381
22,1,0,0,4,18,15.682011904761902
58,1,3,0,1,16,15.03760606060606
61,1,1,1,0,3,13.753333333333336
78,0,1,0,4,23,18.743500000000004
19,1,3,1,5,10,19.935000000000002
75,0,0,1,4,13,11.04260259185259
84,0,4,0,1,22,7.455857142857142
26,1,4,2,6,8,15.633428571428572
44,1,1,1,5,28,7.192
21,1,0,2,2,18,26.06375
47,1,4,0,0,27,19.128488095238097
18,0,2,2,6,2,21.298011904761907
62,1,5,1,7,12,19.195404761904758
49,1,3,0,6,22,15.906741341991337
26,1,2,1,2,4,14.150869047619048
59,1,0,1,5,18,16.295
28,0,0,2,7,10,18.848333333333333
42,1,2,2,0,22,22.3475
40,1,2,1,7,6,13.003666666666666
18,0,4,2,1,25,13.946837301587301
56,0,5,1,6,16,15.908666666666669
49,0,4,0,0,15,9.153571428571428
54,0,0,2,6,15,19.288392857142853
26,1,3,2,5,1,15.023666666666667
80,1,3,1,4,15,13.455476190476185
31,1,0,1,3,22,17.39865223665223
72,0,2,1,1,26,13.371809523809521
63,1,0,2,2,6,21.64416666666667
26,1,5,0,2,8,12.709682539682538
25,1,0,2,4,8,10.980138888888886
65,1,0,2,1,13,21.43344841269841
29,1,5,0,2,22,16.21197619047619
25,1,2,0,4,10,10.071369047619049
37,0,0,0,7,8,17.138238095238094
41,0,1,0,7,13,9.000666666666666
61,1,2,2,7,24,13.35579761904762
29,0,0,2,0,12,17.773000000000003
57,1,4,1,4,11,12.962604256854258
56,0,4,2,6,21,26.70835714285714
49,0,2,0,7,8,8.562893217893219
85,1,2,1,3,14,15.134854978354982
48,0,2,1,5,11,23.607051587301584
34,0,3,0,2,23,20.181
81,0,1,0,2,26,12.946750000000002
77,0,2,2,2,7,20.66959126984127
34,0,2,2,2,30,11.44607142857143
70,1,0,2,3,12,24.25911111111112
34,0,3,2,1,29,8.345952380952381
23,1,0,0,3,19,23.396
24,1,1,1,0,15,16.304488095238096
43,0,1,1,3,1,17.244063131313137
18,1,2,2,7,4,10.10643154068154
44,1,5,2,0,15,16.467638195138196
79,0,4,2,6,17,24.740777777777776
80,0,2,0,0,18,16.15384090909091
26,0,4,2,5,16,16.68855555555556
60,0,5,0,2,7,17.530380952380952
36,1,0,0,5,27,8.195960317460315
32,0,0,1,7,1,10.23131746031746
58,0,4,1,5,27,14.017273809523806
69,0,5,0,4,26,18.17988888888889
56,0,5,2,2,2,13.272916666666667
82,1,1,2,5,1,17.747973665223657
45,1,4,0,4,20,20.460134920634925
37,1,5,2,5,1,22.195476190476192
25,0,4,0,1,1,14.603083333333332
47,1,4,0,4,7,16.55955555555555
32,0,1,1,0,12,26.300071428571428
60,0,2,1,0,24,20.405214285714283
66,0,1,0,3,12,13.155059523809523
35,1,3,1,1,6,17.708249999999992
58,0,3,0,3,5,5.3102152014652
40,1,0,1,7,6,10.678344155844155
80,0,0,1,0,30,12.623738095238096
48,0,3,1,2,27,14.720857142857142
61,1,0,0,5,11,16.63183694083694
68,0,3,2,5,26,20.450152597402596
26,1,1,0,3,5,15.255945887445886
67,1,3,0,7,8,21.420349206349204
72,1,1,1,3,15,20.000130952380953
19,1,3,0,2,4,8.443047619047618
35,1,0,0,6,25,22.97903896103896
65,0,0,1,1,20,20.081999999999997
19,0,3,1,4,30,11.066595238095237
18,0,5,2,2,17,16.26028571428571
44,0,5,2,2,14,4.9929848484848485
19,0,2,0,5,27,23.819388888888888
46,0,2,0,0,26,14.43242857142857
22,0,1,0,1,25,23.758984126984128
26,1,4,0,7,25,11.50347619047619
49,1,4,1,6,8,9.89636507936508
49,1,3,0,1,27,22.02735497835498
72,0,5,0,2,10,5.08468253968254
56,1,4,1,1,3,20.81105006105006
65,1,0,1,2,7,27.611400793650795
21,0,4,1,5,26,16.46504761904762
57,0,5,0,7,15,18.658753968253972
19,0,0,0,7,26,16.987833333333334
69,1,0,0,6,9,12.293
62,0,5,2,5,27,9.768
76,1,1,0,6,29,15.673916666666669
77,0,0,2,5,29,22.727622294372292
28,0,1,2,5,23,11.897857142857141
50,1,4,0,6,6,17.748976190476192
82,0,1,1,3,11,20.950333333333337
38,1,3,2,1,16,16.539890304140307
51,1,5,2,6,13,23.490595238095242
59,0,2,2,3,9,19.80630158730159
47,1,3,0,6,9,13.34688888888889
22,0,0,1,6,13,19.637047619047618
46,0,4,0,1,9,19.04211111111111
21,0,5,0,5,8,19.3475
67,0,0,1,6,22,13.469476190476191
65,0,5,1,7,11,12.611718975468978
20,1,2,2,0,7,23.73692857142857
50,0,1,2,2,8,17.313666666666663
65,0,0,1,6,7,15.861119047619052
66,1,2,1,3,1,24.111904761904754
25,0,0,0,0,18,7.049261904761905
82,1,2,1,7,25,19.448071428571428
64,1,2,1,6,5,10.021976190476188
28,1,4,0,5,22,8.203333333333333
39,0,1,2,7,9,15.792897435897432
73,0,1,1,0,3,16.560452380952384
64,0,2,2,3,28,20.876416666666664
19,1,5,1,6,22,15.09024603174603
31,1,4,0,1,22,18.131833333333333
25,1,3,0,0,21,18.743666666666666
60,0,4,2,6,3,15.967743145743148
43,0,5,2,6,14,17.987114357864357
48,1,5,0,1,3,17.92897619047619
82,1,0,0,4,20,20.68847619047619
68,0,5,0,7,11,12.117142857142854
24,0,4,2,0,7,20.43895238095238
63,1,0,1,5,26,14.234428571428568
27,0,5,2,5,18,17.253345238095235
24,0,5,1,6,14,13.587450854700855
75,0,5,2,3,12,26.48140476190476
39,0,1,0,0,10,21.12709523809524
39,0,3,2,2,30,16.952
54,1,3,2,2,11,12.832465007215012
18,0,5,2,7,11,17.622261904761906
30,0,4,0,7,27,13.186190476190475
49,0,5,2,4,13,20.72422619047619
80,1,4,1,5,10,13.504785714285713
64,0,5,1,0,12,11.971916666666662
57,0,2,1,3,25,7.814666666666666
20,1,2,1,4,15,17.289547619047617
55,1,4,2,7,15,19.834285714285713
36,1,5,1,6,22,19.323833333333333
84,1,3,2,3,11,17.25484523809524
58,1,0,2,2,23,17.992238095238093
25,0,1,0,0,8,14.422348484848484
26,0,1,2,3,17,20.45062301587301
44,1,5,2,2,1,12.454166666666667
60,0,5,1,6,2,13.953801587301587
51,0,3,1,1,13,12.007052669552673
63,0,3,1,5,6,8.79733333333333
55,1,4,1,6,10,8.859749999999998
59,0,4,0,5,8,11.770945526695533
26,0,3,2,4,25,15.953690476190475
44,1,4,1,6,20,16.4751075036075
82,0,0,1,7,12,21.593095238095238
41,0,3,0,6,1,5.516214285714287
24,1,5,0,6,12,16.539851370851366
44,1,4,1,0,25,9.527571428571429
44,0,1,0,0,16,18.890214285714293
73,0,4,1,2,3,15.670333333333334
54,1,2,0,5,14,21.434201298701296
29,0,4,1,6,10,12.142738095238094
60,1,5,0,0,30,16.361261904761903
84,0,4,0,2,2,13.650238095238096
42,1,5,0,1,25,6.761380952380953
41,0,4,0,1,20,9.617642857142854
42,0,3,2,4,14,12.76761904761905
24,1,4,0,5,25,15.173559718059716
65,1,5,0,0,17,18.36
77,1,2,1,2,19,20.436226190476187
52,0,3,0,1,26,16.951000000000008
58,1,3,2,7,15,14.605705128205129
24,0,3,0,2,23,18.87
69,0,1,0,0,15,18.806785714285713
42,0,5,0,2,12,18.275000000000002
26,1,3,1,6,4,9.887999999999998
76,1,3,2,0,20,17.36335028860029
83,1,5,1,3,9,19.35333333333333
64,0,3,1,1,3,18.146547619047617
40,1,3,1,6,21,14.600000000000001
55,1,2,0,5,6,17.96433333333333
22,0,5,2,1,5,10.188000000000002
24,1,4,1,0,14,24.015710317460325
54,0,3,0,0,23,16.093054112554118
76,1,0,2,6,16,8.853547619047621
74,1,1,2,2,17,20.564444444444444
62,1,5,0,0,1,11.134333333333332
37,1,4,1,5,28,11.971999999999998
61,0,2,2,4,29,21.763829920079928
22,0,4,0,4,17,9.272369047619048
40,0,5,2,6,4,17.8735
70,0,4,2,2,1,13.711142857142857
58,1,2,2,4,20,17.851130952380952
26,0,3,1,4,8,19.637567210567205
86,0,4,0,6,27,19.285333333333334
53,1,5,2,5,22,19.545357142857142
50,0,3,1,3,24,12.185126984126983
28,1,0,2,1,7,5.051380952380952
83,0,3,1,7,21,19.1715
32,1,3,2,1,30,15.985845238095239
56,1,2,2,5,6,20.143333333333334
43,0,5,0,2,15,25.517000000000003
58,0,4,0,0,28,10.040428571428574
48,0,2,2,5,24,11.861571428571429
32,0,0,2,1,22,19.763702380952374
48,1,5,2,4,22,18.37057142857143
74,0,0,2,0,21,18.917079004329
48,1,0,0,0,7,21.0055
73,1,5,0,3,27,12.957690476190479
36,1,3,1,4,14,17.467273809523814
52,0,4,0,0,20,9.16320634920635
25,0,4,1,1,26,17.383367604617597
55,1,3,2,7,6,7.571000000000001
27,0,1,2,0,22,17.777119047619053
26,1,3,0,0,6,18.286515873015873
70,1,0,1,4,3,14.404107142857145
44,0,1,2,1,15,23.996666666666666
74,1,1,1,7,15,9.214833333333335
36,1,4,1,7,8,22.19405555555555
49,0,3,0,1,4,16.48125396825397
26,1,0,1,3,5,12.44447222222222
54,0,1,1,6,12,14.201928571428573
71,1,0,0,4,2,12.529857142857141
53,0,5,2,4,1,20.035166666666665
44,1,4,1,7,18,15.263234487734485
66,0,2,1,4,11,20.90265476190476
70,1,3,2,0,15,19.00241666666666
36,1,5,2,3,5,13.204380952380955
66,1,4,0,3,21,15.691476190476191
29,1,3,0,1,13,17.187083333333334
78,0,2,0,0,28,6.969333333333333
24,1,2,1,5,29,15.384119047619048
82,1,3,2,5,28,10.052460317460314
83,0,1,2,2,15,24.586
29,0,1,2,4,15,5.1575
21,1,1,2,7,23,15.186333333333332
20,1,0,1,7,26,19.087402236652235
62,0,1,0,6,12,16.113809523809525
60,1,3,2,5,10,9.142150793650796
37,0,5,1,2,15,11.784285714285714
25,0,4,0,4,26,14.970333333333333
23,0,1,2,6,6,24.676488095238092
52,0,0,1,3,9,16.216166666666666
38,1,4,2,1,1,19.468
35,0,3,2,5,17,11.563714285714283
27,1,2,1,7,27,18.75939285714286
32,1,1,0,4,26,16.857166666666668
44,1,5,1,7,29,13.00304761904762
39,0,5,0,6,7,14.720999999999998
40,1,2,1,7,16,13.003666666666666
55,0,4,0,7,26,13.389119047619047
79,0,3,0,4,12,7.187186507936507
32,0,5,2,0,4,5.37025396825397
23,0,2,1,3,19,14.69254156954157
82,0,0,1,4,1,19.434003968253972
32,1,0,1,4,30,18.88323809523809
41,1,0,1,4,5,14.513666666666664
32,1,0,1,2,24,10.443634920634922
45,1,3,2,5,29,8.038095238095236
30,1,5,2,3,24,9.465333333333334
22,1,0,2,7,3,17.488916666666668
78,1,1,2,3,11,24.732857142857146
33,0,5,0,4,23,18.837444444444444
26,1,5,2,7,24,12.279829365079364
79,0,4,1,3,13,16.07353571428572
77,1,2,2,0,4,14.152119047619044
74,1,5,0,7,4,13.709464285714283
44,0,2,0,0,18,19.85180952380952
67,0,1,0,0,13,18.038666666666668
59,0,3,0,2,26,8.259880952380952
78,1,0,1,4,18,14.549428571428571
83,1,1,0,6,24,8.672119047619047
74,0,3,2,4,16,14.914261904761906
64,0,1,1,3,10,11.336166666666667
50,1,0,0,6,5,10.558055555555557
82,0,4,2,1,2,16.208238095238098
29,0,3,0,0,3,7.098357142857144
26,0,0,2,6,17,15.401511544011546
66,1,3,0,5,3,24.92261840936841
68,1,2,2,6,29,16.869428571428568
65,0,2,0,6,19,12.367809523809523
50,1,4,1,5,26,16.3283373015873
21,0,1,0,6,3,12.828928571428573
79,1,4,2,7,25,11.831428571428571
75,1,4,1,1,26,11.991642857142857
52,0,3,0,1,12,16.951000000000008
40,0,1,0,7,3,15.016857142857143
30,1,5,1,4,5,13.25204761904762
25,0,0,2,4,23,10.72
38,1,0,1,0,19,13.207626984126982
33,0,3,0,4,27,22.894166666666663
27,1,4,2,0,2,15.453191919191923
40,1,1,1,5,9,7.1066666666666665
69,1,3,2,0,22,18.77583333333333
75,0,3,0,4,28,11.249166666666666
32,1,3,1,2,19,8.114000000000003
53,1,0,2,1,6,11.645166666666665
81,0,3,0,4,20,20.560642857142856
24,1,0,1,7,1,17.18348015873016
29,1,2,1,7,25,21.54517857142857
63,1,4,1,5,8,16.492666666666665
73,0,2,1,3,22,25.667523809523814
57,0,3,2,3,8,12.526333333333332
72,1,1,2,4,3,15.895999999999999
36,0,0,0,0,12,10.078520562770564
22,0,4,2,3,28,16.122083333333336
77,1,3,1,2,21,21.139642857142857
55,1,0,2,4,16,18.152031746031746
34,0,0,0,7,23,21.87686002886003
44,0,0,2,5,5,7.7395
58,0,2,2,7,4,24.760794372294377
75,0,5,1,0,25,12.557900793650786
61,0,4,0,1,28,10.006325396825394
37,0,5,0,6,12,13.379749999999996
35,0,2,1,6,23,13.129408730158731
73,1,0,0,6,15,18.056904761904764
34,1,5,2,0,9,14.435095238095242
19,0,0,0,2,10,21.7335
54,1,0,1,3,18,11.83311005661006
61,1,1,0,4,24,15.008571428571434
53,0,0,1,6,20,21.59651190476191
51,1,4,2,4,20,10.3075
49,1,3,2,7,5,17.60182142857143
84,0,4,2,2,6,18.399781746031746
80,0,1,2,2,25,13.341845238095239
67,0,2,0,6,12,16.58588888888889
43,1,0,1,4,16,9.333876984126986
81,1,3,1,3,16,13.394023809523812
51,1,4,2,2,11,17.663261904761907
27,0,4,2,4,8,12.678333333333333
49,1,0,1,6,12,15.82933333333333
54,1,4,1,7,14,19.47525
51,0,2,0,2,24,11.578095238095239
38,1,2,0,1,12,17.496765873015864
55,1,5,0,1,4,6.84165873015873
46,1,1,2,1,9,8.409
50,1,3,1,2,27,14.98720110445111
28,1,3,2,0,5,7.3808333333333325
82,1,0,2,1,3,10.091952380952382
19,0,2,1,2,5,13.655333333333335
81,1,2,1,2,27,20.71125
44,0,3,2,0,6,16.488234848484847
26,1,4,2,2,22,23.665333333333336
33,1,3,2,3,14,18.008000000000003
81,0,0,2,2,28,6.85877886002886
33,1,0,0,1,11,13.596912698412698
85,0,2,0,3,6,4.079285714285715
77,1,0,2,1,21,23.429499999999997
22,1,2,1,4,13,16.471151792651792
55,0,0,1,6,3,20.262999999999998
71,1,1,1,7,30,18.38486111111111
35,1,2,2,4,8,17.22909920634921
71,1,2,2,1,15,7.650119047619047
24,0,4,2,7,16,14.881809523809524
84,0,1,0,7,11,14.837222222222223
31,0,2,1,4,3,19.939369047619042
50,0,3,0,6,15,6.012809523809524
78,1,5,0,4,7,18.597916666666666
40,1,1,1,7,25,18.169547619047616
62,0,1,1,5,2,18.515666666666664
37,0,3,2,4,2,20.099750000000004
70,0,2,2,2,7,11.697571428571429
59,0,2,0,1,5,19.816000000000003
69,0,3,2,2,25,15.350461233211233
27,0,0,2,3,6,15.876104978354979
36,0,4,1,5,4,18.671135281385276
78,0,2,2,0,12,11.66377777777778
85,1,3,1,2,27,15.39852380952381
47,0,2,2,3,22,12.28183333333333
58,1,4,1,7,29,27.634416666666667
72,0,1,0,2,3,16.66284523809524
34,0,3,1,1,22,10.924023809523812
30,0,5,0,7,11,18.539
68,0,0,1,3,11,15.805738095238096
57,1,4,2,1,25,17.520956349206347
71,0,0,2,0,12,22.362
27,0,1,1,2,3,19.21485714285714
69,1,1,1,5,5,16.652039682539684
68,0,1,0,7,10,15.95961904761904
52,1,2,0,5,24,12.298214285714282
49,1,2,0,5,20,9.918809523809523
73,0,5,2,1,11,18.724642857142857
19,0,1,0,1,17,4.392404761904762
23,1,0,2,3,7,19.96572222222222
58,0,3,0,0,30,16.21230952380952
85,0,1,0,3,27,10.929642857142856
72,1,0,0,6,17,22.56654761904762
46,0,3,1,1,29,16.156357142857143
74,0,3,0,0,30,10.509214285714286
53,0,3,1,5,19,15.071214285714282
76,0,3,1,6,10,13.557595238095237
59,0,3,0,6,10,19.88124206349206
58,1,1,0,6,12,24.044591575091573
38,0,2,2,2,1,12.50890764790765
38,0,1,0,3,3,9.000341269841272
85,1,4,1,5,19,9.307833333333333
48,1,5,0,3,12,12.414190476190479
42,1,2,0,3,13,15.957781746031747
85,1,4,0,6,8,11.360793650793651
63,1,4,2,3,8,21.487976190476193
43,0,2,0,2,16,20.919333333333334
67,0,5,0,0,24,12.85545238095238
76,1,0,1,7,18,6.358666666666667
28,1,4,0,2,8,16.8085
85,1,4,2,0,12,18.147428571428563
43,1,4,1,6,12,9.2545
79,0,0,1,3,27,15.863896825396825
70,1,2,2,2,26,9.61913492063492
80,0,1,1,6,19,25.409269841269843
38,1,1,0,0,4,20.554587301587304
31,1,5,1,7,20,6.664999999999999
50,1,1,2,3,21,5.774112193362193
57,1,1,1,2,13,12.188836219336219
71,0,2,2,7,22,10.968812770562772
32,0,5,1,0,5,5.802301587301587
55,1,2,0,6,20,13.822371212121219
79,1,5,2,2,29,21.048190476190474
68,0,4,2,2,20,5.914809523809523
35,1,2,1,6,15,13.014095238095235
40,1,1,0,3,27,15.91663095238095
73,0,1,2,6,1,13.782530303030306
65,0,3,2,4,16,14.154760461760457
63,1,4,1,2,21,4.2455
82,0,5,1,2,11,16.92614285714286
25,0,3,1,2,1,15.269321428571429
43,0,2,2,1,28,13.874181818181821
44,0,2,0,2,18,10.764000000000001
24,1,4,2,7,16,9.221666666666668
41,0,2,1,3,13,14.702333333333334
43,0,4,0,4,17,7.0292023809523805
82,1,4,2,6,14,10.493333333333332
24,0,0,2,7,24,19.60861904761905
30,0,4,1,7,15,9.922297619047622
40,1,5,1,0,23,17.1278170995671
66,0,2,2,3,5,9.274261904761905
37,0,1,1,5,18,20.560540043290043
71,0,2,0,0,21,12.108380952380948
23,1,2,1,7,3,9.811656565656566
33,0,3,0,3,1,16.201666666666668
58,0,3,0,1,24,13.394476190476189
32,1,2,0,5,3,10.815761904761905
43,0,2,2,4,19,12.154714285714288
47,1,5,1,6,7,9.961380591630592
83,0,2,1,5,28,15.300833333333333
21,1,2,2,3,27,8.208869047619046
46,1,5,0,5,29,15.214666666666666
56,0,4,2,1,25,11.005848484848487
83,0,1,0,2,20,6.786238095238094
27,1,3,1,0,13,20.001333333333328
58,0,2,0,5,9,15.842615079365078
72,0,1,0,7,6,7.891666666666667
34,1,2,2,0,13,13.380619047619053
57,1,0,1,0,2,13.173011904761903
19,0,2,1,0,26,12.83038095238095
61,1,3,2,7,22,24.448452380952382
71,0,4,2,5,7,8.280119047619047
23,1,2,2,3,7,15.639345238095238
66,1,0,0,5,18,18.87885714285714
41,0,3,1,5,9,5.474896825396825
84,0,5,1,6,7,5.012309523809524
64,0,5,1,3,22,14.689452380952382
67,0,5,2,4,15,8.150666666666668
75,0,4,1,1,7,16.893976190476188
85,0,4,1,3,27,9.777903318903322
29,0,5,1,0,1,7.468813492063492
34,0,5,2,6,17,19.897750000000002
48,0,5,1,2,11,12.646809523809523
44,1,1,0,5,7,10.360007936507934
50,1,3,0,0,17,23.22733333333333
48,1,5,1,5,5,16.3225
83,0,4,0,3,20,6.953964285714286
79,1,5,2,2,19,21.048190476190474
83,1,3,0,5,29,19.81540476190476
19,0,5,1,5,3,17.69292857142857
64,1,1,1,1,25,16.083809523809524
40,1,5,0,4,7,16.18542857142857
22,0,0,0,5,25,21.793952380952383
52,1,5,1,7,7,4.417333333333333
69,1,4,1,0,23,22.1495
82,0,5,1,7,7,12.458666666666668
54,0,3,2,4,9,16.774361111111116
84,0,5,1,3,20,14.008579365079365
71,1,0,1,4,22,13.650095238095236
41,0,5,2,1,16,10.29004761904762
37,1,2,1,1,18,14.000499999999999
40,1,5,1,0,23,17.1278170995671
75,0,4,0,6,8,23.129182539682542
64,0,4,1,6,29,15.556908008658015
29,0,1,1,5,26,5.871666666666666
18,1,5,0,5,7,17.24685714285714
50,0,5,0,4,6,17.31601587301587
69,0,1,1,5,22,17.059867299367298
28,0,5,1,3,1,18.359583028083033
28,1,0,1,1,8,18.047
62,0,0,0,3,16,24.226178571428576
68,1,0,1,0,1,5.544746031746032
24,0,3,0,0,2,19.226333333333333
51,0,0,0,6,5,9.939305555555553
57,0,5,0,6,15,11.918418831168829
67,1,1,2,0,16,21.427595238095236
21,1,3,0,1,13,11.895928571428573
57,0,0,1,2,30,21.850797619047615
57,0,5,2,3,11,17.413238095238093
37,1,2,2,6,10,23.50263492063492
60,0,1,1,2,27,13.586864357864355
81,1,0,0,4,20,17.660091269841274
28,0,0,0,6,13,17.209238095238096
26,1,2,0,7,19,23.463142857142863
57,0,1,0,1,13,15.579476190476191
62,1,1,0,2,22,14.67696753246753
83,0,1,1,2,27,12.095412698412694
55,1,3,2,6,22,7.243333333333334
42,1,5,1,0,24,15.332
49,1,4,2,1,8,13.381035714285716
47,0,4,0,0,30,15.703694444444444
49,1,4,0,3,27,9.093333333333332
24,1,4,1,4,30,6.349476190476189
69,1,0,1,5,4,14.733380952380951
56,1,4,1,1,13,20.81105006105006
58,1,3,0,0,24,14.792119047619051
27,0,1,1,5,7,13.896991341991345
37,0,5,1,5,12,6.235321428571428
49,1,3,2,3,8,19.85016666666667
22,1,0,0,0,13,20.625999999999998
47,1,5,1,2,26,7.12075
18,0,1,1,5,16,12.872750000000003
35,0,5,2,6,1,16.721666666666668
64,1,3,1,0,26,16.78477597402597
37,1,4,1,2,19,10.316083333333331
57,1,3,2,0,17,24.353428571428566
69,1,1,1,7,28,18.19230952380952
79,0,2,0,5,4,12.517619047619046
58,1,5,1,3,16,12.99333333333333
34,1,2,0,2,9,5.326095238095239
37,1,3,1,3,16,10.603412698412699
66,0,0,2,6,6,5.328428571428572
35,1,5,0,3,26,10.319365079365085
35,1,1,1,4,25,5.830333333333333
48,1,2,2,6,12,7.841666666666664
79,0,1,1,2,18,24.081856060606057
46,0,5,0,6,8,17.64873809523809
60,1,0,0,2,11,19.53609523809524
18,1,1,2,7,4,10.330793650793654
25,0,4,0,7,6,8.32297619047619
48,0,2,2,4,11,16.468911255411253
26,1,4,0,5,30,13.957833333333332
50,0,0,0,6,11,17.64934523809524
36,0,1,1,3,10,9.631142857142859
79,1,1,1,6,17,12.216880952380954
23,1,5,0,4,13,13.962210317460315
37,1,0,2,2,27,11.163333333333332
59,1,5,1,3,6,17.649500000000003
48,0,3,2,6,24,9.52822619047619
58,1,0,1,7,13,16.79801587301587
30,0,1,2,5,14,13.476028138528134
70,1,1,2,1,29,15.392960317460318
72,0,4,0,3,17,13.158321123321118
59,1,0,0,6,23,14.329924603174602
53,0,2,1,1,12,18.316992063492066
69,0,3,2,7,22,5.799027777777778
48,0,4,2,7,5,15.048167388167387
82,0,1,0,3,21,24.635166666666663
38,1,4,2,0,14,19.176380952380953
36,1,0,2,6,29,19.606543650793654
31,1,1,2,5,12,16.878836385836383
50,1,5,2,2,26,17.08390694028194
85,0,1,2,2,21,14.075761904761904
28,0,2,1,6,1,14.907142857142858
73,0,1,0,4,30,14.841976190476192
73,0,4,0,1,21,11.811596681096683
30,1,2,1,5,3,12.849444444444444
56,1,2,2,3,19,13.924071428571429
36,1,4,1,7,8,22.19405555555555
23,0,0,0,0,30,13.877965367965366
19,0,4,0,7,2,12.768142857142855
43,0,3,0,2,16,13.83202380952381
41,0,5,1,1,18,8.263896825396825
28,0,1,2,3,7,12.516404761904765
41,0,4,0,4,23,16.067166666666665
47,1,2,1,7,23,20.283083333333337
35,1,1,2,1,4,13.623440476190476
64,0,1,1,7,22,19.74377777777778
69,0,2,2,3,9,12.006166666666667
38,1,0,0,5,10,17.694166666666664
71,0,5,2,5,21,14.68858280608281
84,0,0,2,4,1,19.405489898989902
52,1,1,0,1,11,13.307722222222223
68,0,0,1,6,10,22.295500000000008
35,1,5,2,7,30,4.32897619047619
53,0,3,2,6,29,4.464444444444444
80,0,0,0,4,2,11.800194083694082
67,0,4,1,5,28,12.293015873015872
31,1,4,0,2,26,17.16710714285714
34,1,2,0,4,12,12.133377344877342
32,1,0,2,6,26,15.162658730158729
78,0,1,0,6,5,22.40154761904762
22,1,4,2,3,20,10.153512626262627
64,0,0,0,0,5,4.1803333333333335
79,0,3,2,0,15,9.642023809523813
63,0,1,0,4,10,17.364595238095237
82,1,3,1,2,4,11.991
42,0,5,1,7,24,19.9462619047619
73,0,3,1,0,5,7.224666666666667
77,0,2,2,6,26,21.848500000000005
70,1,1,1,7,28,15.449471861471856
27,0,0,0,1,12,21.429714285714287
78,1,5,1,5,20,10.179047619047617
75,1,5,0,6,20,10.334738095238095
23,0,3,1,7,2,17.973166666666668
25,1,4,1,0,28,20.277238095238094
33,1,4,2,3,21,10.066976190476186
37,0,4,2,3,4,24.062011904761903
60,1,2,1,3,21,4.972666666666666
48,0,4,2,0,6,19.798833333333338
43,1,0,1,7,18,26.945999999999998
66,1,4,2,3,29,15.249960317460314
47,0,0,2,1,20,25.725309523809525
20,1,0,0,1,17,11.658690476190479
83,0,5,2,6,1,17.572940476190475
34,0,3,1,7,2,21.562952380952378
31,0,2,0,6,5,13.508857142857144
37,1,1,2,4,12,19.607793650793646
41,0,0,0,6,27,11.554035714285712
27,1,0,1,0,16,11.495666666666668
84,0,4,1,0,13,17.56923015873016
60,1,0,0,6,15,15.008234126984128
30,0,3,2,3,7,9.742666666666667
14,0,0,0,6,25,16.64
81,1,5,1,2,22,11.16520707070707
36,0,4,0,0,6,11.038238095238096
37,1,4,1,6,24,13.737416666666666
44,1,3,2,3,8,24.44952380952381
25,1,0,1,0,26,11.832333333333333
73,1,5,0,4,7,16.68595238095238
75,1,2,1,6,29,17.38125
29,1,2,2,3,9,18.77042857142857
60,0,4,0,5,19,4.891769841269841
69,0,2,2,0,19,11.128416666666672
46,0,4,0,6,11,15.7585
59,0,3,0,7,7,18.277833333333334
29,1,4,0,5,25,17.310984126984117
23,1,2,0,6,3,16.086716450216453
68,0,3,2,2,18,8.181825396825397
39,0,2,1,4,24,19.1150753968254
25,1,4,0,4,17,18.705142857142853
81,0,5,0,6,30,9.269166666666667
25,0,0,2,7,24,10.35042857142857
25,0,4,1,5,28,19.15795238095238
85,0,2,2,6,27,24.192476190476196
17,0,5,2,1,14,16.256833333333333
66,1,2,0,3,24,18.284215007215003
56,0,2,2,0,17,13.166666666666664
32,1,1,1,6,16,16.890044372294373
28,0,5,0,6,16,11.738333333333333
74,0,1,1,0,17,17.583333333333336
49,0,0,2,1,29,12.508714285714284
25,0,5,1,4,24,16.074825396825393
28,1,5,2,6,26,15.67085714285714
19,0,4,1,4,2,10.339115023865022
29,1,4,0,0,26,19.592551587301585
50,1,2,1,2,13,17.55368253968254
57,0,2,1,5,23,16.288011904761905
83,1,3,0,1,16,14.1805
41,0,0,0,3,23,16.17278571428572
21,0,4,2,2,18,15.10290476190476
56,0,5,2,7,6,24.548380952380953
68,1,5,2,6,11,16.5312380952381
29,1,2,0,0,30,16.0672380952381
57,0,0,1,6,16,18.90145238095238
77,0,1,0,3,5,15.137
25,1,0,2,5,29,12.130333333333335
35,0,0,2,1,7,15.034666666666666
75,0,2,2,2,27,11.881428571428575
81,0,5,1,0,20,18.30181746031746
72,1,1,2,7,7,16.00064713064713
80,1,2,0,7,12,13.979496031746034
19,1,1,2,1,14,19.659666666666666
84,0,5,1,3,30,14.008579365079365
25,0,3,1,2,29,15.269321428571429
37,0,5,1,2,30,11.784285714285714
52,0,5,2,4,17,14.067142857142859
54,1,4,1,3,23,10.283670634920636
67,0,3,1,0,24,9.71825541125541
62,1,2,2,5,7,21.0275
20,1,1,1,7,20,15.117452380952379
37,1,4,0,7,16,16.609189088689092
65,0,0,1,1,22,20.081999999999997
84,0,0,2,1,24,18.293261904761906
41,1,1,0,1,17,18.3469044011544
78,1,2,1,2,27,18.179238095238098
49,1,3,2,6,10,18.380857142857145
63,0,1,2,7,8,12.085666666666667
70,1,2,1,6,2,21.785333333333337
40,1,0,2,4,21,14.793734126984129
20,0,3,2,0,8,8.920333333333332
21,0,1,0,2,2,14.553873015873014
79,1,0,2,6,4,9.920444444444446
72,1,5,0,4,4,19.780261904761904
84,0,2,1,6,13,13.627928571428576
27,0,0,0,4,8,13.275440476190479
25,1,0,1,2,25,12.933666666666667
70,0,5,2,1,1,13.219333333333337
28,1,0,0,3,28,23.608428571428576
82,0,0,0,0,19,25.411833333333337
45,1,2,2,1,14,11.582876984126983
50,1,3,0,4,2,18.415238095238095
75,0,4,1,0,12,11.157690476190476
37,0,2,0,7,20,23.03666666666667
28,1,0,0,6,18,13.861554029304028
25,1,5,1,6,21,14.594238095238097
50,0,5,1,4,7,14.42909523809524
42,1,0,0,3,7,11.488166666666666
75,1,2,1,0,8,17.49004761904762
27,0,1,1,1,9,16.75914285714286
77,0,3,0,1,12,14.47545202020202
70,1,0,1,0,11,15.797841269841275
27,0,1,2,5,23,9.262119047619047
32,0,4,0,0,1,24.47833333333333
58,0,3,1,1,7,16.93049206349206
24,1,0,0,0,25,10.242849206349206
27,0,1,2,0,9,17.777119047619053
43,1,5,1,3,1,11.127029220779223
30,0,2,0,7,21,10.273642857142857
55,1,3,1,6,6,16.836785714285714
65,0,5,1,2,6,14.492873015873018
67,1,0,2,7,28,15.478194444444446
79,0,4,2,7,20,25.964000000000002
53,0,0,0,2,24,21.211333333333336
22,0,1,1,5,9,7.6932261904761905
39,0,1,2,3,24,20.773416666666662
68,1,3,1,4,5,17.988678571428576
48,0,2,2,1,21,11.661952380952382
64,0,4,2,2,20,17.09384090909092
58,0,2,1,3,14,21.243023809523812
40,0,5,2,1,16,19.16962698412699
33,1,4,1,5,27,5.855333333333333
31,0,3,1,7,16,15.543000000000001
45,1,0,2,2,5,17.032666666666664
67,1,4,1,4,14,18.614845238095235
71,0,3,2,6,20,13.40443253968254
84,1,5,1,5,28,16.267333333333337
79,1,3,2,5,21,17.73605555555555
60,0,1,0,3,3,9.292333333333332
43,0,0,1,2,4,12.893317099567097
55,0,4,0,7,9,13.389119047619047
39,1,2,1,5,10,8.377666666666666
22,1,3,0,4,4,10.749833333333335
35,0,1,0,5,10,12.113833333333334
72,1,4,0,2,24,18.076666666666664
42,1,1,1,5,6,13.90292857142857
23,0,3,2,4,14,18.57485714285714
40,0,1,0,2,15,14.34530158730159
41,0,5,0,2,24,16.825
30,1,1,0,4,7,11.56875
18,0,3,0,0,17,19.09241666666667
69,0,0,0,3,1,10.093130952380953
73,1,1,1,6,2,18.34038095238095
64,0,0,2,3,12,13.541547619047623
41,0,1,1,6,23,13.787761904761906
44,1,4,0,2,23,8.28272222222222
54,1,0,2,3,4,14.625880952380951
77,1,4,1,7,20,16.496714285714287
50,1,1,2,7,10,14.241430014430009
77,0,2,2,0,9,14.408944444444446
28,1,5,1,3,13,15.459976190476192
75,1,0,2,1,21,23.033880952380947
46,0,3,0,5,4,22.065380952380956
51,0,4,1,1,8,18.3617619047619
71,0,3,2,7,29,15.481862554112556
48,1,3,1,0,11,15.079371794871799
74,0,2,0,2,5,21.33154761904762
19,0,0,1,7,19,16.505992063492066
83,1,2,1,2,5,11.622083333333334
67,1,4,1,3,9,21.939523809523806
68,1,5,1,1,16,17.464999999999996
38,1,0,2,2,20,22.76191666666667
85,1,3,1,7,22,10.834666666666667
52,0,3,2,6,3,18.515833333333333
29,1,3,2,1,2,8.714333333333332
25,0,1,2,3,26,18.654585137085135
33,0,2,2,4,9,15.402047619047618
71,1,0,2,5,1,16.202833333333334
21,1,5,1,5,28,24.163333333333334
23,1,4,0,2,14,19.042333333333332
31,1,4,0,2,20,17.16710714285714
43,0,5,2,5,7,16.07125
75,1,0,1,1,1,11.706547619047619
70,0,3,2,0,8,18.232333333333333
77,1,4,2,1,6,9.735904761904765
44,0,5,0,0,11,11.802920634920637
65,0,2,0,5,19,9.601353174603176
55,1,0,1,6,18,17.287361111111114
34,0,5,0,1,23,21.908333333333335
79,1,4,1,5,21,10.301892857142857
45,1,1,1,6,12,3.55
51,1,0,0,4,20,22.215333333333334
78,1,5,2,7,3,10.319083333333333
62,1,1,1,1,23,14.451142857142852
42,0,2,0,0,19,23.91985714285714
52,0,0,1,0,30,15.138583333333331
66,1,2,0,7,14,11.999833333333331
64,0,5,1,2,26,12.209666666666669
76,1,4,0,6,26,11.057833333333331
38,1,0,2,4,16,13.551309523809525
37,1,2,0,5,3,23.417464285714285
51,1,2,0,0,19,23.467166666666667
26,1,0,2,2,5,12.245972222222225
61,0,2,0,2,25,9.392333333333333
37,0,5,2,2,18,15.10266666666667
53,0,0,1,5,9,22.89214285714286
56,1,3,2,4,25,17.297263347763348
79,0,4,1,3,15,16.07353571428572
83,1,5,1,6,22,23.603
54,0,5,2,0,20,9.413011904761905
34,1,2,1,2,12,16.918666666666663
61,1,2,0,2,6,22.783928571428564
55,0,4,1,4,23,19.274873015873016
75,1,5,1,6,3,10.09843722943723
19,0,5,2,1,8,20.68152380952381
54,1,5,1,1,22,13.916333333333332
80,0,5,2,2,16,10.617333333333331
69,1,3,0,3,10,20.516214285714288
79,1,3,1,3,1,15.10230952380952
53,0,2,2,7,20,18.723452380952377
82,0,5,2,7,19,18.370420634920634
32,0,5,1,4,7,9.478880952380951
65,1,0,2,2,21,19.064579365079375
35,1,3,2,3,14,17.09747619047619
54,1,3,2,3,16,22.366559523809524
41,0,1,0,3,4,16.627873015873018
78,1,3,0,7,8,8.356416666666666
63,1,0,2,1,24,16.009939393939398
35,1,0,2,3,14,11.710380952380953
53,1,1,0,4,9,18.64455158730159
28,0,2,1,6,6,14.907142857142858
39,1,0,2,4,28,17.959400793650797
49,0,3,2,2,27,26.524761904761903
41,0,1,0,1,2,15.632202380952384
33,1,3,0,4,12,20.82385714285714
24,0,3,2,7,22,9.39252777777778
46,1,4,1,1,15,22.65040476190476
55,0,2,1,7,26,16.71669047619048
61,1,2,1,4,23,18.09197619047618
73,0,0,1,4,7,12.686611111111112
34,0,4,2,7,12,18.240666666666666
80,1,5,0,6,27,16.190666666666665
42,1,5,2,4,1,16.683492063492068
64,0,3,2,2,20,15.713166666666666
25,0,2,0,5,30,13.675547619047622
45,1,3,0,7,6,12.317198412698412
32,1,0,0,2,20,15.985761904761908
49,1,0,1,1,7,15.940464285714283
71,0,3,0,4,13,18.19959920634921
85,0,4,1,6,10,11.293627705627706
77,1,1,0,3,29,15.531928571428573
73,0,3,0,0,27,17.105166666666666
57,0,2,2,7,1,18.82541774891775
35,0,5,0,0,13,7.423952380952381
52,1,2,0,1,3,13.61595238095238
43,0,4,0,7,3,7.791444444444444
71,0,1,1,3,20,11.461392857142858
75,0,5,0,0,25,8.302500000000002
30,1,2,1,1,12,13.57141666666667
44,0,2,2,2,20,9.162261904761907
63,0,1,1,2,5,19.463928571428575
37,1,5,1,0,14,18.303444444444445
29,1,4,1,5,9,17.665357142857143
22,1,3,0,2,12,8.412857142857142
24,1,2,1,1,18,9.184833333333335
36,0,4,0,6,15,18.449666666666666
55,1,4,0,3,29,21.709142857142854
79,0,4,1,0,19,17.838468253968262
41,1,1,2,4,22,14.314116161616164
61,1,5,2,1,14,19.406
66,0,5,0,5,2,13.029357142857146
47,1,2,0,0,24,11.103805555555555
20,1,4,0,2,19,16.574637445887447
19,0,0,0,5,23,13.024261904761907
28,1,1,0,5,15,19.098666666666666
44,0,4,1,3,19,13.739254689754684
25,0,2,1,3,24,21.098095238095244
30,1,2,2,0,18,13.113976190476194
18,1,3,2,3,27,23.519500000000004
48,1,5,1,1,26,15.896706349206347
68,1,4,0,6,22,9.72259523809524
42,0,1,1,4,7,8.336333333333334
58,1,5,0,0,25,14.543432539682538
72,0,1,1,6,27,9.303559523809524
34,1,2,1,5,15,11.19777380952381
79,1,1,0,6,18,19.107757936507937
27,0,2,2,3,6,17.099090909090904
18,1,4,1,7,18,14.075511904761907
41,1,5,0,5,28,18.39604761904762
79,1,0,0,6,9,14.805591269841273
68,0,0,1,0,1,16.47638961038961
59,1,0,0,4,12,15.63146645021645
57,0,2,1,2,11,10.207978354978355
50,0,4,2,6,17,15.19996428571428
41,1,0,2,3,13,16.567769841269843
26,1,3,0,0,20,18.286515873015873
72,1,1,1,6,5,20.7992215007215
21,0,0,0,2,11,17.948511904761904
36,0,3,1,7,11,15.491785714285713
39,1,2,1,7,18,7.780416666666667
37,1,3,1,0,4,18.57309523809524
28,1,5,1,5,15,9.513748917748915
27,1,1,1,3,25,11.795456349206347
24,1,4,0,7,2,13.206484126984128
38,0,0,1,2,25,12.138349206349208
35,0,5,0,5,23,9.571261904761906
48,0,1,2,1,6,16.69814285714286
63,1,1,2,1,14,14.901630952380954
23,1,2,1,0,18,14.823850427350433
88,1,4,1,5,10,13.995666666666667
34,1,3,2,4,21,20.377285714285712
64,1,3,0,7,17,15.179333333333332
34,1,2,0,3,9,14.505896825396826
83,0,4,1,7,22,18.873829004329007
54,1,5,0,5,7,12.97768614718615
65,1,3,1,1,7,24.22416666666667
49,0,1,1,0,26,23.540333333333336
27,0,1,0,2,30,14.212833333333336
69,1,4,0,3,20,13.80870238095238
26,0,4,2,6,22,20.30294372294372
41,1,0,2,5,23,4.781202380952382
24,0,2,2,6,17,16.987178571428572
81,0,2,2,5,21,14.456751082251083
81,1,5,2,2,8,16.607083333333335
64,0,3,0,6,16,12.785222222222222
56,1,4,1,2,27,14.6792380952381
62,0,1,0,3,25,13.823869047619048
20,0,4,0,0,27,19.612083333333334
69,1,5,1,0,20,19.6225
85,1,2,2,7,18,11.154428571428573
68,0,5,0,4,21,18.577499999999997
43,1,2,0,0,26,16.602666666666668
45,1,1,2,6,7,14.687880952380949
23,1,5,0,4,15,13.962210317460315
45,0,4,0,3,13,14.916892857142862
75,0,0,1,0,26,4.456718253968255
50,0,5,2,6,18,15.909126984126981
62,1,5,2,0,17,15.854333333333335
82,1,4,1,2,21,11.318333333333333
42,0,5,2,1,3,5.405083333333334
33,0,0,2,0,21,16.87979365079365
60,0,1,0,3,24,9.292333333333332
72,1,3,0,5,29,11.54
45,1,3,1,4,10,12.380095238095238
35,0,3,2,1,20,11.643976190476192
56,1,3,2,3,9,19.770769841269843
83,0,1,1,2,18,12.095412698412694
80,0,0,0,4,10,11.800194083694082
19,0,0,0,6,20,19.20409523809524
61,1,5,2,0,25,24.342142857142854
41,0,0,1,4,22,19.21922619047619
36,0,2,0,7,17,20.757380952380956
21,1,3,2,0,25,23.078361111111107
33,1,4,1,4,13,6.287365079365079
18,0,4,2,4,21,23.714523809523808
66,0,2,2,7,1,22.079642857142858
36,1,1,0,6,15,18.70886904761905
80,0,0,2,0,18,12.818547619047623
50,1,0,1,2,29,18.0695
33,1,1,0,5,19,13.690333333333333
77,1,1,0,2,19,9.578357142857142
25,1,2,2,2,18,20.438309523809526
38,1,1,2,1,5,19.399809523809523
31,0,3,1,3,2,14.475166666666667
45,1,4,1,7,17,20.07591666666666
26,0,5,1,2,7,20.219035714285713
26,1,3,1,7,29,18.45177777777778
56,1,0,1,6,1,17.977410173160173
28,0,3,2,1,7,13.30461904761905
48,0,3,1,7,5,13.807646825396823
19,1,5,1,6,17,15.09024603174603
77,1,5,0,7,11,12.163627705627702
28,0,3,2,7,2,17.089999999999996
61,0,3,2,3,27,10.499404761904762
75,1,2,0,7,3,21.08642857142857
31,0,3,2,3,28,11.13929761904762
60,1,5,0,3,10,15.101015873015875
22,1,2,1,1,27,16.056666666666665
27,1,4,0,6,10,18.85595238095238
69,1,4,0,1,28,9.93357142857143
76,1,3,2,4,21,16.993825757575753
56,0,3,0,1,16,14.086083333333331
23,0,4,1,0,10,18.366695526695533
71,1,3,1,4,15,18.767831168831165
26,1,2,2,3,22,10.357619047619048
44,0,0,0,1,23,18.242416666666667
19,0,2,0,4,19,26.57675
49,0,2,0,5,1,22.665690476190477
81,1,3,0,4,13,18.456642857142857
18,0,3,2,4,13,23.60333333333333
20,1,3,0,6,15,17.84720238095238
35,1,0,0,1,15,15.463785714285711
33,0,3,0,1,30,14.37833333333333
43,0,4,1,7,6,17.99651587301587
24,0,5,1,2,26,15.585884920634923
44,1,5,0,3,2,10.078666666666667
24,1,4,0,7,28,13.206484126984128
26,0,4,0,6,13,8.356476190476194
24,0,0,0,1,22,18.20232142857143
57,1,3,0,7,18,10.552428571428573
72,0,4,1,3,12,15.358238095238093
57,1,4,2,7,15,10.644349206349206
47,0,1,0,3,2,19.204666666666668
62,0,5,2,1,20,14.230214285714284
70,0,1,1,2,16,15.43904761904762
39,0,4,0,5,22,14.573249999999998
70,0,5,1,6,30,18.64666666666667
36,0,4,1,0,13,17.21445670995671
63,1,0,1,0,20,10.125003968253969
76,0,4,2,7,4,22.49263095238095
58,0,1,2,3,15,12.893261904761905
37,1,0,1,3,19,14.50369047619048
36,1,3,2,1,23,5.699000000000001
40,0,5,0,2,16,21.2795
61,1,0,0,5,9,16.63183694083694
84,1,1,2,3,30,13.724017316017312
56,1,2,0,4,5,13.269833333333333
85,1,2,1,4,25,22.721551587301587
85,1,5,1,5,20,17.429575396825395
24,1,1,1,2,11,8.489253968253971
76,1,4,0,6,28,11.057833333333331
72,0,1,2,3,9,8.835690476190477
45,1,1,1,2,23,13.717833333333333
78,0,1,1,1,2,12.55810101010101
38,0,2,2,3,1,5.321548340548341
73,1,4,1,1,11,9.426403499278502
50,1,1,1,3,30,13.555904761904763
75,1,2,1,1,16,19.10395779220779
58,0,4,2,7,18,14.988888888888894
20,0,0,1,2,6,14.328190476190475
76,1,0,1,1,17,18.42113478188478
18,1,1,1,4,24,21.376380952380952
37,0,5,2,5,29,26.23475396825397
25,0,5,2,4,11,7.046666666666666
76,1,5,2,0,12,9.306130952380952
65,0,5,1,7,11,12.611718975468978
21,0,2,2,0,2,5.011666666666667
44,0,3,2,4,17,23.081464285714283
49,1,2,1,7,29,13.474099206349205
66,1,3,2,0,14,15.879119047619051
83,1,5,2,4,2,13.995861111111113
85,0,2,2,1,1,21.889289682539683
52,0,1,1,7,27,18.784428571428574
42,1,5,1,2,5,13.421500000000002
27,1,1,0,4,3,19.71004761904762
32,1,4,1,1,25,17.74521825396825
81,1,2,0,3,11,20.337333333333333
77,0,0,1,4,2,17.199273809523806
45,1,3,1,7,8,10.81409523809524
34,0,3,1,5,26,18.077698412698414
84,1,0,2,2,8,13.909857142857138
21,0,1,1,5,29,11.655654761904762
45,0,3,1,5,19,15.273166666666667
66,0,5,0,6,22,24.692583333333328
27,1,3,2,1,6,16.134507936507937
32,0,5,2,1,17,9.412992063492064
50,1,1,0,7,1,20.09225
58,0,0,1,1,1,26.49211904761905
57,0,5,0,4,11,19.594492063492066
66,1,5,2,1,15,13.832083333333333
20,0,4,2,4,28,12.36468650793651
65,0,1,0,2,1,9.650194444444441
82,0,2,2,2,24,13.870571428571429
30,1,3,0,0,1,18.416666666666668
73,1,1,0,5,15,4.897833333333334
55,0,2,1,6,16,24.434499999999993
65,0,3,0,0,21,17.61016666666666
55,1,0,2,5,14,17.384623015873018
22,1,4,2,3,5,10.153512626262627
38,0,3,0,1,24,17.389151542901537
50,0,3,2,4,26,16.628690476190478
22,1,3,1,2,20,21.90866666666667
79,1,5,1,7,19,14.671761904761905
20,1,1,0,6,20,20.863833333333332
23,0,5,1,0,22,17.45396031746032
73,1,5,0,4,30,16.68595238095238
53,1,4,0,1,25,20.659809523809518
36,1,1,2,6,2,15.583083333333335
45,1,5,1,0,9,18.298500000000004
53,0,1,1,1,6,11.414714285714288
36,0,5,0,2,26,12.603166666666667
74,1,3,0,3,3,16.437916666666666
53,1,5,1,1,27,17.54752380952381
51,0,3,1,5,21,16.651833333333332
73,1,0,1,5,11,11.990166666666667
45,0,3,2,5,11,24.227857142857133
79,0,0,2,4,11,17.52483946608947
76,1,2,1,2,4,16.761999999999997
44,1,1,2,0,14,15.272619047619049
80,0,4,0,5,8,17.859333333333336
79,1,5,0,3,10,21.880333333333336
51,0,3,0,2,1,17.702511904761902
21,0,4,1,6,26,20.095112637362636
61,0,3,0,6,17,14.338130952380952
42,1,5,0,2,8,17.032238095238093
66,0,3,2,1,7,13.482654761904763
23,0,1,0,2,30,10.488476190476188
56,1,5,1,3,6,21.500472360972356
45,1,0,0,5,4,14.422666666666668
83,0,1,1,2,17,12.095412698412694
19,1,5,2,3,14,9.5505183982684
67,1,4,2,4,30,8.484333333333336
35,0,1,0,6,9,12.244619047619048
26,1,3,2,4,25,22.735833333333325
46,0,5,0,1,29,12.675209956709955
47,1,3,0,1,27,17.9665
45,1,3,1,7,6,10.81409523809524
84,0,5,2,0,13,6.830579365079366
43,1,1,1,2,23,18.579666666666665
57,0,5,0,7,19,18.658753968253972
48,0,2,2,6,5,18.707968253968257
35,1,0,1,1,14,14.337690476190474
72,1,5,0,7,8,17.97333333333333
43,1,4,1,1,10,21.7117619047619
80,0,5,1,0,13,17.574198412698408
32,0,3,1,1,2,5.12047619047619
82,1,0,2,2,15,15.02655952380952
19,1,0,1,1,26,18.355166666666666
62,1,1,0,0,24,13.98002380952381
53,0,4,1,6,27,14.065678571428572
69,0,1,1,5,1,17.059867299367298
43,1,5,0,3,9,16.21497619047619
79,1,0,0,3,14,8.596309523809524
57,1,2,2,5,25,13.393178571428566
42,0,3,1,6,11,4.8777380952380955
43,1,5,2,0,30,15.258623376623374
38,0,3,1,5,5,16.653214285714284
59,0,3,2,6,4,6.2508888888888885
46,0,4,1,0,24,9.069333333333335
73,0,0,0,1,13,10.759500000000001
75,1,2,2,3,6,14.696000000000002
79,1,2,0,6,7,23.364285714285714
85,1,1,2,3,2,21.210666666666665
30,1,4,1,4,28,12.172055555555557
46,0,2,0,4,27,11.904499999999999
49,0,0,1,3,10,20.279833333333332
65,1,5,2,1,28,13.854261904761906
66,1,3,0,2,20,17.39861904761905
45,1,4,2,5,8,14.859333333333336
19,1,4,0,3,15,17.459691114441114
35,1,5,0,7,24,12.05722802197802
59,0,4,2,6,19,12.766456654456656
81,1,3,0,2,2,14.838452380952381
80,1,4,1,4,2,24.31338095238095
82,1,1,2,5,25,17.747973665223657
49,1,5,2,4,25,17.7312619047619
66,0,0,2,1,14,16.560321428571427
42,0,0,0,6,22,18.668250000000004
59,0,4,0,5,28,11.770945526695533
24,1,3,0,2,14,13.897333333333336
33,0,1,0,5,24,19.300126984126983
29,1,3,2,5,2,21.355523809523806
69,0,0,2,2,6,11.84061904761905
57,0,1,0,2,29,17.953333333333333
54,1,3,1,3,26,6.474428571428571
71,0,3,0,2,11,11.182499999999997
34,0,5,0,6,4,14.823603174603175
28,1,2,2,6,9,15.322119047619049
29,1,4,0,4,29,9.322690476190477
83,1,1,1,6,4,3.1475
46,0,1,2,7,29,11.785098484848486
71,0,5,2,3,13,17.44387301587302
36,1,0,0,0,15,14.491835497835494
52,0,3,0,3,2,8.754083333333334
22,0,4,0,4,9,9.272369047619048
51,0,5,2,5,26,18.84364682539682
65,0,2,1,3,30,12.454813852813851
81,0,0,2,4,3,15.140623015873016
53,1,1,2,3,14,10.353833333333334
82,1,1,1,3,7,9.755333333333333
28,0,1,2,1,22,13.960285714285714
53,1,0,2,7,19,9.25
55,0,2,0,7,29,11.864801587301589
49,0,5,0,0,29,11.876
82,1,0,1,1,7,15.982261904761904
77,1,2,0,6,25,15.893706349206353
67,0,4,0,1,11,21.20866666666667
22,0,4,2,2,7,21.075357142857143
70,1,3,0,1,30,13.239369047619045
56,0,0,1,0,20,16.41035714285714
24,1,0,1,3,1,18.12
83,1,0,1,6,20,10.260071428571427
56,0,3,1,0,9,7.484535714285715
37,1,2,1,6,22,13.435142857142855
67,1,2,0,7,21,12.335849206349208
25,0,2,1,5,27,22.508015873015875
62,1,2,1,2,29,11.675611111111111
75,1,2,0,7,3,21.08642857142857
81,1,1,0,7,18,8.355500000000001
51,0,4,2,7,17,8.049166666666666
77,1,2,2,0,13,14.152119047619044
56,0,2,0,1,17,7.915333333333333
65,1,1,2,0,29,15.756778138528132
28,1,5,1,4,23,7.418280663780662
52,0,0,1,7,22,16.590904761904763
52,1,2,1,3,30,10.966079365079365
49,0,4,0,6,27,8.171416666666664
79,1,0,1,3,8,7.058333333333334
83,1,2,2,3,30,24.252690476190477
56,0,3,0,0,10,11.165615079365082
29,0,1,2,4,30,5.1575
82,0,0,0,5,11,10.274666666666667
21,1,2,2,3,30,8.208869047619046
72,0,1,0,7,3,7.891666666666667
46,1,5,0,3,18,8.835833333333332
64,1,2,2,4,21,6.716714285714285
62,1,4,0,6,1,7.015007936507937
56,0,1,2,1,24,10.483916666666664
72,0,5,2,0,4,10.987362914862917
34,1,1,2,0,18,13.468666666666666
78,1,3,1,3,3,7.912630952380949
64,1,4,1,4,27,24.39957142857143
72,0,2,1,4,22,23.179123376623373
34,0,2,0,2,8,10.680666666666665
60,0,1,1,7,1,20.74
66,0,4,2,4,8,22.19180952380953
45,0,3,0,7,13,14.581499999999998
70,1,3,1,2,24,10.577095238095234
19,1,3,2,2,23,17.168414973914974
22,1,1,0,0,2,10.21088095238095
62,0,3,0,3,9,17.675166666666666
24,1,2,2,5,1,7.9586865079365054
60,1,3,2,2,29,17.623
73,0,3,0,7,15,16.22755952380952
81,0,3,1,4,6,15.989214285714286
60,1,0,2,4,11,18.53088095238095
80,1,4,0,7,26,23.247809523809522
70,0,1,1,2,6,15.43904761904762
85,0,2,2,4,20,18.045726190476188
50,1,2,2,1,8,11.59464935064935
67,1,0,1,3,17,11.775
47,0,2,1,3,2,18.886583333333334
40,0,1,0,4,12,15.530904761904758
73,0,5,2,4,21,11.462587301587302
85,0,4,1,0,2,13.149626984126986
18,0,1,1,3,27,8.982000000000001
30,0,3,1,7,8,13.123999999999999
33,0,2,1,0,5,19.28283333333333
47,0,4,1,2,25,22.761333333333337
75,1,3,2,6,8,7.207666666666666
50,0,5,0,5,1,9.074246031746032
69,1,0,2,3,27,14.608384920634917
47,0,5,2,6,2,21.832261904761907
22,1,1,1,2,19,8.054833333333333
80,1,0,2,7,9,20.142438672438676
31,0,3,1,0,30,9.461166666666667
18,1,1,1,0,17,22.822857142857142
22,0,3,1,7,1,12.327666666666666
24,1,0,0,6,4,10.360500000000002
21,0,0,1,5,30,16.035967352092356
71,1,1,0,5,4,16.0245
20,0,5,0,0,12,14.962416666666668
85,1,2,1,7,7,7.094166666666666
65,1,5,1,4,16,16.97978571428571
25,1,4,0,2,18,23.950095238095237
36,1,0,0,7,11,7.888476190476192
26,1,4,0,3,10,11.209392857142857
69,1,5,2,5,22,12.18730952380952
55,1,4,2,3,12,17.26426984126984
43,0,4,2,2,27,14.218023809523809
79,0,1,0,7,19,9.705511904761904
20,1,3,1,2,13,20.808666666666667
55,1,4,2,5,18,12.01845238095238
80,1,0,2,4,27,18.282023809523807
77,0,2,1,4,25,13.605805194805193
44,0,2,0,1,3,23.218380952380954
63,1,5,2,5,21,9.519642857142857
84,1,0,2,1,2,23.042833333333327
41,1,4,2,4,26,20.90845238095238
76,0,0,2,4,20,23.844166666666666
83,1,4,1,5,27,16.821773809523815
28,0,0,0,0,9,11.62979365079365
51,1,1,2,6,1,7.320166666666665
23,1,1,1,5,12,18.19033333333333
28,0,2,1,0,5,17.870666666666665
84,1,4,0,6,15,17.367489177489176
72,0,3,1,2,25,14.062202380952378
25,0,5,1,7,20,13.634928571428567
25,0,2,0,5,24,13.675547619047622
59,1,4,2,3,10,9.055392857142857
62,0,1,2,4,2,15.780107142857139
58,1,2,2,5,17,24.40533333333334
64,1,2,2,2,25,14.631166666666667
33,0,5,1,5,29,4.415714285714286
43,1,5,0,0,2,13.009365079365079
34,0,5,2,3,28,16.303499999999996
23,1,0,1,4,16,15.426197857697865
38,0,4,2,3,30,21.593333333333334
74,0,1,2,7,10,23.538222222222217
47,1,3,1,0,23,14.346533244533253
19,0,5,1,7,13,13.679619047619047
65,0,4,1,1,25,12.4982619047619
73,0,2,0,6,3,9.148733821733826
85,1,0,0,2,5,10.719833333333334
67,1,1,0,6,4,20.86749963924964
65,1,5,0,5,29,24.3675
63,0,5,0,7,8,15.478333333333332
24,1,5,1,6,22,9.634805555555554
79,0,0,2,5,24,19.09746428571428
32,0,2,0,7,4,14.1102380952381
39,1,3,0,6,25,19.97144047619047
67,1,2,2,3,16,17.74713888888888
42,0,3,1,1,25,11.575833333333332
30,0,3,2,7,5,13.008968253968257
74,0,5,0,0,29,23.01783333333333
26,1,3,1,5,14,9.695642857142857
86,0,0,1,2,5,13.001285714285714
73,0,2,1,6,14,12.140571428571427
71,1,3,2,3,18,9.74238095238095
21,1,3,0,2,10,14.724396825396827
59,1,3,1,2,22,16.0665119047619
36,1,2,1,2,12,8.433607142857143
51,0,5,1,7,30,21.1705
28,0,5,1,1,21,7.589047619047619
47,1,4,1,4,3,12.36602380952381
78,1,1,1,3,18,17.2745
68,1,3,1,4,30,17.988678571428576
49,0,2,2,5,8,11.19619660894661
74,0,3,2,5,9,12.199166666666665
69,0,5,0,0,11,10.7865
27,1,0,0,0,10,12.764166666666668
66,0,4,2,0,26,21.641158730158732
46,0,2,0,5,9,19.313415945165943
34,1,1,0,1,17,17.178980158730155
19,1,3,1,6,8,11.613273809523811
47,1,5,0,4,21,15.153738095238094
64,1,4,0,1,6,13.050818542568543
73,1,4,1,2,7,16.432023809523802
85,1,1,2,7,5,25.21123809523809
48,0,0,0,1,11,13.830190476190477
71,0,0,2,0,7,22.362
71,1,4,2,4,21,19.532083333333333
23,1,1,2,1,1,5.38
42,1,0,0,6,5,5.2611904761904755
75,1,4,1,7,3,6.411333333333333
70,1,3,1,4,4,15.761447913197914
44,0,3,0,3,22,16.28863636363636
45,0,0,0,4,8,15.151
18,1,1,0,3,27,13.173119047619041
84,0,2,0,2,18,10.675309523809524
73,1,5,0,7,22,16.598608974358974
81,0,0,1,4,6,19.962071428571427
71,1,2,1,3,12,23.2119246031746
48,0,5,1,7,21,20.986809523809526
23,0,3,1,2,8,9.714738095238095
71,1,5,0,1,23,15.590623015873016
66,1,0,0,1,24,16.92088888888889
34,1,3,2,4,19,20.377285714285712
52,0,2,0,6,26,14.490761904761904
53,0,5,0,3,23,20.843857142857146
46,0,0,1,1,27,21.703285714285713
63,0,3,0,4,15,20.306523809523807
71,1,0,0,7,24,16.175083333333333
41,0,1,2,7,30,20.960793650793647
78,1,0,0,7,24,15.935773809523813
40,1,4,2,0,8,9.411392857142856
43,1,5,0,2,5,20.256666666666664
74,0,1,0,2,1,14.157440476190482
24,0,3,2,6,19,13.988333333333333
83,0,5,2,6,11,17.572940476190475
65,1,0,0,2,11,17.95471428571428
34,1,5,2,2,19,10.270119047619046
35,0,1,1,7,1,20.87333333333333
60,0,4,0,4,9,19.14364285714285
70,1,3,0,2,6,15.978610389610388
51,0,5,2,3,25,12.479539682539684
47,1,3,2,3,12,19.930357142857144
40,1,4,1,7,11,19.825976190476197
50,0,4,0,1,26,10.87404761904762
29,0,1,1,2,18,22.690523809523807
51,1,0,2,5,27,17.810023809523813
85,1,5,2,3,30,16.778430735930733
55,1,0,2,6,22,14.070476190476189
72,0,5,0,1,28,11.362511904761904
56,0,3,1,4,18,13.165333333333333
83,0,1,2,5,18,17.35161111111111
34,0,4,1,6,3,7.985797619047621
18,0,2,0,5,3,22.725861111111108
61,1,3,0,4,21,16.765011904761906
83,0,0,0,4,13,16.186214285714286
63,0,2,0,3,18,23.809440115440108
51,0,0,2,6,11,24.191476190476195
27,0,5,2,0,6,22.808440476190476
49,0,0,0,3,13,13.87588888888889
74,0,4,2,2,7,6.949821428571429
84,0,5,0,1,24,21.859611111111107
23,1,5,0,1,15,10.997619047619049
30,0,1,1,4,6,11.632686480186479
51,0,1,2,0,9,20.911551587301588
45,1,0,1,2,29,20.67709523809524
67,0,1,0,3,3,5.402888888888889
80,1,0,0,6,28,10.333269841269841
32,1,3,2,1,19,15.985845238095239
20,1,4,2,0,29,25.423595238095242
47,1,3,1,4,27,13.545880952380953
43,0,5,2,7,10,17.077083333333334
76,0,2,2,7,29,22.90581818181818
42,0,3,2,4,17,12.76761904761905
36,0,0,2,2,1,5.896666666666667
60,0,0,1,4,13,6.469666666666666
61,1,1,2,3,28,8.74297619047619
56,1,3,2,5,9,9.844484126984126
76,1,5,1,6,7,13.675499999999998
56,1,0,0,3,15,11.647666666666666
61,0,2,1,4,3,16.866821428571427
71,1,3,0,1,28,8.840007936507938
53,1,1,1,3,7,19.06458333333333
81,1,4,2,4,25,18.398624098124095
68,0,1,0,3,2,12.73483333333333
21,0,3,2,2,28,19.628214285714286
67,0,0,2,1,27,15.406666666666665
74,0,1,0,6,21,14.860666666666669
48,1,5,2,7,10,16.962484126984126
67,1,3,1,4,20,10.854326118326119
84,0,5,1,6,4,5.012309523809524
58,0,1,2,0,1,25.058333333333334
24,0,4,0,3,4,17.93785353535354
84,1,5,2,4,26,14.184035714285722
31,0,2,1,6,13,16.11234523809524
47,0,1,0,3,18,19.204666666666668
65,0,4,2,3,18,24.28333333333333
16,1,4,1,2,12,18.747274891774893
29,1,4,0,6,23,12.262793650793645
84,1,1,0,0,12,11.69004761904762
36,0,3,1,4,14,18.68261904761905
79,0,4,2,2,1,12.186833333333333
85,1,5,2,1,15,14.656293650793646
29,1,0,2,2,23,17.627702380952382
46,1,4,2,6,24,13.275145743145742
67,1,0,1,2,25,12.05490476190476
44,1,0,0,2,22,22.484500000000004
46,0,2,1,0,30,12.538476190476187
15,1,3,1,6,18,15.365023809523812
49,0,1,2,7,19,11.551289682539682
44,1,1,2,7,7,13.369892857142856
38,1,2,2,0,1,21.84260714285714
42,1,3,1,4,1,19.377285714285716
57,1,2,1,1,16,12.741190476190477
37,0,3,1,6,7,19.49667965367965
38,1,2,2,7,15,20.3505
45,0,5,0,7,12,9.230500000000001
63,0,2,1,0,27,9.649789682539682
83,1,1,0,3,6,20.20607142857143
83,1,1,2,2,9,12.420261904761906
22,0,1,1,2,23,15.973690476190475
82,0,0,0,6,28,13.521988095238099
83,0,4,1,0,3,19.904999999999998
78,0,1,1,3,29,17.600452380952387
67,1,1,0,0,22,16.331087301587303
80,0,0,2,6,20,11.78022619047619
28,0,4,1,5,24,17.757333333333335
72,1,5,1,7,15,26.060666666666666
75,0,0,0,0,25,10.632189393939393
64,0,3,1,7,3,15.989039682539685
46,0,1,0,6,5,9.20836904761905
22,0,4,2,0,7,8.953571428571427
39,0,3,1,7,17,14.767140109890109
76,0,0,2,3,21,23.689888528138525
77,0,3,0,5,1,18.27916666666667
50,1,4,2,6,9,14.1405
65,1,4,2,4,15,6.292857142857144
43,0,5,1,1,14,14.674624098124102
23,0,2,2,4,10,21.743535714285713
82,0,4,0,0,23,11.093
66,0,0,2,3,19,11.242583333333334
65,0,0,2,0,12,24.549166666666665
85,1,0,1,2,20,15.868285714285712
34,1,3,0,4,4,18.85880952380952
65,0,5,2,1,27,22.84174136974137
63,0,4,1,3,23,22.461611111111115
64,0,5,1,0,3,11.971916666666662
53,0,3,2,2,18,9.125083333333333
26,0,5,2,6,21,15.694150793650797
85,1,0,2,2,3,18.98578571428571
65,0,4,2,2,21,16.583230519480516
70,1,3,0,2,12,15.978610389610388
25,1,5,1,0,4,16.096130952380957
55,0,4,1,1,8,11.667119047619048
45,1,5,2,4,26,20.426309523809515
66,0,4,1,5,6,18.02752380952381
71,1,4,2,2,22,24.26031746031746
29,1,3,2,3,1,15.481666666666666
28,0,0,2,1,29,15.877380952380951
68,0,3,1,2,25,10.751000000000001
76,1,4,0,3,22,21.99966666666667
38,1,0,2,3,2,10.688166666666666
54,0,0,0,5,27,17.22302380952381
71,1,1,0,2,13,14.83347619047619
62,1,0,0,6,7,13.538698412698416
38,1,1,1,3,10,15.529383477633473
85,0,3,1,2,12,12.546960317460314
43,0,0,2,1,9,13.68225793650794
88,0,1,1,6,19,14.522166666666667
80,1,1,1,1,5,19.943333333333335
62,1,1,2,7,28,13.038440476190477
34,0,5,2,3,7,16.303499999999996
46,0,5,1,5,2,13.86381349206349
81,0,3,1,6,10,13.262190476190478
56,1,2,2,2,14,23.398166666666665
25,1,0,1,3,29,15.156666666666665
22,1,2,0,5,22,19.783833333333334
26,1,1,2,1,21,23.102702380952387
80,0,3,0,4,21,23.823864926739926
38,1,3,0,5,30,14.398000000000003
18,0,4,0,5,29,16.833642857142856
76,1,2,1,1,1,20.380559523809524
61,1,3,2,5,23,12.508277056277059
37,1,1,1,1,7,13.66438888888889
80,0,4,1,3,19,17.572928571428566
78,1,0,2,3,27,17.857904761904756
56,1,3,1,4,19,13.869595238095236
34,1,3,1,6,3,14.509476190476194
37,1,4,0,1,12,21.649193722943725
78,1,1,0,2,15,13.104674603174601
39,1,4,2,7,5,16.524664030414034
49,0,0,2,5,5,15.434890442890442
37,1,3,1,2,27,13.321829365079363
53,1,0,0,4,27,11.931690476190477
71,1,2,1,2,10,22.254142857142853
69,0,1,1,1,19,12.808714285714284
37,1,2,0,2,15,13.649666666666668
69,1,1,1,5,18,16.652039682539684
46,0,5,2,6,27,7.007738095238095
25,0,4,2,4,18,23.338619047619055
42,1,2,1,2,15,17.521844877344872
55,1,1,2,6,15,23.25925
52,0,0,2,0,12,12.54821428571429
43,0,1,1,5,7,16.938511904761906
34,1,4,2,0,24,17.02466666666666
50,0,3,1,2,12,6.935928571428572
61,1,5,1,3,30,14.037904761904763
25,1,3,2,4,13,18.831261904761906
43,0,2,1,1,27,15.0924272949273
75,0,1,0,4,18,14.351761904761904
45,0,2,1,0,11,19.02552380952381
26,0,2,0,5,30,18.680000000000003
75,1,0,0,2,14,21.915380952380957
46,1,1,2,3,26,17.566357142857147
20,0,2,2,2,22,8.946666666666669
47,0,5,0,1,8,7.813452380952381
62,1,1,0,5,2,21.463384920634923
75,1,2,2,7,23,10.924111111111113
25,1,3,0,7,21,14.614575396825396
22,0,2,1,3,17,12.730162337662337
40,1,3,2,6,10,10.96398412698413
38,0,3,0,5,8,10.746750000000004
42,1,3,1,5,18,17.498923548673545
16,0,5,1,4,24,10.322261904761904
75,0,3,0,7,19,17.053428571428572
49,0,1,0,2,5,21.31839682539683
46,0,3,1,5,28,17.17
66,1,0,0,7,13,10.371011904761904
33,1,3,1,4,11,20.41133333333333
42,0,1,0,6,22,20.621965534465534
25,0,5,0,0,24,11.303059523809527
60,1,4,2,4,18,10.145309523809525
49,1,5,0,7,20,10.94
55,1,1,0,7,22,14.464833333333333
83,1,0,0,0,25,16.266119047619046
75,0,4,1,0,6,11.157690476190476
80,1,5,0,2,13,19.685611111111115
39,1,5,2,7,9,16.653809523809525
70,0,1,2,7,3,4.461119047619047
42,0,2,1,1,7,18.823249999999998
65,0,0,0,7,28,11.537222222222221
83,0,4,1,7,13,18.873829004329007
48,1,4,0,6,17,16.25827380952381
68,0,3,0,3,28,15.937299783549781
83,1,4,1,6,4,6.57802380952381
37,0,1,2,7,24,10.861907467532468
41,1,0,1,6,11,15.698908730158726
26,1,5,0,7,12,16.13258333333333
32,1,4,0,4,4,21.25369047619047
37,0,3,2,1,8,12.466690476190477
67,1,4,2,6,16,11.761666666666667
29,0,2,0,1,4,11.989174603174602
67,0,1,0,1,25,16.343000000000004
39,1,0,0,6,29,13.77745238095238
44,1,3,0,3,6,18.087423285048285
37,0,5,0,0,24,13.27901984126984
22,1,2,0,2,3,21.340666666666667
81,0,4,0,1,26,11.738666666666667
61,0,0,0,0,7,19.98096825396825
21,1,4,0,1,12,7.420409090909089
67,0,5,1,0,30,9.057277777777777
46,0,3,2,0,13,13.736666666666668
35,1,0,0,2,18,20.909916666666668
54,1,5,0,1,20,13.746571428571423
65,0,4,1,4,22,12.326583333333334
46,1,1,1,6,22,10.489710317460315
54,1,1,2,5,20,17.76972619047619
32,1,0,2,0,23,4.978222222222222
21,0,5,0,2,10,7.176357142857143
23,0,3,2,0,28,11.903000000000002
44,0,0,1,5,30,11.41416666666667
81,0,2,1,5,28,14.312690476190475
64,0,2,1,7,30,12.813155483405485
71,1,1,0,3,17,20.918166666666664
46,1,3,2,2,19,10.873071428571428
48,1,0,1,1,26,12.745789266289265
49,1,3,0,6,13,15.906741341991337
45,1,5,0,6,29,15.260857142857141
81,0,5,1,3,21,13.833535714285714
64,0,0,0,2,27,8.482396825396826
26,1,3,0,4,11,21.399833333333326
52,0,3,2,0,27,15.224801587301586
29,0,4,2,7,13,18.35444444444444
52,1,3,1,6,14,13.421857142857142
68,1,3,1,3,5,9.046333333333331
19,0,5,2,4,28,8.803202380952378
19,1,4,0,1,12,13.851396825396828
79,1,4,0,5,24,17.79707142857143
64,0,2,2,0,3,13.806999999999999
68,1,5,1,7,19,19.03759523809524
63,1,3,2,2,9,12.049630952380955
76,1,1,1,5,14,7.8239880952380965
34,1,3,2,3,13,20.063976190476186
67,0,3,2,1,10,12.620619047619043
48,1,0,2,6,5,18.67683333333333
42,0,3,0,7,30,19.99611904761904
52,0,3,1,3,8,12.393738095238094
25,0,0,1,0,11,10.404428571428571
63,1,3,1,1,2,14.133071428571432
63,1,1,2,0,29,16.589833333333335
48,0,3,0,6,18,13.291500000000001
75,0,0,2,2,30,16.97321428571429
52,1,4,0,0,20,10.462666666666667
47,1,3,0,4,16,19.445809523809523
83,0,3,2,5,16,9.233896825396826
44,1,3,1,1,17,22.918043650793653
35,0,2,0,1,6,24.84483333333333
79,0,1,0,6,8,22.242035714285713
46,0,1,1,7,17,18.081888888888887
33,0,4,1,0,8,12.249666666666666
24,0,1,0,1,18,17.56150288600288
14,0,5,1,4,25,7.5002619047619055
76,0,0,2,5,27,19.533619047619048
27,0,0,0,4,4,13.275440476190479
19,1,2,1,4,30,17.092642857142856
40,0,0,1,6,19,14.589222222222222
30,0,3,0,6,11,23.15687301587301
70,1,0,0,0,16,17.19796428571429
35,1,1,0,7,23,28.179864718614724
28,0,4,2,3,29,11.598333333333331
31,1,1,2,3,21,20.869690476190478
61,1,1,0,5,25,27.42986111111111
56,0,5,0,2,24,15.119563492063493
38,1,0,1,6,22,8.154035714285715
73,0,1,1,1,21,13.845174603174605
62,0,5,0,7,12,28.84407142857143
53,0,2,0,6,17,13.8945
39,1,4,0,7,7,18.160551587301594
64,1,4,1,1,23,9.821738095238096
77,1,0,1,1,2,19.89452380952381
39,0,3,1,3,12,5.964166666666666
29,0,5,1,4,13,17.850428571428566
22,0,3,1,5,2,20.515615079365084
53,0,2,1,7,17,12.834083333333336
70,0,0,2,0,20,15.125238095238098
59,1,2,2,4,28,4.193011904761906
42,0,5,2,0,29,8.321833333333334
71,1,3,0,3,25,19.96732683982684
29,1,0,0,4,28,20.77597619047619
78,0,3,0,4,2,9.069166666666668
68,0,0,2,2,1,13.142154761904763
66,0,0,2,6,4,5.328428571428572
43,0,1,0,7,5,21.64682467532468
27,1,4,2,0,19,15.453191919191923
66,1,5,0,3,28,14.514666666666667
23,1,0,0,7,20,10.576416666666667
38,1,2,2,4,3,5.224833333333333
69,1,1,1,0,10,15.354511904761907
36,0,2,1,3,26,8.131690476190476
70,1,5,2,3,25,13.867285714285716
46,0,2,1,2,24,9.882833333333332
82,1,1,0,7,9,22.444388888888884
29,1,2,1,0,15,24.33716666666666
68,1,2,1,4,6,17.743429292929285
64,1,5,0,5,11,16.980333333333334
43,0,1,2,1,30,22.446238095238094
38,1,3,2,5,25,15.867133116883112
54,1,2,2,0,11,11.165166666666666
83,1,5,0,3,23,14.479261904761906
63,0,3,1,2,26,17.693380952380952
51,1,5,2,2,29,16.48821428571428
66,1,5,2,6,20,13.704515873015875
59,0,0,1,1,22,10.278392857142858
78,0,2,0,4,12,10.641630952380952
68,1,4,2,5,13,11.290333333333333
62,1,5,0,2,28,22.86867857142857
52,1,3,0,0,2,4.275833333333333
76,1,0,2,2,8,14.494047619047617
46,0,0,2,2,15,24.44091666666667
21,1,2,2,1,6,9.714357142857141
51,1,0,2,6,14,20.033523809523814
84,0,1,1,1,28,21.864500000000003
21,0,0,0,0,6,16.419666666666668
61,1,1,0,6,19,21.642746031746032
38,1,5,1,7,23,12.815190476190475
53,0,3,2,7,20,3.4955039682539684
84,1,2,2,0,17,9.509578643578642
45,0,0,0,3,21,8.032309523809523
28,0,1,1,4,13,21.270071428571427
81,1,0,0,4,4,17.660091269841274
53,1,0,2,3,6,13.674666666666669
22,1,0,1,1,4,10.036166666666666
22,0,1,0,3,3,12.832809523809523
29,0,5,2,1,12,14.69978571428571
34,1,0,1,6,12,11.532166666666667
23,1,4,1,6,9,15.156190476190478
67,0,3,0,2,29,14.682773809523807
32,0,0,2,4,7,15.818452380952381
34,0,4,1,0,2,18.18482142857143
38,1,0,0,2,4,14.315690476190476
73,0,5,2,6,17,14.09716666666667
22,1,4,0,1,4,5.417666666666666
37,0,1,1,1,4,18.822642857142856
45,1,5,2,5,22,14.465
39,1,2,2,7,5,19.95
73,1,0,1,4,1,11.872190476190474
40,1,1,1,5,26,7.1066666666666665
18,1,3,0,3,8,17.402
27,1,0,2,4,28,7.9602658730158735
21,0,3,1,3,12,15.24953571428571
75,0,0,1,5,16,24.113095238095237
61,0,2,2,0,18,12.515333333333333
63,1,2,2,5,29,13.81775541125541
69,1,1,1,5,7,16.652039682539684
42,1,1,0,0,14,17.47666666666667
74,0,0,1,1,6,15.822500000000002
47,1,0,1,4,26,24.524380952380955
42,1,1,0,2,17,15.635250000000003
45,1,4,1,3,1,22.58975
85,0,1,2,4,2,13.502211038961041
38,0,1,2,0,18,21.003611111111116
80,1,0,0,6,5,10.333269841269841
29,1,5,1,4,8,20.03935714285715
47,1,1,2,1,29,16.128142857142855
54,0,0,1,0,9,8.389809523809523
60,0,4,0,0,9,22.426333333333332
82,1,1,2,0,9,21.027277777777776
32,0,1,1,5,24,20.1392380952381
45,1,3,0,7,28,12.317198412698412
81,0,4,0,7,16,23.933194444444442
68,0,0,0,2,16,19.81954365079365
56,1,2,0,6,18,18.44027777777778
33,1,4,2,4,10,14.213369047619048
27,0,2,2,7,13,12.857333333333333
72,0,2,2,0,9,16.704666666666665
42,0,5,1,4,24,15.086619047619045
63,1,1,2,1,14,14.901630952380954
31,0,0,1,1,15,16.298415584415576
33,1,0,1,2,16,8.939833333333333
43,1,1,0,2,17,22.350833333333334
46,0,1,1,0,3,12.616677489177482
41,1,1,1,6,24,13.09180555555556
67,1,4,2,2,5,3.3600238095238093
63,1,1,1,0,30,22.34707142857143
70,0,5,1,3,23,19.15566666666667
60,0,0,1,1,1,11.089595238095239
30,1,1,0,2,15,17.565644300144296
52,0,0,0,5,23,7.231142857142857
84,1,1,1,1,22,17.665440476190476
43,1,4,0,2,10,23.04628571428571
34,1,3,1,1,30,16.236396825396827
79,0,3,2,6,4,14.584694444444443
70,1,4,1,2,21,15.868000000000002
47,0,5,1,4,19,17.439023809523807
65,1,0,2,0,13,13.860000000000003
59,1,2,1,6,16,10.5545
82,1,0,2,3,27,18.160285714285717
37,1,2,0,2,13,13.649666666666668
30,1,1,1,5,5,22.553333333333335
25,0,4,0,2,27,21.485976190476187
82,0,5,0,3,26,13.373238095238095
30,0,5,0,6,18,10.851571428571429
70,1,0,2,1,27,13.101999999999999
83,1,1,1,4,22,6.919666666666667
38,0,5,2,3,12,15.39819444444445
50,0,3,2,3,13,9.699166666666668
45,1,5,2,7,5,22.4865
60,1,2,2,2,9,11.49245634920635
18,1,2,0,1,26,15.845801587301587
73,0,2,1,3,28,25.667523809523814
22,0,5,1,2,21,18.547559523809525
26,1,5,1,4,21,13.099010822510822
29,1,1,2,6,2,22.782476190476192
72,0,1,0,1,16,14.343357142857142
65,0,5,1,5,17,15.270174603174603
44,1,5,0,6,24,17.55737518037519
31,0,4,2,2,10,13.8095
27,1,5,1,1,24,18.888146464646464
66,1,3,1,7,26,15.899880952380949
19,0,0,2,5,26,13.877583333333334
78,1,5,0,6,10,6.982
22,1,2,2,1,15,4.250166666666667
64,0,0,0,6,13,13.689722222222224
61,0,1,0,5,1,23.75485714285714
50,0,4,0,5,15,18.127714285714287
40,0,3,1,2,23,13.89130952380952
46,0,3,1,7,1,16.503714285714285
32,0,3,2,3,17,8.799333333333335
52,0,3,1,7,28,9.844166666666668
28,0,3,0,6,17,24.016071428571426
60,0,2,2,7,21,17.2203489010989
84,1,5,1,6,2,20.653119047619047
85,0,3,0,5,20,13.644285714285713
72,1,2,1,3,16,24.5482619047619
19,0,2,2,5,19,6.146916666666666
53,0,0,2,6,18,15.85219047619048
35,1,3,1,4,27,16.625375541125543
63,0,0,2,5,4,17.44886435786435
86,0,0,1,3,16,17.704976190476188
20,1,3,0,1,18,24.57133333333333
85,1,3,0,3,9,15.842976190476188
48,1,2,1,0,7,19.867398462648463
60,0,1,2,3,27,17.70490115440115
74,1,1,0,6,21,14.217071428571423
76,0,2,0,6,22,7.371714285714286
28,1,3,1,2,25,11.032619047619045
36,1,2,1,5,30,9.708555555555556
29,1,4,1,1,30,13.498833333333334
62,0,2,2,5,8,7.021285714285714
70,1,0,0,0,7,17.19796428571429
77,0,1,2,7,8,11.358333333333333
48,0,0,2,7,14,23.28482142857144
47,0,0,0,4,30,17.5205
44,1,3,2,1,5,20.41539682539683
19,1,2,1,7,13,21.4981282051282
36,0,4,1,1,18,18.887909090909094
51,1,2,0,3,10,5.07743253968254
22,0,5,1,0,12,10.093422438672436
53,1,3,0,1,11,23.826404761904758
53,1,0,2,5,21,18.6874256021756
85,1,0,0,6,23,9.096214285714284
79,1,2,2,4,10,24.735250000000004
59,0,2,0,1,1,19.816000000000003
44,0,0,0,7,28,18.28118452380953
58,1,1,0,3,11,9.696571428571428
76,1,4,2,5,8,25.318833333333338
49,1,2,2,1,28,11.899500000000003
69,1,4,0,0,19,19.218107142857136
63,1,5,0,3,10,22.677380952380954
44,0,0,2,2,30,24.075119047619047
85,1,3,1,2,8,15.39852380952381
77,1,2,2,0,2,14.152119047619044
18,1,2,2,7,10,10.10643154068154
35,1,4,0,7,9,7.5212619047619045
47,0,5,0,5,17,15.680503607503606
82,1,1,1,7,28,21.349722222222223
53,0,0,0,0,4,18.7423373015873
77,1,1,2,0,2,22.38433333333333
40,1,0,1,4,7,16.16369047619048
35,1,4,1,5,21,8.119095238095236
34,1,0,2,3,25,10.820833333333335
60,1,3,2,3,15,11.41657142857143
51,0,1,2,0,7,20.911551587301588
58,1,2,0,3,8,13.364202380952381
27,1,2,2,0,27,16.45561111111111
34,0,1,0,2,27,16.36471428571429
44,1,0,0,0,19,15.684190476190478
43,0,5,2,7,12,17.077083333333334
44,1,3,2,2,23,11.018952380952378
41,0,2,1,2,21,14.52183333333333
76,0,0,0,3,7,14.994214285714284
83,1,5,0,6,10,18.973634199134196
68,1,1,2,2,8,12.731238095238092
31,0,5,1,5,6,11.3248373015873
50,0,1,0,0,28,12.531841353091353
52,0,2,1,6,14,19.11861111111111
71,0,1,2,4,14,11.434666666666667
84,0,2,1,7,22,10.612869047619046
79,1,4,2,3,13,25.719500000000004
25,0,4,0,1,11,14.603083333333332
68,0,3,1,4,29,17.02515476190476
59,0,0,2,6,14,11.547047619047621
64,0,3,2,7,10,16.407460317460313
68,0,1,0,1,1,18.54566666666667
41,1,3,0,7,1,13.017333333333333
43,0,1,2,5,12,26.03111904761904
42,0,4,0,0,23,19.795392857142858
23,0,2,2,2,20,14.188904761904762
25,1,1,1,7,17,24.33907142857143
39,0,4,0,4,14,13.452988095238092
20,1,0,1,6,9,6.510595238095237
42,0,5,1,2,14,13.614761904761904
69,0,5,2,7,12,2.6285000000000007
45,1,2,2,0,13,5.490000000000001
38,0,4,0,7,29,19.190416666666668
57,1,5,2,7,28,13.189666666666668
51,0,0,2,4,12,9.818690476190476
21,1,5,1,7,29,10.177773448773447
44,1,3,1,4,23,12.406119047619047
59,1,1,2,3,3,23.68041666666667
65,1,4,2,1,5,22.225166666666663
68,1,4,0,2,1,17.810880952380952
72,1,3,0,3,14,14.273428571428571
70,1,3,0,7,28,17.880154761904762
20,1,0,0,0,12,22.308000000000003
44,0,0,0,1,12,18.242416666666667
76,0,5,2,3,7,11.701599206349206
51,1,4,2,4,28,10.3075
83,0,2,0,6,23,22.46994444444445
63,1,5,1,7,20,20.23489477189477
24,0,0,1,5,23,13.954333333333334
18,0,1,0,3,24,8.631428571428572
18,0,2,0,3,20,18.498880952380958
23,1,0,2,4,9,22.581142857142865
47,0,1,1,1,14,6.9555
22,0,2,1,5,3,22.210333333333335
69,0,0,1,0,14,17.437414862914864
31,1,3,2,7,10,23.771174603174604
25,0,3,2,4,5,12.322634559884557
78,0,3,1,6,2,12.094710317460317
73,0,1,1,5,17,14.386294372294374
22,1,0,2,3,24,12.78377380952381
59,0,4,0,7,23,21.257214285714284
78,1,4,0,4,16,21.875476190476192
67,1,0,2,7,4,15.478194444444446
32,1,3,2,3,5,18.018833333333337
73,1,1,0,1,7,15.067841269841272
29,1,2,0,1,1,14.04864682539683
82,1,4,2,1,24,6.689777777777777
79,0,5,1,6,18,25.30966666666667
73,1,1,2,3,20,11.092094877344874
60,0,5,0,2,17,17.530380952380952
79,0,4,0,6,17,14.269607142857144
66,0,1,1,0,5,17.58328571428572
64,1,0,2,7,3,19.39395238095238
52,0,2,2,1,29,19.086547619047618
42,1,5,2,6,30,14.014666666666667
55,0,4,0,4,14,15.551916666666669
70,1,4,1,3,11,26.07998809523809
55,0,1,1,1,1,7.7315
41,1,0,1,0,27,20.583750000000006
66,1,2,1,2,9,25.817000000000007
62,1,4,2,7,15,24.551619047619045
42,0,2,1,0,14,14.32502380952381
52,1,5,0,6,22,19.781357142857146
56,1,5,0,3,6,21.792579365079362
36,0,0,1,2,27,14.124833333333331
25,0,4,1,5,6,19.15795238095238
53,1,1,1,1,25,18.10622727272727
21,0,2,1,5,7,16.13980952380952
31,0,3,0,1,12,9.04017857142857
67,1,4,0,2,7,17.04554761904762
24,0,3,1,3,6,9.17532215007215
54,1,2,0,5,14,21.434201298701296
69,0,0,2,7,5,12.780738095238096
64,1,4,1,7,23,19.68211904761905
47,1,4,2,6,23,18.82513492063492
67,0,5,0,7,1,16.263869047619046
59,0,5,1,3,3,14.053222222222223
21,1,5,2,7,30,6.935892857142857
57,1,0,0,5,9,20.890533646908647
20,1,2,1,0,22,15.702999999999998
63,0,2,0,3,25,23.809440115440108
24,0,1,2,3,15,23.255083333333335
43,1,0,0,4,19,15.351583333333338
79,1,0,1,3,13,7.058333333333334
72,1,2,2,1,29,19.014952380952376
61,0,2,1,2,10,18.759285714285717
71,1,1,2,1,11,18.497142857142848
29,0,5,2,1,25,14.69978571428571
55,0,4,0,4,17,15.551916666666669
36,0,5,1,2,27,18.059261904761904
83,0,4,0,5,15,16.22776190476191
50,0,2,1,6,7,19.371317460317464
39,1,0,0,3,16,16.320952380952384
52,0,3,2,0,1,15.224801587301586
43,1,1,0,7,28,14.429262987012986
76,0,2,1,3,23,15.266595238095235
52,0,5,0,7,7,16.03352236652237
37,1,4,1,6,2,13.737416666666666
51,0,2,0,2,13,11.578095238095239
32,0,0,1,5,24,14.115238095238091
27,1,3,2,4,13,15.84083333333333
47,0,3,0,1,19,16.163619047619044
82,0,2,1,4,5,4.832281746031744
81,1,0,2,1,3,9.138904761904762
75,1,0,0,7,26,14.215251082251084
36,0,5,0,2,9,12.603166666666667
33,1,0,0,4,19,17.247946969696965
47,0,0,0,1,3,17.48433333333333
18,1,5,1,1,19,14.777190476190476
82,0,2,0,6,20,13.571178571428572
44,0,4,2,3,16,14.754047619047618
77,0,1,0,5,1,8.393809523809525
26,0,2,1,7,16,23.271694444444442
66,1,2,1,0,1,17.48966666666667
68,1,2,0,2,14,21.051067460317462
47,1,1,0,6,30,19.229853174603175
76,1,3,0,4,29,19.691666666666666
35,0,2,2,7,22,7.818
26,1,1,2,5,27,16.19611111111111
77,0,3,0,6,16,14.406011904761904
84,0,3,1,6,1,11.894785714285712
82,0,5,1,5,5,11.448047619047621
52,1,0,2,2,21,10.947690476190475
61,1,1,1,0,12,13.753333333333336
54,1,3,1,3,13,6.474428571428571
66,1,3,1,4,1,8.6765
26,1,1,0,0,7,21.02725
82,1,3,2,7,3,22.726666666666667
20,0,4,1,0,17,11.8959880952381
64,1,2,0,3,8,16.3736626984127
68,0,0,1,2,9,19.101999999999997
69,1,1,0,0,21,16.79961111111111
76,0,1,2,6,25,8.135333333333332
73,1,2,1,6,23,8.690892857142856
81,1,4,2,4,13,18.398624098124095
59,0,4,0,5,28,11.770945526695533
23,1,1,1,2,22,10.478250000000001
64,1,4,0,0,15,22.653
84,0,0,2,5,22,8.957126984126985
56,1,1,1,2,26,15.988277777777778
69,0,3,2,1,17,15.836051587301586
18,0,0,0,3,14,11.659749999999999
77,1,0,0,3,9,21.265357142857148
19,0,0,1,0,28,10.309809523809525
79,0,2,1,3,15,19.10466666666667
21,1,4,0,0,13,13.220765873015873
56,0,3,0,2,9,17.23148015873016
77,0,1,1,5,11,12.430309523809523
57,1,1,0,6,12,17.90161158286159
73,0,2,2,6,28,17.509857142857143
58,0,1,0,1,4,21.056218253968254
44,0,0,2,3,5,13.957428571428578
55,0,5,0,5,18,20.367333333333328
34,0,2,2,0,26,14.549154761904767
55,0,3,2,1,11,7.746242424242426
48,0,1,2,0,17,15.577642857142859
64,1,1,1,2,13,20.105087301587297
38,1,1,2,0,20,17.868361832611832
80,1,3,1,6,1,15.757404761904766
58,0,3,2,1,17,17.750785714285715
26,0,5,0,5,18,22.491345238095235
79,1,2,2,1,17,14.313357142857141
43,0,2,0,5,17,13.466396825396826
81,1,5,2,0,6,16.569833333333335
71,0,4,0,3,4,12.737976190476191
33,1,4,1,1,19,14.823428571428572
75,1,0,2,3,3,18.24635714285714
21,0,4,1,1,14,12.099880952380952
65,0,1,1,5,23,19.33804761904762
48,0,5,1,3,18,26.065
82,0,5,0,1,17,12.141476190476192
64,0,5,2,2,29,11.097000000000001
70,0,5,1,7,14,13.902333333333333
55,0,3,2,5,26,27.004833333333337
32,1,0,1,1,2,14.092156204906212
57,1,4,2,4,4,19.502321428571427
66,1,2,2,3,18,12.1153253968254
47,0,2,0,0,8,5.49375
75,0,5,0,6,14,15.859500000000004
34,1,1,1,6,8,18.999761904761908
53,1,5,1,0,22,8.40507142857143
43,0,1,1,5,21,16.938511904761906
39,0,2,1,7,10,9.673428571428573
27,1,4,1,2,13,24.673333333333336
46,1,1,0,2,23,23.1025
32,1,3,0,6,16,22.932833333333328
39,0,3,1,2,5,17.375273809523804
39,0,0,1,7,19,19.896749999999997
42,1,2,2,3,14,16.233476190476196
33,1,2,1,1,12,17.037119047619043
39,0,2,2,4,23,6.041166666666666
50,1,1,2,6,13,17.403619047619046
41,0,5,2,3,11,15.223806277056276
39,1,4,2,5,7,16.3725
57,0,1,1,5,26,21.504626984126986
44,0,0,0,6,14,13.17733928571429
64,1,1,2,4,6,14.447714285714287
78,0,2,1,0,28,23.86528571428571
76,1,3,1,0,4,11.193214285714287
52,1,4,2,0,28,26.450571428571433
74,0,5,0,6,4,20.70285714285714
49,0,0,0,0,12,22.55695238095238
31,1,4,2,7,20,14.250499999999999
28,0,1,0,6,14,18.566666666666666
74,1,2,2,1,30,16.678166666666662
38,0,2,0,7,29,16.777166666666666
72,1,3,1,2,9,12.842357142857143
80,1,3,1,4,5,13.455476190476185
82,0,5,1,7,21,12.458666666666668
84,0,4,2,3,28,9.989619047619048
42,0,2,0,0,21,23.91985714285714
83,1,3,0,6,12,16.737674603174604
53,0,3,1,6,4,20.66133333333333
58,0,2,2,4,2,16.28981684981685
28,1,2,1,0,8,21.314261904761906
47,0,5,0,2,2,16.655869047619046
64,1,2,1,5,22,19.623
45,0,4,1,3,19,10.018702380952384
38,0,3,2,0,3,7.2057142857142855
70,1,2,1,2,11,7.18961111111111
23,0,4,1,7,22,11.047035714285714
67,0,2,0,7,16,13.195500000000003
78,1,5,1,2,16,8.515690476190477
50,0,5,1,7,17,19.059250000000002
80,0,5,0,2,30,7.650595238095238
61,0,1,0,2,4,12.491761904761907
39,1,5,1,3,27,17.999574675324677
43,1,2,2,2,13,11.112571428571428
79,0,4,2,1,13,11.525990009990013
29,1,3,2,0,23,5.441178571428571
82,1,2,1,3,15,11.60447619047619
73,1,1,2,5,6,18.486666666666665
54,0,2,0,4,19,24.39097619047619
55,1,4,2,1,19,17.77468253968254
65,1,3,2,4,26,11.041833333333335
80,1,2,0,3,1,14.165297619047621
59,1,4,0,1,7,19.166857142857147
63,0,4,1,4,22,10.626976190476192
40,1,5,1,2,7,10.899226190476192
71,1,0,2,1,26,14.514000000000001
38,0,1,1,0,7,10.349666666666668
37,1,5,1,7,8,7.621333333333333
77,1,3,1,2,12,21.139642857142857
62,1,4,2,2,24,24.370904761904768
80,1,2,1,3,28,6.768047619047619
82,1,2,0,7,15,12.125261904761906
68,1,3,2,2,15,15.4635
62,0,0,2,6,28,12.973269841269842
45,1,5,0,7,5,10.40292857142857
42,0,4,2,5,17,8.832166666666666
77,1,3,1,1,12,8.709904761904761
46,1,0,0,5,18,10.051015873015873
28,1,1,1,2,4,18.42794805194805
59,1,4,2,4,6,18.77292857142857
22,1,2,2,1,9,4.250166666666667
19,0,0,1,7,18,16.505992063492066
78,1,4,0,7,9,10.4935
38,0,4,1,7,6,14.893448412698415
42,1,2,0,5,6,19.460666666666672
67,1,3,2,5,12,17.308285714285716
52,0,5,0,2,23,16.94720634920635
85,1,3,1,7,7,10.834666666666667
51,0,2,0,0,24,12.763261904761903
79,0,0,2,6,15,18.484309523809525
22,0,3,0,1,22,9.987999999999998
63,0,2,2,7,12,8.554333333333334
72,1,5,0,2,30,17.095666666666666
70,1,4,1,7,5,20.32
55,1,3,2,1,23,16.06796067821067
61,0,3,1,3,9,9.005921717171717
40,0,2,1,2,12,7.595095238095235
46,0,0,2,5,4,12.507059523809524
62,1,0,1,4,6,15.219920634920634
71,1,0,1,3,2,14.736231962481963
63,1,0,1,4,6,19.32859523809524
73,1,1,2,7,1,9.330349206349208
64,0,1,0,2,2,6.362980158730158
47,0,0,2,1,4,25.725309523809525
29,1,5,2,5,3,19.101642857142853
25,1,4,1,7,22,12.853674603174602
61,1,3,0,7,25,17.94624206349206
26,0,4,2,7,4,22.207250000000002
37,0,5,1,0,15,15.580476190476189
49,1,5,2,0,1,20.30966666666667
68,0,5,1,3,13,12.512666666666666
64,1,2,0,4,16,18.636686507936506
24,0,4,1,3,30,14.418999999999999
74,1,3,1,6,27,13.590190476190475
51,1,5,2,3,23,16.827387445887446
39,1,1,0,5,8,10.952638888888892
53,1,5,0,0,9,11.160611111111114
77,0,1,0,0,13,7.7731666666666674
21,1,2,1,0,6,11.30636904761905
56,0,5,2,1,24,15.043872835497842
71,0,4,2,4,13,19.312361111111116
74,0,2,1,5,27,18.371000000000002
75,0,5,2,5,14,17.905666666666665
24,1,4,1,5,8,17.317999999999998
54,1,3,2,6,25,8.677809523809524
75,1,3,1,6,7,14.819428571428572
48,0,4,1,0,3,20.05695454545455
84,1,2,2,3,7,21.769166666666663
57,0,3,0,5,6,15.834380952380952
46,1,5,1,0,10,10.833309523809525
27,1,0,2,2,13,14.819333333333331
34,1,3,1,5,11,19.034
76,0,0,1,3,18,21.5984126984127
85,1,1,1,1,1,11.841952380952382
69,1,1,2,5,5,18.66325396825397
70,1,0,1,4,13,14.404107142857145
77,1,0,2,5,4,10.087218253968253
72,1,4,0,1,10,17.44738095238095
26,1,0,0,2,26,5.998261904761905
57,1,1,0,1,26,17.422507936507934
56,0,4,1,0,12,12.472952380952384
21,1,4,0,7,8,16.12603968253968
27,0,1,1,1,18,16.75914285714286
80,1,1,2,5,7,16.250874236874246
32,1,1,2,3,5,7.914543650793649
21,1,4,2,5,30,11.623174603174604
43,0,5,0,4,15,19.062404761904762
34,0,0,0,1,14,14.042023809523812
77,1,5,1,6,10,12.377821428571428
63,0,1,2,7,20,12.085666666666667
73,0,2,0,4,28,17.193499999999997
21,1,2,0,6,3,12.900825396825397
82,1,4,1,4,14,23.54333333333334
78,1,3,2,1,26,13.284095238095235
23,1,2,1,2,26,7.939166666666668
74,0,1,0,7,4,14.729116161616162
74,0,1,0,2,16,14.157440476190482
65,0,0,0,0,30,3.123083333333333
47,0,2,1,1,15,13.89832142857143
18,0,1,0,2,12,14.002773809523815
39,1,0,0,6,2,13.77745238095238
80,0,4,2,7,5,21.999071428571423
84,1,5,1,5,1,16.267333333333337
56,1,1,1,7,27,5.535095238095237
57,1,5,2,7,10,13.189666666666668
44,0,4,0,4,16,11.474555555555552
33,1,3,2,3,28,18.008000000000003
45,0,1,1,6,23,13.414396825396828
36,0,5,2,4,15,15.95666666666667
69,0,5,0,5,9,11.937947191697193
49,1,5,2,2,3,17.436599206349207
42,1,2,0,2,2,14.575226190476187
46,1,5,1,3,4,18.908769841269837
25,0,4,2,3,29,13.090571428571428
47,0,0,0,0,17,11.566906260406263
26,0,5,0,5,9,22.491345238095235
56,1,0,2,3,21,9.817777777777778
80,0,4,0,4,20,12.696874999999999
56,1,0,1,5,20,21.035380952380955
42,1,0,2,3,23,19.72952380952381
48,0,5,1,4,21,16.18277380952381
64,0,1,2,4,9,20.315785714285713
63,0,3,0,5,20,15.782404761904763
38,1,0,1,5,25,19.118333333333332
52,0,0,0,6,2,22.741448051948055
85,1,5,1,7,24,22.279285714285717
38,1,1,0,5,26,17.05316666666667
43,1,1,1,0,11,21.530023809523815
30,0,3,1,5,22,5.140333333333333
24,1,3,1,4,13,6.75440909090909
38,0,2,1,5,6,15.888926767676766
84,1,2,2,5,30,7.101
27,1,3,1,0,8,20.001333333333328
51,1,2,0,1,8,17.832666666666665
83,1,1,0,6,21,8.672119047619047
61,0,2,0,6,2,7.447493506493507
70,0,3,2,7,7,9.3944126984127
23,1,5,1,4,12,18.650015873015874
31,1,2,1,3,20,14.284718253968256
56,0,4,2,6,14,26.70835714285714
28,0,3,2,7,8,17.089999999999996
73,1,4,2,1,25,8.179444444444439
32,1,4,0,7,28,12.318333333333333
29,0,0,0,2,30,9.923666666666668
35,0,2,2,4,8,12.264011904761908
32,1,4,1,2,11,22.346642857142857
81,1,0,0,5,5,10.811666666666667
18,0,2,2,1,15,14.713666666666665
31,1,0,2,7,2,16.46475
64,0,4,0,7,14,14.834583333333331
29,0,5,0,4,12,6.142261904761905
25,0,3,0,0,7,12.231263736263738
79,1,5,0,4,20,12.16707142857143
34,1,4,1,6,9,24.08776948051949
27,0,2,1,6,27,19.626785714285706
67,0,4,0,7,15,15.579214285714286
68,1,3,0,3,17,8.085749999999999
78,1,2,2,1,13,14.697095238095239
51,1,0,1,5,11,20.62252380952381
41,1,0,2,6,28,18.270154761904763
43,0,1,0,1,28,15.554205988455985
78,0,0,0,4,1,14.428190476190474
82,0,3,2,6,1,17.75281746031746
77,0,5,1,7,30,7.440190476190475
36,0,0,2,1,12,15.359166666666665
83,0,3,1,5,15,22.668404761904764
59,0,4,0,7,12,21.257214285714284
33,0,1,2,1,2,15.028607142857146
24,1,5,1,5,1,16.994836580086584
39,1,0,2,2,18,18.080404761904763
32,0,1,1,0,28,26.300071428571428
58,1,2,0,6,16,11.591111111111111
35,1,2,1,6,16,13.014095238095235
30,0,2,1,2,29,12.185280663780663
65,0,0,0,2,22,13.928333333333331
19,1,5,2,7,13,13.348083333333332
44,1,5,2,7,19,14.802634920634919
35,1,3,0,4,4,17.329718253968252
24,1,5,1,3,8,16.214135281385282
61,1,2,0,5,9,13.111038461538463
53,1,1,0,2,15,13.419607142857144
39,0,1,2,1,29,20.762555555555554
38,1,0,2,1,30,9.144988095238094
51,0,4,0,1,1,20.157500000000006
70,1,1,2,7,22,11.246714285714285
51,0,2,2,4,7,15.000269841269844
28,0,1,1,6,28,24.508000000000003
79,0,0,2,0,28,9.086
33,1,4,1,4,2,6.287365079365079
55,1,5,0,3,5,16.126404761904762
72,0,4,2,7,14,18.478809523809524
83,1,4,1,0,7,14.751309523809523
79,1,3,0,3,5,20.0700992063492
81,1,5,0,4,29,9.470857142857144
69,0,3,0,2,28,12.211357142857144
28,0,5,0,1,9,7.789166666666667
55,0,5,1,3,6,9.175523809523812
31,0,0,0,0,11,20.471341269841265
22,1,0,0,5,13,15.416833333333336
22,0,4,2,2,20,21.075357142857143
52,0,0,0,2,22,15.456297619047621
33,0,2,2,5,17,16.965190476190475
22,0,2,2,5,19,12.083432900432902
37,1,3,2,0,2,20.636333333333337
42,0,4,0,4,8,12.819166666666668
27,0,5,1,3,12,9.909373015873017
54,0,5,1,7,22,22.782968253968253
80,0,2,0,0,10,16.15384090909091
62,1,2,2,3,2,17.60816666666667
32,1,5,0,6,23,11.035365884115885
33,1,1,2,3,23,20.119044372294375
30,1,0,1,5,13,19.7775
34,0,0,1,0,26,13.86434199134199
85,0,3,0,3,25,9.083095238095238
69,0,5,1,0,14,23.478772727272727
48,0,3,2,6,12,9.52822619047619
62,1,3,2,4,1,8.954333333333333
47,0,0,2,5,15,11.192801587301583
70,1,0,0,2,17,11.375166666666667
24,1,2,0,0,23,21.38535714285714
79,1,4,2,1,7,11.0041626984127
54,0,5,2,0,16,9.413011904761905
44,0,2,0,7,24,19.535428571428568
63,0,0,0,3,28,17.372
57,1,0,0,2,28,14.029000000000002
44,1,5,2,5,18,8.580333333333336
74,1,5,2,3,1,25.013999999999996
39,1,0,0,6,13,13.77745238095238
68,0,3,1,7,4,22.75797619047619
25,1,3,0,6,24,17.576011904761902
49,0,0,1,6,3,15.550067460317464
23,0,0,0,3,6,22.950965367965363
69,0,4,0,4,3,15.886166666666668
63,0,0,1,3,5,16.55159523809524
81,1,2,0,3,6,20.337333333333333
51,1,5,0,5,12,11.989166666666666
51,0,0,1,1,3,17.80811111111111
18,1,2,2,6,14,16.01033333333333
29,0,4,0,3,25,16.371547619047618
39,1,4,0,5,14,11.403880952380955
34,1,1,0,5,18,16.515166666666666
21,0,3,1,6,11,14.519488095238097
27,0,5,2,2,24,7.1768809523809525
45,1,2,2,4,21,17.04742857142857
84,1,2,1,7,15,13.294833333333333
33,1,3,2,7,12,16.692238095238096
18,1,2,0,3,26,17.257833333333334
71,1,1,2,3,29,24.742583333333336
77,0,0,1,2,26,16.978547619047617
46,1,5,0,4,8,20.80707142857143
32,0,1,2,7,25,15.16607936507936
44,1,3,1,7,28,6.6555
71,0,0,1,2,15,20.510710317460326
50,0,4,0,6,12,12.985833333333336
26,0,3,2,1,29,23.549809523809532
63,1,5,1,4,7,16.690146825396827
78,0,3,0,7,9,13.833121545121541
45,0,3,0,5,8,18.99511507936508
70,1,3,0,7,20,17.880154761904762
36,1,4,1,6,3,10.447904761904761
59,1,3,1,2,1,16.0665119047619
76,1,1,0,5,30,16.759547619047623
77,1,3,2,6,7,18.385333333333335
36,1,3,0,1,4,10.584924242424243
20,0,2,1,5,11,13.894186507936514
58,1,5,2,5,20,13.443755466755459
48,0,5,2,4,30,18.703916666666668
28,0,1,0,3,21,22.78811904761905
44,1,3,2,6,3,13.983502303252308
71,0,0,1,6,17,10.723988095238093
64,0,3,1,7,13,15.989039682539685
24,0,5,0,1,19,7.272333333333335
57,1,4,0,3,8,26.360000000000003
84,0,1,2,6,17,9.012015873015873
62,1,3,1,4,13,15.394952380952384
34,0,4,2,2,2,21.763333333333335
75,1,0,1,5,22,24.412214285714285
20,1,1,0,5,27,13.159999999999995
27,1,4,0,4,2,14.853999999999996
59,1,3,2,7,3,14.416833333333338
77,0,1,1,3,30,19.901714285714284
65,1,2,2,5,30,11.050970057720058
29,1,1,2,7,13,15.469833333333334
83,0,4,1,1,24,15.521976190476192
48,0,1,2,0,7,15.577642857142859
29,1,3,0,5,11,11.37297619047619
44,0,2,2,0,17,8.601833333333333
74,0,0,0,3,30,6.656666666666667
56,0,3,1,4,4,13.165333333333333
51,1,0,2,1,14,9.134666666666668
27,1,2,2,1,30,21.50980375180375
49,0,5,0,2,18,10.558285714285715
53,1,1,2,4,13,10.62533333333333
49,1,4,2,2,29,19.567833333333333
70,1,4,2,1,16,16.85092063492063
57,1,2,0,5,17,19.263368936618935
51,1,1,0,6,20,17.04004761904762
65,1,3,1,3,10,13.522416666666668
33,0,5,1,7,1,16.21389285714286
49,0,5,0,3,2,14.44186904761905
20,1,1,1,0,21,21.505999999999993
30,1,3,0,6,2,14.238373015873014
18,1,5,1,0,17,11.922869047619049
22,1,3,2,7,21,15.997119047619043
81,0,5,0,5,9,17.069166666666668
64,1,2,2,6,20,19.685976773226777
40,1,4,0,6,21,12.122190476190475
25,0,0,0,4,17,20.095353174603172
55,0,3,0,4,8,20.258450577200577
26,0,2,0,4,20,21.66071428571429
42,0,2,2,7,5,15.511500000000003
70,0,3,0,0,17,14.430238095238096
83,0,2,0,7,27,16.623154761904765
63,0,0,1,1,13,14.816452380952375
73,0,0,1,7,24,8.076
83,0,1,0,0,17,13.053999999999998
35,0,1,0,0,19,25.49223809523809
52,1,0,1,2,21,8.6295
22,0,0,1,2,6,11.501595238095238
44,0,5,2,6,8,14.575527777777781
69,1,3,2,5,23,15.030484126984124
72,1,3,0,3,10,14.273428571428571
51,0,0,1,7,19,23.44791666666667
79,0,4,2,2,10,12.186833333333333
21,1,4,1,3,13,14.734084415584416
34,1,4,0,4,19,5.154142857142856
62,0,5,0,1,16,14.32702380952381
25,0,0,1,0,28,10.404428571428571
61,1,2,1,0,3,17.663015873015876
65,0,3,0,6,13,14.586261904761905
80,1,5,2,6,27,20.142857142857146
26,1,0,2,5,17,14.782896825396824
75,0,1,2,7,30,17.48746031746032
43,0,4,0,7,13,7.791444444444444
25,1,1,2,3,28,9.781847263847265
68,1,3,2,6,19,9.866666666666667
25,1,1,2,4,21,22.002452380952377
50,0,1,0,6,30,7.102718253968252
55,0,5,2,6,4,18.359833333333327
34,1,5,0,0,17,18.179928571428572
51,1,0,2,4,15,25.259452380952386
75,1,3,1,4,22,16.13361904761905
40,1,5,1,5,19,13.112420634920634
21,1,4,1,2,2,19.781884199134197
47,0,3,1,3,12,12.163039682539681
74,1,4,2,4,5,19.750166666666665
62,1,1,1,4,29,14.476380952380953
19,1,3,1,3,17,15.324999999999998
47,0,0,0,4,19,17.5205
55,0,4,2,5,12,18.236690476190475
32,1,3,2,7,13,19.156202380952376
18,0,0,1,5,3,15.739309523809528
42,1,2,0,0,23,4.044785714285715
53,0,3,0,5,12,16.23686507936508
48,1,2,1,1,30,22.998
54,1,0,0,2,26,6.241273809523808
69,1,0,0,2,24,15.634666666666668
28,1,2,0,0,24,7.968571428571428
33,1,0,0,3,11,17.134746031746037
57,0,2,2,4,6,15.367209706959704
52,0,2,1,6,4,19.11861111111111
55,0,4,1,7,11,18.19636507936508
23,1,2,1,5,10,11.805666666666665
47,0,4,0,1,22,10.36052380952381
81,0,3,2,3,15,12.93863644688645
48,0,5,0,2,18,4.581333333333332
20,1,2,1,0,19,15.702999999999998
69,1,1,0,5,9,16.49833333333333
76,0,4,0,6,27,12.999916666666666
60,1,2,0,6,6,12.378416666666666
40,1,2,2,6,1,19.13047619047619
34,0,0,2,7,2,22.592583333333327
64,1,1,2,7,6,23.929928571428576
44,0,2,2,0,29,8.601833333333333
40,0,1,2,6,11,20.12320634920635
30,0,3,0,5,10,13.605912698412698
54,1,2,2,0,8,11.165166666666666
71,1,1,2,0,29,9.50725
76,0,5,1,2,15,13.19233333333333
69,0,5,2,7,8,2.6285000000000007
56,0,5,0,3,14,19.32797619047619
48,1,0,0,5,3,21.000555555555557
43,1,3,1,7,21,22.941999999999993
70,0,5,2,7,28,6.877583333333333
80,0,3,1,7,25,10.31311904761905
31,0,4,2,0,12,15.236583333333336
66,0,4,0,6,6,17.131452380952382
78,0,1,0,0,12,9.259511904761904
35,0,1,2,6,20,27.35366666666667
64,0,5,2,1,7,21.205047619047626
77,1,0,0,5,11,14.122785714285719
21,0,2,1,3,26,9.782912698412694
46,1,0,1,1,6,21.965166666666665
82,1,1,0,3,5,16.498654761904767
81,0,5,0,0,16,20.750047619047617
83,0,1,2,2,13,24.586
43,1,3,2,6,3,20.854928571428573
65,1,5,0,6,15,21.929666666666662
40,1,2,1,4,19,11.306726190476192
36,1,0,2,0,8,14.299833333333332
18,1,4,1,5,16,13.402499999999996
44,1,0,0,3,27,19.961333333333332
18,1,0,1,5,1,18.898333333333333
18,0,0,1,6,26,17.994869047619048
58,0,0,1,3,3,11.347607142857141
75,0,0,0,3,30,17.165734126984127
18,0,2,0,4,29,21.218666666666667
63,1,3,0,6,18,10.77563455988456
37,0,4,0,4,26,7.671892857142857
19,0,0,1,6,1,11.292912698412694
19,1,2,2,2,15,27.292547008547007
52,0,1,1,2,2,12.441000000000004
37,0,2,2,2,3,14.058404761904761
30,0,5,1,1,9,17.90548412698412
62,0,3,2,4,22,14.272238095238093
43,1,1,0,1,13,13.899511904761903
31,0,1,2,1,13,13.4441507936508
58,1,5,0,6,10,11.613714285714288
80,1,0,0,7,16,18.199273809523813
52,1,4,0,7,9,24.06682142857143
49,1,2,1,2,11,19.349666666666664
22,0,1,1,7,21,22.411499999999997
82,1,2,2,2,8,8.574821428571429
57,1,5,0,0,2,23.87408513708513
21,1,3,2,3,14,8.119
43,1,3,2,6,23,20.854928571428573
47,1,2,0,3,13,18.66114285714286
24,1,0,2,7,24,13.76057142857143
41,1,3,1,6,12,12.097523809523814
73,0,0,1,3,24,17.480238095238093
22,1,1,1,6,15,11.13097619047619
55,0,4,2,5,28,18.236690476190475
71,1,4,0,5,7,17.055833333333332
60,1,4,0,1,28,21.255321428571424
24,0,1,2,0,5,21.584952380952387
81,0,4,0,6,9,13.443055555555558
69,1,3,2,0,3,18.77583333333333
61,0,4,2,4,7,21.031690476190473
46,0,5,2,2,17,13.110001443001444
28,0,1,0,1,22,16.18627777777778
68,0,0,1,2,1,19.101999999999997
43,0,3,2,4,9,23.314369047619053
67,1,4,2,3,22,19.73297619047619
52,1,5,2,0,18,18.04235317460318
65,0,3,1,5,9,15.176914307914313
63,1,5,2,3,18,23.167642857142855
80,0,2,1,7,19,19.650714285714283
71,0,3,0,4,23,18.19959920634921
64,0,2,2,3,9,20.876416666666664
74,1,1,0,0,8,13.576655844155841
61,1,1,0,4,25,15.008571428571434
78,1,2,0,5,8,13.766000000000002
20,0,5,2,6,8,13.708944444444445
31,0,4,2,3,8,15.252738095238092
59,0,4,1,0,17,21.39
80,1,2,1,5,2,20.197277777777778
77,0,1,0,4,4,15.87661904761905
73,0,3,2,0,12,14.478452380952382
26,1,0,1,7,11,11.811952380952384
63,1,5,2,0,21,6.334416666666667
20,1,0,2,6,18,7.233238095238094
37,0,4,0,4,29,7.671892857142857
52,1,2,0,1,17,13.61595238095238
33,1,4,1,4,22,6.287365079365079
23,0,0,2,7,21,19.905166666666663
36,0,3,0,1,23,16.6415
56,0,2,0,1,27,7.915333333333333
66,0,1,2,3,9,20.321916666666667
51,1,4,0,1,14,17.561428571428568
57,1,5,1,2,24,14.511696969696969
21,1,3,2,1,10,12.265535714285715
46,0,1,1,5,4,19.266761904761907
45,0,1,0,0,17,14.211380952380955
81,0,0,2,6,30,9.17759523809524
52,0,4,2,3,15,14.860507936507936
53,1,0,2,7,2,9.25
71,1,1,1,7,22,18.38486111111111
32,0,4,0,0,19,24.47833333333333
76,1,0,2,0,27,13.838757936507937
35,1,1,1,6,11,11.34459523809524
47,0,4,1,7,25,13.967333333333334
73,1,0,2,5,25,19.061428571428575
20,1,0,2,2,13,11.044333333333336
46,0,3,2,0,26,13.736666666666668
21,1,1,2,4,12,20.01238095238095
23,1,4,1,6,6,15.156190476190478
77,1,2,0,3,11,21.699288239538237
66,0,5,1,3,22,18.79652380952381
77,1,1,1,0,25,16.48685714285714
82,0,2,0,4,20,15.717535714285711
60,1,4,2,4,28,10.145309523809525
73,1,3,1,4,17,9.684833333333334
18,1,0,0,1,14,19.94883333333333
78,1,4,2,5,21,13.073110389610392
72,1,3,2,1,26,21.317785714285716
29,0,2,0,3,12,16.445166666666665
68,0,3,2,6,30,19.516666666666666
42,0,3,0,3,21,13.153727633477631
61,0,3,1,1,27,9.995857142857142
85,1,2,1,6,1,15.612333333333336
51,0,1,2,2,16,16.47383333333333
35,1,5,2,1,29,14.313666666666666
51,1,1,1,4,19,16.252845238095244
32,0,5,2,2,7,11.091351370851374
43,0,2,1,1,16,15.0924272949273
75,0,3,0,7,26,17.053428571428572
46,0,1,0,1,4,20.07978571428571
27,0,1,0,6,29,17.720547619047615
79,1,2,1,4,7,7.8031428571428565
25,1,1,2,1,21,12.749909812409813
57,1,3,0,6,17,24.84449999999999
22,1,0,2,2,12,22.612488095238096
44,1,0,0,3,18,19.961333333333332
53,0,0,1,3,7,11.283515151515154
85,0,3,1,0,23,10.077833333333333
49,1,3,2,7,7,17.60182142857143
46,0,4,2,0,2,9.140833333333333
66,1,1,0,7,8,10.282166666666665
50,0,2,0,1,16,16.394714285714283
51,0,0,0,0,16,25.14445238095237
35,0,5,0,0,5,7.423952380952381
53,1,4,1,7,13,9.929269841269841
69,0,4,0,2,8,16.257761904761907
45,0,4,1,7,16,11.882785714285715
65,0,4,0,3,28,18.13377777777778
27,1,0,2,0,1,13.606785714285712
40,0,3,0,4,18,12.886666666666665
74,0,4,0,0,24,17.301666666666666
42,0,0,2,3,30,23.251499999999997
42,0,3,2,2,28,19.457055555555552
61,1,3,0,4,5,16.765011904761906
52,1,4,2,3,22,22.280773809523808
58,1,4,0,7,23,12.865086580086583
59,1,2,2,4,25,4.193011904761906
80,0,0,2,0,9,12.818547619047623
35,0,3,1,7,2,17.386333333333333
45,1,4,0,2,11,22.55333333333333
51,0,1,0,1,5,9.997773448773446
21,1,4,2,7,21,12.969166666666668
69,1,5,1,5,29,4.225
34,1,1,2,2,5,11.742785714285713
41,0,1,0,6,19,15.254317460317466
39,1,3,0,1,20,13.954369047619046
72,0,0,2,1,21,17.47037301587302
56,1,2,2,2,2,23.398166666666665
38,1,0,1,7,13,11.291844155844155
82,0,3,0,7,6,18.033404761904762
26,1,0,0,5,6,11.611202380952381
38,0,2,0,5,26,16.10216666666667
34,1,0,0,3,28,16.898678571428565
79,1,5,0,3,30,21.880333333333336
30,1,0,0,1,5,22.36269047619048
36,0,2,1,5,24,20.962999999999997
39,0,1,0,4,26,14.937476190476191
65,0,5,2,7,11,12.518333333333333
83,0,1,0,4,9,25.481666666666666
78,1,2,2,2,13,20.210833333333333
40,0,0,0,0,12,17.673488095238095
57,0,3,1,5,3,12.98947619047619
82,1,4,2,4,17,15.360166666666663
25,0,1,0,4,3,7.065499999999999
33,0,5,2,3,15,4.922928571428572
59,0,5,2,5,5,16.6425
70,1,0,0,7,16,9.532964285714286
32,1,5,2,3,28,12.088666666666672
72,1,2,1,1,10,13.704666666666663
20,0,1,1,3,9,13.41866666666667
65,0,4,1,0,26,24.23566666666667
69,1,4,2,0,25,17.331166666666665
26,1,0,2,7,9,5.85
62,1,4,1,1,12,18.14033333333333
37,1,2,2,4,26,15.083166666666669
16,1,1,1,1,25,16.968333333333334
75,1,1,0,2,3,6.984333333333333
27,1,0,1,4,19,5.273833333333333
65,0,3,2,7,1,16.231523809523807
32,1,2,1,1,14,17.291
47,1,3,0,0,17,17.599476190476192
57,1,3,1,6,26,9.366936507936506
25,1,1,0,0,4,6.36617857142857
82,0,3,1,5,17,19.763595238095238
43,0,2,0,3,11,15.292333333333334
66,1,0,1,6,23,9.219841269841268
69,0,5,0,4,25,18.17988888888889
41,1,3,1,2,24,11.4185
37,0,5,2,6,27,20.556416666666664
52,1,3,0,5,14,21.868714285714287
59,1,0,2,1,21,20.446333333333335
38,1,4,0,2,17,9.737277777777773
73,0,4,1,4,20,22.229047619047623
72,1,1,2,2,28,20.727396825396816
34,1,2,2,3,30,11.169880952380952
79,0,1,2,7,27,13.188476190476193
25,0,1,1,3,12,21.78510245310245
26,1,2,1,5,29,14.926285714285713
32,0,1,2,7,11,15.16607936507936
44,0,3,1,1,4,21.620187229437235
50,1,4,2,1,11,18.5777619047619
76,0,4,0,3,1,15.317976190476193
39,1,4,2,4,25,18.847928571428568
50,0,2,2,7,13,12.258333333333333
24,0,1,1,6,24,17.273666666666667
52,0,5,1,1,20,13.995261904761907
22,0,4,0,0,24,12.025
72,1,4,1,6,15,17.894999999999996
60,1,1,0,1,24,19.450761904761908
20,1,0,2,0,29,22.09133333333333
25,1,0,2,3,7,16.89667857142857
49,1,5,1,1,23,15.9705
71,1,2,0,1,19,15.08820238095238
30,1,3,2,1,3,17.173714285714286
35,1,1,1,6,3,11.34459523809524
21,1,1,0,0,16,13.508666666666668
57,1,1,0,1,11,17.422507936507934
54,0,1,2,6,5,22.334102009102004
36,0,0,1,2,24,14.124833333333331
62,1,4,1,5,28,12.845333333333333
18,0,1,2,6,13,20.96633333333333
69,1,1,1,5,4,16.652039682539684
29,1,0,2,3,28,14.437499999999998
25,1,0,2,5,11,12.130333333333335
67,0,5,2,7,23,11.8675
38,0,2,2,5,25,14.293369047619045
79,0,5,2,6,8,14.53440476190476
83,0,1,1,4,22,12.746166666666666
35,1,4,0,2,11,25.904
81,0,5,0,7,27,6.706261904761903
36,0,0,0,0,12,10.078520562770564
41,1,4,1,0,10,19.042785714285714
44,0,2,2,6,5,15.230198412698412
42,0,3,1,2,18,11.300395382395385
36,1,4,0,3,30,21.454610750360754
36,1,4,1,7,14,22.19405555555555
72,0,5,2,5,22,20.621595238095242
54,0,2,1,2,25,11.232851731601729
43,0,1,2,1,18,22.446238095238094
52,0,3,0,1,16,16.951000000000008
42,0,5,1,5,23,11.102468253968253
63,1,1,1,5,14,13.514587301587298
52,0,2,1,0,19,18.72996825396826
52,0,3,0,1,24,16.951000000000008
55,0,4,0,6,8,15.657440476190475
43,1,4,1,4,22,3.0686666666666667
37,1,5,1,5,27,17.884142857142862
66,0,2,2,7,23,22.079642857142858
76,0,5,1,0,2,13.956357142857142
48,0,2,2,6,29,18.707968253968257
80,1,2,1,1,15,26.31350432900432
61,1,0,2,0,29,19.976666666666667
27,0,3,2,3,19,18.27570238095238
80,1,5,1,4,30,13.92840476190476
24,0,2,1,7,17,8.837940476190477
21,0,5,0,1,29,12.428444444444445
71,1,3,2,4,17,15.832821428571433
40,1,2,2,5,11,22.942404761904765
65,1,2,0,7,22,14.954494227994223
42,0,4,0,6,27,13.373250000000002
60,1,0,2,2,21,19.53625
58,0,0,0,6,1,14.58721428571428
74,1,1,1,1,21,18.9695
32,1,2,0,3,12,15.938428571428569
75,0,5,0,6,27,15.859500000000004
22,0,5,2,2,10,21.52938095238095
70,1,3,0,7,6,17.880154761904762
82,0,0,2,4,5,16.8266158008658
27,1,0,1,3,16,11.82075
64,1,2,1,2,1,23.584428571428568
72,0,3,1,7,27,20.984392857142858
64,1,2,2,4,20,6.716714285714285
21,1,1,0,4,29,15.658361111111107
84,0,4,2,3,16,9.989619047619048
60,0,5,2,3,14,12.738833333333332
49,0,4,0,3,28,19.27006529581529
30,1,4,1,2,28,5.625190476190477
50,0,3,1,4,29,13.719642857142858
46,0,3,0,0,27,10.609380952380953
23,0,4,1,6,12,8.217785714285714
19,0,0,1,6,18,11.292912698412694
36,1,4,0,3,13,21.454610750360754
50,1,0,0,0,27,24.597404761904762
32,1,1,0,5,11,15.455333333333334
39,0,2,0,7,25,17.897107142857145
45,1,4,1,7,10,20.07591666666666
66,0,2,2,4,28,8.461827561327562
26,1,1,2,0,30,17.663654761904763
37,1,2,0,5,9,23.417464285714285
83,0,4,1,0,27,19.904999999999998
25,1,5,0,6,26,6.343738095238094
82,1,2,0,0,7,9.900833333333335
26,0,2,0,7,19,9.978
83,1,4,0,1,20,15.664523809523807
44,0,2,2,1,3,7.972058441558442
79,1,4,2,5,17,8.188968614718611
69,0,5,1,2,4,14.794103174603169
63,0,1,2,2,20,18.013142857142856
46,0,4,2,3,26,10.972007936507937
77,0,5,2,0,14,21.25795238095238
32,0,2,0,6,14,9.869333333333334
20,0,0,1,6,30,9.591306998556998
41,0,1,1,2,11,26.213833333333334
49,0,2,1,3,12,21.082358974358975
80,0,1,1,6,23,25.409269841269843
62,1,3,1,0,8,16.23634632034632
55,0,2,2,7,21,17.709285714285716
83,0,2,1,0,22,18.04438888888889
51,0,5,1,1,24,14.804464285714287
51,0,1,1,4,24,15.051666666666662
75,0,4,0,6,26,23.129182539682542
83,1,1,2,7,25,21.00657142857143
44,0,4,1,5,29,25.015833333333333
19,0,2,0,4,9,26.57675
79,0,5,2,0,26,18.187166666666666
23,0,2,1,1,11,11.399404761904762
43,1,4,0,3,17,20.080952380952382
56,1,0,0,1,20,11.959524531024535
78,0,4,2,2,8,12.908444444444442
38,0,2,1,7,11,14.931500000000002
57,0,3,2,5,21,13.661511904761904
59,0,0,1,1,9,10.278392857142858
70,1,3,2,1,11,19.286654761904757
64,1,2,0,2,25,14.696976190476194
54,0,2,1,5,28,10.182833333333331
59,1,0,0,6,5,14.329924603174602
48,0,0,1,3,24,23.211666666666666
72,1,5,0,1,24,19.242761904761906
75,1,5,1,7,19,11.944999999999999
19,0,0,0,0,14,10.667166666666665
33,1,4,2,2,1,6.424670634920635
75,0,1,2,0,7,16.417974386724392
45,1,1,1,5,11,22.813000000000002
40,0,5,0,6,21,14.709654761904762
69,0,4,0,3,1,13.744690476190476
19,0,0,0,0,29,10.667166666666665
33,0,0,1,2,12,6.80311038961039
30,0,4,0,5,13,11.751071428571427
77,1,5,2,2,12,9.686551587301588
35,1,5,1,2,1,8.03851984126984
64,1,0,2,6,19,7.543589743589745
78,1,3,2,7,8,4.528333333333333
34,0,5,0,0,18,15.381499999999999
68,0,4,0,7,2,19.390082251082255
26,1,3,2,4,12,22.735833333333325
45,1,2,2,3,21,9.956895743145742
84,1,2,2,1,16,10.333214285714284
61,0,2,2,4,20,21.763829920079928
62,1,1,0,2,26,14.67696753246753
18,0,1,1,0,25,19.518115079365078
32,1,0,1,5,25,20.556571428571434
48,1,0,0,1,7,13.185821428571428
72,1,1,0,5,27,14.764833333333334
64,1,1,2,2,13,24.669047619047618
49,1,5,2,5,27,19.276964285714286
39,1,0,0,1,11,24.139
50,1,1,2,0,18,20.2465753968254
54,1,2,2,4,26,17.36000721500722
32,0,4,0,1,28,6.127222222222222
80,0,0,0,6,7,10.595666666666665
60,1,1,2,3,18,17.47066666666667
33,0,5,0,5,10,13.62266666666667
55,0,3,1,4,13,20.858166666666666
21,0,3,2,6,30,8.188
60,1,1,1,7,3,6.961833333333334
43,0,1,1,2,4,9.247424242424243
23,0,1,0,6,29,10.831257936507937
54,0,0,1,1,3,16.626547619047617
69,1,0,1,2,26,11.836380952380953
56,1,0,2,1,24,3.820238095238096
31,1,2,0,6,13,13.435356837606832
53,1,1,0,6,18,25.525333333333332
74,1,2,0,3,5,15.083464285714287
23,0,1,0,4,2,15.1275
83,1,4,0,2,13,24.52725000000001
77,1,4,2,3,21,11.217379870129871
66,1,3,1,1,21,16.703500000000002
79,1,3,0,6,20,25.4675
64,0,4,1,1,6,16.149595238095234
70,1,4,1,0,12,11.674119047619048
77,1,1,1,7,17,11.586309523809526
71,0,5,1,1,19,10.207535714285715
26,0,4,1,5,24,13.075214285714283
38,1,3,1,6,20,14.152833333333334
27,0,4,1,0,22,17.14919047619048
58,1,4,2,6,5,19.157630952380952
77,1,3,0,5,28,16.00885714285714
51,0,2,0,5,3,15.606202380952384
55,1,0,0,5,19,4.81807142857143
83,0,0,2,3,24,13.2375
42,1,5,1,4,8,17.13536904761905
40,1,1,2,0,4,14.722083333333332
80,1,2,0,4,4,12.923166666666669
52,1,4,2,1,19,17.70058333333333
81,1,5,1,2,6,11.16520707070707
41,1,4,1,6,16,16.364452380952386
45,1,5,1,4,22,13.674499999999998
81,1,2,1,0,25,21.398833333333332
18,0,3,0,5,27,9.763853174603176
58,1,4,1,6,19,23.530789682539684
35,0,0,1,7,3,23.216428571428573
34,1,3,2,5,19,13.630223304473304
59,0,2,1,2,20,21.33
83,0,1,2,7,17,16.745825396825392
35,1,0,1,4,15,22.138
72,1,4,0,7,10,19.90219047619047
65,1,2,1,1,13,15.924992063492061
25,1,5,1,1,16,15.638071428571426
38,0,4,0,7,25,19.190416666666668
71,1,3,2,2,25,17.21567857142858
78,1,3,2,6,22,10.546880952380954
50,1,3,1,2,9,14.98720110445111
70,1,4,1,6,8,8.94045238095238
40,1,5,2,2,10,14.984833333333334
29,0,3,1,7,17,24.41416666666666
35,0,3,0,0,25,9.546
47,0,2,1,7,12,17.351303030303036
25,1,4,0,3,2,23.509000000000004
84,1,4,1,5,10,16.002166666666668
83,1,0,2,5,16,10.762365079365079
63,1,3,2,1,13,13.41975867269985
29,0,2,2,6,29,13.624087301587302
62,0,5,0,7,21,28.84407142857143
33,1,1,0,5,28,13.690333333333333
46,1,5,0,7,14,13.034642857142858
22,0,0,0,2,1,22.48785714285715
54,1,3,2,0,7,19.558833333333332
23,0,3,2,4,9,18.57485714285714
50,0,3,0,2,8,10.608928571428567
73,0,2,0,1,27,14.805408730158728
46,0,3,2,7,12,10.194833333333335
51,1,2,1,2,21,17.12233333333333
39,1,5,2,3,27,14.521583333333332
23,1,5,1,4,13,18.650015873015874
24,1,5,0,2,30,12.271869047619047
55,0,1,2,1,23,8.871666666666666
70,1,3,0,6,14,5.2945
27,0,0,2,1,9,19.38406782106781
22,0,5,1,7,13,11.530416666666666
42,0,1,0,7,16,15.716616883116883
68,0,5,2,7,9,5.653833333333333
59,0,5,0,6,3,21.923683982683986
71,1,1,2,6,23,17.27695238095238
40,1,4,1,6,3,14.61671428571429
57,0,1,1,1,4,14.147892857142857
82,0,2,2,4,13,25.349952380952374
24,1,3,1,4,6,6.75440909090909
70,1,2,0,5,10,15.526666666666666
50,0,5,2,4,1,24.016928571428565
56,0,2,1,1,29,9.775833333333333
57,1,1,0,4,2,20.009025974025977
82,0,5,0,0,14,13.308501803751808
51,0,2,0,7,14,10.59597619047619
74,1,4,1,4,8,19.858547619047613
72,0,0,0,0,11,8.607119047619047
31,0,0,0,5,19,7.200035714285711
30,1,0,1,1,15,20.994226190476194
39,0,3,1,1,9,5.937833333333334
57,0,3,1,2,26,17.421115079365077
26,1,5,0,7,11,16.13258333333333
78,0,2,1,6,20,14.86000396825397
54,0,3,0,3,3,18.931653846153843
25,1,1,2,1,28,12.749909812409813
35,0,2,2,3,30,21.245821428571432
79,0,3,1,1,17,22.413964285714286
54,1,1,2,6,21,25.100880952380955
24,1,2,2,6,17,16.36466666666667
63,1,4,1,7,16,24.158664502164502
61,0,3,1,0,17,21.62066666666666
53,0,4,2,5,27,16.5695
49,0,1,2,5,25,12.80045238095238
57,0,0,2,7,3,6.7945238095238105
68,1,2,1,6,12,13.083083333333336
70,0,3,2,1,3,15.042813492063493
44,1,4,2,1,7,22.912333333333333
23,1,2,1,7,24,9.811656565656566
72,0,1,0,3,7,14.792880952380953
55,1,5,2,3,12,9.640523809523811
23,0,5,0,6,4,12.793702380952379
24,1,1,2,6,18,22.297666666666665
53,0,1,0,0,26,16.14401776001776
72,1,4,1,5,24,15.947333333333333
35,0,5,1,3,15,12.77266666666667
28,1,2,2,2,17,20.3105
34,1,0,0,1,17,8.996741702741707
66,0,1,0,2,8,15.798749999999998
66,1,0,1,0,4,7.044452380952381
71,1,0,2,4,6,14.903714285714283
55,0,1,2,2,14,22.421607142857138
57,0,2,1,0,19,20.605896825396826
45,0,1,1,0,10,7.554444444444446
76,1,0,1,0,11,20.298354118104122
78,0,4,0,6,1,14.280412698412702
51,1,5,0,4,6,13.064000000000004
55,0,3,2,3,15,5.7555
43,0,0,2,1,2,13.68225793650794
18,1,5,1,0,29,11.922869047619049
20,0,4,0,4,6,15.113166666666668
47,0,2,2,7,2,17.286500000000004
22,0,3,0,1,3,9.987999999999998
54,1,2,2,7,12,17.88140476190476
34,0,1,2,7,9,14.685833333333335
41,0,1,1,3,12,17.551714285714286
78,0,4,2,0,17,21.120833333333334
74,0,2,2,0,14,12.44978846153846
28,1,5,2,7,11,16.49385714285714
34,1,3,2,3,14,20.063976190476186
67,1,2,2,1,19,24.491999999999997
70,0,5,1,5,7,17.21180952380952
37,1,5,2,4,21,28.09216666666667
47,1,3,0,4,16,19.445809523809523
18,1,0,2,5,27,14.343333333333332
54,1,3,0,5,24,15.977559523809523
53,0,2,1,5,9,20.587420634920637
50,0,3,2,3,15,9.699166666666668
76,0,3,1,2,24,18.31241666666667
48,1,4,0,0,23,12.212297619047618
70,0,1,1,3,15,11.661333333333332
35,1,5,2,1,18,14.313666666666666
24,1,2,1,7,22,10.807411616161614
49,0,3,2,1,20,9.540234126984124
25,0,1,1,7,20,21.38861904761905
64,0,3,2,4,17,12.982142857142858
84,1,2,1,7,15,13.294833333333333
18,0,5,2,3,30,18.171011904761905
34,1,0,1,5,9,15.891845238095236
66,1,0,0,0,4,5.481666666666667
24,1,1,1,0,14,16.304488095238096
52,0,2,1,0,16,18.72996825396826
19,0,5,2,4,7,8.803202380952378
64,1,0,0,3,6,23.54583333333333
67,1,5,1,5,27,12.754261904761904
39,1,3,1,7,30,12.515654761904763
32,1,5,2,7,1,20.598071428571426
76,0,1,1,4,16,17.948714285714285
46,0,3,2,6,2,13.705190476190475
38,1,3,2,0,24,10.79797619047619
76,1,1,0,3,29,13.934261904761906
79,1,2,2,7,29,12.09716666666666
21,1,4,2,2,15,14.536559523809526
60,1,1,2,2,28,12.209484126984131
75,1,1,1,2,25,12.544928571428573
22,0,4,2,6,30,14.199003246753245
27,1,0,2,4,25,7.9602658730158735
40,0,1,0,6,24,19.664746031746027
78,1,2,0,2,10,12.038619047619049
74,1,0,0,3,3,12.125690476190478
72,1,0,1,4,12,18.372619047619047
48,0,3,2,3,19,17.1172380952381
59,1,4,2,1,13,16.65533333333333
78,1,0,0,1,30,14.294285714285715
21,0,0,1,6,13,12.62735064935065
39,1,5,0,4,20,16.343555555555557
43,0,4,0,7,13,7.791444444444444
23,0,4,2,3,18,14.129083333333334
22,1,1,0,5,5,17.919
50,0,3,2,4,25,16.628690476190478
73,1,4,0,6,29,10.417416666666666
41,0,1,1,6,11,13.787761904761906
50,1,3,0,4,29,18.415238095238095
41,1,2,2,1,4,15.041619047619047
29,1,3,1,1,24,12.300761904761906
20,1,2,2,2,2,19.94
29,0,2,1,3,11,17.079833333333326
55,1,4,0,4,23,16.21545238095238
66,0,0,0,0,25,9.009722222222221
31,1,5,1,3,18,8.574166666666667
50,0,2,1,1,5,15.540210317460316
64,0,1,1,2,8,23.701059523809523
67,0,1,0,3,25,5.402888888888889
78,1,1,0,6,16,20.92247619047619
36,0,3,0,4,20,23.53766666666667
27,0,2,1,3,17,18.42780952380952
21,0,2,2,0,18,5.011666666666667
36,1,3,1,6,27,12.800999999999998
27,1,5,0,1,4,22.187928571428564
69,0,5,1,2,26,14.794103174603169
38,0,3,1,6,10,19.67976875901876
49,0,1,0,6,16,19.07882142857143
34,0,4,0,3,16,16.261714285714284
82,0,0,0,6,18,13.521988095238099
32,0,0,1,7,8,10.23131746031746
30,1,4,0,4,19,20.499333333333333
44,0,3,2,3,20,13.84945238095238
78,0,0,1,5,2,13.245238095238097
61,1,5,0,6,2,12.727574314574312
41,1,2,0,2,28,19.518039682539687
35,1,1,2,2,21,14.319009379509387
79,1,2,0,2,9,17.273583333333335
65,0,5,1,6,30,14.118142857142857
69,0,0,2,2,7,11.84061904761905
79,0,5,0,6,4,18.23345634920635
63,0,0,1,5,21,15.053702380952377
26,0,3,1,6,6,8.040738095238094
24,1,5,1,0,29,22.960619047619048
60,1,5,0,3,30,15.101015873015875
47,1,0,1,0,20,8.869499999999999
30,1,3,2,3,21,16.967333333333332
41,1,5,0,4,23,17.98085714285714
63,0,2,0,6,6,12.180976190476192
46,1,5,2,4,30,22.08319047619047
38,1,4,2,5,4,13.507380952380954
29,1,2,2,3,4,18.77042857142857
26,0,2,2,0,29,12.3479880952381
68,0,0,1,2,28,19.101999999999997
62,1,5,0,3,25,13.937888888888887
31,0,2,0,3,22,12.72217857142857
65,0,0,0,7,20,11.537222222222221
27,0,5,0,7,29,14.923007409257409
73,0,5,0,3,14,19.559583333333336
48,0,2,0,3,5,16.19852380952381
34,0,1,0,3,21,12.760589826839828
62,1,4,1,2,14,17.13095238095238
32,0,4,0,6,25,14.156928571428566
62,1,3,1,4,8,15.394952380952384
45,1,0,2,0,20,23.020833333333336
69,0,2,0,1,2,12.594380952380954
63,0,0,1,3,11,16.55159523809524
72,0,4,0,1,29,18.710079365079366
43,0,1,0,1,11,15.554205988455985
37,0,5,1,0,7,15.580476190476189
78,0,3,2,0,6,20.369809523809526
29,0,4,0,6,2,16.576
45,0,1,1,3,9,15.902055555555556
35,1,3,0,2,1,19.675416666666663
74,1,4,2,2,30,11.608646825396825
42,0,2,1,3,1,15.068619047619045
38,1,3,0,7,15,8.006714285714285
41,0,1,0,3,27,16.627873015873018
28,0,5,1,2,26,17.107392857142855
46,0,5,1,2,27,12.635666666666669
79,0,4,1,7,22,16.577904761904755
60,0,2,2,6,11,12.950657009657007
63,1,0,1,3,5,14.965666666666671
40,0,2,0,4,16,14.642261904761906
66,0,2,0,2,27,19.932425324675325
19,0,4,1,5,19,19.561928571428567
64,1,1,2,1,3,11.226190476190476
19,0,0,2,1,26,18.625824675324672
48,0,4,0,3,1,16.840960317460322
82,0,0,1,2,5,11.95779365079365
31,0,5,2,0,26,6.5680000000000005
33,0,0,1,0,24,10.573523809523806
24,0,2,2,2,14,16.361166666666666
42,1,0,1,3,2,20.13057142857143
35,0,0,1,1,21,19.582499999999996
37,1,1,0,2,21,19.823587301587303
70,0,0,1,2,23,15.924690476190474
85,1,2,0,4,18,13.851666666666667
79,0,5,1,7,16,24.74875
82,1,5,0,7,27,23.060285714285715
55,1,3,0,1,21,16.29251515151515
47,1,3,2,2,11,18.739785714285716
28,1,2,2,0,6,17.59038095238095
41,0,3,2,7,9,9.055666666666665
64,0,0,1,6,17,16.36864682539683
77,0,3,1,2,9,18.73024458874459
35,0,1,1,1,24,19.96814285714286
63,1,3,2,5,20,12.190666666666669
66,1,4,2,4,21,25.96633333333333
31,0,0,0,4,14,6.4965
51,0,5,2,2,25,25.90942857142857
43,1,0,1,3,2,12.386049783549781
36,1,2,2,0,7,25.864333333333335
46,1,1,2,5,27,12.001595238095238
82,0,0,0,1,25,20.476787878787878
80,1,1,0,5,3,15.256523809523808
69,1,1,2,5,10,18.66325396825397
34,0,0,2,3,26,10.0925
39,1,2,2,0,13,17.930454545454545
45,0,2,1,4,20,11.609341575091575
82,1,2,1,2,28,14.469384920634923
62,0,1,0,1,27,24.924095238095237
49,0,0,1,6,4,15.550067460317464
50,0,1,1,2,6,14.686880952380955
55,0,5,1,2,17,15.861333333333334
72,0,2,1,1,23,13.371809523809521
28,1,5,2,5,1,18.596428571428575
40,1,3,0,5,15,15.11415079365079
22,0,0,0,6,21,9.840835137085138
28,0,5,2,0,2,17.737329365079365
18,1,4,0,0,22,15.890173160173157
31,0,5,0,6,7,19.554060606060606
62,1,4,1,4,17,10.094928571428571
29,0,5,2,0,24,9.881071428571428
51,1,3,1,6,25,17.098785714285714
44,1,0,2,1,24,20.70372619047619
70,0,1,1,5,8,17.89954761904762
61,0,1,1,1,1,8.759666666666668
43,0,5,0,1,13,12.964333333333334
46,0,5,2,1,8,23.51233333333333
67,0,1,0,5,22,17.389177489177488
66,1,3,1,3,11,8.86888888888889
45,0,3,0,5,6,18.99511507936508
33,1,3,1,5,13,9.344432539682542
50,1,0,0,5,14,19.77728174603175
42,1,2,0,4,25,14.687714285714286
24,0,5,1,0,5,13.36625
29,1,1,1,3,23,22.012833333333333
63,0,5,0,2,15,21.490595238095242
21,1,3,2,3,19,8.119
52,1,4,1,2,14,13.516333333333332
64,1,3,2,4,1,4.930119047619048
32,0,4,1,1,11,7.7527976190476195
49,0,5,0,1,29,16.855595238095237
40,1,4,2,7,4,24.72622222222222
46,0,3,1,4,17,14.191809523809523
78,1,1,1,2,30,4.861833333333333
58,0,2,1,7,6,15.102627594627599
18,0,3,2,0,2,17.295499999999997
23,0,4,2,2,18,12.502603174603175
33,1,1,1,5,23,16.732476190476188
19,0,0,1,5,14,19.49832142857143
39,0,3,2,2,11,16.952
32,0,3,1,1,23,5.12047619047619
59,1,0,1,5,13,16.295
85,0,1,1,1,1,12.075833333333335
62,1,1,0,1,17,27.115666666666666
21,1,3,1,5,11,20.49786904761904
71,1,5,0,6,8,16.65147619047619
49,1,3,2,4,2,21.649333333333335
59,1,2,1,1,4,10.654416666666666
26,1,0,1,1,18,11.237583333333331
25,0,4,0,3,18,17.50297619047619
22,1,2,1,0,20,15.47129761904762
25,1,1,1,6,8,13.933708874458878
60,1,5,0,7,20,12.714952380952381
55,0,2,1,5,2,12.636999999999999
83,0,3,0,7,30,18.477833333333333
24,0,1,0,6,18,9.225
35,1,5,1,7,2,19.678083333333333
82,1,2,2,4,15,21.53033333333333
31,0,1,2,7,5,14.09357142857143
73,0,5,2,6,2,14.09716666666667
40,1,3,0,2,28,9.515500000000001
85,1,1,0,0,2,18.050309218559224
56,1,2,0,0,27,15.150020070572703
19,0,5,2,2,14,17.266571428571428
72,0,2,1,0,22,25.815654761904756
28,0,2,0,4,25,17.73461904761905
41,1,2,0,3,7,12.499714285714285
25,1,3,1,4,4,13.947833333333335
39,1,0,2,5,28,14.330267316017325
35,0,1,0,5,1,12.113833333333334
31,0,2,1,3,8,16.228261904761904
43,0,2,2,6,3,13.998456349206348
85,1,5,0,6,12,15.347903679653681
60,0,0,0,5,20,15.794984126984128
56,1,1,1,0,27,15.6520873015873
58,1,4,0,5,24,16.506928571428574
82,1,3,2,4,11,12.649468253968253
50,1,0,0,7,29,16.002602841602844
65,1,2,2,2,27,12.619166666666665
53,0,2,0,4,17,17.031095238095237
71,0,0,0,4,19,22.108666666666664
76,1,1,2,4,13,11.341857142857146
22,0,4,0,0,28,12.025
85,1,3,0,4,10,12.061619047619047
58,0,1,2,6,13,11.082916666666666
31,0,4,2,6,17,18.123666666666665
72,0,2,1,2,25,7.816380952380952
81,1,3,0,4,8,18.456642857142857
73,0,0,1,1,12,14.487405844155845
35,1,2,0,4,8,15.264257936507938
40,0,2,0,4,17,14.642261904761906
27,0,3,1,0,21,16.333920634920634
19,0,5,1,4,25,22.01223809523809
34,0,1,2,7,6,14.685833333333335
78,0,1,2,6,22,13.543333333333335
59,1,5,0,2,21,15.489325396825395
74,0,1,1,5,3,13.015285714285715
53,0,1,1,4,23,13.94607142857143
24,0,3,0,5,1,26.50136904761905
47,1,4,1,2,14,8.958095238095238
83,0,1,0,6,1,22.230420634920637
50,1,0,2,0,12,18.60544047619048
63,0,3,0,3,26,19.0505551948052
57,1,2,2,6,16,21.409378787878786
84,0,1,1,2,12,18.781833333333335
61,0,0,0,6,11,10.557809523809524
70,0,5,2,2,13,8.0715
53,1,2,2,1,29,13.731416666666666
36,0,5,0,2,18,12.603166666666667
70,0,5,2,6,19,8.098809523809521
72,1,5,1,7,12,26.060666666666666
49,1,1,2,2,14,11.044063492063497
30,0,5,2,6,20,10.128571428571428
73,1,1,2,6,17,19.251563492063486
51,0,0,2,3,11,14.494015873015877
22,1,5,1,0,29,5.082443722943723
80,1,5,2,6,28,20.142857142857146
29,0,4,1,7,24,14.368261904761905
64,0,3,0,3,7,15.607857142857142
30,1,3,0,2,16,20.131769841269833
82,0,5,1,4,16,15.086333333333334
26,1,4,1,2,13,22.7945
48,0,0,0,7,16,13.541095238095236
67,0,0,1,2,14,15.012833333333333
81,0,4,1,1,3,12.70916666666667
64,1,2,0,6,4,14.58564285714286
84,0,0,1,2,11,17.790857142857146
37,0,1,0,1,1,18.67738095238095
53,0,1,1,4,16,13.94607142857143
23,0,5,0,4,10,14.126503968253967
72,0,4,2,0,25,13.402999999999999
21,1,3,1,4,18,13.782540404040406
37,1,5,2,6,14,17.698690476190478
24,0,3,1,4,10,13.805019480519482
83,0,4,2,6,18,17.84916666666667
43,0,4,2,2,2,14.218023809523809
43,1,4,1,0,30,21.56379653679653
64,0,0,1,2,10,16.952999999999996
45,1,0,0,3,13,14.429437950937952
44,1,1,1,4,30,20.6607619047619
24,0,1,1,5,26,19.881238095238096
82,1,2,1,7,27,19.448071428571428
76,0,2,2,4,10,8.177000000000001
67,1,5,1,6,27,20.741730158730153
36,1,4,0,6,4,9.812333333333333
77,0,3,2,1,18,16.955476190476194
19,1,0,1,1,27,18.355166666666666
22,0,4,2,2,8,21.075357142857143
39,1,3,2,0,7,16.983253968253965
50,1,5,0,6,28,12.58034523809524
80,0,1,1,1,16,11.952277777777779
26,0,0,1,5,27,12.674190476190477
80,1,1,0,5,3,15.256523809523808
27,0,4,2,2,28,14.26435317460317
52,0,2,1,5,6,18.431214285714287
57,1,2,2,3,8,13.028452380952382
43,0,1,1,7,23,18.24892063492064
75,1,0,2,0,13,17.57966666666666
40,1,4,0,4,19,14.472952380952384
66,1,2,2,6,2,12.886761904761904
49,1,0,2,3,29,16.695964285714282
45,0,3,1,4,12,15.875047619047615
45,1,2,2,6,10,8.040880952380952
19,1,0,2,3,25,15.341976190476188
80,0,0,1,2,30,17.624166666666664
67,1,3,1,4,7,10.854326118326119
19,0,0,0,0,19,10.667166666666665
35,1,1,2,2,29,14.319009379509387
26,0,0,2,0,10,11.224333333333334
39,0,1,0,6,8,20.000833333333333
68,1,2,2,5,17,22.53043650793651
39,1,1,1,2,11,15.94430158730159
69,1,0,0,3,8,8.994087301587303
51,1,4,2,1,5,18.670428571428573
46,1,3,1,7,23,16.20121428571429
62,0,0,2,4,30,15.32397619047619
57,0,2,1,4,18,20.357202380952387
82,1,3,2,2,2,14.454666666666665
76,1,5,0,5,4,22.224999999999994
52,0,2,0,3,16,8.208619047619049
80,1,4,2,5,13,10.91325793650794
63,0,2,1,2,28,10.457654761904765
84,0,5,2,5,9,22.14858333333333
63,1,1,0,3,7,17.274285714285714
42,0,2,2,4,28,6.954523809523809
42,0,4,2,5,17,8.832166666666666
41,1,5,0,6,19,12.682591269841268
82,0,1,0,3,27,24.635166666666663
79,1,2,0,6,14,23.364285714285714
38,1,2,2,4,11,5.224833333333333
66,1,5,2,5,12,15.896014069264067
43,0,0,0,2,12,15.49525
66,0,4,2,5,15,14.317393578643573
66,1,1,0,5,20,21.97135714285714
71,0,1,1,0,9,13.395500000000002
27,1,4,2,6,22,19.93183333333333
29,0,2,1,6,8,8.10233333333333
35,0,4,0,4,24,14.107952380952378
19,1,2,1,5,6,8.403388888888893
32,0,4,0,5,15,3.808833333333334
72,0,1,2,0,26,20.239309523809524
82,1,2,2,2,7,8.574821428571429
19,0,0,2,1,7,18.625824675324672
54,0,3,2,0,6,22.80157142857143
33,0,1,2,6,11,11.323666666666668
55,1,0,2,7,27,7.042452380952381
60,1,0,2,3,13,19.01927380952381
29,1,0,0,0,5,16.79502380952381
63,1,2,2,4,19,13.071999999999997
32,0,5,1,2,4,15.952690476190476
33,1,2,1,0,9,9.472999999999999
89,1,2,0,6,17,18.240166666666667
50,0,4,0,4,28,18.967499999999994
21,0,1,2,1,22,21.9175
53,1,5,1,6,21,16.239039682539683
81,0,3,1,5,13,12.06445634920635
37,0,3,0,3,28,14.541973665223669
42,0,1,0,2,28,15.279873015873015
69,0,4,2,2,5,17.273785714285715
60,1,3,0,2,18,18.30707142857143
74,0,5,2,0,28,22.393083333333333
26,0,1,2,4,26,18.469571428571427
74,0,5,0,5,15,15.306230158730159
63,0,5,1,6,4,14.466010461760469
84,1,5,1,5,28,16.267333333333337
38,1,1,0,2,26,19.85164285714286
63,0,1,1,6,13,19.30594047619048
20,1,1,0,7,19,19.93616666666667
68,0,3,0,2,8,17.537539682539684
46,0,0,2,2,27,24.44091666666667
60,0,2,0,7,22,18.57788888888889
22,1,2,0,4,11,16.98384126984127
84,0,4,0,0,18,16.362607142857136
64,0,2,2,5,22,12.35086904761905
36,0,1,2,1,18,16.84790476190476
33,1,1,2,1,14,20.322
31,1,4,0,1,10,18.131833333333333
51,1,2,2,4,4,19.892333333333337
81,1,4,1,5,1,8.490789682539681
31,0,2,1,6,3,16.11234523809524
24,0,2,1,1,14,13.580666666666666
54,1,2,0,6,16,22.86457142857143
79,0,0,2,5,7,19.09746428571428
21,1,4,1,2,26,19.781884199134197
67,0,4,2,0,20,12.556103174603175
60,1,3,2,0,18,17.62542857142857
18,0,0,1,7,22,17.395083333333336
24,0,4,0,2,2,23.329668109668113
33,1,1,1,2,29,20.859523809523807
36,1,3,1,7,5,13.102083333333331
54,0,5,0,5,18,22.495952380952374
32,0,3,2,6,1,11.278047619047618
80,0,2,1,6,22,18.039023809523805
30,1,4,1,7,27,16.078500000000002
76,1,1,0,5,11,16.759547619047623
77,1,2,1,3,17,22.701285714285714
31,0,5,0,7,9,11.190857142857142
59,0,1,2,6,14,12.21804761904762
60,1,4,2,6,18,14.836785714285714
75,0,4,0,1,23,14.755133838383834
76,1,4,0,1,20,13.888047619047619
39,1,0,2,4,25,17.959400793650797
70,0,4,0,7,16,19.023714285714288
65,1,5,2,6,30,19.44004761904762
22,0,1,1,3,16,19.706333333333333
64,1,5,1,4,8,18.876812409812416
34,1,4,2,3,25,12.73619047619048
80,0,3,0,0,20,12.976471861471857
51,1,2,1,4,28,24.711809523809524
67,0,3,0,2,27,14.682773809523807
27,0,5,0,2,20,13.764619047619046
52,1,2,2,3,5,20.71901190476191
48,0,2,2,4,1,16.468911255411253
83,0,1,2,6,14,18.73040079365079
23,1,3,0,7,21,25.22064285714285
53,1,5,1,6,12,16.239039682539683
43,1,5,2,3,12,4.9587142857142865
22,1,3,0,3,21,12.238166666666666
40,0,0,1,3,19,9.449642857142857
53,1,0,2,5,1,18.6874256021756
46,0,3,0,1,20,15.560071428571431
35,0,5,2,2,1,13.59320238095238
33,0,2,2,0,26,17.078928571428577
28,1,5,2,3,24,5.2240714285714285
50,1,1,2,2,15,19.855654761904763
28,0,0,0,7,29,24.29575
31,0,5,2,1,21,17.217761904761904
57,1,5,2,2,25,9.269305638805639
72,1,2,1,2,20,11.717095238095235
37,1,2,0,2,30,13.649666666666668
41,0,4,1,1,13,14.786658730158731
49,0,5,1,1,27,11.439880952380951
25,0,1,1,6,28,17.872714285714288
52,0,5,0,3,16,16.058821428571427
24,1,2,1,3,12,5.682333333333333
81,1,2,1,7,20,17.176261904761905
76,0,2,2,6,14,23.122000000000003
28,0,2,2,1,23,15.50531349206349
50,0,5,2,2,17,14.449499999999999
79,1,1,0,2,26,12.801261904761905
24,1,2,1,4,23,18.430545454545456
51,1,5,0,1,11,13.584428571428571
66,1,4,1,7,11,11.06686904761905
50,1,0,2,5,25,17.359190476190477
72,0,2,1,0,24,25.815654761904756
37,0,5,1,5,27,6.235321428571428
23,0,2,1,6,20,18.132429653679655
56,1,3,0,0,22,14.731626984126981
18,0,4,0,7,7,23.658905483405483
59,0,5,0,6,30,21.923683982683986
40,1,3,0,0,23,24.409047619047616
30,0,1,0,0,30,9.53202380952381
25,1,5,0,2,28,19.26978571428571
24,0,3,0,0,21,19.226333333333333
81,1,1,0,5,23,13.822117216117217
59,1,5,2,4,1,12.05752380952381
30,0,5,0,0,26,11.369755411255412
29,0,4,0,3,12,16.371547619047618
33,0,4,2,4,5,17.25159126984127
19,0,1,2,6,2,15.624666666666666
53,1,1,2,7,19,20.0105
52,1,3,2,3,24,15.428988095238097
27,0,3,1,4,28,24.15511904761905
35,1,2,2,7,19,15.178642857142862
24,1,0,0,3,27,14.990809523809524
52,1,2,1,0,21,23.044968253968253
34,0,2,0,2,20,10.680666666666665
34,1,2,2,4,13,17.742333333333335
58,0,0,1,2,14,25.018500000000003
77,1,5,0,7,28,12.163627705627702
41,0,5,0,7,30,15.996749999999999
59,1,0,0,4,15,15.63146645021645
51,0,3,1,2,23,12.33936804861805
76,0,5,1,3,18,23.012751082251086
73,0,4,2,2,17,19.364069264069265
83,0,1,2,6,14,18.73040079365079
48,0,2,0,3,18,16.19852380952381
49,1,4,0,6,11,15.814916666666662
69,0,2,1,1,7,20.717047619047616
29,1,1,1,5,28,5.581261904761903
41,0,5,2,6,14,11.417190476190477
75,1,4,1,1,13,11.991642857142857
82,1,0,2,4,7,19.532964285714286
68,0,3,2,5,9,20.450152597402596
28,1,0,0,7,28,17.805232600732598
85,1,1,2,3,30,21.210666666666665
82,1,3,2,0,21,21.648333333333326
34,1,3,1,1,13,16.236396825396827
77,1,4,0,0,24,11.138130952380953
63,0,4,2,3,2,13.963951659451663
68,1,1,2,6,1,10.90505952380952
71,1,2,0,0,4,11.74090476190476
54,1,3,2,1,19,11.573714285714289
35,0,5,1,3,26,12.77266666666667
49,1,3,2,1,18,13.875575396825395
56,1,4,0,7,25,16.611972222222224
59,0,4,2,6,30,12.766456654456656
57,0,1,1,5,17,21.504626984126986
57,0,5,1,3,22,19.88414285714286
31,0,1,1,7,16,13.461738455988462
34,0,3,2,5,17,10.027583333333332
74,0,2,1,1,26,26.31233333333333
27,0,0,1,4,26,13.35907359307359
54,1,2,1,5,1,19.899916666666662
86,0,0,1,4,1,12.325
22,1,2,0,3,1,7.755222222222221
49,0,0,2,2,19,12.344777777777777
48,1,3,0,4,30,16.738500000000002
21,1,4,2,7,1,12.969166666666668
45,0,2,0,1,26,16.97022619047619
32,0,4,1,5,17,15.235833333333332
31,1,0,1,2,17,9.09320695970696
34,1,2,0,6,12,12.480833333333333
46,0,5,2,6,15,7.007738095238095
36,0,3,1,1,6,22.720916666666668
47,1,5,2,7,22,15.579314935064929
28,1,4,1,7,22,21.8235
28,0,3,2,3,8,23.368499999999997
34,0,4,1,7,16,19.80416666666667
52,0,5,0,5,20,14.453865079365082
37,1,0,0,2,25,4.5985
80,0,0,1,0,26,12.623738095238096
82,1,0,1,1,11,15.982261904761904
23,1,3,1,5,27,12.303833333333332
51,1,3,1,0,5,20.09204761904762
63,1,4,1,6,8,16.574472222222223
67,0,2,2,7,29,20.258
37,0,2,0,1,26,23.203952380952376
32,1,4,2,1,20,20.410666666666668
84,0,3,2,7,25,14.847000000000003
25,0,1,2,2,16,13.178230158730164
58,0,1,1,3,7,6.121666666666667
40,0,2,2,2,19,26.662051587301583
20,1,0,2,1,18,18.003226190476195
39,0,1,0,1,14,14.040313131313129
33,1,0,0,2,21,8.248190476190478
68,1,5,1,4,26,17.47380924630925
61,1,3,2,1,5,22.03015873015873
28,1,3,1,6,3,16.70654761904762
55,1,5,0,1,18,6.84165873015873
71,0,1,0,3,11,16.468476190476192
78,0,0,0,5,23,15.209094554568237
48,0,0,2,6,21,19.238572150072144
27,1,2,0,2,23,11.314428571428568
63,0,4,1,0,2,12.89307142857143
36,0,2,0,1,12,21.96433333333334
35,0,0,2,0,7,27.9415
32,1,3,1,1,30,13.335583333333334
45,0,1,1,2,18,12.648952380952379
55,1,0,0,5,29,4.81807142857143
44,0,0,0,7,12,18.28118452380953
84,0,1,0,6,29,11.827111111111112
57,1,4,0,7,7,11.009037878787876
26,0,5,0,1,24,10.804424603174605
75,1,3,0,7,12,17.307333333333332
83,1,2,2,6,3,16.512214285714286
22,1,0,1,3,11,15.115007936507938
18,1,5,1,1,1,14.777190476190476
18,0,0,0,0,17,10.050511904761905
67,0,0,1,3,2,8.191261904761905
67,0,3,1,3,6,6.247285714285714
69,1,4,0,5,5,13.239809523809525
18,0,2,2,0,2,10.501488095238097
85,1,5,0,5,13,15.151916666666663
49,0,3,2,5,1,15.985083333333334
54,0,0,2,6,4,19.288392857142853
54,1,4,1,0,28,6.373119047619047
33,1,3,0,0,21,21.381190476190472
20,1,0,2,4,26,8.166000000000002
56,1,1,1,6,16,5.932547619047621
57,1,1,2,2,7,20.193888888888885
60,1,3,1,3,24,13.394333333333334
20,0,3,2,7,17,23.004603174603176
83,0,5,1,1,18,10.537714285714287
24,1,3,1,3,21,5.45625
80,0,1,1,1,30,11.952277777777779
68,1,1,0,2,20,12.91077777777778
81,1,4,1,3,6,7.486880952380952
21,0,4,2,5,9,9.270238095238092
57,0,1,0,2,15,17.953333333333333
32,1,0,0,6,22,10.338095238095239
30,1,3,0,4,22,19.937333333333335
24,0,2,1,6,30,12.794416666666663
84,1,1,2,3,10,13.724017316017312
77,0,1,0,5,18,8.393809523809525
19,0,5,1,7,15,13.679619047619047
56,1,2,1,1,7,13.136250000000002
19,1,3,0,3,30,13.114571428571429
58,1,1,2,6,25,12.27455716505716
73,1,3,0,6,15,13.328666666666669
55,0,3,0,0,12,15.272166666666665
53,0,2,2,3,17,17.846214285714282
18,0,4,0,5,27,16.833642857142856
66,1,4,2,7,17,10.227361111111112
59,0,5,1,3,23,14.053222222222223
45,0,4,0,0,20,19.190589105339107
63,0,4,1,5,2,16.563412698412698
36,1,2,1,5,27,9.708555555555556
29,0,1,2,2,22,13.451714285714289
21,0,3,1,4,18,16.132182789432786
49,0,1,1,4,15,5.287452380952381
83,0,1,0,3,13,20.306619047619048
24,0,4,1,0,8,19.430653679653677
35,1,0,2,5,25,21.479473304473302
54,0,0,1,4,16,11.689690476190478
49,1,3,0,6,30,15.906741341991337
44,1,3,0,6,12,18.82413095238095
55,1,1,2,6,15,23.25925
61,1,3,2,1,25,22.03015873015873
74,1,3,0,0,27,19.99533333333333
80,1,1,1,4,16,23.022405483405482
24,0,3,0,7,7,6.8037222222222224
67,1,5,1,7,21,13.876265873015875
48,1,3,0,2,25,22.210595238095237
65,0,1,1,4,19,20.53192857142857
83,1,4,0,7,12,21.37659523809524
76,1,4,0,3,14,21.99966666666667
39,0,0,2,7,8,14.050249999999998
38,0,1,2,3,27,9.807873737373738
69,1,4,1,0,18,22.1495
45,0,0,0,3,21,8.032309523809523
44,0,4,1,4,5,17.77491666666667
77,1,0,0,2,10,19.071321428571434
27,1,0,2,0,3,13.606785714285712
87,1,3,0,6,1,14.439714285714288
62,0,0,1,4,24,13.116603174603174
18,0,5,0,6,12,23.303499999999996
26,1,4,0,5,14,13.957833333333332
38,0,3,0,6,24,18.286023809523805
31,0,5,2,1,29,17.217761904761904
58,1,2,2,7,4,8.2035
69,0,2,1,4,22,26.0025
50,1,0,1,5,12,15.979500000000003
35,0,4,2,0,29,12.807999999999995
77,1,5,2,0,9,16.84184848484849
84,1,2,1,3,18,13.622
83,1,1,1,4,10,6.919666666666667
37,1,4,1,5,5,11.971999999999998
20,0,1,0,7,14,8.919761904761904
42,0,2,2,1,5,25.503142857142862
34,1,2,1,6,23,14.688928571428573
79,0,4,2,6,11,24.740777777777776
77,0,0,1,2,21,16.978547619047617
36,0,4,1,6,17,10.447718559218561
25,0,3,0,2,7,12.942944444444443
38,1,3,0,7,2,8.006714285714285
23,0,0,1,7,23,14.727499999999996
37,1,4,2,6,15,6.121000000000001
77,1,3,2,7,30,16.245833333333334
67,1,3,0,0,27,12.261642857142858
66,0,4,2,3,10,14.651722222222217
81,1,1,2,3,17,20.714926406926406
22,1,0,0,7,26,13.366333333333332
51,1,2,2,3,25,9.156666666666666
67,0,0,2,1,19,15.406666666666665
58,1,0,1,2,10,13.651813852813854
65,0,0,0,4,4,12.75437518037518
25,1,4,2,1,7,10.660916666666667
31,0,1,2,7,20,14.09357142857143
72,1,4,1,7,8,21.82067857142857
19,0,4,1,3,5,16.544309523809524
76,0,3,0,7,3,11.395222222222221
20,1,1,2,5,2,17.37075793650794
44,1,0,1,2,16,20.63223809523809
67,0,3,1,2,26,20.464666666666666
31,0,5,1,0,13,15.291190476190478
44,1,2,1,4,8,20.59197619047619
74,1,2,0,2,4,21.040833333333325
38,1,2,0,1,23,17.496765873015864
80,0,2,0,7,12,16.767647102897104
74,1,2,2,0,16,5.02997619047619
84,1,3,1,7,17,12.16833333333333
68,1,0,2,3,20,14.80704761904762
43,0,4,2,6,30,9.864666666666666
22,0,2,2,6,1,10.086611111111111
85,0,1,1,1,1,12.075833333333335
22,1,2,1,5,16,12.729499999999998
63,0,1,1,3,4,18.02904761904762
75,0,1,0,6,14,8.648166666666667
18,0,0,1,5,26,15.739309523809528
81,0,5,0,0,18,20.750047619047617
23,1,3,0,0,1,27.61383333333333
43,1,3,0,0,14,13.59252380952381
34,0,1,1,1,28,9.263345238095239
18,0,3,0,1,7,13.97280303030303
55,1,0,0,5,23,4.81807142857143
28,0,4,0,7,26,13.908714285714286
25,1,5,1,7,22,24.030833333333334
20,0,4,1,6,12,22.300833333333333
43,1,3,0,1,18,18.554083333333335
55,1,3,0,2,12,13.890571428571427
36,1,3,1,0,25,17.67011507936508
62,0,3,2,2,19,19.71216666666667
75,0,0,1,7,12,19.398904761904763
73,1,5,0,2,8,16.149833333333333
53,1,1,1,5,1,15.548
27,1,3,0,5,23,14.294
71,0,5,1,5,6,14.940333333333335
38,0,2,1,6,12,9.551047619047615
74,0,0,1,1,20,15.822500000000002
42,0,5,2,2,13,11.112166666666672
70,1,0,2,4,4,8.562666666666665
23,1,3,2,4,7,13.05111111111111
72,0,5,2,1,30,15.45157145632146
39,1,1,1,3,5,17.737309523809525
73,1,3,2,7,29,24.984333333333336
79,1,0,2,4,10,20.6565
50,0,1,1,3,5,11.737388888888889
46,0,1,0,1,16,20.07978571428571
51,0,3,1,0,7,11.203730158730156
65,1,4,0,7,18,20.435333333333332
67,0,3,1,3,18,6.247285714285714
18,1,4,1,6,4,17.708
59,0,4,0,6,2,14.738749999999996
32,1,5,2,5,20,17.08804365079365
31,0,0,2,7,12,11.903119047619048
63,1,0,2,3,25,4.333333333333333
74,1,0,2,4,25,19.661416666666664
24,0,1,1,3,4,10.242547619047619
44,1,5,1,6,20,17.803166666666666
82,1,5,1,2,24,14.354523809523805
41,0,5,2,7,18,16.721261904761903
80,0,1,1,1,13,11.952277777777779
75,0,5,0,2,26,19.63045238095238
81,0,4,1,7,14,24.835666666666665
75,0,2,0,1,14,15.701623015873013
42,0,0,0,0,14,11.150738095238093
48,1,2,0,6,13,14.268353174603176
20,1,1,2,0,12,13.661685064935059
52,0,0,1,4,24,19.37197619047619
18,0,5,0,2,16,13.52591666666667
19,0,3,0,2,29,15.631309523809525
22,0,3,1,2,15,9.77842857142857
27,1,0,2,3,24,12.775619047619047
83,1,1,2,1,22,12.395023809523812
31,1,5,0,4,27,22.85049206349207
54,1,4,0,4,14,8.365678571428571
80,0,4,1,2,30,14.172119047619049
21,0,0,0,3,22,11.177999999999999
81,1,4,2,0,13,10.479214285714283
66,1,3,2,2,7,17.465611111111112
23,1,4,1,5,22,8.054285714285715
72,0,2,0,1,21,22.054835497835494
32,1,1,2,2,22,7.246813492063491
63,1,5,2,7,29,10.136166666666666
55,1,5,1,5,1,18.637761904761902
75,0,4,2,7,8,13.652214285714287
73,0,2,2,6,7,17.509857142857143
69,0,1,2,6,23,15.703233766233765
51,0,2,0,0,22,12.763261904761903
68,0,0,2,2,14,13.142154761904763
37,1,2,2,7,21,8.224214285714284
73,1,5,0,4,26,16.68595238095238
70,0,3,0,4,16,16.401570707070707
72,1,0,1,1,26,17.331547619047623
44,1,1,0,0,27,15.698690476190475
42,1,3,2,2,12,11.69551984126984
82,0,4,2,7,22,18.051202380952382
49,1,5,1,0,22,18.435619047619046
70,1,0,2,7,10,16.999690476190473
70,1,1,0,5,5,23.94230952380953
69,0,2,2,0,6,11.128416666666672
41,0,0,2,1,11,19.153916666666664
58,1,3,2,7,10,14.605705128205129
42,0,1,2,0,22,17.749999999999996
45,1,2,0,5,9,8.861833333333333
55,0,3,2,3,14,5.7555
52,0,4,2,5,30,17.858111111111114
65,0,5,1,7,5,12.611718975468978
84,0,1,1,5,17,7.781119047619049
71,1,2,0,7,19,14.548666666666668
29,1,5,1,7,1,14.429333333333334
78,0,4,1,4,4,21.639166666666664
81,1,5,1,0,7,20.4352619047619
56,1,1,2,4,22,14.490332251082247
76,0,2,2,0,12,13.948396825396825
64,1,4,1,1,29,9.821738095238096
24,1,0,0,0,19,10.242849206349206
81,1,1,0,3,21,16.86862049062049
42,1,4,0,3,4,7.859333333333332
47,0,0,1,6,28,18.92221428571429
43,0,4,2,6,9,9.864666666666666
39,1,0,2,5,8,14.330267316017325
39,1,1,1,0,25,16.291607142857146
26,1,5,2,1,7,21.42585714285714
19,1,5,2,2,26,18.664619047619045
76,1,2,2,2,26,20.65983333333333
55,1,1,1,7,24,11.842138888888888
51,0,1,2,0,21,20.911551587301588
78,0,0,1,0,26,11.581999999999999
52,1,1,1,2,28,10.341516483516479
63,1,4,1,5,28,16.492666666666665
33,1,5,2,6,22,9.542833333333334
20,0,0,0,2,5,23.55333333333333
46,1,2,0,7,11,15.105365079365082
82,0,3,2,6,7,17.75281746031746
28,0,2,2,1,15,15.50531349206349
30,1,1,2,6,11,18.143178571428574
32,1,3,1,4,3,14.219000000000003
39,0,2,1,7,29,9.673428571428573
30,0,3,2,1,26,14.495666666666668
23,0,4,1,7,4,11.047035714285714
75,1,0,0,0,20,15.344563492063491
70,0,5,1,4,5,17.063166666666667
52,0,3,1,7,12,9.844166666666668
58,1,2,0,1,16,10.464750000000002
27,0,3,2,5,6,18.581785103785098
40,0,1,1,6,19,20.482
63,1,5,2,6,20,12.622936507936506
54,0,1,0,0,18,18.972853174603177
48,0,4,0,5,30,23.450805555555558
81,1,3,2,5,27,3.001666666666667
43,1,5,2,3,14,4.9587142857142865
18,1,3,2,1,22,8.472476190476192
53,1,4,0,7,19,19.668781746031744
50,1,3,2,1,18,7.798083333333333
64,0,1,1,3,27,11.336166666666667
31,1,0,0,4,11,14.067833333333333
19,1,3,1,1,26,21.89159523809524
68,1,0,2,3,8,14.80704761904762
61,0,1,0,6,8,14.814547619047621
52,0,5,2,2,14,14.94422222222222
69,1,2,0,6,7,22.410654761904762
34,0,4,1,3,13,4.965277777777778
74,0,2,2,7,26,23.86734523809524
63,1,5,0,1,29,11.8255
47,1,5,1,4,29,21.07858658008658
55,0,2,0,1,26,12.525250000000002
54,1,3,2,7,5,16.83313492063492
45,1,2,2,3,9,9.956895743145742
63,1,3,1,4,20,16.704952380952385
56,1,2,0,4,30,13.269833333333333
27,0,5,2,0,20,22.808440476190476
64,0,1,2,7,6,14.353166666666663
82,1,2,2,5,17,9.807357142857144
35,1,0,1,1,30,14.337690476190474
85,1,1,1,3,7,7.290000000000001
33,1,5,0,2,29,19.19352380952381
71,0,4,0,6,20,17.89247619047619
52,1,0,1,1,10,12.750547619047618
59,0,3,0,0,14,17.128333333333334
69,1,3,2,7,6,12.283095238095232
60,0,5,0,6,5,18.24651551226551
49,1,1,2,3,3,8.896380952380952
26,1,3,0,6,10,12.931357142857145
74,0,1,1,3,6,15.160722943722945
30,0,0,0,1,12,15.868071428571431
66,0,1,2,6,18,9.119166666666665
55,0,4,1,4,7,19.274873015873016
84,0,2,0,5,19,22.272999999999996
70,0,5,0,3,10,20.83183333333333
41,1,3,0,0,2,14.568047619047622
20,0,1,0,2,21,18.05483333333333
74,1,2,1,4,29,19.129944444444437
44,0,2,0,0,12,19.85180952380952
74,0,0,0,6,23,24.62580555555556
66,0,3,2,6,8,7.39747619047619
84,0,0,2,0,9,21.189523809523806
27,0,3,0,2,4,12.626063131313131
19,0,0,2,4,17,7.53442857142857
72,0,4,0,5,5,14.501650793650796
66,0,5,1,7,25,15.159428571428569
36,1,0,0,4,8,11.393484126984127
74,1,0,0,7,30,16.512380952380955
33,1,5,1,1,24,17.784333333333333
84,0,2,1,2,7,17.207988095238097
73,0,1,0,6,29,21.254499999999997
19,1,1,2,1,10,19.659666666666666
28,0,2,1,2,2,8.83192857142857
85,1,0,1,2,26,15.868285714285712
78,0,4,2,1,28,23.105999999999998
68,0,5,0,5,2,12.381082251082251
20,1,2,2,1,3,18.430166666666665
24,1,1,0,3,1,18.896204906204904
15,0,1,1,7,29,17.432166666666667
66,0,2,1,4,24,20.90265476190476
35,0,4,0,5,28,12.54367279942281
67,1,3,0,2,17,20.546333333333333
28,1,4,1,6,1,18.742761904761906
31,1,1,0,3,25,18.04261904761905
22,1,3,0,1,13,16.218666666666664
19,0,0,2,4,27,7.53442857142857
56,0,0,0,1,12,14.76047619047619
38,1,1,1,5,2,24.75283333333334
50,0,3,2,3,16,9.699166666666668
67,0,5,1,5,2,18.863095238095244
69,1,1,1,1,12,12.525854700854705
70,1,3,1,4,7,15.761447913197914
71,1,5,0,7,30,19.3085
39,1,0,1,1,17,9.117023809523808
72,0,4,2,7,4,18.478809523809524
20,0,5,2,4,15,15.275079365079362
51,1,3,1,1,23,20.820500000000003
73,1,1,2,1,3,14.307166666666667
31,1,3,0,5,27,21.701793650793658
46,0,0,2,5,26,12.507059523809524
52,1,4,0,7,25,24.06682142857143
31,1,3,1,3,23,11.948749999999997
58,1,4,2,6,6,19.157630952380952
44,1,4,0,3,14,13.131555555555556
66,1,1,0,0,8,18.558321428571432
81,0,0,1,0,4,12.73800865800866
74,1,0,1,6,5,22.528854978354985
62,1,1,0,4,24,14.240333333333332
32,0,2,1,5,20,19.047380952380955
80,0,4,0,6,21,15.498000000000005
70,1,3,0,2,25,15.978610389610388
47,1,3,0,1,7,17.9665
64,0,1,2,2,17,15.240738095238095
40,0,2,0,1,8,28.066523809523805
27,0,5,2,3,23,5.483500000000004
25,1,1,0,0,2,6.36617857142857
82,0,1,1,3,29,20.950333333333337
70,1,4,2,6,9,13.698666666666668
21,0,2,2,0,1,5.011666666666667
44,1,4,2,2,20,27.8375
82,1,3,0,4,30,15.00988095238095
78,1,4,2,1,12,18.01153571428571
33,0,2,0,2,12,14.017999999999999
35,0,0,0,1,16,17.077952380952382
28,0,3,2,7,6,17.089999999999996
70,1,3,2,2,16,6.146857142857143
72,1,4,2,2,3,15.807214285714286
49,0,2,2,6,29,11.344880952380953
37,1,1,0,6,20,15.237361111111113
82,0,1,0,7,11,19.90245238095238
42,0,5,0,0,6,7.800988095238096
85,1,3,0,0,23,13.836865079365086
47,0,2,0,3,30,10.920928571428568
35,1,3,1,1,25,17.708249999999992
23,1,1,1,4,16,5.57188492063492
48,0,4,1,6,22,17.0255
55,1,5,2,4,11,13.65866666666667
68,0,1,1,6,16,16.288222222222227
22,0,2,0,3,15,6.395714285714284
78,1,2,1,0,23,14.313166666666667
76,0,1,2,2,26,24.410999999999998
33,1,4,0,4,14,11.679119047619047
66,1,3,1,1,15,16.703500000000002
23,1,2,0,1,28,17.422904761904764
77,1,1,1,5,20,12.300214285714286
75,0,5,1,0,26,12.557900793650786
56,1,3,1,2,10,9.142007936507937
81,1,1,1,6,11,8.285595238095237
57,1,3,0,0,1,7.6851666666666665
18,1,3,2,0,27,11.164880952380951
71,1,5,2,3,21,7.705464285714286
79,0,4,2,0,25,17.681440476190478
45,0,2,0,6,1,17.664702380952377
62,1,2,0,1,27,13.144876984126988
21,1,0,1,7,30,10.389309523809523
27,0,2,1,4,30,18.50592857142857
56,1,5,1,6,29,24.445999999999998
60,0,5,0,4,14,17.975266658779816
59,1,3,0,1,10,20.56491666666667
61,1,4,1,5,4,20.73052380952381
56,0,2,2,3,8,23.802333333333337
23,0,4,2,3,18,14.129083333333334
19,1,2,1,1,20,16.309976190476192
47,1,1,1,2,30,11.878499999999999
24,0,5,2,2,5,14.096333333333332
69,1,1,1,4,18,15.126900793650796
33,0,0,2,7,8,13.49957323232323
28,0,3,0,4,25,22.247582445332444
61,0,3,2,6,14,17.182876984126988
36,0,2,1,0,14,9.417166666666668
31,0,3,0,3,20,6.733452380952382
28,0,3,1,3,6,19.625333333333334
31,1,5,1,6,4,19.77279437229437
23,1,0,2,2,6,21.498257936507944
29,0,1,2,4,3,5.1575
20,0,0,2,2,13,6.0873333333333335
72,1,4,0,5,23,10.276666666666666
76,1,4,0,3,11,21.99966666666667
67,1,4,0,0,22,8.039027777777779
46,0,3,2,3,15,7.513714285714286
40,1,1,1,3,29,21.666285714285717
82,0,3,1,1,27,12.897023809523809
52,1,1,0,2,16,11.702083333333333
44,0,1,0,3,3,15.217821428571428
67,0,5,1,7,14,8.004928571428572
47,1,0,0,3,11,16.86563528138528
64,1,5,0,0,13,18.767988095238096
68,0,1,0,1,29,18.54566666666667
19,1,3,0,6,11,15.179166666666669
46,0,0,0,3,17,7.92242857142857
63,0,4,1,1,8,11.877285714285716
26,1,1,1,0,14,16.342809523809528
63,1,0,1,4,21,19.32859523809524
31,1,5,1,1,5,14.622857142857143
83,1,0,2,0,21,14.481285714285713
64,1,5,0,3,8,15.215440476190478
32,0,0,2,3,18,15.081
23,1,2,1,0,11,14.823850427350433
44,0,3,0,4,10,22.597142857142863
29,0,2,0,5,2,18.815357142857142
75,1,5,1,0,14,11.742619047619048
28,1,1,2,0,29,12.707261904761905
77,0,5,0,3,12,12.950738095238098
71,1,0,0,7,25,16.175083333333333
64,0,0,0,1,4,16.534698773448767
31,0,5,1,2,29,16.080833333333334
31,1,5,1,5,30,11.795
35,0,5,2,0,22,9.912333333333333
29,0,3,0,0,13,7.098357142857144
18,1,2,1,4,2,23.193833333333327
82,0,0,1,7,16,21.593095238095238
20,1,1,0,6,3,20.863833333333332
32,1,4,2,5,11,15.99490079365079
65,0,5,0,5,14,8.760976190476192
48,1,1,2,3,17,18.747666666666667
32,1,1,0,5,15,15.455333333333334
36,0,3,2,0,4,13.019944444444443
56,0,3,2,6,26,9.355428571428574
25,0,0,2,1,17,7.404904761904763
71,0,5,2,1,3,14.640547619047616
38,0,5,0,1,6,20.680174603174606
17,0,0,0,0,13,7.496345238095237
48,1,5,2,2,4,9.657309523809525
24,1,0,1,0,15,18.203833333333336
85,0,0,0,3,25,15.556500000000002
53,1,4,0,4,19,24.039325396825394
69,1,1,0,3,30,16.20477558552559
26,0,1,0,4,7,7.118666666666667
41,0,4,1,1,25,14.786658730158731
41,0,4,0,5,10,22.76198629148629
45,1,2,2,3,11,9.956895743145742
41,1,2,0,2,22,19.518039682539687
53,1,1,1,0,14,20.226781746031747
80,0,2,1,2,29,17.81704401154401
54,1,3,2,0,4,19.558833333333332
62,1,1,2,3,16,11.834666666666665
27,1,5,0,6,5,19.690202380952385
62,1,1,0,6,28,14.885595238095242
45,1,4,2,5,23,14.859333333333336
47,1,5,1,5,15,9.933166666666667
23,0,4,0,7,2,9.342353174603177
36,0,3,0,6,24,15.122357142857142
34,1,5,2,5,4,18.196452380952383
35,1,3,2,7,18,21.2610238095238
65,1,3,0,0,16,24.95133333333333
29,0,0,1,1,20,16.64391758241759
50,1,4,1,2,14,21.180288239538235
57,0,2,0,4,24,11.648023809523806
82,0,5,0,1,20,12.141476190476192
62,1,5,2,5,7,12.0825
22,1,0,0,2,23,11.96488095238095
50,0,5,2,7,4,18.631624542124545
34,0,4,0,2,4,18.508918470418468
64,0,5,2,5,6,9.707357142857141
38,0,4,0,2,10,18.97603968253968
71,0,2,2,7,24,10.968812770562772
39,1,3,2,1,16,7.337349206349208
41,1,1,0,2,4,17.62906565656566
71,0,5,1,5,8,14.940333333333335
70,1,0,1,5,1,9.412333333333333
81,0,4,1,6,25,14.016833333333334
52,0,3,2,2,1,26.62511904761905
78,0,1,2,6,30,13.543333333333335
53,0,3,0,4,30,7.8273809523809526
85,1,0,0,2,24,10.719833333333334
65,0,1,2,1,12,16.553218253968254
58,0,0,0,7,17,14.118166666666665
73,0,2,1,5,14,11.58166666666667
58,1,4,1,3,27,11.744202380952379
18,0,2,1,7,21,26.5525
62,0,3,0,4,21,10.710928571428571
75,0,5,0,7,12,17.27980952380952
35,0,4,2,4,23,21.714666666666666
75,0,0,0,4,9,12.493206349206348
24,1,0,2,5,22,14.948484126984129
66,1,4,2,2,1,7.964498556998559
57,0,3,2,4,4,21.056880952380947
73,1,1,0,1,12,15.067841269841272
67,0,5,1,4,28,19.772926406926402
40,1,0,0,1,12,13.882238095238094
32,0,2,0,6,14,9.869333333333334
58,1,2,0,5,24,16.19831421356421
25,1,3,0,5,26,17.869833333333332
41,0,2,2,4,11,18.809535714285712
46,1,5,2,4,7,22.08319047619047
60,0,4,1,7,18,18.85047619047619
50,0,3,2,2,28,19.445500000000003
59,1,1,0,3,10,9.388071428571427
53,1,1,2,7,17,20.0105
41,1,2,1,7,11,13.01940079365079
46,0,1,0,1,21,20.07978571428571
61,0,5,0,7,3,18.844166666666666
19,1,0,1,6,26,10.511083333333332
74,0,4,1,6,10,16.0515
35,1,1,0,6,16,18.177249278499275
70,0,1,0,0,24,22.46028571428571
70,0,5,1,1,3,17.761785714285715
43,1,0,0,5,6,18.924
52,0,0,0,1,10,14.162837329337327
34,1,2,0,5,7,12.761132173382173
68,0,0,0,1,25,22.26723809523809
16,1,2,2,7,1,9.412760905760903
59,0,2,2,6,1,12.460416666666667
45,1,4,0,1,17,14.059583333333332
49,1,2,2,7,19,14.742761904761903
59,0,2,1,1,3,12.248888888888889
62,1,5,2,2,5,9.237857142857143
28,0,0,2,7,30,18.848333333333333
37,1,0,2,6,20,13.71883008658008
84,0,4,1,2,9,7.769523809523811
75,1,0,0,1,24,10.305436507936506
77,0,3,2,7,7,19.20431854256854
21,0,1,1,6,13,16.004714285714286
40,1,2,0,7,18,12.941666666666668
34,0,1,2,0,7,18.01119047619047
84,0,4,0,1,15,7.455857142857142
53,1,5,1,1,3,17.54752380952381
40,0,5,0,4,12,12.604
66,0,4,2,1,2,23.836111111111112
72,0,1,1,6,24,9.303559523809524
26,0,4,1,6,25,10.561820707070705
19,0,2,1,4,21,14.34740476190476
33,1,5,2,3,8,10.917
52,1,1,2,2,14,16.17530952380953
39,0,3,0,2,16,23.185253968253964
51,0,3,0,1,21,16.10666666666667
37,1,0,1,1,30,6.264095238095238
31,1,4,1,6,12,19.522212481962484
37,1,2,2,5,4,23.427666666666667
53,0,3,0,5,7,16.23686507936508
75,1,3,0,1,19,9.525523809523811
63,1,0,0,5,21,16.075857142857146
81,0,5,0,6,13,9.269166666666667
71,0,4,1,5,6,15.662142857142857
57,0,0,2,0,1,16.29728571428571
63,1,5,1,6,26,19.446610750360747
79,1,0,0,7,16,20.80666666666667
53,1,2,0,4,27,25.99833333333333
71,1,3,1,1,27,11.676722222222223
32,0,4,2,5,23,17.909011904761904
56,0,5,0,1,9,16.704738095238095
74,1,3,2,7,8,5.848
25,0,1,2,3,20,18.654585137085135
48,0,4,1,3,3,17.107707070707068
72,0,3,1,0,13,20.687956349206345
71,1,5,0,0,30,12.209428571428571
46,1,2,0,1,1,6.387500000000001
48,1,3,2,5,15,24.858666666666668
69,0,5,2,2,27,14.126607142857143
44,1,0,1,0,30,14.647333333333334
40,0,3,1,6,29,11.388988095238098
50,1,0,0,5,20,19.77728174603175
48,1,3,2,6,6,21.74322582972583
29,1,2,0,6,15,11.526031746031746
56,1,3,1,3,7,18.366142857142858
40,0,5,0,4,30,12.604
74,1,1,0,3,5,13.196023809523814
46,0,0,1,3,24,21.63396428571429
46,1,0,2,6,26,7.78314285714286
47,1,2,1,3,14,9.154738095238095
38,1,2,2,4,27,5.224833333333333
85,1,0,2,5,12,14.601738095238096
63,1,1,2,3,23,18.90790476190476
54,1,4,0,4,27,8.365678571428571
80,1,2,0,7,13,13.979496031746034
29,1,2,1,1,28,12.607333333333333
28,0,1,0,7,3,18.557833333333335
20,1,0,2,7,3,13.431210317460314
74,1,2,2,1,25,16.678166666666662
53,0,1,0,7,13,22.2035
47,0,2,2,5,16,11.710690476190473
34,1,4,0,6,2,9.575666666666667
41,0,0,2,6,6,17.169857142857143
83,0,3,0,0,11,16.849714285714285
34,0,4,0,5,5,7.323432539682537
41,1,3,1,1,11,18.308928571428577
70,1,0,0,4,1,20.30608333333333
41,1,0,0,0,11,10.894797619047619
52,1,1,2,2,1,16.17530952380953
51,0,4,1,1,16,18.3617619047619
50,1,3,2,2,17,6.139833333333334
56,1,5,2,2,6,14.733666666666668
66,1,0,1,7,20,24.75466666666666
72,0,1,1,3,21,8.59
57,1,2,2,2,15,24.143583333333332
22,1,4,1,2,14,18.83859848484848
29,0,2,2,4,5,16.98695670995671
33,0,2,0,7,15,20.95559523809524
49,1,1,0,1,2,14.468000000000002
60,1,3,2,7,9,20.95780952380953
50,1,5,2,2,29,17.08390694028194
61,1,3,2,3,23,16.41953138528139
33,0,4,0,7,5,21.395678571428572
69,1,0,2,6,28,22.210666666666665
66,0,5,0,6,23,24.692583333333328
34,1,0,0,7,21,10.354722222222222
52,0,1,0,2,18,14.887575480075482
33,1,1,0,7,23,24.612583333333333
25,1,4,2,4,7,9.71597619047619
31,1,0,0,6,1,18.165
70,0,3,1,3,12,19.46258658008658
83,0,2,2,7,25,7.932666666666666
66,0,3,1,3,4,18.054650432900438
64,0,0,0,7,4,14.62016666666667
79,0,4,0,2,25,13.077544372294374
74,1,1,1,5,21,11.313119047619047
85,1,5,1,3,20,10.341309523809523
51,1,3,0,3,11,16.842
60,0,4,0,7,8,21.55300396825396
21,0,0,1,3,7,16.884333333333338
81,1,5,2,7,28,22.232726190476193
79,0,3,2,6,26,14.584694444444443
38,0,2,1,3,24,13.669563492063492
38,1,3,1,2,7,9.119285714285716
77,1,4,2,2,25,22.98900649350649
32,0,5,2,2,24,11.091351370851374
57,0,3,1,1,11,13.261944444444444
29,0,3,0,4,8,20.134444444444444
66,0,3,1,0,14,22.057948051948053
79,0,4,1,6,9,14.13997619047619
20,1,5,1,2,20,15.494666666666665
60,1,3,0,2,8,18.30707142857143
31,1,4,2,2,17,23.280309523809525
36,1,3,2,4,22,18.216515873015872
29,1,5,1,5,7,7.4539285714285715
32,1,4,1,7,4,16.209615079365083
20,0,4,0,5,2,20.982611111111108
53,1,1,1,2,3,21.760261904761904
78,1,1,1,1,20,16.238642857142857
50,0,1,1,7,2,12.31558333333333
28,0,3,1,4,23,23.9045
63,1,5,1,1,12,15.998312409812407
31,0,2,2,7,26,15.9835
34,1,3,2,5,24,13.630223304473304
49,1,1,2,1,3,22.99077380952381
20,1,5,0,7,21,19.89909523809524
79,1,4,0,3,29,10.655785714285715
80,1,1,1,1,19,19.943333333333335
80,0,4,2,0,14,20.706454545454545
60,1,5,1,0,19,11.587761904761905
46,1,2,1,1,23,22.46102380952381
30,1,5,1,0,22,20.123571428571427
77,0,2,0,1,15,15.856944444444446
37,1,4,2,2,4,19.19097619047619
77,0,1,2,0,30,7.863833333333335
77,1,3,1,3,3,9.317166666666667
76,0,2,0,5,28,18.9975
69,0,0,2,1,19,13.247761904761905
43,1,4,0,0,28,14.788809523809523
56,1,2,0,3,18,9.279000000000002
79,0,4,2,4,17,13.957674603174603
62,0,4,1,7,12,19.841988095238094
18,1,2,1,0,12,15.314182539682543
80,0,2,0,0,24,16.15384090909091
50,1,1,0,3,22,15.191230158730159
56,0,4,0,4,15,6.788285714285714
72,0,1,0,0,23,14.80358333333333
83,0,5,2,1,12,11.086948412698414
64,0,5,0,3,23,13.204301587301586
32,0,0,0,1,7,25.112166666666667
55,1,3,0,3,4,17.040928571428573
83,1,5,1,5,27,17.31492857142857
76,1,1,0,6,10,15.673916666666669
56,0,4,2,5,14,9.265833333333333
46,1,0,0,7,24,18.8235
71,0,0,2,2,24,14.040833333333332
77,0,3,1,1,3,15.116354090354092
32,1,3,2,2,30,12.469583333333334
27,1,4,1,5,24,14.823466921966919
85,0,2,2,3,16,14.98333333333334
18,0,4,1,6,26,6.399619047619048
24,1,1,0,2,22,15.650666666666664
26,1,1,2,0,29,17.663654761904763
41,0,4,2,2,18,14.348642857142858
43,0,1,2,7,16,13.042305555555554
83,0,0,1,2,13,24.690833333333334
63,1,1,1,0,11,22.34707142857143
43,1,2,2,2,3,11.112571428571428
23,0,3,1,2,17,9.714738095238095
25,1,5,0,1,19,15.700000000000003
61,0,1,2,2,26,21.96534523809524
87,0,1,2,1,12,10.736214285714285
49,0,0,2,3,25,9.225047619047618
24,1,5,1,6,3,9.634805555555554
18,0,2,0,2,6,10.044500000000001
81,0,1,1,7,4,14.376261904761904
52,0,4,0,3,9,12.237861111111116
43,1,2,2,7,18,17.383
45,1,4,0,4,5,20.460134920634925
65,0,4,2,0,4,16.194999999999997
34,0,0,1,3,20,13.19747510822511
77,0,4,0,3,12,26.1275
34,0,3,1,2,26,26.703416666666662
62,1,3,2,6,21,15.348960095460095
71,0,1,1,2,14,13.723071428571433
72,1,5,0,1,11,19.242761904761906
69,0,5,1,1,17,19.4031746031746
69,1,1,1,6,3,12.138063492063495
22,0,2,2,3,12,15.06097619047619
18,0,0,0,1,24,14.74988888888889
82,0,1,1,6,29,8.099333333333332
44,0,0,2,6,15,10.189488095238096
78,0,4,0,3,28,19.621773448773453
70,0,1,1,3,2,11.661333333333332
39,0,1,0,6,2,20.000833333333333
67,0,3,0,0,29,12.687857142857142
28,0,2,0,1,7,6.25661111111111
48,0,4,2,5,26,12.221809523809524
24,1,3,2,6,19,21.9905
62,0,0,1,6,7,23.938928571428573
63,1,1,2,1,29,14.901630952380954
54,1,1,0,7,21,24.19153968253969
38,1,3,2,0,16,10.79797619047619
41,0,4,0,1,28,9.617642857142854
40,0,0,2,4,24,7.677857142857144
79,1,2,2,7,30,12.09716666666666
33,0,0,0,7,5,25.010422438672446
64,0,2,2,5,22,12.35086904761905
45,1,2,2,7,19,17.735333333333333
25,0,1,0,2,18,18.436093212343213
62,1,0,0,1,16,13.153523809523808
28,0,3,1,7,13,14.87043650793651
18,0,1,0,2,3,14.002773809523815
45,1,3,1,2,4,12.121952380952383
46,0,3,1,1,28,16.156357142857143
77,0,3,2,6,16,17.761417748917747
60,1,4,1,7,17,20.72927380952381
57,0,4,1,7,17,16.05597619047619
45,1,0,1,1,1,13.90645238095238
38,0,5,1,3,21,12.634999999999998
47,1,4,2,5,2,17.71376190476191
71,1,0,1,3,21,14.736231962481963
33,1,3,0,4,6,20.82385714285714
78,1,5,1,1,10,19.71676190476191
65,1,4,2,0,25,18.36242857142857
67,1,1,0,3,12,22.47771428571428
28,1,0,1,6,10,11.370500000000002
44,1,5,1,7,19,13.00304761904762
39,1,0,2,4,6,17.959400793650797
81,1,0,1,7,14,13.031214285714288
53,0,3,0,7,27,11.946464285714287
79,0,1,2,3,8,12.80857142857143
63,1,4,0,1,29,12.361765873015873
81,0,3,1,1,8,14.031999999999998
73,0,3,0,2,1,23.931250000000006
61,1,1,1,6,2,22.772095238095236
41,0,3,0,3,19,15.990452380952384
24,1,1,1,1,4,19.854833333333332
19,0,2,0,4,22,26.57675
51,0,0,1,4,10,17.475583333333333
73,1,1,2,7,28,9.330349206349208
27,0,0,0,6,17,14.935277777777777
68,1,3,0,3,3,8.085749999999999
45,0,0,1,0,24,6.578166666666666
89,1,0,0,7,26,13.0405
69,1,0,0,6,12,12.293
54,1,2,0,0,23,14.864392857142859
43,1,1,1,4,11,16.951309523809524
69,1,5,0,0,7,21.10754761904762
36,1,2,2,7,27,20.815980880230885
81,1,3,2,2,15,20.640507936507934
53,1,5,1,5,8,10.962250000000001
32,1,5,0,0,28,11.014111111111108
34,0,2,1,3,18,16.53744841269841
75,1,5,2,1,5,18.987694444444447
20,1,5,2,3,21,17.808095238095234
49,0,0,2,3,12,9.225047619047618
35,0,2,2,4,12,12.264011904761908
82,0,2,1,1,18,13.550865079365078
82,0,2,1,3,2,12.857892857142854
66,0,3,2,6,4,7.39747619047619
22,1,5,1,5,15,12.063833333333335
49,0,2,2,5,20,11.19619660894661
28,0,0,1,7,13,10.094083333333334
77,0,4,0,3,28,26.1275
52,0,3,2,6,16,18.515833333333333
22,0,1,1,5,25,7.6932261904761905
66,1,0,1,4,1,10.839849206349204
56,1,4,0,1,28,19.408903679653683
38,1,5,1,5,18,16.483579365079365
43,0,5,2,0,10,11.53870634920635
70,0,5,1,6,4,18.64666666666667
18,0,1,2,2,7,22.08733333333333
45,0,0,2,2,10,19.02783333333333
67,0,2,2,0,27,15.466285714285714
38,0,3,1,5,22,16.653214285714284
19,1,2,0,5,12,22.176825396825393
35,1,2,1,7,8,24.084559523809524
26,0,1,0,4,12,7.118666666666667
64,1,2,2,2,21,14.631166666666667
33,0,5,0,4,2,18.837444444444444
61,1,5,1,7,21,12.081039682539684
31,0,1,0,0,14,17.86642857142857
67,1,4,2,0,9,13.903571428571428
19,1,3,1,0,8,19.351904761904763
45,1,4,0,6,12,18.62238095238095
22,0,1,1,2,12,15.973690476190475
84,1,3,2,4,1,13.217166666666664
80,1,1,0,4,1,20.8660521978022
76,1,5,2,4,8,13.608666666666668
27,1,3,0,3,14,19.424968253968252
40,0,0,2,2,17,12.428825396825395
24,0,0,2,5,10,14.496190476190472
46,1,1,0,1,12,8.580666666666666
44,0,5,2,2,10,4.9929848484848485
45,0,1,0,7,26,13.352357142857143
55,0,5,1,1,20,7.369523809523811
54,0,3,0,6,27,9.858500000000001
34,0,2,0,1,3,22.905
75,1,3,2,2,20,16.921655483405477
28,0,0,2,4,28,6.3456785714285715
53,0,2,2,3,30,17.846214285714282
64,0,5,1,6,5,16.952416666666668
40,0,0,1,2,12,10.544341269841272
20,0,4,2,7,18,16.962857142857143
71,1,1,2,2,30,17.35466666666667
19,0,3,1,1,9,15.011857142857144
50,1,1,1,3,30,13.555904761904763
20,1,2,0,3,13,19.618571428571432
82,0,0,2,2,29,20.120976190476192
81,0,0,0,4,15,25.210714285714293
71,1,5,1,4,2,13.203896825396829
29,0,0,1,2,30,7.044714285714285
36,0,2,0,7,20,20.757380952380956
87,1,3,0,2,20,16.519000000000002
62,1,2,1,4,21,23.746166666666667
33,0,1,2,2,4,18.811511904761904
40,0,2,0,0,27,14.067071428571428
33,0,5,2,7,27,7.567738095238096
23,0,5,2,1,4,14.736607142857144
70,1,5,2,2,8,15.034333333333334
66,0,1,1,3,29,21.805892857142858
70,0,1,2,4,7,6.69
20,0,1,0,0,8,7.069559523809524
82,1,2,2,3,4,19.85910714285714
18,1,0,0,7,26,13.22009126984127
65,1,5,1,4,28,16.97978571428571
35,1,1,1,6,6,11.34459523809524
68,0,2,0,4,1,19.926571428571428
34,0,5,2,5,6,23.357940476190475
41,1,4,1,1,26,13.86576623376623
43,0,0,2,1,7,13.68225793650794
26,0,4,0,6,25,8.356476190476194
76,0,4,0,0,21,14.190070346320347
24,0,0,2,6,23,18.844166666666666
85,1,3,1,3,30,9.466275641025641
43,1,4,1,5,9,4.7402500000000005
78,1,4,0,2,7,12.896977633477631
33,0,5,2,1,19,17.269464285714285
73,1,5,1,3,18,10.371734126984126
58,1,1,2,1,10,15.499954545454548
70,1,5,0,6,8,17.191666666666666
53,1,5,1,5,23,10.962250000000001
29,1,5,2,4,16,15.298166666666667
42,0,0,0,4,26,24.457809523809523
33,0,1,1,0,17,18.42862698412699
37,0,5,0,3,24,18.333414862914864
68,0,2,2,4,20,8.235333333333335
66,1,0,0,5,16,18.87885714285714
53,1,2,2,0,12,10.690666666666665
85,0,0,0,2,8,20.391285714285708
36,1,3,0,0,14,12.461392857142854
82,1,3,1,4,21,13.58
27,1,0,0,5,14,11.153642857142854
53,1,4,0,0,6,8.235845238095235
68,0,0,0,4,27,12.82990476190476
84,0,2,1,2,7,17.207988095238097
66,1,2,1,7,3,14.041999999999998
23,0,3,2,2,8,10.995896825396823
45,1,1,2,7,7,16.627
69,0,0,1,7,15,8.779499999999999
84,1,3,2,2,17,14.555000000000001
22,1,2,0,0,20,11.568023809523808
51,0,5,1,3,6,15.78282142857143
63,0,2,0,2,20,14.808071428571429
66,1,1,0,7,6,10.282166666666665
19,0,1,1,2,22,6.601666666666665
74,1,0,2,6,16,15.475626984126984
73,1,2,2,7,25,13.759817460317459
52,0,1,2,5,18,24.50349206349206
22,0,4,2,4,29,14.415797619047622
18,1,4,2,5,30,20.042095238095243
28,0,2,1,7,24,9.554119047619047
56,1,3,0,2,14,9.501492063492062
38,0,0,1,3,7,14.327702380952381
84,1,5,2,3,1,13.911666666666667
71,0,5,0,7,10,14.19340476190476
36,0,0,2,1,3,15.359166666666665
28,0,2,1,5,30,14.970849206349207
77,1,1,2,4,27,16.986666666666668
21,0,3,1,0,11,20.20680952380952
50,1,0,0,7,29,16.002602841602844
43,1,0,0,3,8,4.700142857142858
53,1,5,0,0,13,11.160611111111114
47,0,5,1,2,6,22.533357142857145
80,1,0,2,5,23,18.703690476190477
76,1,1,0,6,1,15.673916666666669
34,0,2,2,0,7,14.549154761904767
85,1,4,2,3,2,17.983462481962476
35,0,4,0,0,26,10.686999999999998
69,0,2,0,4,11,18.485166666666668
28,0,1,1,5,15,16.72330158730159
56,0,2,2,5,18,20.51933333333334
54,1,1,1,2,29,17.172849206349202
59,0,2,1,5,26,13.924333333333333
60,1,0,2,2,20,19.53625
58,0,0,1,1,16,26.49211904761905
23,1,1,1,4,29,5.57188492063492
69,0,3,0,0,13,13.12605266955267
37,0,0,1,0,23,21.821154761904758
58,0,5,0,7,14,26.622142857142858
49,0,2,2,1,8,3.6758333333333333
65,0,1,1,2,15,16.89616666666667
38,1,4,2,5,13,13.507380952380954
30,0,5,2,2,24,19.069166666666668
77,0,0,1,3,25,19.41566666666666
84,1,1,0,2,14,15.377273809523809
42,0,2,1,0,18,14.32502380952381
23,1,0,0,3,10,23.396
60,1,2,1,4,28,21.223000000000003
78,1,3,2,2,19,18.656142857142857
71,1,4,2,7,6,13.398412698412697
63,1,1,2,2,14,18.311888888888888
44,0,5,0,0,15,11.802920634920637
27,0,2,1,7,27,16.074742063492064
62,1,3,0,6,2,21.23264743589743
36,1,0,0,7,11,7.888476190476192
33,0,3,2,4,3,19.35983333333333
21,0,1,2,2,22,8.817777777777776
69,0,0,0,3,20,10.093130952380953
31,0,3,0,1,7,9.04017857142857
70,1,3,0,1,5,13.239369047619045
75,0,1,2,2,3,16.802650793650795
54,1,2,2,6,15,19.71667857142857
33,0,1,0,3,13,13.487
63,0,4,1,7,19,17.616238095238092
42,0,0,1,7,29,23.256309523809527
69,0,3,0,7,4,13.607519841269841
41,0,5,1,3,1,13.712285714285715
33,0,3,1,3,18,23.62654761904762
28,1,3,2,1,30,17.335166666666666
63,0,0,0,1,13,14.874678571428573
33,1,3,1,1,5,13.341333333333335
34,0,1,0,4,17,21.675793650793647
51,1,1,2,6,18,7.320166666666665
25,0,4,2,4,19,23.338619047619055
74,1,0,0,0,10,20.145087301587306
56,1,2,1,5,13,25.313095238095233
80,1,5,2,4,2,14.527333333333331
38,1,0,0,0,10,14.826392857142856
25,1,2,2,0,5,17.459166666666665
79,1,2,0,3,11,17.636
48,0,0,2,6,12,19.238572150072144
63,1,2,1,6,3,13.021499999999998
52,1,1,0,1,1,13.307722222222223
47,1,4,1,2,8,8.958095238095238
44,0,2,2,4,20,5.647083333333334
35,1,2,2,6,15,15.498889610389613
62,1,3,2,0,30,17.396047619047614
44,1,3,0,7,6,16.82792857142857
69,1,0,1,3,19,18.12922222222222
25,0,1,1,4,12,16.92602380952381
50,0,0,1,0,20,22.616071428571427
58,0,1,1,2,29,19.785190781440782
74,0,4,2,1,2,17.139226190476187
41,0,4,0,1,24,9.617642857142854
84,0,3,2,5,19,8.54292857142857
48,0,4,0,3,14,16.840960317460322
21,1,1,0,1,12,19.317961399711393
49,0,0,2,6,30,9.259500000000001
78,0,4,0,4,18,11.51592857142857
37,0,4,1,5,13,15.345523809523812
38,1,0,0,0,6,14.826392857142856
54,1,1,1,1,27,13.34142857142857
76,0,2,1,3,28,15.266595238095235
59,0,5,0,4,20,5.609484848484848
66,1,5,0,5,13,15.3975
30,0,5,1,7,2,21.97216666666667
30,0,4,1,7,4,9.922297619047622
27,1,5,0,0,25,17.632388888888887
52,1,3,2,1,19,21.861666666666665
83,0,1,2,6,7,18.73040079365079
42,1,4,0,7,24,23.561666666666675
39,1,3,1,0,22,21.054563492063494
72,1,5,2,0,25,10.442261904761907
40,0,1,0,7,20,15.016857142857143
65,0,1,2,0,1,16.15278968253968
67,0,1,1,6,15,16.973738095238097
81,0,3,2,2,24,11.709952380952384
43,0,5,1,0,18,16.21542857142857
49,1,0,1,0,6,18.608666666666664
55,0,2,1,5,26,12.636999999999999
46,0,2,0,0,13,14.43242857142857
37,0,5,2,1,21,23.073571428571427
74,1,1,0,1,4,16.001190476190473
65,0,1,1,2,5,16.89616666666667
37,1,0,1,7,19,13.598282647907654
40,1,3,2,4,2,20.23327777777778
29,0,2,1,3,30,17.079833333333326
46,1,2,1,2,1,12.813500000000003
79,1,0,0,2,8,9.292214285714287
18,0,5,1,2,8,17.99423015873015
67,0,0,0,6,1,10.12047619047619
57,1,2,1,7,14,16.23166666666667
70,0,2,2,7,5,6.373888888888889
21,0,0,2,1,13,23.17611111111111
67,0,1,0,0,21,18.038666666666668
32,0,5,2,2,5,11.091351370851374
40,1,3,0,2,23,9.515500000000001
69,0,4,2,6,7,18.24383333333333
18,1,3,1,6,29,10.970690476190475
39,1,5,2,2,2,11.695666666666666
31,0,5,1,5,20,11.3248373015873
53,1,3,0,5,4,20.524583333333336
31,0,5,0,4,26,7.279654761904762
34,0,4,0,1,21,10.243809523809524
64,0,2,1,4,18,10.842373015873015
55,1,3,1,7,24,7.637333333333333
78,1,3,1,2,23,17.225833333333334
72,0,3,0,1,29,7.771904761904762
64,1,2,2,4,4,6.716714285714285
41,0,0,0,5,30,19.76964285714286
18,0,5,2,0,10,13.18517857142857
23,0,1,0,5,9,22.300916666666673
81,1,3,1,0,7,24.15916666666667
26,0,0,0,7,10,12.667214285714287
70,1,1,1,6,7,10.921626984126988
41,1,4,1,2,29,20.373730158730158
46,0,2,2,3,4,15.093607142857143
36,1,5,2,0,22,6.554666666666668
54,1,1,2,7,1,24.148166666666665
48,1,3,1,1,6,13.62347619047619
83,1,5,1,0,9,15.262095238095242
31,0,0,0,5,27,7.200035714285711
53,0,4,1,2,19,16.24178571428571
54,1,0,2,6,14,12.270916666666666
21,1,1,1,7,7,7.091142857142855
75,0,4,1,4,12,14.548960317460317
59,0,2,2,5,28,20.899692640692642
33,1,4,0,6,24,14.147825396825398
41,1,0,1,6,22,15.698908730158726
49,1,3,2,6,2,18.380857142857145
67,0,5,2,7,30,11.8675
57,1,4,0,7,17,11.009037878787876
29,1,3,0,2,8,21.959666666666664
57,0,1,0,3,14,20.38864285714286
36,1,1,2,2,8,7.0938968253968255
52,0,1,2,5,12,24.50349206349206
50,1,1,2,1,4,13.77795923520924
43,0,0,2,2,8,17.844166666666666
30,0,4,0,2,21,16.48321031746032
37,1,4,2,3,14,21.379797619047622
29,1,4,2,1,30,14.331309523809525
84,1,1,0,3,19,7.7025
43,1,5,0,7,28,7.470809523809524
22,0,5,0,0,23,6.035999999999999
67,0,2,1,1,26,15.505606060606063
40,1,5,1,4,24,13.811206349206346
68,0,3,1,3,12,10.118948412698414
63,0,4,2,6,20,14.822272727272727
46,1,0,0,6,25,10.165079365079364
70,0,4,1,0,27,9.9805
57,1,4,0,0,23,21.826238095238097
58,1,2,1,6,20,18.92645238095238
62,1,4,1,5,21,12.845333333333333
45,0,2,2,1,14,14.646353174603176
28,0,5,2,5,17,8.233444444444444
19,1,0,0,0,28,15.211523809523815
78,0,1,1,0,17,11.078
19,1,2,0,3,4,10.549666666666667
30,1,5,2,2,27,8.960880952380952
27,1,0,2,6,8,10.201388888888888
62,0,5,2,3,28,13.762595238095237
52,1,0,2,0,7,8.370793650793651
68,0,0,1,2,7,19.101999999999997
58,1,4,1,6,30,23.530789682539684
59,1,1,2,5,22,16.265333333333334
54,0,5,2,3,20,24.118
35,0,4,0,1,16,14.510833333333334
49,0,1,0,7,14,19.43454761904762
79,1,2,1,1,29,19.909357142857147
23,0,3,2,7,17,18.747130952380953
83,1,3,2,6,17,8.822892857142858
69,1,1,0,1,8,15.528869047619047
48,1,3,0,2,16,22.210595238095237
61,1,1,0,6,25,21.642746031746032
21,0,0,0,4,13,22.75526515151515
73,1,4,2,1,27,8.179444444444439
51,1,1,1,7,28,12.817023809523812
24,0,4,2,0,13,20.43895238095238
53,1,5,0,1,24,17.53683333333333
74,0,3,2,6,8,16.192953463203462
31,0,5,0,1,17,16.7725
53,0,0,0,2,27,21.211333333333336
85,1,2,0,6,17,23.80416666666667
54,1,3,0,3,23,24.852000000000004
59,0,3,2,3,23,23.13952380952381
72,1,2,2,0,2,11.662
40,0,4,1,1,1,17.715833333333336
63,1,3,2,6,10,9.550358433233432
66,1,5,2,1,13,13.832083333333333
48,0,4,1,6,21,17.0255
80,1,4,0,5,12,12.947119047619049
19,1,1,1,2,4,16.66461904761905
31,0,3,1,3,25,14.475166666666667
68,1,3,0,7,13,16.757857142857137
66,1,1,2,6,13,12.15652380952381
67,0,5,1,6,14,12.570357142857137
29,1,4,1,0,28,18.329027777777775
41,0,4,0,6,17,21.41583333333333
31,0,1,0,2,10,17.05243722943722
58,1,5,1,4,3,15.142023809523812
38,0,3,2,7,3,19.141714285714286
32,0,3,0,3,1,12.097666666666667
79,0,2,1,7,18,11.7875
70,1,0,0,1,7,15.656515151515153
62,1,3,2,2,14,19.16856349206349
27,1,0,1,0,23,11.495666666666668
27,0,1,0,5,8,19.192222222222227
31,0,2,0,5,7,10.414238095238096
64,0,5,2,3,16,17.154
24,1,5,1,3,3,16.214135281385282
64,0,3,1,1,14,18.146547619047617
59,0,0,0,0,18,16.552071428571427
29,0,0,1,6,15,14.139988095238095
68,0,3,0,7,12,12.407333333333328
68,0,2,1,1,12,22.993500000000004
85,1,5,2,7,21,8.467119047619047
33,0,2,0,0,12,9.188166666666666
25,0,5,2,1,25,20.950809523809525
27,0,1,1,2,9,19.21485714285714
84,1,4,2,0,14,9.94692857142857
22,0,5,0,5,24,17.441916666666668
27,1,4,1,1,2,15.813749999999995
41,1,1,2,5,3,10.899739177489176
37,0,4,0,6,11,23.026857142857143
60,0,2,0,4,24,17.195952380952377
35,1,4,2,4,16,7.4055
65,0,4,0,1,14,13.797142857142854
51,1,4,1,3,19,14.667488095238093
82,0,5,1,2,30,16.92614285714286
39,1,0,0,3,15,16.320952380952384
51,1,5,2,7,14,10.938043956043959
45,0,3,2,6,18,12.951023809523813
51,1,0,0,6,18,11.997563492063486
28,0,5,1,7,1,11.897833333333333
31,0,3,2,1,7,16.273273809523804
39,0,1,0,0,22,21.12709523809524
69,0,2,1,5,12,20.743166666666667
74,0,0,1,2,23,16.748827922077922
38,0,2,2,1,5,18.51790367965368
34,0,4,2,5,7,17.782499999999995
71,0,3,1,7,7,24.42255952380952
39,1,0,0,7,15,22.302166666666672
39,0,1,0,3,20,7.876130952380952
26,0,4,0,5,6,15.49457142857143
20,1,3,0,1,29,24.57133333333333
30,1,5,1,1,2,16.76138095238095
42,1,3,0,6,19,14.068277777777778
44,0,3,1,1,19,21.620187229437235
25,1,5,0,3,1,19.64666666666667
23,0,5,0,4,18,14.126503968253967
40,0,5,1,1,6,15.821570707070709
31,0,2,0,3,19,12.72217857142857
30,0,4,0,2,3,16.48321031746032
26,0,2,2,7,18,16.351285714285712
44,0,0,0,5,30,6.189007936507936
35,1,4,1,4,9,10.804
60,0,4,2,3,26,16.105702380952376
34,0,1,2,3,11,19.36577777777778
59,0,2,2,1,30,24.781238095238095
68,0,3,1,2,9,10.751000000000001
24,1,3,2,2,18,21.222986374736376
77,0,1,0,2,11,21.61835714285714
31,0,2,2,3,8,15.063575757575759
56,1,0,1,0,4,15.826119047619047
32,1,1,2,7,28,23.272666666666666
42,1,5,2,3,4,13.726896825396823
46,0,5,1,4,27,20.570952380952377
40,0,4,2,0,27,7.071666666666664
64,0,4,2,7,5,18.789261904761908
50,0,0,2,5,19,17.669630952380952
61,1,2,0,5,2,13.111038461538463
19,1,4,0,4,5,12.687333333333331
50,0,2,2,2,22,18.352500000000003
54,1,5,1,4,7,13.850456349206352
21,0,0,0,4,24,22.75526515151515
37,1,3,0,2,11,9.539902958152958
65,1,2,0,7,11,14.954494227994223
66,0,3,1,2,29,15.668523809523816
69,0,4,0,2,13,16.257761904761907
24,1,4,0,2,27,14.235809523809522
54,0,0,1,2,21,12.299857142857144
80,0,4,1,7,11,25.151273809523804
73,0,1,1,2,12,12.207285714285712
57,1,5,2,1,18,12.488464285714283
36,1,1,0,4,28,14.425341269841269
75,0,3,0,4,21,11.249166666666666
30,0,5,2,5,27,16.428674603174603
61,1,5,1,1,23,21.387226190476195
62,0,0,2,6,5,12.973269841269842
58,1,3,0,0,7,14.792119047619051
43,0,3,0,1,27,25.06550541125541
23,0,5,1,5,3,18.751
52,0,2,1,0,11,18.72996825396826
65,0,0,1,2,30,15.047619047619047
28,0,0,0,7,1,24.29575
80,0,2,2,4,9,15.469753968253972
42,1,5,2,7,25,8.801277777777779
36,1,0,1,0,1,20.43785714285714
22,1,1,0,5,3,17.919
28,1,0,2,2,29,9.450507936507938
75,1,4,1,6,2,21.989333333333335
77,0,0,1,5,12,14.210551587301586
51,0,2,1,7,29,12.995476190476188
44,0,0,2,2,8,24.075119047619047
36,0,2,0,0,3,15.336833333333335
56,1,3,0,2,29,9.501492063492062
53,0,3,2,2,12,9.125083333333333
34,1,4,0,6,26,9.575666666666667
36,1,5,0,4,27,23.88028571428572
84,0,5,1,6,16,5.012309523809524
70,0,3,2,0,16,18.232333333333333
33,1,1,0,5,24,13.690333333333333
50,0,0,1,6,5,20.671781746031744
49,1,3,2,1,28,13.875575396825395
80,0,2,1,1,7,18.82619264069264
21,0,3,1,4,21,16.132182789432786
68,1,5,1,1,28,17.464999999999996
50,0,1,2,4,28,18.08983333333333
41,1,1,0,1,26,18.3469044011544
42,0,4,2,4,18,28.00138095238096
52,0,1,0,3,4,16.59782178932179
21,1,0,2,2,28,26.06375
71,1,0,1,3,5,14.736231962481963
61,1,5,2,6,20,22.491880952380953
29,0,4,2,4,24,20.419809523809523
39,1,2,1,5,21,8.377666666666666
45,0,3,1,3,3,14.522476190476189
67,0,1,1,5,11,15.488714285714291
20,0,4,1,0,8,11.8959880952381
18,0,0,2,7,10,8.05421428571429
27,1,5,2,3,2,13.047166666666667
85,1,1,0,5,23,14.928212121212116
75,1,4,2,4,2,13.335928571428571
27,0,0,2,0,30,13.932964285714288
58,0,5,1,1,1,14.514583333333334
70,0,5,0,0,19,16.276
61,1,5,1,0,11,14.333571428571428
72,1,2,2,7,26,21.60008333333333
26,0,1,0,2,24,11.681066017316017
25,1,2,2,1,8,16.033214285714287
25,1,0,0,2,28,22.098547619047622
18,1,2,1,1,17,18.596666666666668
56,0,3,0,6,21,16.8297233044733
69,1,2,2,5,3,13.558288961038965
75,1,1,2,4,24,13.692285714285715
61,0,5,2,6,18,13.793666666666665
73,1,0,0,5,26,15.544507936507934
52,0,0,0,2,4,15.456297619047621
40,1,0,2,1,25,8.38794660894661
81,1,2,0,6,4,8.43972222222222
43,1,4,0,2,6,23.04628571428571
61,0,1,2,2,22,21.96534523809524
28,1,0,1,7,11,15.200333333333333
34,1,1,2,7,16,18.897333333333332
84,0,1,0,5,16,16.03061904761905
35,0,1,0,4,7,6.370238095238095
22,0,3,2,5,24,8.362365079365079
81,1,5,2,2,12,16.607083333333335
82,0,5,0,6,10,24.25633333333333
39,0,2,0,2,15,15.595309523809524
81,0,3,2,4,14,22.315273088023083
66,0,1,2,1,13,15.795186507936513
75,1,5,1,7,10,11.944999999999999
30,0,3,1,2,24,14.142404761904766
30,0,1,1,6,22,16.51264285714285
73,0,5,1,3,2,18.04294047619048
84,1,3,2,1,1,12.80684126984127
59,1,0,2,3,1,23.366630952380955
83,1,0,0,7,15,6.341166666666667
57,1,0,0,1,30,13.576833333333333
39,1,0,2,6,20,19.36681746031746
44,1,1,0,3,16,12.462714285714284
80,0,4,0,0,27,9.278500000000001
68,0,0,1,1,29,14.110464285714281
75,1,4,2,7,3,6.644940476190476
44,1,3,1,0,9,11.981972222222224
37,0,5,0,0,19,13.27901984126984
78,1,2,0,6,18,9.3025
67,1,2,2,2,24,17.14007142857143
74,1,2,0,3,18,15.083464285714287
79,1,4,2,4,23,4.122828282828283
77,1,1,2,0,2,22.38433333333333
80,1,0,0,3,1,16.851
55,1,5,1,2,26,17.178690476190475
31,1,1,1,7,9,7.290793650793652
55,0,1,1,6,14,19.026992063492067
57,1,1,2,4,1,20.601499999999998
81,0,5,0,5,30,17.069166666666668
29,0,5,1,2,23,15.96992857142857
68,0,3,1,3,12,10.118948412698414
19,1,4,0,1,6,13.851396825396828
30,0,4,0,3,21,11.705538461538463
71,1,1,0,7,8,15.326476911976913
78,1,2,0,3,26,13.618666666666666
62,0,4,2,1,9,17.4345
49,1,4,2,1,11,13.381035714285716
49,1,1,2,6,16,11.985841269841265
40,0,2,2,6,25,15.43954761904762
28,1,2,2,4,18,17.791698412698413
39,0,3,2,0,9,19.650500000000005
35,1,3,2,5,22,7.16143362193362
49,0,2,0,1,5,15.504000000000001
34,0,3,2,4,11,17.078999999999997
48,0,5,1,0,14,16.574166666666667
63,1,0,0,2,9,14.19826515151515
27,1,0,1,1,3,22.74879365079365
77,1,3,0,2,5,20.250999999999998
19,0,2,0,5,4,23.819388888888888
25,1,4,2,5,30,17.179349206349208
69,0,2,0,5,18,12.531785714285713
60,0,3,0,1,19,15.71395238095238
53,0,5,0,4,4,17.483544011544012
45,0,2,0,5,24,13.289000000000001
47,0,0,1,2,7,5.786333333333333
40,1,1,0,6,29,13.424964285714287
47,0,3,1,3,29,12.163039682539681
85,0,0,2,2,28,14.113111111111106
33,1,4,2,0,12,15.898761904761908
31,1,3,1,1,21,13.018880952380949
42,0,5,2,2,7,11.112166666666672
31,1,2,1,2,24,9.585960317460316
72,1,4,0,1,20,17.44738095238095
73,1,2,0,5,16,15.130285714285717
63,0,1,1,3,22,18.02904761904762
28,1,0,0,3,29,23.608428571428576
52,0,5,0,3,3,16.058821428571427
84,0,0,2,7,6,15.007166666666667
29,0,5,1,5,13,14.119154761904758
61,0,2,2,3,16,18.297531746031748
76,0,2,2,1,13,12.67114285714286
64,0,5,0,2,17,9.75340476190476
34,0,1,0,6,9,8.928166666666666
70,1,5,1,1,9,14.764642857142855
47,0,3,1,4,30,19.448166666666665
31,0,5,1,3,4,7.402000000000002
40,1,4,0,5,18,11.394238095238094
81,0,2,2,2,27,7.156095238095239
54,1,2,2,1,8,17.21835714285714
74,0,5,1,2,8,5.305047619047619
22,0,1,1,5,20,7.6932261904761905
36,0,0,0,5,11,12.451154761904764
69,0,0,2,6,11,8.806738095238096
37,1,5,1,5,30,17.884142857142862
37,0,5,0,6,7,13.379749999999996
26,0,0,2,3,7,14.75875
34,1,4,1,5,15,10.634912698412698
30,0,3,2,4,8,9.507166666666667
83,0,2,0,7,28,16.623154761904765
20,0,0,1,6,15,9.591306998556998
59,0,2,1,3,11,21.00302380952381
57,1,5,1,2,13,14.511696969696969
83,0,3,2,7,17,7.235999999999999
48,1,1,1,2,6,16.19271428571429
26,0,0,2,4,7,11.12352380952381
65,0,4,0,2,3,13.950888888888887
32,1,3,0,4,16,21.09461904761904
63,0,2,2,1,30,20.346964285714286
66,1,5,0,7,18,16.175178571428575
19,1,2,2,1,13,19.513071428571426
37,0,3,1,7,22,12.78290476190476
29,1,0,1,2,2,17.889166666666668
26,0,2,1,3,2,20.18423412698413
58,1,0,2,2,4,17.992238095238093
43,0,3,0,6,13,13.973000000000003
21,0,4,1,0,28,14.159309523809522
35,1,1,2,5,11,8.47477777777778
78,0,5,1,4,2,12.423761904761907
70,1,4,0,1,1,11.159190476190476
80,0,4,0,4,3,12.696874999999999
30,0,2,1,5,17,21.806416666666664
35,1,3,1,1,23,17.708249999999992
79,0,3,1,5,8,10.356873015873015
74,1,5,1,6,21,13.0125
51,0,2,2,3,22,13.865714285714285
85,1,1,0,1,2,11.622757936507934
63,1,5,1,3,15,20.396166666666666
37,1,2,0,0,7,15.777738095238096
82,0,4,0,5,19,19.20471428571429
51,1,5,2,7,10,10.938043956043959
31,0,5,2,7,27,17.900365079365077
80,1,1,2,1,21,9.536265873015875
65,1,2,2,6,29,23.292345238095237
20,1,4,2,7,26,14.539999999999997
34,1,2,2,6,29,10.955666666666666
81,0,1,2,2,17,20.42285714285714
55,1,4,2,2,3,22.321246031746032
47,0,1,0,2,27,16.39806746031746
78,1,3,2,1,30,13.284095238095235
68,0,2,2,1,5,20.680999999999994
57,1,5,2,4,27,12.94630162892663
74,0,0,1,7,4,21.419722222222227
39,0,5,1,3,27,18.51075
85,0,0,2,4,8,11.243821428571426
46,0,5,2,1,3,23.51233333333333
31,0,3,0,3,3,6.733452380952382
83,1,3,0,4,17,11.605
59,1,4,2,2,8,19.458309523809525
33,1,2,0,1,29,14.184424603174605
26,0,4,1,3,29,9.219166666666666
63,1,2,1,6,25,13.021499999999998
74,1,0,0,1,30,16.485337301587297
58,1,2,1,3,30,18.776678571428572
62,0,3,2,3,14,14.500365079365075
54,0,2,0,3,30,16.299666666666663
28,1,5,0,6,23,17.3844880952381
80,0,1,1,7,17,19.718634920634923
79,0,3,1,0,5,23.247261904761903
30,1,5,1,7,6,13.721333333333334
71,1,5,0,4,6,7.054904761904761
48,1,4,0,6,15,16.25827380952381
22,0,2,0,5,26,18.127416666666665
80,1,1,2,7,8,11.072333333333336
48,0,3,2,6,30,9.52822619047619
35,0,0,2,1,17,15.034666666666666
82,0,0,0,7,23,15.553468253968246
19,0,1,1,1,10,18.1425
34,0,3,1,2,21,26.703416666666662
49,0,3,1,1,10,15.679368326118324
54,0,4,1,1,30,10.103499999999999
22,0,3,0,6,1,18.02316666666667
19,1,4,2,6,30,20.273690476190474
40,1,3,2,3,11,16.919666666666668
46,1,2,0,4,28,13.927047619047618
22,1,5,0,0,27,15.014221861471869
28,1,1,0,6,16,17.318769841269837
56,0,4,0,1,5,10.838619364295832
80,0,0,0,0,29,15.158166666666665
36,1,4,2,6,23,22.193194444444444
41,1,5,0,1,26,12.802869047619044
64,0,1,1,5,25,21.175404761904765
79,1,3,1,1,3,20.817531746031747
22,1,5,0,0,10,15.014221861471869
65,1,4,2,4,21,6.292857142857144
53,1,4,1,3,7,11.388440476190478
58,0,0,1,1,25,26.49211904761905
77,1,4,0,2,21,18.019214285714284
71,0,1,2,0,27,17.24383333333333
19,0,3,0,2,7,15.631309523809525
61,1,3,1,3,9,13.765095238095238
28,0,0,1,5,22,18.473043650793652
25,0,3,2,3,14,8.44869841269841
81,1,5,0,3,17,11.800595238095239
61,0,0,2,0,16,13.446404761904759
82,1,0,1,7,6,11.38904761904762
25,0,4,2,6,6,9.020809523809524
50,1,3,0,5,10,4.612499999999999
61,1,1,1,3,5,12.697611111111112
69,1,1,0,2,7,7.400928571428572
22,1,5,0,4,17,11.976555555555558
48,1,1,2,2,17,12.514
81,0,5,0,1,14,11.416666666666668
20,1,1,0,5,8,13.159999999999995
40,1,1,2,4,8,20.330860028860037
19,1,0,2,5,24,20.56166666666667
27,0,2,2,2,11,13.924964285714287
23,1,0,1,3,8,8.704555555555554
29,0,0,1,5,23,12.783952380952382
32,0,0,1,4,2,16.139
23,0,0,1,4,25,14.310762987012986
67,1,4,0,5,24,18.291710317460314
31,0,3,1,0,17,9.461166666666667
72,0,5,0,7,5,18.291321428571425
50,0,1,1,1,27,20.495309523809524
67,0,2,0,5,15,14.286619047619046
41,0,4,2,2,18,14.348642857142858
47,1,3,1,7,8,15.9945
37,1,4,0,3,30,15.912238095238095
44,1,4,0,1,27,8.941722222222221
21,0,1,0,3,27,19.566666666666666
58,1,4,0,7,27,12.865086580086583
25,0,0,1,7,10,19.207642857142858
27,0,4,0,6,30,17.46957142857142
24,0,5,0,1,26,7.272333333333335
58,0,1,0,4,26,18.226166666666668
61,1,3,0,3,13,20.735166666666668
60,0,2,1,0,14,20.405214285714283
40,0,2,1,5,13,12.424499999999998
64,1,3,2,3,11,13.325722222222225
80,0,1,1,1,30,11.952277777777779
53,1,5,1,7,10,6.221833333333333
83,1,2,2,5,3,15.74902380952381
51,0,3,2,7,4,14.045642857142857
57,0,3,0,7,14,11.748214285714285
54,1,1,1,0,29,24.41259523809522
72,1,1,0,7,17,7.739714285714284
22,1,0,1,4,25,18.334035714285715
24,0,2,0,6,26,8.121833333333333
22,1,0,2,1,1,14.369333333333326
59,0,1,0,7,22,14.319369047619045
47,0,2,1,4,12,18.406142857142857
76,0,4,1,3,23,14.873503968253969
41,1,4,1,4,19,15.175961399711404
25,1,1,1,7,7,24.33907142857143
28,0,0,0,5,23,21.793107142857142
32,1,1,1,3,1,12.669428571428574
67,0,5,2,4,13,8.150666666666668
78,0,4,1,4,13,21.639166666666664
84,0,5,2,1,13,11.4705
43,1,0,0,1,26,6.85125
75,0,4,1,5,25,18.009964285714283
73,0,1,1,6,23,16.345079365079375
62,1,1,1,1,18,14.451142857142852
61,1,4,1,1,29,19.40434523809524
65,1,3,1,6,9,12.8315
34,0,4,0,2,16,18.508918470418468
38,1,4,1,2,19,24.770793650793653
69,1,5,0,3,28,25.39166666666667
30,0,0,1,6,16,10.517341269841268
63,0,3,1,3,15,23.142380952380957
27,1,1,1,4,27,14.003
72,0,1,1,2,26,14.704583333333336
28,1,0,0,4,21,19.227750000000004
38,1,5,0,3,10,12.455527777777775
43,1,5,0,3,2,16.21497619047619
49,1,3,1,6,19,20.036361111111113
33,1,4,0,4,22,11.679119047619047
64,0,2,2,2,23,18.14459523809524
38,0,1,0,2,27,16.25696031746032
83,1,4,0,1,8,15.664523809523807
35,0,4,2,5,11,21.86583333333333
63,0,4,1,0,7,12.89307142857143
80,0,4,2,7,17,21.999071428571423
73,0,1,2,1,4,11.483964285714285
45,1,5,1,6,14,16.496341269841267
56,1,3,1,0,26,20.183119047619044
31,1,4,1,7,24,11.381166666666665
53,0,4,2,6,2,3.336833333333333
41,1,3,1,2,27,11.4185
68,0,5,1,3,16,12.512666666666666
37,0,4,0,5,6,11.868952380952381
68,0,1,0,4,3,15.264833333333334
78,1,2,0,2,7,12.038619047619049
75,0,5,1,6,20,17.097666666666665
21,1,4,2,5,30,11.623174603174604
35,1,4,2,6,19,15.117623015873017
73,1,2,1,0,16,9.272666666666666
66,1,2,2,2,28,16.390630952380953
70,0,3,2,3,21,16.178265012765014
19,1,1,0,2,27,15.945666666666671
41,0,5,0,5,30,17.371940476190474
66,1,2,1,5,14,21.691095238095237
39,1,3,2,3,11,17.895333333333337
20,0,3,0,0,5,12.283696969696969
42,1,5,1,5,20,17.95965873015873
54,1,1,0,2,25,12.737071428571431
22,1,2,1,7,4,19.377944444444445
53,0,5,2,0,14,21.264444444444447
78,1,4,0,5,24,21.208000000000002
37,0,1,0,7,16,9.722999999999999
43,1,5,1,0,29,19.406186868686866
77,1,2,0,2,28,24.22602380952381
44,1,0,2,0,14,21.025892857142857
34,0,1,2,1,18,18.08267063492064
32,1,4,1,5,15,14.363190476190475
43,1,3,2,4,2,19.432904761904766
44,0,5,2,0,18,19.4462793040293
61,0,5,1,3,30,20.23997619047619
30,0,2,2,5,12,18.00545238095238
27,1,1,0,6,25,13.945940476190472
31,1,2,1,1,22,12.781944444444443
85,0,5,2,5,8,15.781011904761908
22,1,0,0,4,7,15.682011904761902
57,1,1,0,5,27,19.707563408813417
18,1,3,2,3,7,23.519500000000004
43,1,4,1,5,10,4.7402500000000005
19,1,5,0,5,5,8.758035714285716
85,1,5,2,5,26,19.17847619047619
60,0,1,1,0,3,10.735833333333336
43,1,1,2,5,12,26.463750000000005
49,1,2,2,1,3,11.899500000000003
33,0,5,1,3,7,11.670714285714284
81,0,2,1,2,18,20.069
86,1,0,0,2,24,13.380333333333333
41,0,5,1,7,2,16.631880952380953
44,0,4,2,3,23,14.754047619047618
53,1,3,2,0,21,15.354055555555554
58,1,1,1,5,12,20.40079761904762
41,1,2,1,1,5,18.717785714285714
62,1,3,0,6,29,21.23264743589743
67,1,1,0,1,7,16.443555555555548
49,0,0,0,3,8,13.87588888888889
28,0,4,2,6,16,19.098000000000003
65,0,0,0,7,16,11.537222222222221
78,0,1,2,3,19,20.344321428571426
56,0,3,1,4,29,13.165333333333333
48,0,3,1,1,29,7.3691666666666675
21,0,3,2,6,5,8.188
74,0,5,0,1,14,15.095142857142863
64,0,3,0,4,30,16.243666666666662
49,0,2,1,2,9,15.93782142857143
82,1,5,1,6,8,10.066666666666668
20,1,0,2,5,23,21.66019047619048
20,0,5,1,1,14,19.60487193362194
25,0,1,1,6,24,17.872714285714288
46,0,5,2,2,8,13.110001443001444
77,0,5,2,3,19,26.938666666666666
64,0,3,2,3,28,14.201833333333333
81,0,3,0,2,16,18.139758241758237
53,1,5,2,3,11,21.806214285714294
65,0,4,1,0,27,24.23566666666667
64,1,4,0,6,9,13.69286507936508
85,1,4,1,2,21,12.64785714285714
32,1,0,2,7,10,18.71446825396825
54,0,2,0,4,3,24.39097619047619
44,1,5,1,6,5,17.803166666666666
33,0,1,1,6,19,13.191948412698414
31,0,1,1,6,4,16.357
78,1,1,1,2,28,4.861833333333333
79,0,1,1,5,3,9.625416666666666
57,1,2,1,4,5,18.62178571428572
67,1,5,1,5,6,12.754261904761904
44,0,0,0,6,2,13.17733928571429
49,0,3,0,7,19,3.793559523809524
82,1,1,0,7,29,22.444388888888884
57,0,0,0,0,18,21.850214285714287
72,0,4,2,3,1,11.511460317460319
21,1,0,0,5,11,14.053438311688318
65,1,0,0,5,2,13.733190476190476
73,0,2,0,1,6,14.805408730158728
52,0,2,0,6,8,14.490761904761904
18,0,0,0,6,20,13.025428571428572
20,0,3,2,6,7,9.507
40,1,3,0,0,22,24.409047619047616
52,0,1,1,5,23,14.028042984792982
23,0,5,0,5,15,10.65483333333333
18,1,4,0,7,8,16.482273809523814
68,0,0,1,3,10,15.805738095238096
72,0,3,2,3,1,12.015166666666666
43,0,0,2,5,21,8.845642857142856
28,0,3,2,1,2,13.30461904761905
67,1,3,0,3,29,10.84395238095238
80,1,2,2,3,11,15.465642857142859
71,1,0,0,5,24,11.907857142857143
63,0,2,1,2,4,10.457654761904765
56,1,5,1,3,17,21.500472360972356
45,1,1,2,6,17,14.687880952380949
57,1,3,0,1,23,9.690619047619045
28,0,4,1,2,20,11.792904761904758
79,0,4,2,2,23,12.186833333333333
85,0,2,2,6,14,24.192476190476196
37,1,0,2,5,6,21.020500000000006
74,1,5,1,1,18,18.766630230880235
38,1,3,1,5,8,16.768166666666666
53,0,4,0,5,29,16.624222222222226
54,1,2,2,5,13,26.080916666666667
50,0,1,1,5,30,19.216984126984126
29,0,4,1,7,26,14.368261904761905
34,0,4,1,0,6,18.18482142857143
38,0,5,0,2,22,10.37619735819736
79,1,5,1,2,26,22.252690476190477
68,1,2,2,2,18,17.404071428571424
84,1,4,1,6,30,21.326523809523806
44,1,2,0,0,10,18.44684126984127
31,1,0,1,3,27,17.39865223665223
42,1,5,1,0,21,15.332
34,1,5,2,3,24,3.797238095238095
65,0,3,1,4,27,21.438
47,0,0,2,2,30,12.387071428571433
65,1,3,0,3,11,13.614404761904769
76,0,2,1,6,14,18.2445
59,1,3,1,4,14,13.269747696747697
56,1,1,0,7,7,3.487134920634921
63,1,5,1,3,15,20.396166666666666
89,0,1,1,3,10,15.0145
73,0,3,2,2,6,19.150505494505495
29,0,0,2,5,4,4.786619047619047
19,1,0,0,7,9,21.25604761904762
51,0,1,1,5,28,24.755269841269847
69,0,4,0,5,16,11.549095238095237
34,0,1,2,6,28,14.573404761904762
38,0,4,0,5,17,7.9452981185481155
74,1,3,2,6,12,14.846634920634925
53,1,4,2,3,8,9.809166666666666
19,1,2,2,0,8,19.887452380952382
69,1,2,1,2,8,24.01621428571428
24,1,4,1,4,12,6.349476190476189
83,0,2,1,5,14,15.300833333333333
69,1,1,2,3,1,14.435666666666666
31,0,0,0,3,28,20.543087301587306
20,1,5,0,7,30,19.89909523809524
29,1,4,1,1,11,13.498833333333334
29,0,1,1,1,23,14.356424603174602
63,0,3,0,6,22,13.946341269841264
27,1,2,1,4,30,14.660119047619048
61,1,4,2,0,1,11.458833333333333
25,1,5,0,5,14,18.000476190476192
79,1,2,2,1,13,14.313357142857141
76,1,2,2,6,1,16.253797619047624
22,0,0,1,7,23,15.4035
58,0,2,1,6,14,12.797574175824177
22,1,5,2,1,13,8.994666666666665
83,0,3,2,4,7,16.213428571428565
52,1,4,2,0,20,26.450571428571433
47,1,3,2,0,28,13.620333333333335
47,1,2,1,6,15,17.12033333333333
68,1,5,0,2,8,15.4975
33,0,0,1,0,14,10.573523809523806
61,0,1,0,0,5,15.183083333333332
63,0,3,2,4,14,14.47757142857143
69,1,2,0,0,16,12.147099206349207
27,0,0,0,0,16,16.00897619047619
82,0,3,0,2,14,23.166190476190476
77,1,4,2,2,8,22.98900649350649
64,0,2,0,0,30,9.356
58,0,3,2,5,30,15.246666666666664
80,1,2,2,6,29,15.338650793650794
65,1,3,1,6,9,12.8315
84,0,4,2,6,9,8.00952380952381
50,1,0,2,1,1,14.916749999999997
76,1,0,1,2,16,23.925722222222227
66,0,0,2,5,1,13.950123015873015
75,1,4,1,2,25,13.924300865800864
21,0,3,2,3,19,24.651
74,1,5,0,6,22,15.884499999999994
66,1,5,1,0,20,18.687238095238097
58,1,1,0,1,6,14.600880952380951
39,1,0,2,1,4,14.952420995670998
25,0,1,2,3,12,18.654585137085135
18,0,3,2,7,9,14.974876984126984
53,1,2,0,2,20,11.691981601731607
28,1,1,1,2,12,18.42794805194805
30,0,0,0,4,7,13.148452380952383
43,1,2,1,0,13,8.977027777777776
20,0,1,0,7,26,8.919761904761904
21,0,5,0,7,4,11.599142857142857
56,0,1,1,2,16,8.545671717171718
63,0,2,2,3,20,9.54007142857143
53,1,5,0,4,4,12.427333333333332
68,0,1,2,1,1,6.539166666666667
36,1,2,0,2,9,14.845999999999998
54,1,5,1,7,15,18.5777380952381
77,1,0,2,0,16,11.6129126984127
62,1,3,0,6,24,21.23264743589743
75,1,3,0,7,27,17.307333333333332
53,1,3,1,5,28,15.103511904761904
54,1,5,1,1,16,13.916333333333332
53,0,5,2,7,26,9.894773809523807
59,0,0,1,7,8,10.857611832611832
75,0,2,0,1,27,15.701623015873013
54,0,0,1,4,23,11.689690476190478
32,1,4,2,5,24,15.99490079365079
25,1,2,2,6,7,14.860301587301585
40,0,0,0,4,21,16.805195554445557
21,1,4,1,2,6,19.781884199134197
47,0,4,0,6,12,20.542
37,1,2,0,4,11,9.95957142857143
34,1,5,2,7,3,13.034333333333334
82,0,5,0,1,14,12.141476190476192
83,1,1,2,4,17,11.862690476190476
64,0,0,2,3,22,13.541547619047623
42,1,0,2,4,3,15.683416666666663
69,0,3,0,5,25,17.987333333333332
79,0,3,2,1,25,22.353071428571425
34,0,2,0,3,22,12.308805194805196
35,1,1,2,6,9,11.467123015873018
23,0,4,0,6,13,9.373238095238094
46,1,4,0,5,8,27.375809523809522
44,1,4,2,7,23,10.979619047619046
57,1,2,0,4,5,8.471738095238097
33,1,1,1,2,5,20.859523809523807
55,0,5,1,2,18,15.861333333333334
67,0,5,1,0,6,9.057277777777777
42,0,1,2,7,22,6.398761904761903
69,1,5,2,6,11,19.241063492063493
57,1,0,0,7,26,11.865178571428569
49,1,0,1,1,15,15.940464285714283
83,1,0,2,6,13,25.460047619047618
76,0,4,2,5,1,9.785285714285717
43,1,1,1,4,20,16.951309523809524
68,1,3,0,0,18,13.808142857142856
83,0,5,0,7,2,13.897083333333331
82,1,0,0,1,2,17.113214285714285
84,0,2,2,1,22,13.526166666666668
57,0,1,2,2,15,20.99980341880342
26,1,0,2,7,11,5.85
25,1,1,1,4,14,18.45170238095238
47,0,5,2,0,15,25.761
76,1,0,2,4,30,10.411817460317458
58,1,3,0,5,1,9.542356338106341
84,0,2,2,4,22,13.803357142857145
57,0,1,1,4,30,9.822333333333333
70,1,1,2,3,2,23.488166666666665
58,1,1,2,4,18,15.098690476190475
53,0,3,0,7,18,11.946464285714287
52,0,2,0,7,15,16.002166666666668
66,0,1,0,4,26,9.179833333333336
61,1,1,2,4,11,16.47083333333333
34,0,3,2,1,24,8.345952380952381
23,1,2,0,0,8,13.409095238095235
81,0,4,0,3,14,9.991261904761904
67,0,1,2,0,7,17.11561904761905
70,0,3,1,5,11,20.749000000000002
25,0,0,2,1,30,7.404904761904763
54,1,3,1,3,1,6.474428571428571
56,1,0,0,4,19,16.050333333333334
29,1,0,2,6,5,26.308500000000002
57,1,3,2,6,12,13.97775
27,0,5,0,4,11,19.8389025974026
37,0,5,0,6,4,13.379749999999996
45,1,4,2,6,30,14.740428571428572
38,0,4,0,5,3,7.9452981185481155
64,1,5,2,5,13,6.964166666666668
83,1,3,2,1,25,18.948265873015874
60,1,4,0,7,17,26.079285714285717
19,0,3,1,6,7,10.275952380952381
51,0,2,1,6,8,20.110071428571427
63,1,2,0,7,6,15.546928571428571
22,0,4,0,5,17,12.51911111111111
64,1,0,0,5,8,11.479
40,0,0,1,5,1,8.382880952380953
42,0,1,0,5,13,10.610849206349208
18,1,5,1,1,6,14.777190476190476
21,1,5,0,7,19,10.251785714285713
75,0,5,2,0,1,13.873833333333334
61,1,3,1,4,16,13.642130952380953
68,0,4,2,5,30,24.898333333333333
51,1,2,1,5,15,22.907440476190477
83,0,5,2,1,4,11.086948412698414
26,0,1,1,1,26,9.81295238095238
48,1,1,1,0,25,7.320892857142858
62,1,2,1,2,18,11.675611111111111
76,1,4,0,2,16,13.226321428571431
63,1,3,0,3,3,11.615634920634918
80,1,5,1,0,8,13.137142857142857
54,1,4,0,7,23,23.571357142857146
67,0,5,1,0,23,9.057277777777777
70,1,1,1,5,16,17.83482142857143
68,1,2,0,4,14,15.414555555555555
26,1,4,0,0,3,9.791000000000002
64,0,1,0,6,12,8.589499999999997
66,0,0,2,0,19,15.866000000000001
42,1,1,0,4,3,15.110099206349211
47,1,2,0,1,20,10.843666666666667
44,1,5,2,1,21,19.425833333333333
23,0,1,1,6,29,9.901047619047619
78,0,2,2,0,23,11.66377777777778
52,1,2,1,4,17,20.256833333333333
45,0,2,1,6,6,22.714261904761905
49,1,0,1,4,5,12.933841269841274
72,0,5,0,5,7,19.25473412698413
26,0,0,1,1,20,10.54092857142857
26,1,2,1,6,8,9.406916666666662
43,1,5,1,5,19,11.541464285714289
68,0,0,2,2,23,13.142154761904763
61,0,5,1,3,30,20.23997619047619
81,0,3,1,0,10,7.248587301587301
18,1,1,1,7,1,8.281357142857145
68,1,5,1,5,4,6.911904761904765
67,1,3,1,0,9,12.6597316017316
73,0,2,2,5,20,13.333619047619047
65,0,2,1,7,12,16.318449494949498
66,1,1,0,6,22,20.149
60,0,0,0,5,25,15.794984126984128
31,0,0,2,5,22,21.025023809523812
23,1,3,1,0,9,18.107976190476194
71,1,1,2,6,19,17.27695238095238
44,0,3,0,0,26,7.756773809523808
83,0,2,2,0,2,6.682404761904761
74,0,4,2,4,20,11.65175
27,1,4,1,2,23,24.673333333333336
81,1,3,2,4,22,16.768261183261185
44,0,1,1,4,9,10.590996031746034
30,0,3,0,3,8,13.041845238095231
80,1,3,0,5,14,12.14325
29,1,0,1,2,19,17.889166666666668
49,0,2,1,6,23,19.60686507936508
63,0,2,2,0,26,12.386440476190478
53,1,3,2,7,22,12.31949206349206
34,1,5,2,1,23,23.310833333333335
56,0,2,1,5,2,17.765833333333333
29,1,2,1,4,16,10.246984126984126
48,1,5,2,7,11,16.962484126984126
51,0,5,0,5,5,3.8705238095238097
34,0,3,0,1,26,9.661214285714284
74,0,5,1,4,7,17.38610101010101
66,0,0,0,2,27,19.207619047619048
74,1,4,2,5,26,24.124666666666666
70,0,0,2,1,5,15.29061904761905
48,1,0,0,2,3,16.227321428571425
19,0,4,0,3,14,6.119976190476192
53,0,4,1,2,30,16.24178571428571
48,0,2,0,4,25,22.21294047619048
70,0,4,1,6,2,17.007833333333334
27,0,2,0,5,21,20.595499999999998
23,0,3,1,5,6,14.219702380952379
55,1,1,2,6,3,23.25925
78,0,3,2,5,22,20.749166666666664
29,0,1,2,1,20,8.772464285714285
34,1,0,1,6,11,11.532166666666667
59,0,1,1,4,4,15.008714285714285
63,1,3,2,4,19,12.866523809523812
75,0,1,1,1,23,19.262904761904768
58,0,1,2,4,20,11.824571428571428
77,0,4,2,3,7,24.29680952380952
48,1,1,2,5,19,15.295833333333334
59,0,5,2,3,18,12.464333333333334
72,1,4,1,7,12,21.82067857142857
80,0,5,2,3,18,24.866249999999994
25,1,2,1,1,30,14.404931457431463
69,1,2,0,0,21,12.147099206349207
72,1,4,2,6,10,20.672095238095235
26,0,3,2,2,20,14.005309523809526
85,0,2,1,1,16,21.710404761904766
48,1,0,0,2,9,16.227321428571425
58,0,3,2,6,22,17.339904401154403
42,1,0,1,1,4,18.291333333333334
50,1,0,1,6,16,15.689888888888893
24,0,5,2,5,14,13.25706746031746
37,0,5,2,0,25,15.863
25,1,4,0,6,24,19.610666666666667
55,1,1,1,6,14,16.31986111111111
77,0,3,0,3,17,17.030463203463203
59,1,4,2,0,25,12.87
30,0,2,1,3,20,17.936789682539683
32,1,2,2,5,1,12.586666666666666
22,0,0,0,5,27,21.793952380952383
28,0,0,0,4,13,13.913607142857142
41,0,1,2,5,27,14.676841269841269
22,1,5,1,1,15,15.518428571428572
76,0,1,0,5,2,15.121151875901878
44,1,5,1,6,24,17.803166666666666
46,0,2,2,5,30,16.89747546897547
18,1,5,1,7,3,19.899011904761906
46,1,0,0,4,7,18.392369047619056
21,0,3,0,1,16,8.603333333333332
78,0,3,2,5,30,20.749166666666664
25,1,0,0,3,19,22.763083333333334
62,1,3,2,3,18,27.295000000000005
60,0,0,1,4,26,6.469666666666666
48,1,3,0,4,26,16.738500000000002
85,0,4,1,0,26,13.149626984126986
53,1,5,2,3,27,21.806214285714294
37,1,0,1,0,25,12.395134920634922
74,0,1,2,0,8,17.190433982683984
75,0,1,1,4,7,15.429146603396598
73,1,1,2,2,6,10.900801587301586
80,1,1,1,3,25,20.563627705627706
19,0,3,2,7,7,16.6543547008547
40,1,1,2,7,20,13.709166666666668
83,0,5,2,6,21,17.572940476190475
31,0,4,0,4,15,10.616666666666665
58,1,3,0,6,19,16.58307142857143
43,0,5,2,2,17,12.097142857142858
37,1,5,2,0,27,14.390087301587295
23,0,1,2,3,19,7.387833333333334
23,0,0,0,2,1,23.101
63,1,1,0,3,19,17.274285714285714
49,1,4,0,5,21,10.21930447330447
30,0,0,0,6,23,15.656050505050505
38,1,4,2,5,26,13.507380952380954
64,0,0,1,0,18,3.6649166666666666
41,0,1,0,4,5,25.79641666666667
21,0,0,0,5,5,25.87165476190476
18,1,2,2,2,29,10.744196969696969
67,0,4,0,3,9,12.00186507936508
51,0,1,1,6,22,19.698630952380952
48,0,0,2,4,28,18.66559523809524
21,0,4,0,0,27,10.559166666666664
52,0,5,2,3,14,22.140333333333334
40,1,4,2,2,24,9.798738095238098
27,0,0,1,5,10,8.34266883116883
43,1,3,2,2,9,10.135011904761903
84,0,1,1,2,25,18.781833333333335
25,0,4,1,1,3,17.383367604617597
83,1,5,0,0,27,19.690154761904754
64,1,0,1,7,24,11.917083333333334
31,1,0,1,1,25,14.461309523809524
33,0,4,0,0,8,25.203333333333333
40,1,5,2,3,19,15.229666666666668
65,0,1,0,4,26,19.931892857142863
57,0,2,1,1,16,22.81704761904762
82,0,5,0,7,29,14.679999999999998
51,1,1,1,0,14,5.86911507936508
20,0,5,0,7,17,15.140916666666664
21,0,1,1,7,3,19.624607142857144
66,1,0,1,7,6,24.75466666666666
75,1,3,1,0,19,23.065666666666665
75,0,3,1,2,15,15.057714285714287
39,1,2,2,6,18,19.86845238095238
24,0,5,1,2,23,15.585884920634923
29,1,3,0,2,4,21.959666666666664
19,1,0,2,7,9,18.497919552669558
18,0,1,0,6,17,14.018023809523813
75,0,5,0,5,14,17.75755194805195
26,0,0,0,4,11,7.4417142857142835
73,1,2,1,3,7,16.328119047619047
80,1,2,0,7,3,13.979496031746034
84,0,3,2,0,16,14.57676082251082
71,1,1,2,6,1,17.27695238095238
53,1,2,0,5,21,10.882916666666665
54,1,5,0,2,20,7.79625
82,1,1,1,4,12,19.20900396825397
73,0,1,1,0,24,16.560452380952384
29,1,1,1,6,13,21.01716666666666
37,1,5,2,6,20,17.698690476190478
39,0,5,2,0,28,14.336076118326114
59,0,4,1,0,20,21.39
81,1,4,0,3,21,15.285666666666668
53,1,3,0,6,24,13.736333333333334
67,0,2,1,0,27,15.643936507936505
39,0,3,2,0,11,19.650500000000005
49,1,3,1,2,9,14.954642857142856
29,0,2,2,6,14,13.624087301587302
38,1,4,1,3,17,19.992916666666666
33,1,0,2,5,12,22.2055
77,0,0,0,0,18,7.690166666666667
62,0,1,0,6,5,16.113809523809525
76,1,3,1,5,7,17.943289682539678
63,1,5,0,1,30,11.8255
30,1,0,2,3,21,18.733285714285707
79,0,1,0,7,3,9.705511904761904
40,1,3,2,3,18,16.919666666666668
60,0,3,1,7,13,13.393206349206345
24,0,0,1,3,5,18.728071428571425
64,1,4,1,2,9,12.975619047619045
25,0,5,1,2,11,11.341
70,1,0,2,3,18,24.25911111111112
79,0,3,0,2,13,10.31040079365079
72,1,5,2,3,13,16.69183982683983
64,1,5,1,6,5,21.08044688644688
81,0,5,1,7,22,14.484214285714287
42,0,4,1,0,1,12.920095238095241
29,0,5,1,2,29,15.96992857142857
76,0,4,2,7,11,22.49263095238095
29,1,2,0,7,23,10.878253968253969
80,1,4,1,6,4,8.08197619047619
76,0,5,0,6,17,16.221238095238096
20,1,3,2,3,1,16.50333333333333
30,0,1,2,0,16,18.219857142857144
59,1,1,1,1,9,15.438833333333331
58,1,5,0,1,20,13.520148989898994
75,0,3,1,6,6,23.852047619047624
41,0,3,0,4,4,11.89017857142857
20,1,4,2,1,23,22.54083333333333
26,0,3,1,4,30,19.637567210567205
50,1,1,1,3,12,13.555904761904763
71,0,3,0,4,6,18.19959920634921
79,0,4,2,0,4,17.681440476190478
56,0,0,1,3,8,9.390869047619049
70,1,1,0,2,14,22.621666666666666
60,0,4,0,2,7,14.190920634920634
50,0,4,2,3,19,7.748833333333335
35,0,3,1,2,26,20.63580952380952
67,0,1,1,0,14,10.512333333333334
24,0,2,1,6,11,12.794416666666663
51,1,4,0,4,17,19.024303751803753
59,0,4,0,4,5,14.024285714285716
60,1,4,1,6,24,13.612523809523811
26,1,2,2,6,9,15.867625596625595
75,1,0,1,4,14,15.182710012210011
77,0,5,2,3,6,26.938666666666666
37,1,2,0,4,30,9.95957142857143
45,0,4,2,0,26,20.30461111111111
49,1,3,2,1,27,13.875575396825395
26,1,2,2,4,11,11.550654761904761
40,0,0,2,3,18,6.315357142857144
76,1,2,0,0,25,16.846484126984127
25,0,1,2,3,22,18.654585137085135
41,1,4,2,2,30,7.4975
76,1,4,0,2,24,13.226321428571431
36,1,2,1,2,25,8.433607142857143
26,0,3,2,5,3,13.893232905982904
30,0,4,2,3,4,15.559869047619038
77,1,3,2,5,28,18.651666666666664
77,0,3,0,1,3,14.47545202020202
54,0,5,1,1,28,7.853662698412698
42,0,2,2,4,24,6.954523809523809
83,0,2,1,0,26,18.04438888888889
61,1,1,1,4,13,10.346904761904764
47,1,4,1,7,29,11.395373737373736
56,0,0,0,3,21,15.497
80,0,0,1,7,15,21.791111111111107
49,0,1,1,5,12,18.380880952380952
50,1,2,0,0,23,19.090714285714288
41,0,4,1,5,8,17.254261904761904
70,0,0,1,0,18,22.669166666666666
28,1,5,1,2,9,23.23852380952381
60,0,5,1,6,11,13.953801587301587
36,1,3,1,5,24,19.064976190476195
46,1,1,0,3,22,7.418821428571428
37,1,4,1,7,6,8.050833333333333
28,0,0,2,7,28,18.848333333333333
45,0,2,0,0,3,23.046380952380954
47,0,3,0,7,5,5.355833333333334
63,1,3,1,0,12,20.30129123654124
77,1,4,0,4,25,12.45300763125763
70,0,5,2,7,9,6.877583333333333
43,0,3,1,0,19,14.318333333333333
24,1,4,0,3,8,25.452666666666673
33,1,2,2,1,27,11.175083333333331
43,1,2,0,7,1,19.663015873015873
34,0,0,2,7,8,22.592583333333327
73,1,1,0,4,30,17.679059523809524
30,1,0,0,7,18,14.137952380952383
53,0,1,1,7,8,13.727833333333333
80,1,5,0,1,27,25.448924603174603
51,0,5,2,1,26,14.31289682539683
43,1,4,1,2,1,13.434309523809523
67,0,2,0,4,14,18.886647186147187
54,0,0,0,7,6,10.680750000000003
46,1,0,2,7,18,10.257333333333333
58,1,1,0,6,9,24.044591575091573
56,1,4,1,0,26,16.066333333333333
24,0,4,2,1,17,21.20619047619048
82,0,1,0,5,18,14.804571428571428
26,1,3,0,3,28,25.762357142857145
71,0,3,0,7,21,14.027166666666666
68,0,4,1,3,16,15.65504761904762
25,1,4,2,1,17,10.660916666666667
84,1,3,0,6,12,13.154023809523808
63,1,4,2,6,21,12.92190120990121
81,1,3,2,7,15,15.087666666666669
59,1,2,0,6,20,11.899464285714286
46,0,1,1,3,24,17.230690476190475
43,1,2,1,4,2,7.418833333333334
47,1,5,0,1,12,10.394729076479075
39,1,0,0,5,1,4.936428571428571
64,1,4,2,0,25,17.035261904761903
41,1,3,1,3,30,23.0825
24,0,3,2,7,1,9.39252777777778
42,0,4,1,6,24,9.993761904761904
57,1,2,1,6,10,24.78645238095238
52,1,1,2,2,2,16.17530952380953
73,0,3,1,5,4,21.626357142857145
50,0,0,0,2,20,15.111511904761905
78,1,1,2,4,15,11.841952380952385
18,0,0,1,4,9,23.70333333333333
67,0,3,1,5,10,18.390261904761907
63,1,1,2,4,2,12.552515873015873
68,1,5,1,6,28,20.0455
72,1,2,1,6,13,23.896152625152624
61,0,5,0,7,14,18.844166666666666
22,1,0,0,1,3,5.888166666666667
20,1,3,2,6,5,4.3663333333333325
78,0,5,1,5,2,19.057876984126988
49,0,0,2,4,28,14.046227272727272
61,1,2,2,1,2,21.814309523809523
18,0,5,1,6,18,19.36353174603175
56,0,5,2,0,22,18.009999999999998
24,0,1,0,3,19,15.199861111111112
67,0,4,2,5,4,7.857071428571428
70,0,5,2,7,15,6.877583333333333
75,0,2,1,3,1,21.571686507936505
30,0,0,1,3,18,22.788833333333333
74,0,4,0,0,19,17.301666666666666
69,1,4,2,7,6,16.38990476190476
62,0,3,1,0,5,17.21702380952381
59,1,4,1,4,9,16.459071428571427
24,0,4,2,2,7,10.870428571428574
73,1,0,0,7,27,14.565714285714286
49,0,0,2,7,19,8.764928571428571
44,1,0,2,0,30,21.025892857142857
21,0,3,0,0,19,9.823333333333332
76,1,4,2,5,2,25.318833333333338
21,1,5,2,0,14,15.741393939393937
81,0,5,1,4,7,17.450047619047623
78,0,4,1,7,8,6.918772283272285
73,0,4,2,1,29,17.08245238095238
27,0,2,0,5,18,20.595499999999998
84,0,0,2,1,13,18.293261904761906
53,1,2,2,3,5,11.8225
66,1,5,2,0,27,15.020666666666665
18,1,5,2,5,20,18.125904761904764
34,1,4,1,3,13,13.826642857142858
70,0,4,0,4,18,12.552870712620711
37,1,2,1,2,19,10.989341269841269
76,0,0,2,4,1,23.844166666666666
66,1,1,0,4,23,24.88925
22,1,1,2,2,6,16.49107142857143
48,0,2,1,7,12,20.386222943722945
31,1,3,1,0,18,17.89507142857143
45,1,0,2,2,13,17.032666666666664
32,1,0,0,2,26,15.985761904761908
29,0,0,0,6,13,13.375023809523805
41,0,2,2,0,10,19.669333333333334
83,1,5,2,0,25,14.715032967032965
77,1,3,1,0,11,15.33432142857143
38,0,0,1,5,9,15.907309523809523
27,0,3,0,0,22,23.168000000000003
28,0,0,0,5,21,21.793107142857142
56,1,5,2,5,14,12.25
75,1,5,1,6,18,10.09843722943723
67,1,2,0,4,19,15.583819624819627
43,0,5,1,0,3,16.21542857142857
80,0,3,2,5,6,18.45715476190476
45,1,5,0,0,3,7.06272222222222
38,0,2,0,5,11,16.10216666666667
69,1,1,1,5,26,16.652039682539684
81,1,4,2,1,17,11.358797619047618
67,1,2,0,2,4,15.09342857142857
23,1,3,2,1,13,9.344416666666666
73,0,1,0,0,3,10.250833333333333
30,0,2,2,4,19,14.899547619047619
30,1,5,1,6,29,20.080743589743587
44,1,3,2,6,17,13.983502303252308
27,1,1,1,6,20,15.450238095238097
73,1,0,2,7,7,17.062199494949496
44,1,5,0,0,6,12.867003968253965
41,0,2,2,1,29,7.112809523809524
36,0,2,1,4,3,15.941833333333337
38,1,0,1,0,1,13.207626984126982
68,1,2,1,5,25,12.088333333333333
79,0,1,2,1,23,13.25616666666667
67,1,3,1,2,21,22.15632936507937
78,0,2,0,2,1,16.244928571428574
66,0,3,1,5,5,16.200246031746026
78,0,3,1,5,17,18.80394083694084
45,1,3,1,7,16,10.81409523809524
66,1,3,1,4,5,8.6765
30,1,5,2,4,6,21.71416666666666
54,0,1,1,2,11,8.740214285714282
59,0,5,2,0,29,14.999
81,0,3,1,4,22,15.989214285714286
42,1,5,0,2,22,17.032238095238093
33,0,3,1,5,27,12.611012737262735
38,1,3,1,3,28,10.307333333333334
52,0,4,1,3,8,8.630785714285715
49,1,2,0,3,29,19.265047619047618
49,0,0,0,6,17,19.109301587301587
38,1,2,2,3,18,9.133523809523814
57,1,0,0,4,29,15.713412004662008
51,0,1,0,5,3,10.925333333333334
48,1,3,2,7,17,17.618792207792207
50,0,0,1,4,2,4.757404761904762
18,1,5,1,1,23,14.777190476190476
22,0,5,0,5,20,17.441916666666668
36,0,5,2,1,27,15.585523809523806
59,1,5,0,1,4,21.79219047619048
27,1,0,0,2,1,20.511666666666667
20,0,5,1,5,10,13.666380952380953
14,0,5,1,2,21,8.128
23,0,3,1,3,14,10.873440476190474
51,1,0,1,1,1,13.447285714285716
66,1,2,2,3,30,12.1153253968254
34,0,1,0,7,12,21.772754329004332
49,1,4,2,6,13,12.219785714285715
45,1,4,2,7,18,6.211
73,0,3,2,2,7,19.150505494505495
23,1,5,1,7,28,25.818290598290595
22,0,2,1,6,25,19.00648412698413
29,1,3,1,5,3,11.863
75,1,0,2,3,18,18.24635714285714
80,1,5,2,0,11,8.617678571428574
45,0,2,0,6,23,17.664702380952377
54,0,4,1,4,22,17.271353174603174
23,0,0,2,2,25,14.7205
24,0,1,1,7,30,17.68091666666667
50,0,2,1,2,6,10.858210317460319
31,1,3,2,2,15,10.285
20,0,1,1,2,27,22.593166666666665
59,1,5,1,5,19,17.077924603174598
26,0,5,1,5,6,14.553428571428572
60,0,5,0,6,1,18.24651551226551
35,0,1,1,3,13,8.890271062271061
50,1,3,0,1,3,20.737952380952382
47,1,4,0,1,20,18.702619047619045
47,0,4,2,3,10,13.689166666666667
20,1,5,2,3,25,17.808095238095234
61,0,0,1,3,11,15.193
66,0,2,0,0,3,20.155
45,1,3,2,5,15,8.038095238095236
58,0,2,2,2,13,22.116071428571423
25,0,2,2,3,15,19.379571428571424
39,0,2,1,0,2,11.490527777777777
29,0,1,1,3,28,21.397071428571426
52,0,3,1,3,1,12.393738095238094
68,0,0,0,5,19,12.908726190476191
29,0,4,0,3,12,16.371547619047618
42,1,5,1,4,26,17.13536904761905
65,1,0,0,6,7,12.502666666666672
72,1,3,0,5,29,11.54
38,1,2,1,5,29,11.469785714285713
38,0,4,0,2,9,18.97603968253968
48,1,5,2,2,21,9.657309523809525
55,0,1,1,4,17,22.055654761904762
72,0,5,0,0,6,12.209011904761908
36,1,1,2,0,22,7.36872619047619
55,0,4,1,3,28,17.337277777777775
69,0,1,1,4,3,12.118454545454547
26,0,3,2,5,26,13.893232905982904
40,1,2,1,6,19,10.08052380952381
28,0,3,0,3,19,20.08015873015873
32,1,1,1,2,17,15.912738095238094
30,0,2,2,3,24,16.754656926406927
20,0,5,1,2,22,10.708492424242422
63,0,4,0,5,28,10.72102380952381
78,1,4,2,4,26,8.037952380952385
73,0,3,1,2,9,12.826500000000001
86,1,5,0,4,21,14.603833333333334
71,1,3,0,4,23,18.456595238095243
58,1,0,1,7,13,16.79801587301587
35,1,5,0,4,18,18.27169047619047
60,0,5,1,7,20,12.78175396825397
73,0,4,2,3,30,11.326
55,1,3,0,2,29,13.890571428571427
18,1,1,2,4,1,14.86616666666667
47,0,3,1,2,25,24.235452380952378
38,0,2,2,7,8,18.328
79,0,2,1,0,14,13.958757575757575
37,0,2,2,7,21,16.5775
69,1,2,1,3,8,14.965071428571429
70,0,3,0,7,22,11.191952380952381
30,1,2,1,0,13,19.24050793650794
36,0,5,0,3,17,7.856916666666666
73,1,2,1,0,12,9.272666666666666
46,0,0,1,0,26,13.604777777777775
65,0,0,1,7,3,13.491333333333335
72,0,4,2,2,23,16.374797619047623
71,1,3,1,4,14,18.767831168831165
76,1,0,2,0,19,13.838757936507937
72,1,5,0,5,25,12.63557142857143
19,1,1,0,2,23,15.945666666666671
55,0,5,1,0,25,12.439333333333334
47,1,4,1,1,28,19.84855555555556
68,0,0,2,5,26,17.29516666666666
56,0,5,0,2,9,15.119563492063493
34,1,0,2,3,9,10.820833333333335
80,0,2,2,1,3,11.838583333333334
82,1,5,2,0,6,20.728630952380954
80,1,5,0,4,15,23.4372380952381
69,1,2,1,0,27,6.8995
40,1,1,0,3,27,15.91663095238095
50,1,5,1,5,10,15.600110389610395
40,0,2,2,3,21,22.978563492063493
56,1,2,1,6,28,15.777595238095234
67,1,5,1,4,27,10.842738095238094
47,0,3,0,4,16,21.2055
40,1,2,0,2,30,8.741190476190475
46,1,1,1,7,11,21.805416666666666
30,1,4,0,1,2,18.06866666666667
77,1,5,2,0,11,16.84184848484849
60,0,4,2,5,28,7.012916666666667
67,0,2,2,6,11,13.533023809523808
19,0,3,0,7,8,18.4335
77,0,0,0,4,22,14.29530555555555
71,1,2,1,2,1,22.254142857142853
30,1,1,2,6,10,18.143178571428574
69,0,2,0,1,17,12.594380952380954
20,0,2,1,3,30,10.609277777777777
40,1,4,0,1,2,13.602130952380946
18,0,2,0,0,3,17.276833333333332
68,1,2,1,0,16,16.456642857142864
33,1,3,0,4,23,20.82385714285714
37,1,0,2,2,8,11.163333333333332
59,0,1,2,7,26,6.3488492063492075
45,0,0,0,6,6,7.6413095238095226
85,1,0,0,5,26,16.69408333333333
43,0,5,1,3,26,20.068202380952386
73,0,4,1,4,3,22.229047619047623
75,0,5,1,7,17,9.750202380952379
60,0,3,1,3,6,10.385916666666667
32,0,5,0,1,18,17.49066666666667
18,0,5,0,0,23,6.254499999999999
80,0,1,2,5,21,15.323500000000001
56,1,5,2,7,9,12.132583333333335
70,0,4,2,4,27,16.49738095238095
79,0,2,2,4,7,16.349959595959596
36,1,0,1,3,5,13.033166666666666
27,1,3,0,6,20,13.153821428571431
44,0,3,2,3,25,13.84945238095238
46,1,5,0,2,4,23.241333333333337
48,1,3,1,3,7,11.627619047619048
52,0,5,0,1,11,16.873559523809522
77,0,4,1,0,15,17.944047619047616
41,1,2,1,7,22,13.01940079365079
45,0,1,0,3,12,16.791333333333334
37,1,4,1,3,1,14.063654761904765
37,1,3,2,0,25,20.636333333333337
56,1,0,0,6,19,16.213
47,0,0,2,2,30,12.387071428571433
80,1,1,2,4,3,21.139055555555554
38,0,1,0,3,8,9.000341269841272
74,0,5,2,1,3,18.999797619047616
24,1,0,2,1,8,10.495619047619048
51,0,5,0,7,9,24.1415
34,0,5,1,1,24,22.942095238095227
47,0,0,0,5,4,8.190107142857139
43,1,4,1,4,21,3.0686666666666667
40,1,1,0,3,10,15.91663095238095
83,0,4,2,2,11,9.362333333333334
50,0,5,0,7,17,20.63868253968254
18,0,5,1,1,15,14.84367857142857
46,1,4,1,3,19,13.760666666666665
39,0,3,1,3,6,5.964166666666666
75,0,5,1,1,19,14.377976190476195
35,1,2,1,5,14,12.79311111111111
67,1,3,0,7,7,21.420349206349204
23,0,2,0,0,20,11.88297619047619
67,1,4,0,3,18,8.940119047619048
59,0,4,2,5,23,11.962670634920633
36,1,3,0,6,25,14.677595238095241
44,0,0,1,3,6,14.535619047619047
55,0,1,0,4,27,20.160000000000004
19,1,3,2,7,30,8.460273809523809
83,1,1,2,3,25,16.37527777777777
38,0,1,2,0,15,21.003611111111116
31,0,1,2,0,9,17.89767857142857
47,1,2,0,0,13,11.103805555555555
46,1,4,1,1,29,22.65040476190476
19,1,0,2,0,7,15.991666666666667
69,0,0,2,1,4,13.247761904761905
59,1,5,0,6,13,16.08345238095238
24,0,0,1,5,6,13.954333333333334
63,0,2,0,4,9,18.877642857142856
31,0,0,0,0,19,20.471341269841265
55,0,1,0,7,5,22.937079365079367
80,0,2,2,5,19,17.939440476190473
24,0,2,2,5,3,16.219901986901984
60,0,3,2,7,12,8.666833333333331
66,0,3,2,1,3,13.482654761904763
32,0,3,2,2,16,8.104492424242425
31,1,0,1,1,26,14.461309523809524
67,0,5,1,2,20,10.951999999999998
24,1,5,2,2,7,15.269380952380954
45,1,3,1,7,6,10.81409523809524
84,0,5,1,1,3,5.963166666666666
46,1,5,1,7,18,16.424
70,0,2,0,5,12,13.17047222222222
74,0,0,1,4,28,13.75145634920635
62,0,2,0,6,8,13.224952380952379
34,1,5,1,6,12,16.086891774891775
19,1,3,0,6,27,15.179166666666669
73,1,0,2,0,30,15.518202380952381
41,1,3,1,5,27,10.149000000000004
57,0,5,1,0,26,17.828333333333333
19,0,0,1,7,9,16.505992063492066
27,1,1,0,3,26,26.96576984126984
34,1,4,2,0,29,17.02466666666666
58,1,2,0,7,27,17.338
66,0,1,2,5,1,20.67898412698413
47,0,3,1,4,21,19.448166666666665
29,0,1,0,7,29,14.08910497835498
75,0,3,0,2,13,15.819333333333335
62,0,0,2,7,24,8.78754761904762
51,1,4,1,3,20,14.667488095238093
77,1,5,2,7,16,18.013749999999998
18,1,2,2,2,16,10.744196969696969
48,1,5,0,1,6,17.92897619047619
18,1,3,0,6,10,13.536000000000001
69,0,3,0,0,5,13.12605266955267
71,0,2,0,5,14,9.44525
29,1,4,0,3,27,11.348928571428571
59,1,5,0,7,5,21.922023809523818
84,1,0,0,6,16,16.093547619047616
35,0,5,2,1,9,20.40428571428571
79,1,4,1,7,27,9.447476190476191
29,0,3,2,5,20,13.779071428571429
72,1,2,1,7,13,16.268000194250188
26,0,0,1,5,25,12.674190476190477
44,0,0,1,4,4,7.430650793650795
83,0,4,2,0,14,10.463563492063493
76,1,0,0,3,23,24.75359523809524
51,1,0,2,1,10,9.134666666666668
53,1,4,1,2,21,19.299952380952384
48,0,0,1,1,25,18.68624747474747
20,1,0,0,7,24,13.88192857142857
54,1,4,0,4,8,8.365678571428571
79,0,5,1,0,23,20.061920634920636
65,0,3,2,7,27,16.231523809523807
32,1,5,0,0,28,11.014111111111108
52,0,3,0,0,15,15.481511904761907
84,1,0,1,0,13,21.37002380952382
46,1,3,1,7,11,16.20121428571429
48,0,4,2,1,11,16.239690476190475
53,1,2,0,2,10,11.691981601731607
81,0,2,1,3,6,15.683507936507935
84,0,5,2,0,21,6.830579365079366
38,1,4,1,0,25,25.072880952380945
77,1,1,0,0,3,12.963904761904757
45,0,2,2,7,10,14.928792568542567
19,0,5,1,6,1,11.773761904761907
31,0,5,0,7,8,11.190857142857142
72,0,1,0,1,29,14.343357142857142
48,0,2,2,5,26,11.861571428571429
45,1,4,0,2,3,22.55333333333333
50,0,3,0,1,3,16.611095238095242
72,1,3,1,2,11,12.842357142857143
66,1,2,1,2,29,25.817000000000007
77,1,3,1,2,21,21.139642857142857
45,1,0,1,0,5,11.568476190476192
45,0,2,2,4,10,15.800095238095237
34,0,4,1,4,22,25.183666666666664
43,1,5,1,6,28,15.495419913419912
50,1,1,2,0,15,20.2465753968254
31,1,5,0,1,22,12.613285714285714
82,1,4,0,0,25,11.168190476190473
60,1,2,0,3,2,21.724166666666665
39,1,0,2,3,14,12.80766666666667
66,1,0,1,4,13,10.839849206349204
35,0,0,2,3,6,8.874833333333333
29,0,1,2,1,16,8.772464285714285
26,1,2,0,1,12,16.676666666666666
50,0,5,0,2,22,22.31983333333333
44,0,3,0,7,25,12.446750000000002
78,0,2,1,0,6,23.86528571428571
59,0,5,1,4,23,19.3465
22,0,4,0,3,8,17.03004761904762
80,0,3,2,7,23,22.61288095238095
85,0,5,1,0,28,15.35115476190476
79,1,4,1,2,7,13.238666666666667
64,1,5,1,7,27,17.81341658341658
66,1,3,0,0,1,18.818142857142856
67,0,3,1,6,1,19.032083333333333
56,1,5,2,2,5,14.733666666666668
20,1,2,1,7,28,16.880428571428567
80,0,1,0,7,2,21.16983333333333
63,0,5,0,7,9,15.478333333333332
44,1,3,0,4,6,15.191142857142857
81,0,3,0,7,30,14.85119047619048
84,0,4,0,4,20,16.032843434343434
65,0,5,0,3,29,12.859000000000004
31,0,4,2,1,15,16.889666666666667
83,1,2,0,5,6,10.34597619047619
81,0,0,2,4,9,15.140623015873016
82,0,0,0,0,19,25.411833333333337
34,0,0,1,3,11,13.19747510822511
19,0,3,1,7,9,22.80330952380952
75,0,5,0,2,1,19.63045238095238
81,0,5,0,3,3,12.231015873015874
40,0,5,2,1,24,19.16962698412699
84,1,4,2,2,2,23.795698412698417
53,0,2,1,6,16,16.62997727272727
69,0,4,0,1,12,11.58540476190476
68,0,3,2,4,13,17.628999999999998
52,1,3,2,4,5,12.93675396825397
63,1,4,1,4,19,16.142408730158728
46,1,5,1,5,6,15.78622619047619
79,1,2,0,6,30,23.364285714285714
61,1,1,1,6,14,22.772095238095236
27,1,5,2,2,14,5.174416666666666
75,1,0,2,7,25,14.113158730158732
44,0,0,2,2,14,24.075119047619047
55,0,5,2,6,7,18.359833333333327
60,0,3,1,6,28,16.765166666666666
35,0,3,1,6,4,15.350611111111112
30,1,3,2,3,29,16.967333333333332
39,0,3,2,0,3,19.650500000000005
23,1,3,0,0,19,27.61383333333333
32,0,3,1,6,19,15.997023809523807
32,0,5,2,3,12,9.209700577200579
50,0,4,0,1,13,10.87404761904762
84,0,4,1,6,2,23.008666666666667
56,1,3,2,6,28,10.791597402597402
47,0,5,0,2,21,16.655869047619046
59,0,5,0,7,23,20.68278571428571
23,0,0,2,0,26,3.864583333333333
74,0,5,2,3,23,15.905333333333331
42,0,1,2,7,2,6.398761904761903
44,1,1,1,6,17,12.567666666666666
55,0,3,2,5,14,27.004833333333337
51,1,3,0,1,4,11.742833333333333
73,1,5,1,2,26,15.404194444444444
47,1,1,1,7,30,16.246178571428576
58,0,5,0,1,20,17.980217282717284
33,0,0,1,4,27,10.810250000000003
83,1,5,2,7,29,11.794190476190476
18,0,3,0,4,13,22.512920634920633
51,1,1,2,0,12,22.04191666666667
72,0,3,1,7,19,20.984392857142858
29,0,2,0,3,10,16.445166666666665
42,0,0,0,2,19,8.131333333333332
33,1,4,2,4,17,14.213369047619048
20,1,2,1,0,9,15.702999999999998
76,0,2,1,3,23,15.266595238095235
66,1,3,1,2,30,15.405
30,1,3,1,5,21,11.377555555555556
76,0,0,1,3,15,21.5984126984127
47,0,3,2,2,29,7.8175
81,0,0,1,6,18,16.304333333333332
55,0,4,2,7,25,15.906297619047615
42,0,1,2,0,28,17.749999999999996
49,1,0,0,0,23,17.080869047619043
31,1,2,1,2,22,9.585960317460316
85,1,5,0,4,6,14.523
22,0,2,1,2,17,22.80183333333333
49,0,3,0,6,9,19.39709632034633
83,0,3,0,6,7,23.555404761904764
78,0,0,0,7,23,7.335439948939951
54,0,5,1,7,1,22.782968253968253
72,0,4,1,4,30,17.499948412698405
84,1,5,2,2,28,24.586249999999996
32,0,2,2,5,17,12.789023809523812
80,0,5,2,6,21,12.40704761904762
35,1,4,2,2,15,12.765654123654127
66,1,5,2,0,27,15.020666666666665
51,0,3,0,0,2,22.28042857142857
53,1,0,1,3,5,28.09557142857142
77,1,0,2,3,14,10.281238095238095
77,1,1,2,4,16,16.986666666666668
51,1,0,1,0,20,17.573
18,1,5,0,3,16,13.00505136530137
57,1,4,2,5,3,20.04378571428571
73,1,3,1,2,20,9.452666666666667
50,1,3,1,2,6,14.98720110445111
18,0,3,0,1,24,13.97280303030303
69,0,2,1,6,19,16.509666666666664
28,0,5,2,3,29,10.892476190476192
57,0,1,0,1,7,15.579476190476191
54,1,5,0,5,15,12.97768614718615
13,1,1,2,1,1,15.178666666666668
50,0,5,0,7,30,20.63868253968254
33,1,4,0,6,16,14.147825396825398
56,0,1,0,7,20,9.73947619047619
46,0,3,2,2,25,13.413666666666666
35,0,1,2,6,11,27.35366666666667
59,0,1,0,4,7,7.745833333333333
66,1,3,0,6,28,17.90675
52,0,0,2,1,11,15.545607142857147
27,0,4,0,2,7,6.264309523809524
36,0,5,2,6,17,18.958119047619054
79,1,3,0,5,9,18.170817460317462
28,0,1,0,6,7,18.566666666666666
28,0,2,2,2,4,11.506738095238093
18,1,5,1,1,17,14.777190476190476
23,0,1,0,4,11,15.1275
41,1,5,2,2,1,7.749166666666667
54,0,4,0,6,1,13.592928571428574
33,0,0,0,0,3,19.99083333333333
82,1,0,1,1,6,15.982261904761904
48,1,4,1,1,19,17.76271428571428
54,0,4,0,4,22,16.3772702020202
75,1,3,1,3,23,5.292809523809524
75,1,5,2,1,6,18.987694444444447
63,1,4,2,4,28,24.395095238095237
52,1,4,1,7,24,13.461000000000002
54,0,1,2,2,18,13.151249999999997
35,0,3,0,4,7,15.214983044733044
85,1,4,1,2,16,12.64785714285714
40,1,4,2,5,29,14.81833333333333
58,1,2,0,6,1,11.591111111111111
47,0,5,1,7,16,19.261166666666664
63,1,1,0,4,13,11.855345238095236
55,0,3,2,0,7,24.432
73,0,4,1,3,29,17.423523809523807
51,0,1,1,7,22,22.852380952380955
73,0,0,0,6,30,17.719428571428566
47,0,1,2,7,23,13.052619047619048
22,1,1,2,2,15,16.49107142857143
80,1,4,2,6,10,14.474309523809522
72,0,3,0,2,24,11.59038095238095
68,1,3,0,5,16,8.239380952380952
46,1,0,1,6,16,17.927357142857144
58,1,3,1,5,17,19.203773809523806
71,0,3,0,5,23,22.010000000000005
73,0,3,0,3,9,23.26345238095238
36,1,3,1,3,21,8.529773809523808
41,1,5,1,0,29,14.73916017316017
32,1,4,2,5,3,15.99490079365079
53,0,0,1,4,1,14.475349206349211
53,0,5,0,7,29,19.6949935064935
29,1,1,2,2,22,22.88534126984127
47,1,5,1,1,23,9.097607142857141
78,1,2,0,4,9,22.065999999999995
85,1,0,2,7,15,17.80325
48,0,2,1,6,29,12.968047619047617
57,1,2,2,1,25,20.581357142857147
53,0,2,0,7,8,15.70604761904762
67,1,5,0,0,13,17.160869047619045
73,0,4,2,6,27,13.78504761904762
52,0,0,2,1,21,15.545607142857147
44,1,2,2,4,30,16.307761904761907
19,0,3,2,0,12,21.846000000000004
25,1,0,1,6,16,14.589718253968254
34,0,4,0,4,19,16.961333333333336
38,0,4,2,3,17,21.593333333333334
43,1,3,1,0,26,23.676981379731384
26,0,1,1,2,20,13.042178571428572
42,0,5,2,7,25,9.502142857142857
76,1,4,1,7,7,8.849880952380953
62,1,3,0,6,17,21.23264743589743
22,1,2,2,1,12,4.250166666666667
41,1,4,0,7,8,21.826047619047618
74,1,0,2,2,8,10.165166666666666
46,1,1,0,1,23,8.580666666666666
66,0,4,0,5,23,14.844666666666669
19,1,5,2,7,18,13.348083333333332
71,0,3,0,0,25,17.067714285714285
84,0,1,1,2,19,18.781833333333335
85,1,4,2,4,15,17.241666666666664
77,0,3,0,1,29,14.47545202020202
18,1,2,2,4,14,21.877
36,1,4,1,1,7,19.413420995670997
34,1,5,1,3,11,10.735952380952384
52,1,2,1,4,25,20.256833333333333
64,1,5,1,6,29,21.08044688644688
78,0,5,0,3,23,15.23142857142857
48,0,2,1,0,19,21.788190476190476
81,1,2,0,6,24,8.43972222222222
30,0,1,1,2,27,11.878833333333333
41,0,2,2,0,26,19.669333333333334
56,0,2,0,5,16,6.478152458652456
21,0,2,2,4,2,11.020301587301587
76,0,2,0,3,15,10.103976190476192
65,0,2,1,6,5,11.681793650793653
33,0,3,0,6,12,16.823591630591626
44,0,3,2,7,11,14.311111111111114
28,1,3,0,0,27,13.97190981240981
67,0,0,1,0,20,15.739768398268398
74,1,2,1,4,8,19.129944444444437
76,0,2,1,5,26,4.033857142857143
71,1,3,1,3,7,5.901380952380952
37,0,4,2,1,4,15.805037240537244
66,0,1,0,4,26,9.179833333333336
37,1,3,2,0,7,20.636333333333337
70,0,0,1,3,2,19.178166666666666
34,1,3,1,2,18,16.273476190476195
22,0,4,0,4,22,9.272369047619048
36,0,1,1,4,1,11.180539682539683
84,0,2,0,0,23,13.62820634920635
59,0,4,0,2,10,8.26590476190476
66,1,2,0,1,23,7.734333333333333
23,1,5,1,0,2,16.82166666666667
82,1,5,2,4,22,5.725999999999999
19,1,2,2,4,27,18.680690476190474
27,1,1,0,7,3,23.690287518037522
37,0,3,2,5,28,14.911142857142858
35,0,3,1,4,10,17.80840476190476
76,0,2,2,7,19,22.90581818181818
85,0,1,1,4,11,9.31690476190476
80,1,4,0,0,27,16.650750000000002
30,1,2,0,2,2,19.125777777777778
47,1,0,1,1,26,6.021341991341991
46,1,2,2,0,21,10.845059523809521
26,0,5,0,4,7,16.808095238095245
84,1,2,0,4,2,11.648785714285715
25,0,5,0,3,5,17.049075396825405
71,0,3,1,7,22,24.42255952380952
48,1,1,0,1,9,11.410309523809522
57,1,5,0,2,27,20.217960317460317
81,1,3,1,4,3,22.002166666666668
23,1,2,2,4,10,9.62952380952381
24,0,0,0,7,9,18.70616666666667
71,1,5,0,7,18,19.3085
70,1,4,0,6,17,8.962833333333332
56,1,0,0,5,17,17.529448412698418
54,0,1,1,1,15,13.369404761904766
22,0,1,1,2,12,15.973690476190475
77,0,2,1,7,24,15.903833333333331
61,0,5,0,4,8,25.933000000000003
22,0,1,0,4,12,12.820266233766235
58,1,2,2,7,11,8.2035
33,0,5,2,4,9,20.032992063492063
58,0,5,1,2,1,12.884833333333333
26,0,1,1,1,20,9.81295238095238
28,1,3,1,6,27,16.70654761904762
32,0,2,0,7,19,14.1102380952381
80,1,4,2,5,5,10.91325793650794
64,0,2,2,4,19,10.81092857142857
68,0,3,0,2,25,17.537539682539684
33,0,2,0,2,22,14.017999999999999
37,1,0,0,0,9,17.898170634920632
74,1,3,0,5,15,20.526654761904766
37,1,3,2,6,11,5.500349206349206
37,0,1,2,1,17,19.081476190476188
77,1,4,1,4,13,19.947619047619046
43,1,3,1,7,7,22.941999999999993
36,0,0,2,0,23,15.047499999999996
76,0,1,1,1,11,13.336962148962145
67,0,0,1,3,23,8.191261904761905
49,0,1,0,7,26,19.43454761904762
35,1,2,0,1,13,14.984833333333336
78,0,0,2,5,27,16.747238095238096
58,1,1,2,2,22,14.340642857142857
33,0,1,2,2,18,18.811511904761904
46,0,3,2,6,9,13.705190476190475
26,0,0,2,7,15,7.488047619047619
70,1,1,1,0,25,7.29022222222222
33,1,5,0,3,2,15.560130952380957
84,0,1,1,1,2,21.864500000000003
21,1,2,2,1,16,9.714357142857141
58,1,3,0,2,30,15.324499999999999
36,0,3,1,6,1,14.936999999999998
72,0,1,0,1,29,14.343357142857142
40,0,3,0,1,21,10.181666666666665
54,1,0,1,4,6,19.120738095238096
77,0,2,2,7,7,11.052452380952378
81,0,0,1,7,19,22.72125
75,0,3,2,7,28,17.07562814962815
57,1,3,2,1,20,20.21325793650793
39,0,1,0,2,6,13.859460317460318
41,0,4,0,6,19,21.41583333333333
44,0,4,0,5,4,16.759
81,0,0,1,3,16,17.03588095238095
28,0,2,0,1,21,6.25661111111111
31,0,4,1,1,19,10.352404761904763
53,1,5,2,1,21,16.579309523809524
54,0,3,1,6,14,17.24223214285714
63,0,0,1,6,24,19.203999999999997
85,0,5,2,3,22,19.941666666666666
86,1,0,2,4,13,13.331607142857138
52,1,4,0,7,16,24.06682142857143
48,0,3,2,4,3,21.933571428571426
49,1,0,1,4,18,12.933841269841274
35,0,0,1,1,29,19.582499999999996
67,1,1,1,2,21,7.952273809523811
73,1,3,0,3,9,25.441666666666666
52,0,0,2,7,2,18.457234681984684
80,1,0,2,2,7,16.228333333333335
77,0,1,2,1,6,18.079571428571434
36,0,5,2,1,12,15.585523809523806
42,0,5,1,2,20,13.614761904761904
25,1,4,0,0,2,11.89635714285714
31,0,3,0,1,1,9.04017857142857
80,0,2,1,2,14,17.81704401154401
38,0,4,1,2,3,19.576746031746033
52,1,4,2,2,19,18.18768650793651
48,0,1,0,3,23,8.680571428571428
29,1,4,0,1,29,10.363571428571426
62,0,5,2,3,3,13.762595238095237
48,0,3,0,0,13,6.764714285714287
21,1,4,2,7,30,12.969166666666668
48,1,0,2,2,20,8.923499999999999
53,0,4,1,0,17,11.876309523809525
84,0,2,1,1,7,19.461650793650794
34,1,2,2,7,12,17.017666666666663
51,1,4,0,7,27,15.024880952380947
45,0,4,0,2,9,25.477261904761903
70,0,1,1,7,2,7.1631904761904766
50,1,4,2,0,15,5.249642857142857
73,0,2,0,4,5,17.193499999999997
26,0,2,0,0,13,19.122833333333336
29,0,4,1,2,17,14.401249999999996
47,0,0,0,0,19,11.566906260406263
32,0,1,0,4,25,9.547507936507936
76,0,4,0,7,11,16.015996753246746
29,1,0,1,0,14,24.98719047619048
47,0,1,0,2,13,16.39806746031746
54,1,4,1,6,8,21.651784632034627
84,0,3,1,3,26,14.83047619047619
48,1,5,1,0,14,14.612992063492063
27,1,0,1,4,24,5.273833333333333
28,1,1,2,5,19,16.149083333333333
70,1,5,1,2,22,13.451071428571424
50,0,0,1,4,6,4.757404761904762
54,0,1,0,5,16,12.046380952380952
38,1,5,0,3,11,12.455527777777775
51,0,5,2,1,13,14.31289682539683
33,0,2,1,0,13,19.28283333333333
45,1,2,2,5,9,20.955928571428576
80,1,0,1,2,29,20.053916666666666
79,0,4,1,1,16,11.290083333333335
66,1,2,2,5,30,16.717738095238097
49,0,2,0,0,21,21.129928571428568
71,1,0,0,1,13,22.098095238095233
77,1,5,1,7,15,17.655361111111112
77,1,1,0,3,8,15.531928571428573
41,0,0,2,2,29,10.358944444444447
56,1,5,2,7,29,12.132583333333335
64,1,1,2,3,16,15.757468253968252
52,1,5,2,2,25,15.628584415584411
61,0,4,2,1,12,18.466666666666665
40,1,0,1,3,8,14.98692857142858
41,1,5,1,6,27,15.65081926406926
48,1,4,2,7,28,15.81612121212121
20,1,0,0,1,30,11.658690476190479
35,1,0,2,6,13,14.481785714285715
84,0,3,0,1,14,12.811000000000002
36,1,0,1,4,24,16.012762626262628
53,0,5,2,7,11,9.894773809523807
85,0,1,0,2,27,20.969333333333328
80,1,0,2,1,29,12.315218614718615
34,1,0,1,3,27,17.936686507936507
83,0,3,2,7,23,7.235999999999999
65,1,0,2,5,29,12.30040476190476
37,1,0,0,2,1,4.5985
67,1,3,2,6,26,8.633333333333333
42,1,2,2,2,13,16.543535714285714
40,1,5,2,5,7,17.299166666666668
56,0,5,2,5,6,22.645654761904762
41,1,2,0,6,26,5.872809523809524
19,1,5,1,4,5,9.792119047619048
43,1,1,0,5,28,12.521714285714285
33,0,5,2,4,15,20.032992063492063
69,1,3,0,1,4,13.346055555555552
19,0,4,1,7,2,20.941158730158733
41,0,4,1,2,18,8.5105
29,1,1,0,1,11,9.812694444444444
53,0,4,0,6,14,7.510887445887447
38,1,1,1,2,5,18.058595238095236
38,1,0,2,3,2,10.688166666666666
30,0,0,0,3,11,16.549162698412697
57,1,2,2,6,8,21.409378787878786
36,0,0,1,1,19,20.411607142857147
40,0,0,1,7,19,19.24401587301587
79,0,2,1,5,19,13.797238095238095
26,1,5,2,1,9,21.42585714285714
33,0,2,2,3,12,18.527166666666666
17,0,0,1,2,20,9.783848484848486
62,1,0,1,1,27,17.299666666666663
43,1,1,1,4,26,16.951309523809524
50,0,1,1,1,7,20.495309523809524
37,0,3,0,1,17,5.595559523809524
59,0,5,2,2,11,16.988000000000003
55,1,0,0,0,7,10.296277777777778
82,1,3,1,1,19,23.108
63,0,2,0,1,20,13.237003302253306
62,1,4,2,0,11,20.96080952380953
54,1,2,0,0,26,14.864392857142859
22,1,4,2,1,22,9.460887085137085
35,1,0,2,6,3,14.481785714285715
59,1,5,1,7,18,13.113523809523812
84,0,2,2,3,10,6.075488095238094
35,0,2,2,3,25,21.245821428571432
31,1,1,0,3,27,18.04261904761905
71,1,3,2,2,20,17.21567857142858
56,1,0,0,2,14,14.724079365079369
66,1,1,1,5,2,21.472678571428577
24,1,4,2,3,8,22.707952380952374
48,0,4,1,4,3,14.696619047619047
20,1,0,2,6,24,7.233238095238094
78,0,3,2,4,10,15.159472222222224
61,1,0,0,1,25,10.863111111111111
84,0,0,0,7,8,17.261595238095236
38,0,1,0,5,24,17.880391358641358
45,0,0,2,5,30,25.303833333333337
24,0,0,1,2,15,14.035214285714284
82,0,4,0,0,7,11.093
22,1,1,2,2,14,16.49107142857143
75,1,2,1,0,2,17.49004761904762
22,1,0,1,6,26,15.465567460317459
45,1,5,2,3,5,12.322619047619048
33,0,0,0,5,19,14.156706349206349
44,1,2,1,1,16,19.05983333333334
67,0,2,2,4,26,10.760833333333334
37,0,2,2,0,15,14.216023809523811
81,0,1,1,1,17,6.931666666666665
24,0,0,2,1,9,16.632738095238096
41,1,4,1,2,3,20.373730158730158
61,0,1,0,3,9,18.369666666666664
67,1,4,0,1,13,13.177
75,0,5,1,5,27,9.161577922077923
19,0,4,1,7,29,20.941158730158733
77,1,2,0,2,3,24.22602380952381
24,0,2,2,0,9,16.726083333333335
37,0,4,2,5,3,23.621666666666666
65,1,4,2,2,5,21.693428571428573
39,1,1,2,6,3,9.255583333333334
63,0,5,1,3,3,11.665214285714287
42,1,5,1,4,19,17.13536904761905
28,0,3,1,2,24,13.474333333333336
83,0,3,2,1,12,13.529654761904759
61,0,5,2,4,27,19.423804473304475
73,1,4,1,3,18,18.672361111111112
62,0,2,1,7,28,23.665333333333336
42,1,4,0,1,21,13.768000000000002
72,1,0,1,0,22,22.667321428571427
21,0,3,1,7,6,19.5515
78,0,2,0,7,9,12.91072222222222
62,0,4,1,3,3,15.377142857142857
59,0,4,2,3,30,14.962809523809522
67,0,1,2,6,9,15.238
66,0,3,1,2,14,15.668523809523816
59,1,4,2,0,29,12.87
74,0,2,0,3,20,14.016523809523807
74,0,2,1,6,23,16.31788095238095
57,0,2,2,6,9,12.542142857142856
43,1,2,2,0,9,8.676833333333335
25,0,5,1,4,30,16.074825396825393
21,0,0,0,4,17,22.75526515151515
46,0,4,2,0,27,9.140833333333333
23,1,3,0,4,20,9.913166666666665
77,0,1,2,6,10,24.908230158730163
55,1,4,2,1,7,17.77468253968254
37,1,2,2,7,25,8.224214285714284
42,1,4,1,7,29,9.195333333333332
42,1,3,2,7,21,9.58022619047619
49,0,2,1,4,29,17.32470493395493
58,1,3,1,6,30,15.954551587301589
31,1,1,0,4,27,14.118683982683974
78,1,5,2,3,4,14.189976190476186
54,1,3,1,7,8,11.615499999999999
37,1,5,1,6,5,18.49404761904762
34,1,1,0,4,28,18.83156349206349
35,1,1,1,3,1,6.138190476190474
49,0,4,2,1,19,20.28540476190476
20,1,2,0,2,30,17.43373465423466
68,0,3,0,4,6,14.459595238095233
88,0,4,0,2,2,12.765765873015875
65,1,4,0,5,11,13.826916666666666
83,1,3,0,7,7,5.248928571428571
58,0,5,2,3,18,10.423976190476191
61,0,0,1,2,3,14.3293373015873
35,1,4,1,1,21,13.025892857142857
39,0,4,1,1,12,17.468999999999998
64,0,3,2,4,3,12.982142857142858
73,1,5,1,1,26,21.343103174603172
28,0,5,1,0,11,9.932666666666668
45,1,1,1,4,14,20.726809523809525
50,1,0,1,2,2,18.0695
82,0,3,1,2,12,22.440833333333334
40,1,2,0,7,20,12.941666666666668
82,0,4,1,4,28,12.351690476190477
53,1,3,0,3,11,21.800499999999996
25,0,5,0,6,4,14.103079365079363
60,0,2,2,3,30,24.83869047619048
42,1,2,2,1,11,8.345
22,0,0,1,4,25,20.049499999999995
42,1,5,2,5,30,14.773333333333333
28,0,0,2,4,9,6.3456785714285715
23,0,1,1,5,9,12.229333333333335
56,0,1,2,6,1,4.067499999999999
54,1,5,0,7,28,15.89436904761905
83,1,1,0,7,3,17.954253968253965
27,0,5,1,6,16,20.26625
53,1,2,0,4,30,25.99833333333333
58,0,3,1,2,2,12.247700937950938
30,1,2,1,7,14,17.008
75,0,5,0,7,6,17.27980952380952
35,0,3,0,1,27,13.05952380952381
31,1,5,0,4,21,22.85049206349207
80,0,0,2,4,29,21.44266269841269
62,0,3,0,3,24,17.675166666666666
58,1,2,1,0,29,15.794976190476193
41,0,2,2,0,25,19.669333333333334
65,1,1,2,0,26,15.756778138528132
63,0,0,1,4,24,12.427750000000001
65,1,5,2,7,1,13.717476190476189
23,1,3,1,4,29,17.682833333333335
23,0,1,2,6,30,24.676488095238092
48,1,1,1,1,6,7.181095238095238
69,1,1,0,3,2,16.20477558552559
78,1,1,1,7,14,12.761541486291485
25,1,1,0,1,11,11.29325
31,1,4,1,7,24,11.381166666666665
44,1,4,2,3,9,18.696634920634917
43,1,4,2,1,7,7.921785714285713
24,0,0,1,2,24,14.035214285714284
46,0,1,0,7,25,18.107095238095237
85,0,2,0,1,17,19.9025
46,1,0,2,5,11,11.696130952380955
64,0,3,0,4,14,16.243666666666662
79,1,5,2,0,20,14.948940476190478
36,0,3,2,3,26,13.444003968253972
68,0,3,1,1,26,18.228166666666667
41,1,4,1,4,22,15.175961399711404
60,1,4,0,5,25,11.374968614718615
63,0,5,2,5,19,7.570083333333332
42,0,4,0,4,4,12.819166666666668
73,1,2,1,2,3,23.937833333333337
58,1,1,0,0,3,17.037611111111108
13,1,5,1,3,3,18.511833333333335
36,0,1,1,7,28,20.023500000000002
28,1,0,2,1,9,5.051380952380952
71,1,3,2,6,22,7.640238095238095
76,0,5,1,0,19,13.956357142857142
24,0,1,1,6,29,17.273666666666667
48,1,4,1,3,23,10.468095238095238
39,0,2,2,7,2,19.3235
79,1,1,2,4,14,20.670904761904758
79,0,0,2,6,15,18.484309523809525
33,0,5,1,4,8,11.268134920634921
30,0,3,2,3,6,9.742666666666667
55,0,5,0,6,2,23.481051587301586
75,0,1,0,2,2,12.519166666666665
26,1,1,1,7,6,25.80677777777778
69,1,5,0,2,20,17.555666666666667
48,1,1,1,2,6,16.19271428571429
49,1,2,0,1,11,10.048750000000002
24,0,2,2,3,18,19.156476190476187
48,1,4,0,3,29,20.763909090909095
73,1,5,0,2,25,16.149833333333333
81,1,0,1,0,5,18.127797619047623
70,0,1,2,6,28,18.752857142857145
70,0,5,2,4,14,13.426006493506494
51,1,5,2,7,1,10.938043956043959
59,1,2,1,5,29,21.376016539016536
77,1,5,0,3,15,14.845420634920634
55,0,1,2,2,23,22.421607142857138
71,0,5,1,4,26,21.31707142857143
48,1,5,0,3,10,12.414190476190479
77,1,1,1,0,30,16.48685714285714
75,1,4,0,2,15,11.425650793650796
66,1,5,0,2,29,13.955904761904762
83,0,0,1,4,19,9.373333333333333
50,1,0,1,6,6,15.689888888888893
25,0,2,0,7,11,14.530654761904762
34,0,1,1,4,30,16.691214285714285
79,1,5,0,3,15,21.880333333333336
28,0,1,2,4,29,5.679357142857143
44,0,4,2,4,10,18.310142857142857
69,1,4,0,1,18,9.93357142857143
37,0,0,0,1,13,26.567059523809526
38,1,0,0,2,20,14.315690476190476
19,0,0,2,0,17,17.734416666666664
84,0,0,1,1,17,7.289309523809524
53,0,5,2,4,20,20.035166666666665
80,0,2,2,0,17,12.269214285714284
76,1,0,1,3,22,13.616515873015874
62,0,5,2,5,26,9.768
74,1,4,2,5,16,24.124666666666666
63,1,4,2,2,13,21.750957070707063
44,0,5,1,4,22,14.92327380952381
62,0,1,1,0,11,18.97379761904762
25,0,5,1,1,15,12.603142857142855
35,0,5,1,2,3,13.129571428571426
59,1,2,2,4,20,4.193011904761906
84,0,2,2,4,8,13.803357142857145
53,0,5,1,2,29,26.18973412698413
75,1,3,1,2,22,18.33673340548341
42,0,5,2,4,6,7.533333333333332
28,0,1,0,5,17,20.3922619047619
55,1,2,0,0,10,13.283333333333333
24,0,2,1,7,22,8.837940476190477
61,0,2,1,4,12,16.866821428571427
75,0,5,1,2,3,6.558166666666668
48,1,3,1,1,18,13.62347619047619
45,0,0,0,6,1,7.6413095238095226
42,0,2,1,7,15,13.883512626262627
60,0,3,1,7,25,13.393206349206345
29,1,1,0,0,12,12.791500000000001
81,0,2,1,2,21,20.069
68,1,4,1,2,15,12.007511904761907
54,0,2,1,4,21,10.650500000000001
46,0,5,1,6,1,14.199587301587304
76,1,2,2,7,23,13.976015873015875
72,0,1,0,1,20,14.343357142857142
34,0,3,2,0,3,12.338203823953823
68,1,1,2,2,14,12.731238095238092
29,0,4,0,6,20,16.576
18,0,0,0,2,8,25.62695238095238
83,0,3,0,6,22,23.555404761904764
74,0,2,1,4,9,18.24742857142857
23,1,0,1,1,21,11.995571428571429
55,1,1,1,2,18,12.746349206349203
76,0,1,0,4,21,12.094666666666669
30,0,2,0,3,23,7.063591269841271
83,1,0,2,1,12,22.64833333333333
45,1,5,0,5,15,17.861833333333333
44,0,3,2,4,3,23.081464285714283
50,1,2,2,6,26,9.2045
83,1,2,2,4,12,5.445833333333334
68,1,4,2,7,1,17.947285714285716
33,0,2,1,4,14,16.773290404040395
79,0,0,1,5,15,17.251498334998324
46,0,5,2,6,4,7.007738095238095
85,0,3,1,4,14,21.261761904761908
53,0,0,1,6,28,21.59651190476191
66,0,0,2,0,7,15.866000000000001
56,1,2,0,0,28,15.150020070572703
26,1,2,0,0,20,12.566333333333334
38,1,1,2,7,30,13.071154761904763
64,1,1,0,5,5,17.682428571428574
26,0,0,0,2,13,9.558333333333334
55,0,2,2,6,21,14.104583333333332
31,0,3,2,2,18,20.57766666666667
34,0,3,2,1,13,8.345952380952381
83,0,5,1,2,21,5.962833333333333
51,1,2,2,3,18,9.156666666666666
71,1,0,2,7,23,13.129833333333334
68,1,1,2,3,25,6.585333333333335
32,1,5,0,6,20,11.035365884115885
36,1,5,0,1,15,20.722714285714286
43,0,3,0,6,17,13.973000000000003
52,1,3,0,2,29,15.686166666666665
28,0,3,0,0,15,11.39477777777778
68,0,2,2,0,29,17.679357142857143
29,0,0,2,1,18,9.70800885225885
55,1,2,0,4,2,26.461559523809523
52,1,2,1,7,7,10.329142857142855
84,1,1,1,7,1,23.862833333333338
68,0,4,1,4,22,21.029333333333334
77,0,2,0,1,1,15.856944444444446
28,1,4,1,5,26,14.484952380952379
64,0,3,2,1,5,16.255183261183266
37,1,1,2,7,19,16.76975
32,0,0,2,6,5,9.389888888888889
72,0,1,2,1,10,20.00560714285714
46,1,1,0,2,24,23.1025
66,1,0,0,1,13,16.92088888888889
66,0,2,2,3,21,9.274261904761905
83,0,4,2,1,16,14.351833333333333
60,0,3,0,6,19,12.058190476190477
41,1,3,0,5,5,9.784833333333331
46,1,4,2,4,28,15.857249999999997
76,1,3,1,6,6,11.569267316017319
54,1,2,1,5,21,19.899916666666662
35,1,1,1,2,16,21.787936507936507
56,0,0,0,7,7,20.70866666666667
41,1,1,0,3,5,22.56741233766234
64,1,0,2,6,22,7.543589743589745
62,0,5,2,0,19,17.925508824508825
50,0,3,1,0,3,4.052166666666667
33,0,5,0,2,26,8.687499999999998
83,1,1,1,1,24,19.35944047619047
30,1,5,1,5,30,12.649271367521369
40,0,0,2,0,3,14.357333333333331
28,0,1,2,3,20,12.516404761904765
73,1,5,0,5,15,9.997333333333335
38,1,0,2,3,24,10.688166666666666
80,0,3,1,7,5,10.31311904761905
56,1,5,1,1,7,14.3975
21,0,0,2,0,27,8.527500000000002
70,0,0,2,0,11,15.125238095238098
56,1,1,0,3,6,8.565833333333334
83,0,2,1,0,27,18.04438888888889
47,0,1,2,7,25,13.052619047619048
72,1,5,2,0,12,10.442261904761907
35,0,3,2,0,26,11.010261904761903
45,0,3,0,6,10,8.309833333333335
31,1,0,1,1,23,14.461309523809524
62,1,2,2,6,26,19.59526082251082
44,1,0,0,5,2,22.51950396825397
34,0,5,1,0,15,25.572619047619046
79,1,4,1,5,28,10.301892857142857
40,0,0,1,3,20,9.449642857142857
53,1,4,1,6,26,15.880964285714281
60,1,3,0,5,6,10.894166666666667
66,0,5,1,4,23,8.109380952380954
64,1,0,0,7,19,12.501349206349207
19,0,1,0,3,27,14.911190476190479
82,0,5,2,4,25,13.036666666666664
68,1,3,1,0,13,15.62039285714286
52,1,1,0,2,6,11.702083333333333
51,0,5,1,0,17,15.109136363636365
47,1,5,2,5,30,15.124666666666666
60,0,5,2,1,3,8.346666666666666
32,0,4,1,6,10,18.80035714285715
23,0,5,0,2,2,12.698166666666665
33,0,3,2,0,10,13.297445720945719
21,0,4,1,6,10,20.095112637362636
47,0,0,2,7,27,21.799547619047626
42,1,3,0,2,19,15.279333333333335
76,1,2,0,0,27,16.846484126984127
37,0,4,1,5,17,15.345523809523812
28,1,4,2,3,27,19.383150432900425
73,0,1,2,7,7,20.009059523809526
42,0,4,1,7,29,19.914694444444443
65,0,5,1,2,2,14.492873015873018
64,1,0,1,6,27,23.700642857142853
45,0,4,2,3,20,17.904190476190475
74,0,2,0,5,2,27.251833333333337
51,0,2,1,7,13,12.995476190476188
64,0,0,0,6,29,13.689722222222224
74,0,2,1,2,22,22.04611616161616
43,1,2,0,7,15,19.663015873015873
85,0,4,0,5,21,9.514666666666669
74,0,0,1,1,14,15.822500000000002
55,0,4,0,6,17,15.657440476190475
24,1,4,2,4,15,5.0264999999999995
55,1,3,2,4,21,15.073238095238093
68,0,0,0,7,27,7.528119047619047
35,0,3,1,6,29,15.350611111111112
84,0,5,0,6,5,15.189428571428573
54,1,1,1,0,17,24.41259523809522
55,1,3,2,0,7,19.958706349206352
35,1,0,2,4,6,18.352690476190478
40,1,1,1,6,14,21.910551587301587
83,0,1,2,6,19,18.73040079365079
54,0,0,2,4,22,24.401103174603172
31,0,4,2,0,10,15.236583333333336
43,0,5,1,5,16,2.582170634920635
60,0,5,2,6,3,17.776499999999995
28,0,3,0,4,11,22.247582445332444
68,1,4,1,4,16,22.939333333333337
47,0,3,0,7,23,5.355833333333334
71,1,5,1,1,12,17.05908333333333
18,1,1,0,5,8,22.111000000000004
81,1,2,0,3,4,20.337333333333333
30,1,1,2,3,22,7.046261904761906
52,0,0,0,4,26,13.284500000000001
50,0,4,0,1,16,10.87404761904762
78,1,0,2,0,27,16.647238095238095
19,0,2,2,3,29,13.230833333333337
82,1,0,1,4,11,22.104952380952383
81,0,4,0,1,2,11.738666666666667
37,1,2,1,3,1,17.453285714285713
67,1,3,2,2,23,16.674833333333332
38,1,0,1,6,21,8.154035714285715
33,1,4,0,3,15,17.13925
42,1,1,0,1,17,12.038833333333335
52,1,2,2,4,23,23.26561904761904
16,1,0,2,4,1,9.6175
67,0,2,2,4,28,10.760833333333334
49,1,5,2,5,8,19.276964285714286
52,1,2,1,1,21,15.27514285714285
59,0,5,0,1,10,23.44958730158731
79,0,0,1,5,10,17.251498334998324
42,0,5,0,5,26,12.44600577200577
57,1,5,2,5,8,20.571223443223445
54,1,3,0,6,14,7.376527777777778
66,0,3,2,6,5,7.39747619047619
34,0,5,0,3,14,19.409071428571426
21,1,0,2,2,13,26.06375
83,1,1,2,1,2,12.395023809523812
30,0,5,0,6,17,10.851571428571429
38,0,3,1,3,20,24.356166666666667
32,0,3,0,4,17,29.1135
55,0,3,1,6,18,19.388357142857146
23,0,4,2,3,2,14.129083333333334
61,0,5,1,0,26,15.99852380952381
32,0,3,1,3,18,12.634999999999993
33,1,5,2,0,1,16.009999999999998
73,1,0,0,2,12,14.647325396825394
85,0,5,1,2,30,14.507785714285717
41,1,3,1,7,4,14.517111111111113
75,1,0,1,6,10,18.022659090909094
38,1,5,0,0,25,13.538214285714286
69,1,2,2,7,14,21.572666666666663
51,0,4,1,2,23,10.481035714285714
47,0,2,1,1,28,13.89832142857143
64,0,4,1,6,5,15.556908008658015
79,0,3,0,2,1,10.31040079365079
34,0,3,0,2,3,20.181
63,0,0,0,5,23,16.481166666666667
80,0,2,1,4,19,15.484285714285715
18,0,4,1,0,16,18.262916666666666
78,1,2,2,0,7,9.170731684981686
68,1,0,1,1,9,17.353928571428575
42,0,3,0,6,23,14.519749999999998
44,0,2,2,4,26,5.647083333333334
18,1,3,2,3,14,23.519500000000004
49,0,2,0,7,29,8.562893217893219
59,1,0,1,3,21,10.6265
38,0,3,2,4,23,16.060636752136748
42,1,2,2,4,11,16.699428571428573
74,0,4,2,4,7,11.65175
47,1,2,0,5,28,15.478833333333332
67,0,2,2,2,22,13.646500000000001
74,0,3,0,0,4,10.509214285714286
81,0,2,2,5,13,14.456751082251083
62,0,5,2,3,4,13.762595238095237
35,0,4,1,5,18,15.235722222222225
46,0,4,0,5,14,19.43288888888889
18,1,0,2,4,6,15.381428571428572
25,0,3,2,5,4,10.49540476190476
26,0,5,0,3,13,11.506990981240978
34,1,4,2,0,1,17.02466666666666
49,0,2,2,4,17,15.132006105006104
81,0,0,1,1,8,18.53802203352204
26,1,4,2,1,21,5.924333333333335
52,1,4,0,6,30,17.79338492063492
27,0,5,0,4,30,19.8389025974026
70,1,0,1,5,8,9.412333333333333
65,1,0,1,7,5,20.660666666666668
57,1,3,1,6,1,9.366936507936506
18,0,5,0,7,4,6.863333333333332
67,1,0,2,3,26,13.357499999999998
19,0,4,0,0,24,20.83333333333333
76,1,4,2,0,11,23.96847222222222
16,1,3,2,1,19,17.511
71,0,3,2,5,4,15.00895238095238
22,1,1,2,0,14,18.415499999999998
52,0,5,2,7,16,12.8075
63,0,2,0,0,18,3.8063109668109663
56,1,2,0,7,13,10.24322619047619
20,1,5,0,6,24,12.195591269841268
46,0,4,1,0,8,9.069333333333335
18,0,4,0,6,14,18.165218392718394
80,0,0,1,3,23,18.138523809523807
25,1,2,0,3,30,13.466381673881672
67,0,3,0,1,8,12.857714285714287
65,1,3,1,2,19,26.3495
20,1,1,2,3,29,18.28597619047619
73,0,5,0,0,3,22.924599206349207
69,0,3,2,5,9,7.932095238095237
65,1,5,1,7,16,18.125
71,1,4,0,3,17,14.126928571428572
47,1,1,2,6,8,19.96479761904762
79,1,4,2,5,14,8.188968614718611
46,1,1,2,4,4,19.99452380952381
81,0,5,1,7,3,14.484214285714287
31,0,3,1,0,26,9.461166666666667
44,1,1,2,2,15,16.25616666666666
78,1,3,0,4,14,21.115166666666667
69,1,4,0,0,6,19.218107142857136
41,1,1,2,6,13,13.030964285714285
80,0,4,1,3,1,17.572928571428566
62,0,4,2,6,9,18.47908333333333
22,0,0,0,4,3,22.40031601731602
60,0,5,2,0,11,11.92375
19,1,4,2,7,6,10.017333333333333
26,0,4,1,1,27,24.698908730158738
67,0,4,1,2,13,7.971777777777777
33,0,2,0,0,8,9.188166666666666
81,0,3,0,7,6,14.85119047619048
21,0,1,1,1,11,10.508809523809523
50,1,0,1,7,2,16.892726190476186
50,1,2,1,5,8,22.095892857142857
48,1,1,2,7,16,18.538547619047616
21,1,3,2,4,9,12.2925
74,0,3,2,0,8,18.36766666666667
75,0,2,2,6,9,10.581880952380953
47,0,1,2,3,17,20.153333333333325
29,0,2,1,0,18,13.550269841269841
24,1,5,1,2,7,14.154428210678208
84,1,5,2,3,7,13.911666666666667
32,1,2,2,5,7,12.586666666666666
22,1,0,1,4,16,18.334035714285715
30,0,3,0,7,16,13.405964285714285
62,1,5,1,3,6,24.042880952380955
20,0,4,2,4,7,12.36468650793651
40,1,5,1,0,15,17.1278170995671
78,0,3,1,3,26,23.451738095238092
56,0,4,2,2,7,6.891714285714287
83,1,4,0,5,11,15.764626984126982
43,0,2,1,1,30,15.0924272949273
70,1,1,2,5,20,18.127285714285712
41,1,2,0,1,3,12.591357142857143
44,1,5,2,0,5,16.467638195138196
26,1,2,2,7,17,10.048448412698413
42,0,4,0,3,17,14.415619047619046
84,0,5,0,5,15,19.872393578643575
53,1,3,2,0,25,15.354055555555554
65,0,0,0,3,2,11.622333333333332
44,0,4,0,6,13,14.295226190476189
51,0,2,0,3,26,12.488738095238096
34,0,2,2,2,20,11.44607142857143
35,0,5,0,6,21,25.406666666666666
24,0,0,2,4,6,14.403333333333332
18,1,1,2,1,1,14.115333333333332
62,0,4,0,7,7,13.231761904761902
18,1,1,0,0,14,24.575250000000004
69,1,4,0,0,16,19.218107142857136
83,0,2,0,5,27,15.417560606060604
49,0,3,2,3,15,11.047809523809521
20,1,2,0,1,15,12.669
40,0,0,0,3,10,15.696976190476194
19,0,1,1,3,23,17.232666666666667
43,0,5,0,0,7,3.678166666666667
38,0,4,2,2,18,21.665349206349205
31,1,3,1,3,11,11.948749999999997
64,0,0,2,3,29,13.541547619047623
47,1,2,1,1,30,14.120277777777778
59,1,2,2,3,5,11.72968686868687
26,0,1,2,0,2,21.080023809523812
84,0,0,1,1,21,7.289309523809524
27,0,5,1,3,17,9.909373015873017
69,1,4,2,5,1,16.599523809523813
33,0,1,1,5,3,25.743928571428572
67,0,2,0,1,7,25.682611111111115
52,1,3,2,2,18,17.73616666666667
22,1,5,2,3,3,17.615385281385283
21,1,0,1,5,25,24.151428571428575
18,1,2,0,3,10,17.257833333333334
81,0,5,1,7,3,14.484214285714287
37,1,5,2,4,1,28.09216666666667
28,0,2,2,1,21,15.50531349206349
30,1,4,2,7,21,10.327214285714287
41,1,0,2,4,10,10.317095238095234
84,0,2,1,7,25,10.612869047619046
40,1,1,1,4,14,23.867059523809516
48,0,3,0,0,9,6.764714285714287
68,1,2,0,4,30,15.414555555555555
18,1,0,0,6,2,14.695809523809526
85,0,2,0,7,14,18.794511904761904
46,0,0,2,7,5,9.520769841269844
70,0,3,0,7,29,11.191952380952381
54,1,1,0,3,20,25.37
70,0,3,1,7,17,14.296380952380952
25,0,5,1,3,26,15.863694444444443
25,1,2,1,7,29,10.085095238095239
62,1,2,1,6,27,9.197940476190475
68,1,4,1,1,27,16.377166666666668
45,0,5,1,5,23,15.4985
24,1,1,0,7,12,18.21538492063493
51,0,0,2,6,22,24.191476190476195
62,0,0,1,7,21,10.409869047619045
26,1,5,1,1,12,6.809928571428571
18,1,4,0,3,21,20.099809523809526
84,1,5,2,3,10,13.911666666666667
39,0,3,0,6,7,19.036603174603172
70,0,0,1,0,19,22.669166666666666
55,0,0,2,2,26,21.02816666666667
21,0,3,1,6,28,14.519488095238097
63,0,4,2,6,19,14.822272727272727
81,0,5,2,0,14,19.95929365079365
75,0,2,0,7,22,12.823085803085801
74,0,0,1,0,24,21.055999999999997
56,1,1,2,2,13,19.34197619047619
35,1,4,0,2,15,25.904
76,1,2,2,0,2,12.47547619047619
43,1,4,2,5,17,12.74709523809524
40,0,3,2,5,5,11.918158369408367
37,0,2,1,5,29,18.671284992784994
51,1,2,2,7,11,22.150555555555556
48,0,4,0,7,29,5.829416666666666
72,0,4,2,4,2,14.693119852369852
18,0,3,1,4,5,20.85166666666667
27,0,5,1,6,14,20.26625
59,1,1,1,4,2,17.663706349206347
65,1,0,0,2,20,17.95471428571428
26,1,1,0,1,2,11.282101731601735
22,0,1,2,3,24,9.373011904761904
55,1,3,2,5,14,17.322190476190475
79,1,1,1,3,8,16.15049603174603
82,0,5,2,6,13,10.942250000000001
48,1,4,0,4,15,19.75504761904762
84,1,0,2,5,23,7.0391666666666675
58,0,5,0,0,21,13.937230158730157
73,1,4,1,4,7,20.7095
59,0,2,1,5,12,13.924333333333333
18,0,2,2,2,2,17.208583333333333
67,0,1,2,4,3,15.093805555555546
40,0,1,2,4,19,14.918019841269842
61,0,3,0,3,2,11.675
69,0,3,2,7,10,5.799027777777778
53,0,0,1,3,22,11.283515151515154
48,0,2,1,4,28,17.28422619047619
67,0,2,0,7,24,13.195500000000003
24,1,4,1,7,27,18.977
21,1,3,1,4,3,13.782540404040406
27,0,2,1,6,6,19.626785714285706
82,1,3,2,4,1,12.649468253968253
53,1,5,0,3,12,25.313333333333336
23,0,1,2,2,2,16.48440476190476
60,1,0,2,0,24,19.436873015873015
40,1,0,1,6,29,24.280388888888897
21,1,4,2,5,23,11.623174603174604
47,1,0,1,5,11,19.42183333333334
44,1,5,2,4,22,17.35547619047619
42,1,4,0,2,18,15.88867135642136
39,0,0,0,2,11,23.84686147186147
57,0,2,0,7,10,10.193
69,0,0,0,3,6,10.093130952380953
21,1,4,0,5,3,18.811322122322117
67,1,4,1,4,18,18.614845238095235
53,1,1,0,2,30,13.419607142857144
20,0,2,0,1,19,15.52230952380952
39,1,0,0,6,8,13.77745238095238
42,1,5,0,7,19,20.963087301587308
69,0,0,0,2,4,21.429865079365086
68,1,2,0,1,15,21.182022366522375
60,0,1,1,2,7,13.586864357864355
34,1,3,2,7,8,20.93625396825397
62,0,2,1,4,29,13.693333333333335
19,1,2,0,2,6,16.332412032412034
53,1,0,1,0,28,15.715404761904763
50,1,2,2,2,5,10.681310966810967
21,0,4,0,7,26,17.73938492063492
57,0,3,1,4,18,23.95942857142857
53,1,4,1,0,4,16.799166666666665
25,0,1,1,0,10,14.339142857142859
56,0,5,1,1,5,25.023249999999997
19,1,3,2,6,12,9.916
54,0,1,1,6,16,14.201928571428573
34,1,0,0,7,2,10.354722222222222
27,0,2,2,4,19,16.19455952380952
44,0,4,1,3,6,13.739254689754684
31,1,2,0,1,9,16.494500000000002
50,0,4,1,2,25,24.494273809523808
60,1,0,0,2,16,19.53609523809524
39,0,1,0,2,7,13.859460317460318
40,1,5,2,3,8,15.229666666666668
39,0,5,1,0,15,23.876964285714283
72,1,0,0,1,14,8.649880952380956
43,0,1,2,2,12,15.163833333333333
66,1,1,0,3,17,21.07419047619048
21,0,3,0,6,13,19.022904761904766
53,1,5,1,0,28,8.40507142857143
36,1,1,2,5,22,16.551662698412702
50,1,5,0,2,18,21.403000000000002
79,0,4,1,6,23,14.13997619047619
82,0,3,2,1,28,15.804023809523807
71,1,1,1,0,24,14.89958333333333
45,1,3,1,3,27,8.516107142857145
44,0,2,1,0,4,25.20833333333333
69,1,0,0,2,22,15.634666666666668
68,0,0,1,1,7,14.110464285714281
39,1,3,2,1,9,7.337349206349208
58,0,1,2,3,30,12.893261904761905
35,0,5,0,6,28,25.406666666666666
28,0,4,2,3,20,11.598333333333331
50,1,0,2,3,14,13.506988095238098
27,0,2,0,1,2,18.669000000000004
27,0,5,1,2,15,11.472888888888887
81,1,2,1,3,16,12.532789682539683
28,1,3,0,4,10,7.4888571428571415
55,0,4,2,3,10,20.206738095238094
40,0,5,1,4,6,19.553809523809527
77,0,4,1,6,6,13.764690476190475
38,1,3,2,3,24,6.1985714285714275
77,0,5,0,6,9,21.2775
61,1,3,1,6,30,16.116156288156287
72,0,0,1,4,5,20.15416666666667
18,1,1,1,5,25,19.021333333333335
77,1,0,1,7,9,12.085499999999998
57,1,2,1,0,10,17.70502380952381
42,1,1,1,3,12,18.060055555555557
31,1,1,0,5,15,16.665690476190477
22,1,0,1,1,9,10.036166666666666
45,1,2,0,0,23,6.301761904761903
22,1,0,1,5,10,12.635496031746031
82,0,1,1,4,28,21.909000000000002
31,0,4,2,6,9,18.123666666666665
69,1,3,1,0,1,13.259151515151514
74,0,0,2,2,17,15.144833333333333
27,1,4,0,4,10,14.853999999999996
57,1,3,1,2,7,8.898166666666667
50,0,0,1,5,9,18.67833333333333
83,0,5,2,2,22,19.738924603174603
42,0,5,2,7,21,9.502142857142857
77,1,0,0,2,1,19.071321428571434
49,0,0,2,0,27,13.031416666666667
29,1,3,1,3,21,15.788083333333336
79,0,5,0,6,6,18.23345634920635
54,1,4,2,2,16,4.485666666666667
76,1,1,1,7,8,23.717000000000002
25,0,5,0,1,3,10.255242063492062
52,0,0,2,7,20,18.457234681984684
74,0,2,0,6,21,25.17722222222223
80,0,4,0,3,26,6.222166666666668
27,0,1,2,3,19,14.646255772005777
82,0,0,0,6,28,13.521988095238099
54,1,4,0,5,6,17.215771645021643
22,1,1,2,2,28,16.49107142857143
36,0,2,1,3,8,8.131690476190476
42,0,5,0,0,3,7.800988095238096
30,0,3,1,5,27,5.140333333333333
78,0,2,2,1,16,11.097999999999999
39,0,5,1,2,20,22.661833333333334
68,1,5,1,1,1,17.464999999999996
82,1,4,1,7,11,15.050714285714289
21,0,4,2,1,10,25.469380952380956
26,0,3,1,5,18,10.751203823953825
23,0,3,2,6,21,12.839960317460314
42,0,0,2,1,21,12.10285714285714
79,0,1,1,6,14,22.626416666666668
54,0,2,0,3,18,16.299666666666663
66,0,5,0,4,8,12.973714285714289
21,0,3,1,1,12,22.182166666666664
47,1,4,1,6,1,14.105416666666674
45,1,0,1,5,17,12.542119047619053
70,1,0,1,4,29,14.404107142857145
83,1,0,0,5,24,15.554507936507932
36,0,5,0,5,23,12.147915584415584
64,0,3,0,4,11,16.243666666666662
40,1,2,1,5,6,11.957892857142859
24,0,0,0,2,24,17.353666666666662
82,1,0,2,6,17,8.003678571428571
79,1,1,1,0,26,17.108753968253968
56,1,2,2,4,17,15.778690476190476
67,1,3,2,3,9,11.699714285714288
46,1,0,2,3,23,18.783500000000004
54,1,1,0,7,14,24.19153968253969
29,0,2,1,7,21,19.578666666666667
63,1,3,1,6,9,16.385603174603176
66,1,5,0,3,23,14.514666666666667
40,0,3,1,5,18,11.72033333333333
42,0,5,0,4,15,24.681630952380957
70,1,1,1,5,4,17.83482142857143
23,0,3,1,4,26,18.228166666666667
68,0,4,1,4,30,21.029333333333334
50,1,1,0,0,4,12.892166666666665
62,0,4,1,7,25,19.841988095238094
21,1,0,2,2,10,26.06375
73,0,2,1,5,25,11.58166666666667
57,0,0,1,7,5,10.618746031746031
32,0,4,1,7,19,13.064190476190477
65,0,3,0,5,6,16.74375
57,0,2,0,7,14,10.193
77,0,2,0,6,17,16.93983333333334
70,0,5,2,2,13,8.0715
73,0,2,1,4,16,18.339333333333332
66,1,0,0,3,4,20.796666666666667
65,0,1,2,1,29,16.553218253968254
48,0,2,2,1,25,11.661952380952382
74,0,2,1,4,28,18.24742857142857
59,1,0,0,4,17,15.63146645021645
30,0,3,0,5,22,13.605912698412698
63,0,1,0,1,2,12.695
80,0,2,1,5,11,15.824166666666665
24,0,0,1,0,21,18.721666666666668
32,0,5,2,5,15,16.440579365079362
84,0,4,1,2,7,7.769523809523811
75,0,1,1,2,4,21.84276190476191
84,1,4,1,7,11,19.085500000000003
36,0,4,0,3,20,23.135571428571428
78,1,2,1,1,30,26.796071428571423
29,1,2,2,4,13,13.843114120528597
46,1,1,2,7,26,22.763650432900434
26,1,5,2,2,10,14.019218253968251
31,0,5,2,5,22,20.598681013431015
46,1,3,0,7,5,19.34476984126984
68,1,1,1,7,2,25.648404761904768
47,1,4,0,6,22,16.6085
19,1,3,0,0,24,22.256773809523807
56,0,2,2,3,28,23.802333333333337
43,1,3,0,2,27,17.410500000000006
23,0,2,1,5,26,18.934761904761903
62,0,5,1,6,24,21.297222222222228
81,0,4,1,2,7,14.2275
22,0,1,0,6,13,6.818349567099567
24,1,5,1,6,26,9.634805555555554
78,0,2,0,0,16,6.969333333333333
30,1,3,0,5,18,12.462630952380954
51,0,3,1,1,17,12.007052669552673
41,1,1,2,3,10,10.681761904761906
44,1,0,0,1,20,12.961809523809524
31,1,1,0,0,24,13.45104761904762
54,1,1,1,0,11,24.41259523809522
73,1,2,0,4,25,18.57220454545455
64,0,0,2,1,27,19.840601010101004
81,0,2,0,0,9,17.011238095238095
68,1,1,2,7,30,6.6098333333333334
58,0,2,2,1,24,25.152738095238092
81,0,3,0,6,3,19.353000000000005
34,0,1,0,0,18,12.534306193806191
51,0,5,0,6,17,8.4531746031746
82,1,5,1,0,11,24.542619047619052
77,0,2,0,3,22,23.292428571428573
65,0,1,1,5,17,19.33804761904762
43,0,0,1,0,23,27.48778571428572
27,0,0,0,3,27,23.099202380952377
73,1,0,2,1,24,17.53293650793651
67,1,3,1,0,8,12.6597316017316
47,1,4,1,3,4,8.508166666666668
63,0,1,0,2,16,6.725281746031747
84,1,4,0,7,2,17.37492857142857
68,0,2,1,3,27,11.95225
51,1,4,2,6,5,22.166666666666664
19,0,4,0,4,8,11.14147619047619
65,1,0,2,2,18,19.064579365079375
48,0,3,1,3,19,16.53633333333333
50,1,5,0,4,7,15.970380952380953
24,0,0,0,6,17,8.973583333333334
79,0,4,2,3,2,13.788166666666669
50,1,0,1,1,7,15.90792857142857
39,1,3,0,1,28,13.954369047619046
63,1,1,0,4,23,11.855345238095236
46,0,2,1,3,30,14.203619047619044
72,1,0,2,0,8,11.411246031746032
25,1,1,1,5,29,12.448666666666666
70,1,2,0,3,4,24.181238095238097
75,0,1,1,3,21,10.630380952380959
72,0,3,0,7,14,20.077833333333334
63,1,0,1,3,6,14.965666666666671
73,0,0,0,3,14,13.040825396825394
63,0,1,2,5,9,11.75635714285714
62,0,2,2,7,22,15.661999999999999
75,1,4,2,3,21,12.554666666666664
84,0,3,0,4,12,20.414499999999997
56,1,3,2,2,18,16.70813095238095
72,1,0,1,5,15,8.247464285714285
28,0,0,2,6,9,10.881166666666667
38,0,0,1,7,22,15.804107142857145
32,1,4,0,1,20,18.551345238095244
73,0,0,0,6,16,17.719428571428566
59,1,4,1,5,7,16.091205627705627
29,0,0,0,4,11,19.10552380952381
23,1,0,2,1,17,14.693833333333332
40,1,1,1,2,19,24.639166666666668
73,1,4,0,7,2,11.556373015873016
46,0,0,0,2,30,19.311
78,0,4,1,1,7,14.790491508491511
57,0,2,1,1,9,22.81704761904762
56,1,2,2,7,1,12.307365440115444
38,0,2,2,2,17,12.50890764790765
45,0,1,0,7,15,13.352357142857143
31,0,2,1,7,8,14.357666666666667
51,1,5,0,2,17,17.12122619047619
63,0,3,0,7,30,12.92895238095238
62,1,4,1,1,10,18.14033333333333
76,0,4,0,1,11,6.405083333333332
53,1,1,2,1,27,24.137214285714286
77,0,0,0,0,18,7.690166666666667
60,0,0,0,7,6,21.64458333333334
60,1,0,1,4,6,15.415666666666667
65,1,3,1,3,1,13.522416666666668
40,1,5,0,5,20,14.403809523809523
77,0,1,0,7,15,14.043166666666666
65,1,3,2,4,20,11.041833333333335
61,1,1,2,5,16,23.29516666666667
53,1,2,2,4,15,14.847742063492065
61,0,4,2,2,2,21.093428571428568
67,1,3,2,7,6,15.35222619047619
53,1,1,2,2,25,19.950535714285714
18,1,5,0,0,17,15.613011904761901
45,1,4,2,7,10,6.211
73,1,0,0,5,15,15.544507936507934
67,1,1,0,7,21,17.317829004329006
52,1,3,1,0,23,19.25938095238095
37,0,1,2,5,11,16.883253968253968
55,0,2,2,2,22,17.29994047619048
50,0,5,0,4,28,17.31601587301587
32,0,1,1,7,15,9.523797619047617
32,0,1,2,2,18,22.450833333333335
85,1,1,1,3,18,7.290000000000001
34,1,4,2,2,19,8.450172438672437
43,1,1,1,3,20,17.759623015873018
85,1,0,0,7,26,12.535333333333334
53,1,3,2,6,10,19.919535714285704
72,0,4,1,3,5,15.358238095238093
80,0,5,1,1,27,9.94457142857143
39,0,4,2,4,4,15.977623015873014
23,1,2,2,4,30,9.62952380952381
52,0,2,0,3,16,8.208619047619049
76,1,2,2,1,26,23.16083333333333
23,1,1,1,2,13,10.478250000000001
34,0,0,2,6,12,3.775023809523808
83,0,2,0,2,10,11.881619047619045
38,0,3,2,4,6,16.060636752136748
38,1,3,0,7,19,8.006714285714285
47,1,5,1,7,10,16.116059523809525
59,0,1,1,3,12,17.032293650793655
66,0,1,0,2,6,15.798749999999998
34,0,3,1,7,29,21.562952380952378
54,0,3,1,0,18,13.885642857142859
48,1,0,2,6,5,18.67683333333333
37,0,4,1,6,28,14.80666552891553
41,1,5,1,0,15,14.73916017316017
84,1,2,2,6,22,7.786654761904762
62,1,1,1,7,26,13.073166666666665
38,0,3,2,1,26,14.822595238095237
69,1,0,1,6,22,8.399333333333333
25,1,3,0,1,1,15.510258852258847
51,0,4,2,2,22,18.540111111111113
45,0,5,2,5,4,8.807166666666667
41,0,1,0,1,16,15.632202380952384
32,1,3,1,3,13,9.143666666666666
57,1,0,0,5,22,20.890533646908647
59,0,2,1,3,27,21.00302380952381
70,0,1,2,3,2,10.363285714285716
79,0,4,1,7,3,16.577904761904755
66,1,0,0,5,21,18.87885714285714
22,1,3,0,1,29,16.218666666666664
68,0,3,2,0,23,19.54112698412699
39,0,1,2,6,27,13.322916666666664
73,1,0,0,5,27,15.544507936507934
35,1,2,0,2,27,11.057333333333334
72,1,3,2,7,30,10.788333333333334
31,1,1,2,3,21,20.869690476190478
25,1,4,2,1,22,10.660916666666667
73,0,4,1,0,1,22.472833333333327
63,1,1,2,5,10,15.782611111111114
35,0,0,2,6,12,14.5778170995671
47,1,1,1,6,11,8.090166666666669
29,0,1,2,3,12,18.91732142857143
21,0,1,0,4,2,16.493166666666667
64,1,5,0,5,11,16.980333333333334
64,1,0,1,5,2,7.768440476190477
75,1,4,2,1,19,13.097606060606065
37,0,1,2,3,6,8.661949855699856
22,1,3,0,3,14,12.238166666666666
67,1,3,2,4,5,15.545222222222224
24,1,5,0,2,5,12.271869047619047
74,1,4,1,1,11,19.03280158730159
72,0,2,0,7,2,20.74516666666667
44,1,3,1,4,25,12.406119047619047
72,1,2,1,0,21,8.553055555555556
59,1,4,1,1,28,11.859567460317459
55,0,4,0,3,8,24.996984126984135
53,1,4,0,4,9,24.039325396825394
78,1,3,2,7,21,4.528333333333333
47,1,4,0,2,25,18.010095238095232
45,0,3,0,6,11,8.309833333333335
53,1,2,0,0,18,19.815961538461533
58,1,0,2,2,19,17.992238095238093
43,0,3,0,2,22,13.83202380952381
20,0,0,2,5,14,21.033587301587303
30,1,1,0,1,24,12.028928571428573
21,1,4,2,5,20,11.623174603174604
38,0,3,0,7,21,15.44776190476191
39,0,5,1,0,21,23.876964285714283
18,0,3,1,2,25,21.508166666666668
70,0,2,0,4,7,13.806888888888889
56,0,3,1,0,16,7.484535714285715
37,1,0,0,6,25,17.624535714285713
41,1,0,2,2,26,12.890388888888886
56,0,0,1,6,19,18.2548253968254
18,0,0,1,3,19,16.66166666666667
70,1,5,0,5,13,18.915333333333336
33,0,2,0,5,14,15.269857142857143
29,1,2,1,4,2,10.246984126984126
68,1,1,0,1,14,11.390261904761902
79,0,3,0,0,17,16.272000000000002
24,0,0,2,0,11,12.137595238095237
61,1,0,0,4,27,14.04685281385281
24,0,2,0,6,1,8.121833333333333
82,0,2,2,4,8,25.349952380952374
67,0,2,0,7,15,13.195500000000003
47,0,0,0,5,29,8.190107142857139
71,1,5,2,1,4,8.408722222222222
81,1,0,0,0,21,20.98012043512044
42,1,5,1,2,19,13.421500000000002
34,1,3,0,4,9,18.85880952380952
34,1,1,2,1,7,12.917785714285712
31,0,2,1,1,9,9.397
44,1,3,1,6,6,10.62130952380952
35,1,1,0,5,25,16.93063492063492
20,1,5,1,5,27,11.337690476190478
59,0,3,2,3,19,23.13952380952381
42,1,3,1,7,25,13.067194444444446
54,0,1,2,2,8,13.151249999999997
69,0,1,0,4,30,17.805406926406928
24,1,0,2,3,21,18.698531746031744
45,0,5,0,1,4,15.323023809523809
42,1,1,0,5,18,7.4485
24,0,3,0,7,1,6.8037222222222224
65,1,1,2,6,4,17.494071428571434
72,1,0,0,5,29,19.765888888888888
85,0,4,1,1,19,17.390714285714285
50,0,5,2,2,23,14.449499999999999
39,1,3,0,4,21,13.84297619047619
73,1,4,2,3,1,9.293161616161616
54,1,3,0,0,14,19.516488095238095
30,1,2,1,2,25,17.475126984126987
21,0,4,1,4,29,23.174222222222223
21,0,5,0,3,25,25.420333333333332
29,1,1,0,6,24,20.10966666666667
42,0,3,1,1,20,11.575833333333332
22,0,5,2,1,16,10.188000000000002
57,1,4,1,6,19,9.372
36,1,5,1,6,8,19.323833333333333
50,0,0,0,5,22,25.029440476190484
62,1,2,0,5,15,15.798619047619045
24,1,5,0,7,10,14.351285714285712
43,0,1,1,7,29,18.24892063492064
41,1,1,0,5,25,13.988523809523805
60,1,0,0,0,4,13.560000000000002
48,1,2,0,1,21,20.519571428571425
55,0,3,2,3,21,5.7555
52,1,3,2,4,4,12.93675396825397
54,0,1,0,6,24,15.29357142857143
56,0,0,2,2,28,21.37523015873016
78,1,5,2,2,2,16.766690476190476
45,1,0,1,4,1,12.786126623376623
43,0,0,0,6,26,21.841553571428573
37,1,1,1,7,30,15.720674603174611
51,1,5,0,2,1,17.12122619047619
34,0,4,2,7,1,18.240666666666666
78,0,4,2,7,19,26.696452380952383
50,0,2,2,6,19,5.156500000000001
20,0,3,0,4,25,16.75856349206349
66,1,2,1,1,24,16.875095238095234
84,1,3,0,6,6,13.154023809523808
49,0,0,1,0,24,19.147722222222225
31,0,4,2,1,12,16.889666666666667
28,0,5,0,3,15,14.76585714285714
68,0,4,0,7,29,19.390082251082255
66,1,0,0,7,14,10.371011904761904
85,1,1,2,1,9,22.693309523809525
74,1,3,0,3,23,16.437916666666666
53,1,5,2,2,10,17.40264285714285
21,0,2,1,3,28,9.782912698412694
42,0,2,1,0,27,14.32502380952381
50,1,2,2,2,4,10.681310966810967
32,1,4,0,6,1,14.872761904761912
46,1,3,2,7,14,14.721190476190475
84,1,5,2,1,18,18.711309523809522
49,0,3,1,0,30,26.695333333333334
43,1,1,1,2,4,18.579666666666665
33,0,0,1,7,1,10.79373015873016
67,0,2,1,5,10,21.724441558441555
53,0,2,0,2,3,14.298531746031747
63,1,1,2,1,2,14.901630952380954
55,0,3,0,3,6,15.337616355866352
50,0,4,1,0,24,17.722333333333335
42,1,0,2,6,27,26.042452380952383
29,0,2,0,3,16,16.445166666666665
26,0,1,2,1,2,14.823166666666669
41,0,4,1,6,16,17.483889194139195
79,1,2,0,6,27,23.364285714285714
19,1,0,1,0,19,11.775500000000001
24,0,1,1,1,23,8.659904761904762
57,1,3,2,5,16,22.084071428571427
38,1,4,2,3,11,19.875833333333336
62,0,1,1,6,1,26.196166666666663
22,0,5,2,7,22,8.75907142857143
44,0,1,1,3,21,21.815785714285717
21,0,0,2,0,26,8.527500000000002
33,0,2,1,7,5,18.80639285714286
34,1,0,1,6,7,11.532166666666667
30,0,0,1,4,3,15.347015512265514
27,0,5,1,0,14,23.921275974025967
76,1,1,0,1,29,14.68161111111111
63,1,1,1,1,27,20.869000000000007
39,0,2,1,4,29,19.1150753968254
70,0,1,0,1,3,18.555416666666666
84,1,3,1,2,12,10.539499999999999
58,1,4,1,2,26,23.068321428571426
19,1,5,0,3,14,6.323357142857143
33,1,2,0,0,12,12.361500000000001
72,1,4,0,5,13,10.276666666666666
76,0,2,0,0,20,13.04661904761905
59,0,3,0,7,12,18.277833333333334
44,1,0,0,0,4,15.684190476190478
45,0,1,2,7,25,15.012305194805194
67,0,2,0,1,24,25.682611111111115
56,0,2,0,1,29,7.915333333333333
31,1,3,0,0,8,9.60870238095238
64,1,0,2,3,6,14.74
18,1,2,1,6,18,4.103833333333334
53,1,1,1,4,27,20.575333333333333
72,1,4,1,3,4,10.823023809523807
25,1,1,1,1,15,20.47866666666667
81,0,2,1,4,11,7.281452380952382
34,0,0,0,6,4,16.69
67,1,1,2,3,26,13.513492063492063
47,1,2,1,2,20,19.968166666666665
80,1,3,2,5,20,17.325833333333335
60,0,1,0,1,25,16.554142857142857
64,1,3,0,4,4,17.92662806637807
39,0,0,2,5,7,7.865634920634919
30,1,4,1,6,16,21.76208333333333
62,0,5,1,2,8,11.195119047619048
75,1,0,1,2,23,25.444119047619047
78,0,2,0,0,16,6.969333333333333
66,1,1,1,6,27,6.005
42,1,3,0,5,30,25.5767380952381
28,1,1,2,7,1,19.044265873015878
23,1,5,0,3,20,25.28334523809524
41,0,3,0,5,25,10.944365079365078
49,1,5,2,3,7,14.71642857142857
32,1,1,2,5,28,14.030392857142859
62,0,3,1,4,15,10.734833333333336
71,1,1,1,6,6,13.137468253968256
25,0,5,1,7,2,13.634928571428567
35,0,0,0,0,21,15.173035714285714
76,0,3,1,5,6,7.777666666666667
71,0,0,1,3,22,25.054456349206344
61,1,4,0,3,21,12.803904761904763
49,0,5,0,6,19,17.021642857142858
26,1,4,1,6,21,6.993690476190475
38,1,0,0,3,28,7.207194444444443
37,1,3,2,3,15,16.586773809523812
55,0,0,2,6,7,23.33960317460318
29,1,4,2,6,18,11.123999999999999
46,1,1,2,1,11,8.409
51,1,1,2,4,21,23.40792857142857
37,1,4,0,1,29,21.649193722943725
37,1,0,2,3,27,12.997166666666665
53,0,5,0,1,20,10.577242063492065
36,1,5,0,3,2,9.03
39,0,1,0,5,1,17.631309523809524
66,0,2,0,3,23,16.378476190476192
20,0,1,2,7,13,18.209
88,1,2,2,0,9,17.45449350649351
20,1,2,1,6,18,20.066714285714294
35,1,5,1,4,18,16.05397619047619
83,1,0,2,1,13,22.64833333333333
34,0,3,1,4,21,16.921230158730157
85,0,5,1,6,22,16.297081224331226
74,1,1,1,0,26,15.863916666666668
71,0,2,0,6,13,16.2066038961039
31,0,4,2,7,6,18.9049246031746
66,0,1,0,3,29,13.155059523809523
52,1,4,1,0,19,20.495545454545454
31,1,4,1,1,26,15.594666666666669
33,1,2,2,1,8,11.175083333333331
24,1,2,0,3,11,20.37549206349206
31,1,4,0,6,21,12.511920634920632
52,1,4,2,2,9,18.18768650793651
47,1,2,1,7,7,20.283083333333337
66,0,3,1,1,3,20.477571428571427
76,1,1,2,4,9,11.341857142857146
50,1,0,1,7,25,16.892726190476186
23,0,3,2,6,4,12.839960317460314
72,0,2,0,3,21,11.704666666666666
85,1,1,0,4,16,23.614166666666666
73,0,2,0,4,26,17.193499999999997
60,1,4,2,2,13,14.80116666666667
41,0,2,1,3,21,14.702333333333334
54,1,4,0,4,20,8.365678571428571
29,0,4,0,3,24,16.371547619047618
29,0,1,2,7,28,16.202999999999996
42,1,5,1,2,5,13.421500000000002
63,1,4,0,5,19,11.202666666666664
73,0,2,2,0,26,8.979416666666665
32,0,1,1,5,3,20.1392380952381
66,0,4,0,2,23,14.803166666666668
43,0,2,1,7,28,16.447809523809525
28,0,3,2,0,1,12.994690476190476
36,1,2,1,0,11,13.303333333333335
29,1,5,1,5,6,7.4539285714285715
83,0,1,2,0,27,16.906535714285717
59,0,2,2,1,30,24.781238095238095
47,0,4,2,1,17,18.27213095238095
84,1,3,2,2,2,14.555000000000001
56,0,5,0,6,4,20.04413095238095
65,1,1,0,0,5,13.65375
31,0,0,0,6,27,19.79896536796537
62,0,0,1,7,6,10.409869047619045
48,0,5,1,3,15,26.065
52,0,3,0,2,28,20.35372222222223
84,0,2,2,5,25,12.122571428571428
23,1,5,0,0,26,15.567285714285715
41,1,3,2,4,23,10.032666666666668
85,0,5,1,2,18,14.507785714285717
73,0,4,2,0,26,17.51
43,1,0,0,7,10,12.185285714285717
27,0,5,2,5,28,17.253345238095235
61,1,4,1,0,18,17.976559523809524
66,0,1,2,7,23,7.690571428571428
65,0,3,1,1,7,18.313119047619047
39,1,0,1,7,18,10.250844155844156
43,1,3,0,4,25,16.68496428571428
60,0,4,2,5,29,7.012916666666667
40,1,4,2,6,3,7.905039682539684
83,0,1,2,4,4,14.76609523809524
74,1,4,0,5,14,8.603166666666667
61,0,4,1,3,12,19.24076101676102
76,0,4,2,3,18,17.527
60,0,2,1,4,29,8.180833333333334
42,1,4,0,3,21,7.859333333333332
32,1,0,2,3,19,9.644583333333332
77,1,5,2,6,30,13.500896825396826
65,1,4,2,6,20,24.606952380952386
38,0,2,2,0,12,9.562702380952377
84,1,2,2,4,21,17.875357142857148
72,0,4,0,1,10,18.710079365079366
78,1,0,1,6,8,15.182357142857144
51,0,3,2,4,28,11.687142857142858
78,0,3,2,3,13,16.226928571428573
31,1,3,1,7,5,17.31325
71,1,5,1,1,14,17.05908333333333
68,1,2,1,2,21,15.104928571428568
83,0,5,2,6,26,17.572940476190475
85,1,5,0,5,7,15.151916666666663
33,0,2,1,5,23,13.27972619047619
50,0,3,1,1,17,12.75577380952381
18,1,1,2,5,25,24.09075
61,0,3,0,7,3,20.53288825063825
18,1,3,2,2,10,22.790619047619046
37,0,5,0,6,13,13.379749999999996
29,0,2,2,2,1,19.297222222222224
50,1,3,0,2,27,21.298501082251082
57,0,1,0,3,4,20.38864285714286
29,0,2,1,3,5,17.079833333333326
81,0,5,2,4,4,21.30666666666667
58,1,2,0,4,16,17.57133333333333
47,1,5,2,1,2,7.347499999999999
64,0,5,1,6,2,16.952416666666668
68,0,3,0,5,1,14.971738095238095
84,1,2,2,6,28,7.786654761904762
77,1,0,0,5,5,14.122785714285719
53,0,5,1,3,11,17.996722222222225
55,1,5,1,0,10,9.024166666666666
55,0,0,2,2,14,21.02816666666667
70,1,3,2,4,27,7.079143939393939
41,1,5,2,6,9,17.82913492063492
83,0,1,1,4,11,12.746166666666666
24,1,2,0,4,20,12.324547979797982
47,0,4,1,0,21,20.056583333333332
30,0,0,2,7,6,10.347666666666669
60,0,5,2,2,17,19.94422943722944
29,1,1,2,5,19,10.662992063492062
64,0,0,0,7,22,14.62016666666667
50,1,4,0,3,26,9.924972222222221
81,1,2,0,2,6,15.173857142857143
53,0,4,1,1,21,13.701833333333337
50,0,0,0,0,26,11.542666666666664
61,0,0,1,0,20,22.34192857142857
30,0,3,1,0,30,16.28008513708513
77,1,2,0,6,4,15.893706349206353
24,1,4,1,5,17,17.317999999999998
82,1,2,2,6,25,17.024158730158728
58,0,2,0,0,28,15.747083333333338
66,0,1,1,4,13,17.722023809523808
64,1,2,2,3,10,14.789777777777777
70,0,2,0,3,14,18.4397619047619
53,1,4,1,0,5,16.799166666666665
38,1,5,0,2,16,2.496166666666666
57,1,0,1,7,14,10.018142857142857
57,0,5,0,5,11,18.720888888888894
85,0,2,1,6,20,12.047333333333334
33,1,2,2,0,9,13.616190476190477
44,1,5,1,5,26,17.137134920634924
82,0,5,0,6,10,24.25633333333333
81,0,4,1,3,29,8.451285714285715
65,0,5,1,2,23,14.492873015873018
29,0,2,1,4,2,9.900833333333336
46,0,2,1,2,29,9.882833333333332
61,0,3,0,1,21,21.562214285714287
65,0,1,1,2,7,16.89616666666667
72,1,4,0,0,27,22.991499999999995
72,0,2,2,1,2,13.28816666666667
18,0,2,1,3,13,12.67787812187812
30,1,4,2,2,6,17.483035714285712
29,0,5,1,1,6,9.821111111111112
42,1,2,2,0,2,22.3475
54,0,5,1,4,4,15.077666666666662
60,1,3,0,4,20,20.54495238095238
38,1,1,2,5,17,20.300829365079366
67,1,4,0,3,26,8.940119047619048
42,1,3,1,1,26,10.749380952380953
25,0,3,2,1,20,10.82925
28,0,0,0,5,2,21.793107142857142
19,0,2,0,4,22,26.57675
84,1,3,1,1,29,11.670833333333333
40,1,3,0,2,9,9.515500000000001
67,0,3,1,4,21,12.465000000000002
25,1,3,1,4,6,13.947833333333335
59,1,5,1,4,24,14.542142857142858
36,0,4,1,1,23,18.887909090909094
85,1,0,0,7,30,12.535333333333334
50,0,0,1,1,5,25.491023809523817
70,0,3,0,0,3,14.430238095238096
49,0,3,0,5,6,11.107999999999999
31,1,2,0,7,3,7.547666666666666
65,1,5,2,5,2,20.222666666666665
76,0,5,2,1,4,16.779226190476187
51,0,1,2,3,11,21.906634920634918
45,1,1,0,6,5,16.951666666666668
26,1,0,2,3,3,9.326234126984128
59,1,4,1,0,25,16.687500000000004
32,1,2,1,4,1,22.000583333333335
62,1,1,0,5,29,21.463384920634923
29,0,1,1,3,17,21.397071428571426
47,1,1,1,7,5,16.246178571428576
41,0,2,1,2,21,14.52183333333333
53,0,3,1,6,24,20.66133333333333
78,0,0,2,5,2,16.747238095238096
53,1,5,1,3,24,18.890333333333334
60,0,0,0,2,9,5.168928571428571
51,1,1,2,7,21,14.116166666666665
57,1,0,1,6,24,9.967638888888889
40,0,2,0,7,8,17.30888888888889
23,1,3,1,0,15,18.107976190476194
68,0,1,2,6,26,7.566190476190476
35,0,1,2,3,3,6.09
74,0,5,0,7,8,17.43770418470418
25,0,2,2,1,20,16.307479076479073
56,1,5,0,1,11,14.397333333333334
61,0,2,2,2,11,11.653043650793652
69,1,2,1,7,11,15.34475
46,0,1,2,5,4,12.296325396825395
74,0,3,1,0,20,14.783545454545456
37,1,4,0,0,7,17.58964285714286
43,0,3,2,0,7,17.062267316017316
31,1,0,1,7,25,15.024857142857138
78,0,3,0,1,7,15.615007936507936
37,0,5,2,5,6,26.23475396825397
62,1,5,0,1,4,16.392869047619048
69,1,2,2,2,18,24.250500000000002
27,1,3,0,6,27,13.153821428571431
70,1,3,2,0,3,19.00241666666666
69,1,3,2,1,5,24.35290476190476
40,1,1,0,0,4,18.343714285714288
60,0,2,2,6,2,12.950657009657007
39,0,3,0,7,29,18.142309523809526
48,1,5,2,2,9,9.657309523809525
55,1,0,1,3,6,14.775555555555554
27,0,3,1,0,13,16.333920634920634
83,0,5,0,7,21,13.897083333333331
63,1,5,2,6,10,12.622936507936506
63,1,0,1,1,23,16.220523809523808
22,0,0,2,7,24,8.710297619047616
32,1,0,2,0,4,4.978222222222222
40,0,4,0,7,7,20.388190476190477
39,0,5,2,1,7,3.9414563492063484
33,0,5,2,1,14,17.269464285714285
58,1,2,1,1,1,12.245148656898657
30,0,2,0,7,27,10.273642857142857
51,1,2,0,4,4,22.456999999999994
73,0,1,2,6,30,13.782530303030306
44,0,1,0,6,29,16.822190476190475
64,0,4,0,4,3,19.80025
57,0,3,0,2,23,23.726488095238093
86,0,4,2,6,24,18.26317857142857
33,1,5,1,4,17,12.64
33,1,1,1,2,3,20.859523809523807
28,0,1,1,5,24,16.72330158730159
88,1,3,2,5,3,26.7075
26,1,2,0,7,26,23.463142857142863
73,0,2,2,2,10,13.021690476190477
82,0,0,2,2,16,20.120976190476192
51,0,0,1,1,3,17.80811111111111
36,0,1,0,7,5,15.369761904761907
73,1,1,2,0,15,17.422095238095242
53,0,0,0,3,5,14.776833333333336
59,1,2,0,0,11,7.7315
29,0,0,2,2,30,9.856238095238094
69,1,5,0,3,13,25.39166666666667
26,0,5,2,6,29,15.694150793650797
23,1,5,1,3,5,14.972916666666665
53,0,4,0,1,13,15.387123015873017
45,1,3,0,4,26,20.263484126984125
24,0,0,1,5,9,13.954333333333334
64,1,4,0,2,20,25.216166666666663
56,1,4,2,5,3,16.463349206349204
62,0,5,0,7,22,28.84407142857143
24,1,4,1,1,6,10.730500000000001
75,0,1,1,0,11,9.228527777777778
45,1,2,0,1,10,12.44327380952381
31,0,1,0,7,27,16.23245238095238
39,0,3,1,2,10,17.375273809523804
28,1,4,2,4,22,11.706490620490621
82,1,4,2,3,7,10.318230158730158
59,1,4,1,4,13,16.459071428571427
39,0,2,1,6,3,15.216833333333332
66,1,4,1,3,24,18.55001479076479
23,1,3,1,5,19,12.303833333333332
79,1,1,1,0,30,17.108753968253968
35,0,0,2,0,4,27.9415
23,0,3,0,5,2,23.230833333333337
21,0,4,1,0,7,14.159309523809522
78,0,4,2,0,13,21.120833333333334
77,1,1,2,2,23,13.672246031746035
35,1,4,0,5,25,21.65345238095238
29,1,1,0,5,10,13.046103174603175
59,0,0,1,2,10,17.22491666666667
68,0,0,0,5,17,12.908726190476191
22,1,3,0,5,22,4.112071428571429
46,0,0,1,1,13,21.703285714285713
59,1,5,0,1,14,21.79219047619048
48,0,0,2,6,20,19.238572150072144
86,0,5,0,5,13,17.735000000000003
69,1,2,1,0,29,6.8995
52,1,0,2,0,4,8.370793650793651
26,0,1,1,3,22,23.502472222222217
45,0,3,1,0,22,17.64057142857143
53,0,2,2,2,15,17.66526190476191
31,0,3,2,5,5,12.7808253968254
45,0,2,1,3,14,12.229642857142858
51,1,4,2,1,28,18.670428571428573
83,1,4,1,0,9,14.751309523809523
68,0,3,2,0,20,19.54112698412699
30,1,3,1,7,4,18.5535
63,1,4,0,7,15,19.73475
63,1,5,0,6,25,15.799916666666663
74,1,0,0,3,25,12.125690476190478
62,1,0,0,4,27,14.633869047619045
23,1,2,2,2,12,19.97908280608281
52,1,2,1,3,25,10.966079365079365
75,1,3,1,5,11,20.67476984126984
55,1,5,1,4,28,22.671333333333333
84,0,3,1,7,10,17.095166666666668
53,1,1,2,1,9,24.137214285714286
85,0,3,1,2,13,12.546960317460314
76,1,3,0,6,13,11.865153679653684
57,1,5,1,0,15,11.736928571428573
57,0,5,0,7,14,18.658753968253972
49,0,4,2,1,29,20.28540476190476
65,0,0,2,0,23,24.549166666666665
20,1,2,2,5,5,12.433285714285715
83,1,3,1,2,16,24.001166666666666
43,0,5,1,1,7,14.674624098124102
46,0,2,2,2,4,17.708333333333336
37,0,3,0,1,12,5.595559523809524
67,1,2,0,4,30,15.583819624819627
51,1,3,2,2,23,10.087333333333332
33,1,2,2,3,19,12.387047619047621
27,0,1,2,0,25,17.777119047619053
36,0,4,1,1,13,18.887909090909094
78,0,4,2,1,26,23.105999999999998
42,1,0,2,6,19,26.042452380952383
25,1,0,2,4,21,10.980138888888886
57,0,2,1,0,27,20.605896825396826
75,1,0,2,5,4,18.81833333333333
64,1,3,2,3,11,13.325722222222225
41,0,1,0,5,28,8.896333333333335
68,1,3,2,0,3,17.343948412698413
41,0,5,1,2,8,8.031166666666667
68,0,3,1,6,17,18.868817460317462
44,1,3,2,6,11,13.983502303252308
38,0,3,2,3,22,18.031857142857138
45,1,1,0,4,6,12.89297619047619
26,0,4,0,0,25,10.280857142857144
27,0,3,2,2,9,12.143976190476192
34,0,5,2,6,15,19.897750000000002
34,0,3,2,0,22,12.338203823953823
62,1,1,2,3,22,11.834666666666665
61,1,5,0,2,5,12.267229797979795
49,0,5,2,4,26,20.72422619047619
28,1,4,2,5,23,20.795968253968255
84,0,0,2,7,11,15.007166666666667
47,0,3,0,1,25,16.163619047619044
34,1,5,0,5,20,19.9735
24,0,4,1,2,12,12.206310245310247
71,1,4,0,1,5,17.325397907647904
32,1,1,0,2,5,16.785833333333336
59,1,2,2,6,17,18.134607142857146
20,1,0,2,1,16,18.003226190476195
24,1,3,0,1,13,16.837261904761903
71,0,3,1,1,3,18.52617460317461
85,1,5,2,1,5,14.656293650793646
65,0,3,1,2,14,19.106201213818863
47,0,0,1,6,30,18.92221428571429
28,0,1,1,2,29,22.644547619047618
84,1,3,1,5,30,13.74403751803752
44,0,4,1,3,27,13.739254689754684
61,0,5,0,6,28,17.857924242424243
74,0,2,2,4,7,10.691119047619047
76,0,2,2,4,14,8.177000000000001
58,0,0,1,4,1,15.564642857142857
40,0,1,2,3,5,17.047666666666668
27,0,2,2,3,5,17.099090909090904
78,0,5,2,2,26,18.972047619047625
69,0,4,0,0,10,13.14838095238095
54,0,4,0,5,24,18.754500000000004
75,1,3,0,1,27,9.525523809523811
56,0,5,1,4,21,12.541857142857143
73,0,2,2,1,25,5.680214285714286
30,0,0,1,3,2,22.788833333333333
41,0,3,2,0,13,22.236857142857147
50,0,3,2,6,8,12.799253968253966
55,0,0,2,2,7,21.02816666666667
71,0,3,2,1,25,18.6675
51,0,3,2,6,5,11.367166666666668
38,0,1,2,2,13,5.377059523809524
72,0,1,0,0,8,14.80358333333333
45,1,3,0,3,6,9.891083333333333
41,0,4,0,7,24,20.98633333333333
83,0,1,0,6,29,22.230420634920637
52,1,5,2,2,24,15.628584415584411
76,1,0,1,7,6,6.358666666666667
80,1,5,2,1,6,12.08349603174603
46,1,3,1,3,1,8.227964285714286
56,1,3,1,4,12,13.869595238095236
72,1,1,1,3,5,20.000130952380953
33,1,0,2,5,20,22.2055
66,0,5,1,5,4,11.829285714285714
22,0,0,0,1,12,21.159357142857143
26,1,0,0,1,7,10.55595238095238
63,0,3,1,7,9,16.151981421356425
59,0,4,0,3,28,13.984976190476191
32,1,4,0,0,10,15.855047619047625
66,1,0,1,0,12,7.044452380952381
24,0,0,2,3,22,13.761714285714284
83,0,1,2,1,30,17.057499999999997
65,1,3,2,4,12,11.041833333333335
65,1,3,2,1,27,22.7225
63,1,2,0,2,13,9.081329365079364
50,0,0,0,3,29,11.270178571428573
80,1,0,2,0,7,7.102142857142857
27,1,2,2,2,19,12.438194444444443
47,0,0,2,3,16,13.836666666666668
70,0,4,1,6,24,17.007833333333334
79,1,2,1,3,7,6.350761904761905
33,0,1,0,3,25,13.487
83,1,2,1,4,5,10.277007936507935
39,1,0,0,1,11,24.139
51,1,2,2,6,2,19.581690476190474
50,0,4,2,7,26,9.902202380952382
77,1,3,1,5,28,13.380095238095238
78,0,5,1,6,5,13.331142857142858
48,1,0,0,6,1,11.454380952380955
18,0,0,0,5,29,13.132166666666667
76,1,4,0,3,15,21.99966666666667
24,1,1,0,2,10,15.650666666666664
65,0,5,0,3,26,12.859000000000004
45,1,3,1,5,16,11.945333333333332
26,1,0,2,1,6,6.230988095238096
60,1,3,0,6,29,18.2975
39,1,5,2,4,9,26.020452380952385
38,1,2,2,5,21,19.4675
27,1,3,0,7,6,27.420833333333334
26,1,5,0,5,10,8.826138888888885
66,1,1,2,5,22,16.327626984126987
67,1,2,2,6,27,11.02771428571429
77,1,1,1,6,7,20.961037878787877
22,0,1,0,6,27,6.818349567099567
48,1,2,0,7,20,10.925880952380954
70,1,3,0,7,22,17.880154761904762
75,1,5,1,6,28,10.09843722943723
69,0,1,2,7,8,2.5887976190476194
82,1,4,0,7,28,18.34404761904762
22,0,5,0,6,1,5.1275
67,0,5,1,5,18,18.863095238095244
46,1,4,1,1,22,22.65040476190476
48,1,1,1,4,5,12.13227777777778
55,0,0,1,4,22,12.821404761904764
48,0,2,1,7,25,20.386222943722945
56,1,0,1,2,3,15.895595238095238
27,1,2,2,3,12,17.13029365079365
24,0,3,2,6,6,13.988333333333333
88,0,1,0,2,27,17.1385
62,1,4,1,5,6,12.845333333333333
53,1,1,1,7,28,24.459988816738814
51,0,2,1,3,13,12.409460317460319
82,0,3,0,3,1,12.567722222222223
67,1,4,2,2,3,3.3600238095238093
72,0,4,0,2,17,15.063662393162392
71,1,2,0,5,16,11.303238095238093
82,0,2,2,2,24,13.870571428571429
17,0,0,0,1,26,5.841666666666666
46,0,1,2,1,22,6.082809523809521
23,1,2,2,3,3,15.639345238095238
54,1,3,0,3,9,24.852000000000004
81,1,4,0,2,16,12.9155
41,1,2,1,0,3,17.015666666666664
45,0,3,1,3,8,14.522476190476189
24,0,5,2,5,7,13.25706746031746
29,1,2,0,6,2,11.526031746031746
34,0,2,1,0,17,12.09645238095238
78,0,1,0,5,26,8.998666666666669
65,1,1,2,0,27,15.756778138528132
83,1,3,0,7,16,5.248928571428571
18,1,1,1,0,13,22.822857142857142
45,1,2,2,0,23,5.490000000000001
34,1,0,2,3,27,10.820833333333335
50,1,5,2,7,8,13.862349206349204
69,0,4,1,7,3,15.549063492063492
74,0,4,1,3,26,14.971976190476191
54,1,0,0,7,8,15.906269841269843
52,1,1,0,4,18,12.688011904761902
29,1,5,1,3,2,19.928190476190476
80,0,3,0,1,14,12.557277777777777
28,0,3,2,7,9,17.089999999999996
83,0,4,2,4,15,19.21761111111111
21,0,5,1,3,19,12.937809523809527
27,1,3,0,3,18,19.424968253968252
26,0,2,1,3,28,20.18423412698413
83,1,3,2,3,14,17.338166666666666
52,1,4,2,7,20,19.88507142857143
75,0,2,1,4,9,24.730404761904765
60,0,3,1,3,8,10.385916666666667
22,1,2,2,3,2,22.729273809523797
61,0,1,1,5,7,23.98983333333333
57,0,4,0,3,12,26.80079292929293
50,1,2,1,6,1,20.787
67,1,2,0,1,23,21.50852380952382
20,1,4,0,1,6,19.757539682539683
33,0,1,2,1,21,15.028607142857146
20,1,1,0,2,5,14.671495726495728
63,1,0,2,0,17,16.87242857142857
84,1,5,2,0,13,15.78471825396825
54,1,0,1,7,10,6.42
33,0,3,0,7,28,16.298071428571426
57,1,4,0,5,7,17.043619047619046
20,0,0,2,4,19,11.209666666666667
42,1,5,1,2,28,13.421500000000002
59,0,4,0,7,3,21.257214285714284
29,1,2,2,1,22,18.32959523809524
24,0,4,2,2,16,10.870428571428574
21,0,1,2,2,13,8.817777777777776
71,0,1,0,3,9,16.468476190476192
35,0,5,1,6,30,8.655226190476192
25,1,0,1,5,22,14.49525
59,1,1,1,2,8,22.271833333333333
58,1,4,0,6,30,15.670932900432904
38,0,5,1,5,15,10.575365079365078
53,1,1,0,6,1,25.525333333333332
18,1,2,0,4,11,20.684857142857144
55,0,3,1,6,27,19.388357142857146
51,0,5,2,7,28,12.89541053391053
85,0,5,2,0,14,23.017166666666668
44,0,0,1,6,5,8.722142857142858
20,0,3,2,1,18,15.219115079365077
37,1,2,2,1,9,10.4279898989899
25,1,2,1,0,10,11.58738888888889
71,1,3,2,6,8,7.640238095238095
38,0,1,2,4,7,20.104166666666664
63,1,3,0,0,25,15.033571428571427
63,1,0,1,1,15,16.220523809523808
74,1,5,1,7,27,14.068833333333334
73,0,4,2,0,8,17.51
72,0,1,1,4,7,10.36104761904762
28,0,5,0,0,16,14.04701190476191
43,1,4,2,5,30,12.74709523809524
41,1,2,2,7,23,14.625238095238094
85,0,1,1,6,17,14.629666666666667
58,0,2,0,3,17,17.027642857142858
51,1,4,1,5,13,14.658662698412698
81,1,0,2,7,24,24.68605158730159
73,1,5,1,7,19,21.5655
47,0,4,1,4,6,17.82463492063492
37,0,3,1,6,29,19.49667965367965
45,1,2,0,6,24,19.379166666666663
38,1,3,0,5,19,14.398000000000003
56,0,3,1,7,14,13.792666666666667
28,1,2,1,0,15,21.314261904761906
54,1,5,0,6,10,11.268155844155848
82,0,0,1,1,10,19.158658730158734
41,0,1,2,6,1,14.710848124098128
27,0,1,0,4,5,12.439888888888888
73,1,4,0,7,19,11.556373015873016
30,1,0,0,6,18,13.021928571428571
29,1,4,0,6,13,12.262793650793645
51,1,5,2,0,8,16.18045238095238
60,0,1,2,5,8,21.455880952380948
83,0,1,0,4,11,25.481666666666666
80,1,5,0,5,3,12.20633477633478
82,0,3,1,5,8,19.763595238095238
65,1,2,2,1,27,14.96
20,0,3,2,6,13,9.507
67,1,3,2,3,12,11.699714285714288
71,0,4,1,4,26,24.170000000000005
37,1,5,0,2,26,14.543333333333335
81,0,5,2,5,19,18.795261904761908
79,1,5,0,7,13,14.234000000000004
69,0,5,1,3,10,22.747999999999998
58,1,0,1,6,18,20.779869047619048
60,0,2,1,6,11,23.064666666666668
68,1,3,0,2,19,16.086666666666662
49,1,4,0,6,17,15.814916666666662
29,0,1,2,4,17,5.1575
59,1,4,0,1,30,19.166857142857147
66,1,0,2,1,2,19.050658730158727
84,0,3,0,1,30,12.811000000000002
30,1,5,0,2,14,14.272481601731602
54,1,4,1,0,20,6.373119047619047
86,1,3,1,7,2,11.617666666666667
47,1,4,0,6,27,16.6085
51,1,2,1,3,14,6.836468253968254
20,0,1,1,0,10,9.54357142857143
69,1,1,0,1,3,15.528869047619047
58,1,3,2,4,9,15.64472222222222
81,1,0,0,4,28,17.660091269841274
66,0,3,1,7,29,15.026428571428573
59,1,3,0,2,6,18.3845
31,1,5,1,1,5,14.622857142857143
81,0,3,0,4,28,20.560642857142856
55,1,4,2,6,28,12.025666666666668
31,0,5,0,5,12,18.44804942279942
48,1,4,1,1,24,17.76271428571428
33,1,1,1,3,30,17.86800216450217
35,1,1,2,4,24,17.85495238095238
34,1,5,2,4,2,27.480785714285716
84,1,5,1,4,23,9.272333333333334
18,0,1,2,2,19,22.08733333333333
57,0,2,2,1,3,16.853333333333335
35,1,2,2,3,4,16.802083333333332
36,1,2,0,5,2,11.35252380952381
59,1,4,2,0,22,12.87
78,1,3,2,0,5,6.388523809523811
55,0,0,0,7,13,24.534130952380952
19,0,2,1,5,15,13.632484126984124
18,0,4,0,2,16,24.450579365079367
73,1,3,2,1,28,16.41610714285714
82,1,0,2,3,11,18.160285714285717
19,1,1,2,2,10,10.046
36,0,4,0,1,13,18.399166666666666
46,0,5,1,4,17,20.570952380952377
79,1,3,2,1,22,13.646722222222222
20,0,2,0,6,28,17.480984126984126
23,1,1,0,1,16,22.05402380952381
45,1,1,0,7,21,23.823500000000003
21,1,5,0,5,11,16.464000000000002
33,1,2,2,2,25,15.214904761904764
43,0,2,0,0,3,15.230976190476191
23,0,1,2,0,1,13.189261904761908
81,0,0,1,1,25,18.53802203352204
77,1,4,1,5,28,10.242505050505052
55,1,0,2,1,14,18.20997619047619
37,0,1,0,1,9,18.67738095238095
55,0,5,0,7,30,22.81560966810967
66,0,0,1,6,20,11.809166666666664
53,1,0,0,5,26,15.511500000000003
32,0,0,0,7,7,16.647107142857145
50,1,0,1,7,9,16.892726190476186
25,1,3,1,4,25,13.947833333333335
67,1,2,0,0,2,17.6182619047619
64,0,0,1,1,5,15.277521645021647
41,0,2,1,7,18,15.598400793650796
70,1,0,1,5,16,9.412333333333333
36,1,5,2,5,2,16.920452380952376
53,0,5,1,5,15,13.572134559884557
73,0,0,0,3,30,13.040825396825394
46,0,5,1,6,29,14.199587301587304
73,0,3,2,1,17,23.89876190476191
78,0,4,2,1,23,23.105999999999998
35,1,1,0,0,27,22.472185425685424
84,1,1,1,1,19,17.665440476190476
52,0,4,1,6,17,14.704904761904757
34,1,5,0,5,8,19.9735
39,0,0,0,5,30,7.8939044011544
70,1,2,2,5,6,21.574546536796543
27,0,3,0,1,16,13.18757142857143
27,0,1,0,2,10,14.212833333333336
45,1,1,1,4,19,20.726809523809525
31,0,3,1,6,15,14.472980158730156
75,1,5,0,6,14,10.334738095238095
35,0,1,0,2,10,22.064134920634913
19,1,0,2,6,16,14.754000000000001
26,0,1,0,6,10,14.067976190476188
80,0,4,2,2,21,4.34034126984127
36,1,2,0,0,11,11.429892857142857
52,1,5,0,0,6,11.407833333333333
82,0,4,0,0,12,11.093
65,1,1,2,2,6,11.596408730158732
85,1,4,0,5,7,11.576416666666669
60,1,1,2,3,6,17.47066666666667
31,0,2,2,0,1,20.73852380952381
43,0,2,0,3,29,15.292333333333334
75,1,4,2,6,25,16.04094155844156
61,1,2,0,3,19,15.180404761904763
58,1,4,0,3,9,13.8195
35,1,3,0,7,18,4.830833333333333
28,0,4,2,1,18,27.703476190476184
78,0,1,2,7,8,13.661999999999999
44,0,5,0,7,12,17.077499999999997
26,0,3,0,0,6,8.855
72,0,2,0,0,8,7.438825396825398
45,0,0,0,3,20,8.032309523809523
30,0,3,0,5,8,13.605912698412698
53,0,0,1,1,23,15.700642857142856
81,1,0,1,7,7,13.031214285714288
35,0,5,2,2,30,13.59320238095238
69,1,0,1,5,21,14.733380952380951
73,0,1,1,7,16,27.202499999999997
82,1,1,1,3,14,9.755333333333333
34,0,2,2,5,30,21.638499999999993
61,0,1,0,2,13,12.491761904761907
26,0,0,1,1,20,10.54092857142857
51,1,5,0,6,10,19.329666666666668
70,1,0,1,4,29,14.404107142857145
27,0,5,2,7,14,15.889452380952385
49,0,1,2,3,27,14.939030303030304
54,0,0,0,1,3,9.737630952380952
36,0,1,1,6,21,15.233357142857141
24,1,2,0,7,11,8.78433333333333
29,0,1,0,5,1,9.278629870129869
54,0,5,2,4,13,21.736749999999997
85,1,1,1,5,30,17.745071428571425
25,1,1,1,2,4,17.70978571428571
51,1,3,2,0,6,5.967488095238094
62,0,3,0,6,9,14.704536796536793
59,0,5,1,3,29,14.053222222222223
77,0,0,0,7,7,21.03111904761905
38,1,4,1,6,30,13.545404761904763
78,1,5,2,7,23,10.319083333333333
46,1,2,0,5,8,19.013833333333327
59,0,0,0,3,28,15.935833333333333
33,0,2,2,5,10,16.965190476190475
84,0,2,2,4,18,13.803357142857145
23,0,4,2,4,27,6.861738095238095
61,0,5,1,2,9,21.236309523809524
31,1,1,0,6,15,13.46929761904762
73,0,5,1,7,1,18.75305194805195
26,0,0,2,3,13,14.75875
34,0,4,2,6,18,19.689642857142857
45,0,1,2,2,9,13.411333333333332
48,0,3,2,7,13,19.376444444444445
35,0,3,1,0,26,15.892722222222224
74,1,4,2,5,21,24.124666666666666
18,1,3,1,2,25,26.111404761904765
41,1,0,1,0,28,20.583750000000006
54,0,4,1,0,24,14.028833333333335
19,1,1,2,5,21,9.726119047619045
83,0,1,0,0,12,13.053999999999998
65,0,4,2,5,27,5.495861471861473
36,1,5,2,0,10,6.554666666666668
23,1,3,0,5,16,8.060484848484851
23,1,0,0,6,19,17.364500000000003
19,0,1,2,7,8,20.983321428571426
21,0,5,2,0,2,20.616210317460308
40,1,0,1,3,24,14.98692857142858
23,0,5,2,0,25,23.819833333333328
83,0,2,2,3,5,22.432380952380953
46,0,4,0,5,13,19.43288888888889
40,1,5,1,0,7,17.1278170995671
57,1,3,1,7,25,15.286952380952378
49,0,0,2,0,27,13.031416666666667
46,0,5,1,1,11,16.12316666666667
57,0,3,2,3,27,12.526333333333332
58,1,2,1,6,22,18.92645238095238
74,0,0,1,6,24,16.063484126984132
30,0,3,2,7,4,13.008968253968257
37,1,5,2,1,11,13.969976190476189
35,0,5,1,4,17,12.777452380952381
71,0,2,2,2,27,15.056500000000003
85,1,1,2,3,9,21.210666666666665
38,0,0,0,4,20,18.830595238095242
55,0,1,0,1,21,10.111714285714285
75,0,5,0,0,29,8.302500000000002
22,1,3,1,5,22,10.735476190476193
53,1,5,2,3,28,21.806214285714294
49,0,1,0,4,16,20.118547619047618
26,0,5,0,2,27,25.054761904761904
29,0,0,1,1,14,16.64391758241759
19,0,1,1,2,15,6.601666666666665
21,1,4,1,6,9,25.464833333333335
84,0,1,0,5,20,16.03061904761905
62,0,4,2,6,19,18.47908333333333
57,0,4,1,0,16,11.239
43,0,0,2,4,6,8.380833333333333
27,1,5,2,6,30,14.464857142857143
54,0,3,1,0,6,13.885642857142859
79,0,3,2,0,20,9.642023809523813
19,0,5,2,6,27,17.176357142857142
65,0,2,0,5,23,9.601353174603176
68,0,4,2,5,18,24.898333333333333
67,0,4,2,7,14,18.397634920634925
71,0,5,0,3,21,15.191976190476192
57,0,0,0,3,12,16.386344877344882
56,1,3,2,0,22,19.081099206349208
36,0,1,0,4,29,10.224204184704185
45,1,2,2,4,10,17.04742857142857
22,1,3,0,7,13,6.934285714285716
60,1,5,0,4,2,22.943428571428573
45,0,4,0,2,3,25.477261904761903
29,0,1,0,3,13,19.41169522144522
44,1,1,1,5,21,7.192
70,1,4,1,3,25,26.07998809523809
76,0,5,0,1,12,20.390142857142862
62,0,5,1,7,1,24.2
30,1,1,1,0,7,20.292166666666667
22,1,3,2,3,26,16.020666666666667
70,0,1,0,5,28,14.1190463980464
75,1,1,2,7,7,10.769507936507942
25,0,4,2,5,28,14.117238095238097
26,1,3,0,5,13,14.307738095238097
68,0,5,0,5,1,12.381082251082251
57,1,0,1,2,7,13.769499999999999
25,0,2,2,7,7,13.712503968253968
48,0,5,1,7,4,20.986809523809526
30,0,4,1,1,9,20.332214285714286
36,1,2,2,5,2,16.167553030303033
58,0,2,1,4,10,25.553452380952372
59,1,1,2,6,20,19.042559523809526
60,1,4,2,6,25,14.836785714285714
25,0,3,2,7,20,10.391988095238094
50,1,3,2,2,11,6.139833333333334
13,1,2,1,2,12,18.877142857142857
52,1,0,1,1,8,12.750547619047618
55,0,3,0,6,19,14.294261904761903
30,1,3,0,5,25,12.462630952380954
24,1,0,0,0,15,10.242849206349206
25,1,0,2,7,18,13.709845238095236
54,1,1,2,1,21,16.74328571428571
74,1,1,1,6,7,16.64636904761905
76,1,4,2,5,25,25.318833333333338
18,1,5,1,3,23,10.151333333333334
39,0,0,1,1,8,15.16928246753247
69,1,4,0,6,14,8.345809523809523
39,0,0,0,0,30,17.199750000000005
64,1,3,2,7,9,12.379333333333339
71,0,2,0,1,6,9.245809523809521
79,1,1,2,6,8,22.04940476190476
43,1,2,2,5,9,21.464666666666666
36,0,2,2,0,24,13.051619047619045
34,0,0,1,4,4,17.22200000000001
37,1,3,2,4,4,16.090888888888887
78,0,0,2,0,18,15.422304945054945
47,0,0,0,5,28,8.190107142857139
68,0,1,2,4,1,23.362238095238094
45,1,2,0,7,8,16.63009523809524
58,1,2,1,6,18,18.92645238095238
76,0,4,2,4,17,20.946440476190475
67,1,5,2,6,6,9.595047619047618
41,0,3,0,1,24,6.424718253968256
81,0,1,0,7,8,13.737448412698411
62,0,1,1,7,17,10.693976190476196
23,1,3,0,6,8,14.418
48,1,1,0,6,11,13.515809523809523
83,0,3,1,1,28,15.461857142857145
24,1,1,2,3,3,24.82247619047619
67,0,3,0,1,17,12.857714285714287
28,0,3,0,4,23,22.247582445332444
29,1,4,0,4,11,9.322690476190477
82,1,0,1,0,25,23.271285714285714
49,0,2,1,0,29,23.132261904761904
40,0,1,0,0,22,22.83866666666667
30,1,3,0,1,23,23.32683333333333
61,1,2,0,6,17,15.192348346098342
24,1,5,1,5,3,16.994836580086584
62,1,2,2,3,22,17.60816666666667
53,1,5,2,5,21,19.545357142857142
48,1,4,1,0,21,17.35749206349206
74,0,4,0,4,6,14.57374603174603
71,1,1,1,1,30,9.278142857142857
52,0,5,0,3,8,16.058821428571427
29,0,0,1,3,12,18.01852380952381
37,0,0,2,0,19,17.248333333333328
77,1,2,0,4,17,21.712363636363634
48,0,3,2,2,21,18.420833333333334
65,0,2,0,0,23,16.046785714285715
37,1,3,2,2,18,12.037031746031746
44,0,3,2,5,25,15.186087301587301
74,1,0,1,4,27,18.415265873015876
51,1,0,1,3,10,18.850880952380955
67,1,5,1,6,15,20.741730158730153
70,1,1,1,5,26,17.83482142857143
40,1,1,2,1,15,22.302511904761896
64,1,0,0,5,27,11.479
54,0,0,1,6,13,23.6525
49,0,0,0,6,28,19.109301587301587
26,1,5,0,2,29,12.709682539682538
36,1,0,2,1,2,13.464619047619045
37,0,5,0,0,2,13.27901984126984
47,1,4,1,7,6,11.395373737373736
64,0,2,2,4,3,10.81092857142857
55,0,3,1,1,10,18.69004004329004
49,1,3,2,2,27,14.372873931623936
53,0,0,0,2,1,21.211333333333336
26,1,5,0,0,15,11.12361904761905
21,0,4,0,2,26,16.340404761904757
48,1,1,0,1,30,11.410309523809522
28,1,2,0,6,19,16.562650793650793
66,1,4,2,2,13,7.964498556998559
21,1,4,0,3,16,12.456174603174603
73,0,2,0,7,4,25.253071428571424
39,0,3,1,5,19,16.28588095238095
77,0,3,1,1,10,15.116354090354092
20,1,2,2,5,3,12.433285714285715
73,0,5,0,1,18,5.278309523809523
72,1,3,1,1,16,8.301761904761904
80,0,4,0,5,5,17.859333333333336
50,1,1,2,2,30,19.855654761904763
33,0,5,0,5,26,13.62266666666667
36,1,1,1,1,3,20.14933333333333
25,1,2,1,2,16,16.72792857142857
47,1,0,2,5,4,16.09533333333333
69,1,2,0,7,7,13.594880952380956
55,1,5,2,0,5,22.09916666666667
56,1,4,1,6,30,23.429666666666662
52,1,3,0,7,11,15.990091269841272
33,0,4,1,7,7,9.031285714285714
71,1,2,2,0,7,24.008285714285712
80,0,1,2,4,22,20.784190476190478
27,0,5,0,0,14,18.63702380952381
30,0,3,0,0,7,14.411166666666663
72,1,2,2,4,12,17.38884523809524
52,0,0,2,3,4,13.689833333333333
51,0,5,2,1,28,14.31289682539683
83,1,1,0,4,5,17.134071428571428
48,1,1,2,2,10,12.514
31,1,3,1,3,30,11.948749999999997
59,1,1,2,7,4,12.169154761904762
23,0,4,0,6,3,9.373238095238094
47,1,4,2,7,10,14.26274963924964
57,1,3,2,7,2,18.021625211389917
53,0,4,2,2,29,14.735166666666668
75,1,0,1,5,6,24.412214285714285
21,0,2,2,1,27,13.418753968253968
77,0,2,0,3,14,23.292428571428573
25,1,5,2,2,2,8.841571428571429
82,1,5,1,1,25,10.90047619047619
56,1,3,0,0,13,14.731626984126981
73,0,4,2,5,2,21.94063492063492
21,1,2,0,5,14,20.279801587301584
50,0,5,1,5,8,17.69719760794761
70,0,4,0,7,7,19.023714285714288
18,1,3,2,0,10,11.164880952380951
77,0,5,0,6,25,21.2775
76,0,5,1,1,16,13.959690476190476
80,0,3,2,6,5,13.333238095238096
38,0,5,0,5,19,14.398000000000003
76,1,5,1,3,11,19.199749999999998
27,0,2,0,2,2,17.124666666666666
36,1,1,2,0,15,7.36872619047619
19,0,5,1,0,26,8.610333333333335
28,0,2,0,2,12,15.857000000000003
65,1,0,1,3,21,14.90835714285714
84,1,4,0,7,27,17.37492857142857
33,0,0,2,2,24,14.247541125541122
62,0,5,1,1,13,16.80135317460318
22,1,2,0,7,22,15.373000000000001
45,1,4,0,2,1,22.55333333333333
54,1,1,0,6,19,14.381743145743144
72,0,0,1,0,29,14.837904761904758
87,0,0,0,0,1,11.870166666666666
31,0,3,0,4,18,25.4972380952381
43,1,3,2,3,28,16.15577777777778
49,0,2,2,5,22,11.19619660894661
63,1,4,2,5,18,13.165809523809523
55,0,1,2,2,14,22.421607142857138
50,1,2,1,3,19,10.454166666666667
85,1,5,1,5,25,17.429575396825395
44,1,2,2,5,22,17.132333333333335
78,1,1,0,7,3,24.238333333333333
29,1,1,1,7,11,20.252892857142857
65,1,0,1,0,6,6.796285714285713
32,0,0,0,0,17,25.44033333333333
79,1,5,0,6,4,4.655309523809524
70,0,4,0,2,12,14.260333333333334
67,0,2,1,6,25,20.71821428571429
51,0,3,0,1,11,16.10666666666667
69,0,1,2,4,9,23.85297619047619
64,1,4,2,7,28,22.325035714285708
36,0,3,0,5,26,19.229833333333332
61,1,3,0,4,25,16.765011904761906
53,0,4,1,3,11,15.795
24,0,0,0,6,4,8.973583333333334
34,0,0,1,7,29,23.814138888888888
74,0,5,0,2,26,17.721761904761905
64,1,0,0,7,12,12.501349206349207
33,1,5,0,6,11,12.332540043290043
41,0,4,2,6,21,11.276738095238095
84,0,1,0,6,23,11.827111111111112
64,1,5,1,5,19,16.47645634920634
29,1,1,1,1,30,15.5387311022311
42,0,2,1,3,21,15.068619047619045
32,1,0,2,5,3,18.49757142857143
21,1,0,1,1,2,17.283380952380952
27,0,2,2,3,14,17.099090909090904
54,0,5,0,6,23,17.075852092352093
42,0,2,1,2,26,17.531785714285707
44,0,1,1,6,11,12.699896825396829
36,1,4,2,5,24,8.015595238095237
80,1,3,1,3,8,11.15459523809524
35,1,5,1,3,12,13.785166666666662
75,1,3,1,5,16,20.67476984126984
31,0,2,0,3,6,12.72217857142857
39,0,1,1,1,27,11.068333333333333
44,0,0,0,0,28,15.480698412698414
79,1,5,2,4,18,16.83333333333333
25,0,3,2,3,21,8.44869841269841
80,1,4,2,6,3,14.474309523809522
53,0,0,0,4,6,17.97713636363636
57,1,5,1,5,27,27.244896825396825
60,0,2,0,4,19,17.195952380952377
64,1,4,0,4,21,13.90890187590188
35,0,2,2,4,4,12.264011904761908
65,0,4,0,2,9,13.950888888888887
61,0,3,2,3,22,10.499404761904762
77,1,1,1,5,19,12.300214285714286
81,0,4,0,5,17,18.45866666666667
70,0,4,0,7,30,19.023714285714288
77,0,2,2,0,30,14.408944444444446
75,0,3,2,0,4,13.8998556998557
24,1,3,0,4,19,17.011845238095237
36,0,3,0,1,26,16.6415
32,1,5,1,0,11,15.897333333333336
35,0,0,2,7,6,13.861634199134201
66,0,3,2,5,7,9.095535714285715
48,0,0,2,6,6,19.238572150072144
26,1,1,0,4,2,25.043448412698407
27,1,1,2,4,2,12.083249999999998
60,1,3,1,2,19,15.366055555555556
30,0,0,1,5,10,13.331452380952383
31,1,1,1,3,21,14.232333333333337
43,1,0,1,4,25,9.333876984126986
26,0,5,0,0,26,14.274107142857144
65,1,2,1,7,5,8.662261904761905
26,1,0,2,7,24,5.85
64,0,0,0,1,5,16.534698773448767
44,0,1,2,2,19,16.3025
42,1,1,0,7,19,15.938333333333338
81,1,2,2,6,24,11.19807142857143
49,1,0,1,2,16,14.946571428571431
70,0,5,2,0,11,22.640833333333333
24,1,1,1,3,26,17.699388888888887
27,1,2,2,3,12,17.13029365079365
56,0,5,2,6,16,13.313833333333331
58,0,0,2,7,27,5.6491277056277065
58,1,0,1,4,5,9.867546536796533
58,1,4,0,5,2,16.506928571428574
18,0,2,0,7,12,12.626928571428572
50,0,4,1,7,3,22.36116666666667
47,1,5,0,0,19,11.67040367965368
55,1,1,2,4,29,15.077178571428574
66,0,0,1,2,16,22.44833333333333
51,0,3,0,7,29,14.072347402597405
46,1,3,0,2,27,7.574666666666667
24,1,5,0,2,10,12.271869047619047
52,0,3,2,5,29,16.759642857142854
20,0,2,0,6,4,17.480984126984126
45,0,3,1,3,19,14.522476190476189
30,1,5,1,6,24,20.080743589743587
78,0,1,1,1,7,12.55810101010101
31,0,5,2,6,18,19.25077380952381
49,1,5,1,6,2,11.27338888888889
42,0,5,2,3,26,23.449666666666662
