Name,Age,Gender,Blood Type,Medical Condition,Date of Admission,Doctor,Hospital,Insurance Provider,Billing Amount,Room Number,Admission Type,Discharge Date,Medication,Test Results
Bobby JacksOn,30,Male,B-,Cancer,2024-01-31,Matthew Smith,Sons and Miller,Blue Cross,18856.28,328,Urgent,2024-02-02,Paracetamol,Normal
LesLie TErRy,62,Male,A+,Obesity,2019-08-20,Samantha Davies,Kim Inc,Medicare,33643.33,265,Emergency,2019-08-26,Ibuprofen,Inconclusive
DaNnY sMitH,76,Female,A-,Obesity,2022-09-22,Tiffany Mitchell,Cook PLC,Aetna,27955.1,205,Emergency,2022-10-07,Aspirin,Normal
andrEw waTtS,28,Female,O+,Diabetes,2020-11-18,Kevin Wells,"Hernandez Rogers and Vang,",Medicare,37909.78,450,Elective,2020-12-18,Ibuprofen,Abnormal
adrIENNE bEll,43,Female,AB+,Cancer,2022-09-19,Kathleen Hanna,White-White,Aetna,14238.32,458,Urgent,2022-10-09,Penicillin,Abnormal
EMILY JOHNSOn,36,Male,A+,Asthma,2023-12-20,Taylor Newton,Nunez-Humphrey,UnitedHealthcare,48145.11,389,Urgent,2023-12-24,Ibuprofen,Normal
edwArD EDWaRDs,21,Female,AB-,Diabetes,2020-11-03,Kelly Olson,Group Middleton,Medicare,19580.87,389,Emergency,2020-11-15,Paracetamol,Inconclusive
CHrisTInA MARtinez,20,Female,A+,Cancer,2021-12-28,Suzanne Thomas,"Powell Robinson and Valdez,",Cigna,45820.46,277,Emergency,2022-01-07,Paracetamol,Inconclusive
JASmINe aGuIlaR,82,Male,AB+,Asthma,2020-07-01,Daniel Ferguson,Sons Rich and,Cigna,50119.22,316,Elective,2020-07-14,Aspirin,Abnormal
ChRISTopher BerG,58,Female,AB-,Cancer,2021-05-23,Heather Day,Padilla-Walker,UnitedHealthcare,19784.63,249,Elective,2021-06-22,Paracetamol,Inconclusive
mIchElLe daniELs,72,Male,O+,Cancer,2020-04-19,John Duncan,Schaefer-Porter,Medicare,12576.8,394,Urgent,2020-04-22,Paracetamol,Normal
aaRon MARtiNeZ,38,Female,A-,Hypertension,2023-08-13,Douglas Mayo,Lyons-Blair,Medicare,7999.59,288,Urgent,2023-09-05,Lipitor,Inconclusive
connOR HANsEn,75,Female,A+,Diabetes,2019-12-12,Kenneth Fletcher,"Powers Miller, and Flores",Cigna,43282.28,134,Emergency,2019-12-28,Penicillin,Abnormal
rObeRt bAuer,68,Female,AB+,Asthma,2020-05-22,Theresa Freeman,Rivera-Gutierrez,UnitedHealthcare,33207.71,309,Urgent,2020-06-19,Lipitor,Normal
bROOkE brady,44,Female,AB+,Cancer,2021-10-08,Roberta Stewart,Morris-Arellano,UnitedHealthcare,40701.6,182,Urgent,2021-10-13,Paracetamol,Normal
MS. nAtalIE gAMble,46,Female,AB-,Obesity,2023-01-01,Maria Dougherty,Cline-Williams,Blue Cross,12263.36,465,Elective,2023-01-11,Aspirin,Inconclusive
haley perkins,63,Female,A+,Arthritis,2020-06-23,Erica Spencer,Cervantes-Wells,UnitedHealthcare,24499.85,114,Elective,2020-07-14,Paracetamol,Normal
mRS. jamiE cAMPBELl,38,Male,AB-,Obesity,2020-03-08,Justin Kim,"Torres, and Harrison Jones",Cigna,17440.47,449,Urgent,2020-04-02,Paracetamol,Abnormal
LuKE BuRgEss,34,Female,A-,Hypertension,2021-03-04,Justin Moore Jr.,Houston PLC,Blue Cross,18843.02,260,Elective,2021-03-14,Aspirin,Abnormal
dANIEL schmIdt,63,Male,B+,Asthma,2022-11-15,Denise Galloway,Hammond Ltd,Cigna,23762.2,465,Elective,2022-11-22,Penicillin,Normal
tIMOTHY burNs,67,Female,A-,Asthma,2023-06-28,Krista Smith,Jones LLC,Blue Cross,42.51,115,Elective,2023-07-02,Aspirin,Normal
ChRISToPHEr BRiGhT,48,Male,B+,Asthma,2020-01-21,Gregory Smith,Williams-Davis,Aetna,17695.91,295,Urgent,2020-02-09,Lipitor,Normal
KatHRYn StewArt,58,Female,O+,Arthritis,2022-05-12,Vanessa Newton,Clark-Mayo,Aetna,5998.1,327,Urgent,2022-06-10,Lipitor,Inconclusive
dR. EilEEn thomPsoN,59,Male,A+,Asthma,2021-08-02,Donna Martinez MD,and Sons Smith,Aetna,25250.05,119,Urgent,2021-08-12,Lipitor,Inconclusive
PAUl hEndERsOn,72,Female,AB+,Hypertension,2020-05-15,Stephanie Kramer,Wilson Group,Medicare,33211.3,109,Emergency,2020-06-08,Paracetamol,Inconclusive
PeTER fiTzgeRaLd,73,Male,AB+,Obesity,2020-05-15,Angela Contreras,Garner-Bowman,Medicare,19746.83,162,Urgent,2020-05-20,Aspirin,Abnormal
cathy sMaLl,51,Female,O-,Asthma,2023-12-23,Wendy Glenn,"Brown, and Jones Weaver",Blue Cross,26786.53,401,Elective,2024-01-19,Ibuprofen,Normal
mr. KenNEth MoORE,34,Female,A+,Diabetes,2022-06-21,James Ellis,Serrano-Dixon,UnitedHealthcare,18834.8,157,Emergency,2022-06-30,Lipitor,Abnormal
MaRy hUNter,38,Female,O-,Hypertension,2021-01-03,Jared Bruce Jr.,Gardner-Miller,Cigna,32643.3,223,Emergency,2021-01-16,Penicillin,Normal
jOSHUA OLiVer,63,Female,B+,Hypertension,2023-10-03,Brandy Mitchell,Guerrero-Boone,Aetna,5767.01,293,Elective,2023-10-12,Paracetamol,Abnormal
ThOMAS MartInEZ,34,Male,B-,Asthma,2019-08-18,Jacob Huynh,Hart Ltd,Cigna,47909.13,371,Urgent,2019-09-01,Ibuprofen,Inconclusive
JAmES pattERson,23,Female,A+,Arthritis,2019-11-03,Kristina Frazier,Cruz-Santiago,UnitedHealthcare,25835.32,108,Urgent,2019-11-29,Penicillin,Abnormal
WilLIAM cOOPEr,78,Male,AB-,Arthritis,2023-05-18,John Hartman,Group Duncan,Medicare,17993.23,245,Elective,2023-06-15,Penicillin,Normal
Erin oRTEga,43,Male,AB-,Cancer,2023-05-24,Heather Garcia,Lopez-Phillips,Medicare,21185.95,494,Elective,2023-06-03,Ibuprofen,Normal
NicOlE RodriGUEz,30,Female,AB+,Diabetes,2020-01-17,Lynn Young,Poole Inc,Blue Cross,8408.95,285,Emergency,2020-02-10,Lipitor,Normal
DAvID AndErSON,25,Female,AB+,Asthma,2021-01-07,Emma Allison,Sons and Cox,Medicare,45453.42,228,Elective,2021-01-26,Lipitor,Abnormal
DEnIse ToRRES,33,Male,AB+,Diabetes,2019-10-14,Laura Myers,LLC Martin,Aetna,4397.78,481,Urgent,2019-10-19,Paracetamol,Inconclusive
CasSAndrA Robinson,26,Female,B-,Hypertension,2021-12-19,Travis Parsons,Espinoza-Stone,Aetna,9380.33,212,Urgent,2022-01-16,Ibuprofen,Normal
NIcOlE LUcErO,70,Female,O-,Diabetes,2022-03-12,Christine Johnson,"and Garcia Morris Cunningham,",Cigna,48290.69,113,Emergency,2022-03-29,Lipitor,Abnormal
PAmela fErNanDeZ,57,Female,B-,Obesity,2021-01-17,Emily Taylor,Walton-Meyer,Medicare,32973.94,272,Urgent,2021-01-29,Penicillin,Abnormal
chRiSTOPHer LEe,74,Female,B-,Hypertension,2021-09-15,William Reynolds,PLC Young,Cigna,49943.28,478,Emergency,2021-10-05,Lipitor,Normal
ThomAS morsE,81,Male,A+,Hypertension,2020-01-27,Jennifer Carter,Meadows Group,Cigna,35633.96,196,Urgent,2020-02-09,Aspirin,Normal
Mr. eRiC Lane,49,Female,A-,Asthma,2022-06-24,Matthew Thomas,"and Howell Brooks, Rogers",Cigna,25966.33,418,Elective,2022-07-18,Paracetamol,Normal
KAThEriNE SmiTH,26,Female,AB+,Obesity,2021-06-09,Mary Logan,"and Mcclure White Boone,",UnitedHealthcare,21784.45,410,Urgent,2021-07-01,Paracetamol,Normal
pAUL wILLiAmS,81,Female,AB-,Cancer,2020-08-23,Kristin Martinez,"Gates Brown, and Stuart",Medicare,42684.56,328,Urgent,2020-09-08,Penicillin,Abnormal
lYNn MaRtinez,65,Male,O+,Cancer,2022-10-12,Daniel Murphy,Group Armstrong,Medicare,45585.89,300,Emergency,2022-11-02,Penicillin,Normal
chRIsTOpHEr CHaPmAN,31,Female,O+,Hypertension,2021-12-01,Emily Patterson,Ltd Schwartz,Cigna,29615.44,211,Elective,2021-12-09,Paracetamol,Normal
CHRis fRYe,58,Male,A-,Diabetes,2020-05-04,Heather Smith,Nelson-Phillips,Cigna,36992.27,413,Urgent,2020-05-13,Aspirin,Normal
kyLE bEnneTT,22,Male,O+,Hypertension,2023-09-09,John Smith,"Knight and Nguyen, Riggs",UnitedHealthcare,28051.5,157,Urgent,2023-09-23,Ibuprofen,Abnormal
BRandOn coLLINS,77,Female,O+,Asthma,2019-07-19,Cameron Young,Lopez PLC,Cigna,16320.23,138,Urgent,2019-07-29,Ibuprofen,Abnormal
mIchael LiU,30,Male,AB-,Hypertension,2024-04-05,Vicki Nguyen,"Fernandez and Phillips, Singh",Medicare,30590.54,456,Emergency,2024-04-22,Paracetamol,Inconclusive
STepHaNie kEnt,42,Female,A-,Cancer,2019-06-15,Mary Moss,Beck-Galloway,Aetna,14681.02,234,Emergency,2019-07-05,Ibuprofen,Abnormal
JessE BaNks,67,Female,AB+,Cancer,2022-10-29,Alexander Garcia,"Decker Glover, and Christensen",Aetna,21879.53,492,Urgent,2022-11-20,Penicillin,Inconclusive
PeGGY LEe,24,Female,A-,Obesity,2022-04-08,Patrick Burns,"Nelson Walker Myers, and",UnitedHealthcare,6767.63,180,Elective,2022-04-13,Lipitor,Abnormal
TAmARa hErNAndez,84,Female,B-,Asthma,2023-08-17,Kayla Powers,Mitchell-Navarro,Cigna,19973.46,250,Elective,2023-09-11,Ibuprofen,Inconclusive
mR. DAVID pIERce Md,73,Female,A-,Hypertension,2023-11-05,Julia Cox,Group Delgado,UnitedHealthcare,14362.31,296,Emergency,2023-11-07,Paracetamol,Inconclusive
beThaNY MoOrE,55,Female,A+,Cancer,2023-04-09,Penny Pruitt,"and Montes Graves, Thomas",Cigna,10300.66,330,Emergency,2023-04-21,Paracetamol,Normal
MIChael MIllS,23,Male,O-,Hypertension,2022-09-21,Mrs. Lori Hurst PhD,Hall-Bentley,Aetna,37951.66,405,Emergency,2022-09-25,Ibuprofen,Inconclusive
kyle Wiley,40,Female,AB-,Cancer,2021-01-21,Stephen Carr,Taylor-Nguyen,Aetna,6733.99,300,Urgent,2021-02-06,Ibuprofen,Normal
jACqUeLINE jORdaN,51,Male,O+,Hypertension,2020-07-10,Jacob Daniel,Hunter-Grant,Aetna,17839.75,306,Elective,2020-07-20,Paracetamol,Abnormal
ASHleY guTIERreZ,83,Male,AB+,Obesity,2019-11-06,Tyler Braun,Miller-Lawson,Aetna,24637.09,333,Elective,2019-11-22,Paracetamol,Inconclusive
Kim ScOtt,63,Male,A-,Asthma,2024-04-07,Cindy Ellis,Scott-Kelly,UnitedHealthcare,39723.17,244,Emergency,2024-05-04,Ibuprofen,Inconclusive
tRAvIs carTeR,18,Male,A+,Cancer,2022-07-06,Megan Hahn,"Moss and Ferguson, Baker",UnitedHealthcare,48407.39,325,Emergency,2022-07-18,Aspirin,Normal
LArry rodgeRs,23,Female,B-,Hypertension,2022-08-03,Eric Kelly,"and Mason Smith Chase,",Cigna,5517.39,113,Elective,2022-08-10,Aspirin,Inconclusive
Nancy glOVeR,58,Male,A-,Hypertension,2020-05-08,Jennifer Larson,"Khan, and Rodriguez Fischer",Medicare,19183.17,378,Emergency,2020-06-01,Aspirin,Abnormal
JessIca king,27,Male,AB-,Cancer,2019-12-09,William Hess,Sons Watson and,Medicare,8320.66,468,Urgent,2019-12-21,Lipitor,Abnormal
ChRiStOPhER gOnzAlez,59,Male,B+,Diabetes,2019-11-21,Patricia Dunn,Rhodes-Carey,Medicare,10107.19,368,Emergency,2019-12-08,Penicillin,Abnormal
jOhN hARTmAN,27,Male,B-,Hypertension,2023-01-07,Jack Jackson,Bullock-Ramsey,Cigna,49402.3,263,Elective,2023-01-27,Lipitor,Inconclusive
MicHAEl MillEr,31,Male,B+,Diabetes,2024-02-06,Jonathan Drake,"Clark Brown, and Myers",UnitedHealthcare,35776.82,489,Emergency,2024-02-10,Penicillin,Normal
Erica myERS,19,Female,A+,Arthritis,2020-01-30,Ian Benitez,"Jackson and Lane, Dillon",Medicare,20227.86,241,Elective,2020-02-12,Penicillin,Normal
cAROl PaTtERSoN,29,Female,O+,Cancer,2022-10-24,Jamie Baker,"Turner Cook, Banks and",Blue Cross,19328.12,231,Urgent,2022-11-07,Ibuprofen,Normal
JOSe LopEz,18,Male,A-,Obesity,2022-01-09,Erika Jackson,"Miles, and Weaver Hudson",Aetna,46956.55,377,Emergency,2022-01-15,Aspirin,Inconclusive
kEVIn SiMmoNs Jr.,24,Male,AB-,Cancer,2023-12-28,Amanda Garcia,Evans Ltd,Cigna,10709.69,407,Emergency,2024-01-02,Paracetamol,Abnormal
DuANe HaneY,27,Male,AB-,Diabetes,2021-09-16,Raven Wong,Sons and Schaefer,Aetna,45353.99,263,Urgent,2021-10-14,Penicillin,Abnormal
JONathAn yaTeS,57,Female,AB-,Arthritis,2023-07-24,Cynthia Scott,Sons Hodges and,Aetna,8451.0,135,Elective,2023-08-11,Paracetamol,Abnormal
johN THoMaS,74,Female,A+,Arthritis,2021-11-13,Mark Padilla,Simpson-Mccall,UnitedHealthcare,29850.88,131,Emergency,2021-12-07,Paracetamol,Inconclusive
AdriaN BuckLEY,22,Female,A-,Arthritis,2023-10-11,Julie Ramirez,"Lin Thompson Wells, and",Blue Cross,42696.52,102,Urgent,2023-10-27,Penicillin,Normal
apRil SANTIAgO,33,Female,B-,Diabetes,2021-01-30,Jacob Rich,Jones-Scott,Cigna,2305.14,249,Emergency,2021-02-04,Penicillin,Inconclusive
DIane scHultz,57,Male,B+,Arthritis,2021-11-21,Mark Hartman Jr.,Howe-Kelly,UnitedHealthcare,44437.47,255,Emergency,2021-12-05,Penicillin,Inconclusive
tiMOThY myers,61,Male,B+,Cancer,2024-03-02,Timothy Baker,and Sons Reyes,UnitedHealthcare,29504.39,422,Urgent,2024-03-26,Ibuprofen,Inconclusive
NICOLE HUGhes,20,Male,O+,Arthritis,2020-12-04,Lori Sanchez,Shaw-Young,Blue Cross,34617.79,320,Emergency,2020-12-08,Ibuprofen,Abnormal
ChAd MorEnO,67,Male,AB+,Hypertension,2020-08-26,Connie Boyd,Inc Skinner,Aetna,46814.01,134,Urgent,2020-08-27,Penicillin,Abnormal
SeaN jenniNGs,80,Female,AB-,Diabetes,2023-11-12,James Tucker,Clark-Johnson,Blue Cross,20257.54,255,Elective,2023-12-12,Penicillin,Abnormal
DIAnE brAnch,44,Male,O+,Obesity,2020-05-30,Juan Acevedo,Perez and Sons,Cigna,22841.36,410,Emergency,2020-06-14,Aspirin,Inconclusive
cindY OROzco,26,Female,B-,Asthma,2023-05-12,Julie Finley,Kemp LLC,Medicare,10283.72,273,Emergency,2023-06-10,Ibuprofen,Abnormal
pAtriCIa MEdinA,80,Male,AB+,Cancer,2022-07-07,Miguel Parker,LLC Dixon,UnitedHealthcare,1586.48,395,Emergency,2022-07-23,Ibuprofen,Normal
kayLa padillA,63,Male,B-,Asthma,2020-09-24,Jermaine Peters,"and Morales Jennings Cook,",Aetna,34774.35,152,Emergency,2020-10-08,Penicillin,Inconclusive
JUan klEiN,58,Female,B-,Arthritis,2023-08-19,Lisa Edwards,Group Hood,UnitedHealthcare,24870.1,321,Emergency,2023-08-25,Ibuprofen,Inconclusive
wILLIAM hIlL,38,Female,A+,Cancer,2023-05-16,Matthew Walker,Lindsey Inc,Cigna,39476.95,428,Elective,2023-06-01,Aspirin,Abnormal
CARL BEst,60,Male,B+,Hypertension,2022-08-22,Gregory Hansen,Ltd Wang,Blue Cross,26062.43,482,Elective,2022-09-07,Paracetamol,Inconclusive
TInA GriFfin,49,Male,B+,Cancer,2022-06-17,Jessica Cruz,Inc Ford,Medicare,25302.11,268,Elective,2022-06-28,Penicillin,Abnormal
MR. TYler TAYLOR Phd,80,Male,A+,Diabetes,2022-11-05,Robert Salazar,Dean-Hawkins,UnitedHealthcare,10661.51,120,Emergency,2022-11-25,Lipitor,Abnormal
TAyLoR howeLl Dds,35,Female,B+,Diabetes,2021-09-10,Kyle Patterson,Walter PLC,Blue Cross,30358.19,318,Elective,2021-09-18,Ibuprofen,Inconclusive
mIcHAeL MaRTIn,84,Male,A+,Asthma,2022-09-06,John Summers,Sons Horn and,Cigna,23684.53,162,Urgent,2022-09-27,Ibuprofen,Inconclusive
heatHER mIller,76,Male,A+,Diabetes,2021-04-17,Scott Grant,"Powell Ward, and Mercado",Aetna,3908.95,428,Elective,2021-05-10,Lipitor,Inconclusive
cathERinE gArDnEr,79,Female,A-,Hypertension,2019-08-19,David Ruiz,James Ltd,Medicare,25503.67,144,Elective,2019-08-26,Lipitor,Abnormal
ANNE THOMPSoN,76,Female,O+,Diabetes,2024-03-24,Kyle Smith,Kemp-Munoz,Aetna,6312.61,226,Elective,2024-04-14,Aspirin,Abnormal
TOdd coopeR,55,Female,A+,Diabetes,2022-12-10,Jason Price,Henderson-Taylor,UnitedHealthcare,21772.34,459,Elective,2022-12-31,Ibuprofen,Normal
PhILLIP lyOnS,53,Male,B-,Cancer,2022-09-14,Stephanie Clements,"Parsons, Hartman Martinez and",Blue Cross,30437.0,208,Elective,2022-09-18,Aspirin,Normal
MaRk foRD,18,Male,B+,Asthma,2022-10-18,Steven James,Luna Inc,UnitedHealthcare,28837.68,227,Elective,2022-11-11,Aspirin,Abnormal
mARcUS ZAmorA,69,Male,O+,Arthritis,2021-11-13,Jeremiah Wolf,"Hernandez, Ritter and Huffman",Cigna,25425.73,115,Elective,2021-11-21,Aspirin,Normal
KaTiE hENry,70,Male,B+,Diabetes,2022-07-08,Roberto Petersen,Reed LLC,Aetna,7187.27,402,Emergency,2022-07-25,Aspirin,Normal
wilLIAm morTON,21,Male,A+,Diabetes,2023-06-25,Christina Hammond,Thompson-Walker,UnitedHealthcare,3125.74,442,Urgent,2023-07-11,Ibuprofen,Normal
KaTRina maRTin,47,Male,A-,Diabetes,2019-07-09,Patricia Colon,Group Nguyen,Medicare,31516.1,418,Elective,2019-08-05,Penicillin,Inconclusive
HunTeR mckAy,85,Male,A-,Arthritis,2021-05-14,Dominic Mitchell,Newton-White,UnitedHealthcare,40014.76,425,Emergency,2021-06-03,Aspirin,Abnormal
dWAYnE DAViS,28,Male,O+,Cancer,2024-01-15,Wendy Davis,Ltd Thomas,Medicare,40782.93,373,Elective,2024-02-07,Ibuprofen,Abnormal
sARAH CalDweLL,62,Male,A-,Obesity,2019-09-30,Daniel Carson,"Pierce Ward, Torres and",Cigna,3879.08,290,Elective,2019-10-15,Aspirin,Inconclusive
DAVid higgInS,49,Female,B-,Arthritis,2021-03-05,Erin Henderson MD,"Evans and Hall Schneider,",Medicare,24948.48,361,Emergency,2021-03-20,Penicillin,Abnormal
bRADlEY coMbS,52,Male,AB-,Hypertension,2021-05-14,Christopher Butler,Stout-Brown,Cigna,37734.74,251,Elective,2021-06-06,Penicillin,Abnormal
chrisTiNa SChMitt,53,Male,B+,Cancer,2023-06-08,Samuel Robles,Cruz Ltd,UnitedHealthcare,27360.46,231,Elective,2023-07-05,Ibuprofen,Abnormal
coLtoN stRONg,55,Male,AB-,Asthma,2022-05-13,Benjamin Webb,Stewart Sons and,Aetna,37405.7,212,Elective,2022-05-20,Paracetamol,Normal
MARK priCE,18,Male,B-,Arthritis,2022-09-22,Krystal Fox,"Hall Roberts and Duarte,",Medicare,31485.97,440,Emergency,2022-10-14,Ibuprofen,Normal
sUZaNnE SchNeIder,52,Male,AB-,Hypertension,2023-08-25,Bruce Garrett,Ramirez-Robinson,Medicare,23737.4,414,Urgent,2023-09-18,Lipitor,Normal
MIchaEL HUrLEY,67,Male,AB-,Obesity,2019-06-02,Jonathan Watson,"Garcia, and Bishop Hernandez",Aetna,3326.38,424,Emergency,2019-06-04,Lipitor,Inconclusive
LIndsEy laMbErt,82,Female,A+,Hypertension,2021-11-19,Christopher Guerra,"and Brown Oneal, Shah",Medicare,23067.67,307,Elective,2021-12-12,Ibuprofen,Normal
reBEcCA PARsONs,37,Female,O+,Asthma,2019-12-02,Steven Adams,Group White,Aetna,8521.21,476,Elective,2019-12-13,Penicillin,Abnormal
jUdy joHNsoN,52,Female,AB-,Cancer,2020-08-21,Victoria Patel,"Hughes and Erickson, Anderson",Cigna,47985.17,388,Elective,2020-09-06,Penicillin,Inconclusive
TOnyA caMpbell,37,Female,B+,Asthma,2021-02-12,Louis Bell,Lane-Kelly,UnitedHealthcare,25230.25,326,Elective,2021-03-11,Ibuprofen,Inconclusive
JAMEs Ross,83,Female,A+,Diabetes,2024-01-13,Michael Baker,Cox-Hester,Blue Cross,10352.21,394,Urgent,2024-01-22,Aspirin,Abnormal
SaRA COOk,33,Male,O-,Arthritis,2021-12-26,Douglas Fleming,"Jarvis Scott, Fleming and",Medicare,6175.87,138,Urgent,2022-01-12,Aspirin,Abnormal
annE howeLl,22,Female,A-,Obesity,2022-08-22,Patrick Carter,Cline-Carpenter,Blue Cross,23499.94,178,Urgent,2022-09-07,Penicillin,Normal
RENEE bAilEY,19,Female,B+,Cancer,2021-07-03,Sarah Shaffer,"Johnson, and Ross Harris",Medicare,33681.57,177,Elective,2021-07-31,Ibuprofen,Abnormal
Jeffrey tuRNER,85,Female,O+,Obesity,2020-05-31,Matthew Carter,"Kim Rosario, and Hammond",Aetna,39957.94,211,Urgent,2020-06-01,Ibuprofen,Normal
DR. LaUreN ClaRk DDs,19,Male,B+,Cancer,2020-10-26,Brian Wagner,PLC Jimenez,UnitedHealthcare,49833.71,302,Elective,2020-11-17,Lipitor,Inconclusive
terRY THoMaS,50,Female,B-,Asthma,2021-06-03,Lucas Cole,Cantu-Berry,Aetna,48175.47,368,Urgent,2021-07-01,Paracetamol,Inconclusive
JasOn baKEr,50,Female,O-,Obesity,2020-10-24,Julia Yoder,Wright-Alexander,UnitedHealthcare,40133.97,130,Urgent,2020-11-13,Ibuprofen,Normal
JEssicA gUtiERrEz,40,Male,O+,Obesity,2019-08-27,Crystal Chavez,Guzman-Carlson,Aetna,9585.95,424,Urgent,2019-09-06,Lipitor,Inconclusive
COURTNey HOdGes,57,Male,AB-,Obesity,2021-11-30,Brenda Lopez,Meyer-Hill,Medicare,40693.35,430,Emergency,2021-12-09,Aspirin,Abnormal
ANthONy reYEs,82,Male,AB+,Obesity,2023-10-15,Michael Cole,Dudley-Atkinson,UnitedHealthcare,16399.27,133,Emergency,2023-11-08,Penicillin,Abnormal
LeaH cRoSs Dds,20,Male,AB+,Diabetes,2024-03-17,Michael Larson,Kelly-Allen,Blue Cross,44939.57,430,Emergency,2024-03-28,Ibuprofen,Inconclusive
PaUL MaRTinEz,20,Male,B+,Hypertension,2019-10-13,Tracey Spence,"Lewis Livingston, Lowe and",Blue Cross,10663.91,104,Emergency,2019-10-16,Aspirin,Normal
DenisE rOdRIGuEZ,19,Female,A-,Hypertension,2020-03-02,Susan Gibson,Rodriguez Ltd,Cigna,22564.79,408,Elective,2020-03-07,Paracetamol,Normal
ashLEy ERIcKSoN,32,Female,AB-,Cancer,2019-11-05,Gerald Hooper,"and Johnson Moore, Branch",Aetna,-502.51,376,Urgent,2019-11-23,Penicillin,Normal
SEaN carDenaS,55,Male,B-,Diabetes,2021-02-07,Todd Sanchez,"Holmes and Hughes, Phillips",Cigna,34758.26,331,Emergency,2021-03-05,Aspirin,Normal
aLaN AlVaREz,81,Male,B+,Hypertension,2021-10-25,Elizabeth Morales,"and Smith, Tucker Cross",UnitedHealthcare,46377.87,275,Urgent,2021-11-22,Lipitor,Normal
JeSsICA phiLliPS,26,Male,O-,Hypertension,2022-07-24,Kimberly Petersen,Sons and Lozano,Blue Cross,7555.77,425,Elective,2022-07-31,Paracetamol,Abnormal
tiMOthY CoLemaN,54,Female,AB+,Cancer,2020-03-04,Misty Garcia,Russell Ltd,UnitedHealthcare,14299.99,480,Emergency,2020-03-05,Lipitor,Abnormal
cHristina wooDS,57,Male,B-,Arthritis,2021-08-01,Melissa Fernandez,Jones Ltd,Cigna,46429.51,233,Elective,2021-08-19,Paracetamol,Inconclusive
mELIssa sCOtt,38,Female,AB+,Asthma,2020-01-24,Kari Moore,Gordon-Ward,Medicare,17978.95,384,Elective,2020-02-12,Ibuprofen,Abnormal
GaRy hoPkiNS,54,Male,O+,Obesity,2021-07-30,David Hubbard,Barnes and Sons,Medicare,32629.07,380,Elective,2021-08-13,Paracetamol,Normal
aPRIL VAleNCIA,42,Male,A+,Diabetes,2024-01-04,Lonnie Morgan,Levine-Miller,Medicare,22356.23,310,Urgent,2024-02-03,Aspirin,Inconclusive
riTA archER,20,Male,O-,Diabetes,2024-01-05,Victoria Gonzales,"and Marquez Silva Smith,",Medicare,48995.98,406,Elective,2024-02-04,Lipitor,Normal
kIm PenA,44,Female,O-,Hypertension,2020-08-11,Cindy White,Jackson-Copeland,UnitedHealthcare,4532.48,213,Emergency,2020-09-04,Lipitor,Inconclusive
jaSoN FOlEy,54,Male,B+,Diabetes,2022-06-17,Douglas Li,"Perez and Ochoa White,",Medicare,35521.58,130,Elective,2022-06-24,Paracetamol,Normal
ShAUN GuzmAn,21,Female,AB-,Arthritis,2022-04-02,Lori Mendoza,Ltd Conrad,Aetna,1589.5,244,Emergency,2022-04-09,Aspirin,Inconclusive
MATTHeW wHite,45,Female,AB+,Diabetes,2020-06-03,Ryan Ross,Hampton-Thomas,Medicare,22950.65,233,Elective,2020-06-22,Ibuprofen,Abnormal
aLExiS wilsOn,68,Female,B+,Arthritis,2019-08-16,Brian Walton,Thomas-Kelley,Aetna,2678.95,427,Urgent,2019-08-21,Paracetamol,Abnormal
JaCQueLiNE maRshAll,27,Male,A+,Hypertension,2024-02-22,Michael Berg,Myers-Monroe,UnitedHealthcare,39615.6,500,Urgent,2024-02-24,Penicillin,Inconclusive
RoBErt hIGGInS,42,Male,AB-,Asthma,2021-05-06,Scott Davis,"and Ford Lee, Rodriguez",Medicare,13355.78,451,Elective,2021-05-29,Ibuprofen,Inconclusive
SierRa MoRTON,27,Female,B-,Asthma,2021-10-27,Daniel Shelton,Sons Garcia and,Aetna,32561.53,485,Elective,2021-11-04,Ibuprofen,Inconclusive
nATAliE sTANtoN,80,Male,B+,Asthma,2020-09-01,Tara Moreno,"Perry Little, and Moore",Medicare,29221.34,208,Emergency,2020-09-17,Paracetamol,Inconclusive
jEssica aceveDo,21,Male,O+,Diabetes,2021-05-26,Kristie Morgan,Anderson Group,Medicare,12880.65,267,Urgent,2021-06-22,Penicillin,Normal
JENnIfEr mCmillan,84,Female,A-,Obesity,2022-06-22,Joseph Jones,Rodriguez and Sons,Aetna,15475.4,154,Elective,2022-07-22,Ibuprofen,Abnormal
ChRISTopher mccLAiN,67,Female,O-,Arthritis,2023-05-17,Maria Tran,Thomas-Huber,Medicare,27309.44,293,Elective,2023-05-31,Aspirin,Abnormal
kevIn HiCKs,66,Male,AB+,Arthritis,2021-06-23,Kelly Murphy,Robinson Inc,Medicare,1897.89,196,Elective,2021-07-09,Ibuprofen,Abnormal
MELIndA richARds,37,Female,A-,Cancer,2023-11-17,Katherine Brown,Wood-Mathews,Aetna,31308.21,466,Urgent,2023-11-25,Penicillin,Normal
roBYn miRaNDa,30,Female,A-,Diabetes,2020-10-11,Elizabeth Frank,"Walker and Gardner Fernandez,",Medicare,42792.24,468,Elective,2020-10-21,Ibuprofen,Abnormal
scoTt caSTillO,78,Male,O+,Diabetes,2021-08-10,Alyssa Edwards,"Smith and Johnston, Collins",Cigna,14377.33,114,Emergency,2021-08-27,Penicillin,Abnormal
jOHN GarciA,39,Female,A+,Diabetes,2023-08-29,Jesse Thomas,Sons Miller and,UnitedHealthcare,1150.87,408,Urgent,2023-09-07,Penicillin,Abnormal
miCHAeL TayloR,29,Male,O-,Asthma,2020-02-27,Erica Mccormick,Donaldson-Frey,Medicare,41939.12,453,Elective,2020-03-26,Ibuprofen,Normal
jeFfReY WoOd,81,Female,AB-,Cancer,2021-07-07,Amber Holmes,Brown-Yoder,UnitedHealthcare,41982.37,261,Elective,2021-07-15,Aspirin,Abnormal
MiCHAEl smIth,66,Female,AB-,Obesity,2022-06-03,Austin Jackson,"Morgan Rios and Keller,",Cigna,33861.02,115,Elective,2022-06-27,Aspirin,Normal
wiLLiam grIFfItH,65,Male,B-,Asthma,2020-02-20,Shane Morris,Gonzalez-King,Aetna,49321.16,167,Emergency,2020-03-01,Penicillin,Abnormal
CHrISTiNa lAwReNCe,80,Male,AB-,Asthma,2021-02-05,Brent Smith,Wagner Ltd,Cigna,47433.28,179,Elective,2021-03-05,Penicillin,Inconclusive
jeSsiCA HolmeS,72,Female,O-,Arthritis,2020-10-24,Kayla Davis,"and Brown White, Jones",Medicare,19065.06,490,Emergency,2020-11-02,Paracetamol,Abnormal
traCEY grEenE,85,Male,O-,Cancer,2023-12-06,Rose Zuniga,James-Smith,Cigna,50142.03,258,Elective,2023-12-19,Ibuprofen,Abnormal
aMAnda lOpeZ,68,Female,O+,Hypertension,2021-12-21,Ethan Wagner,Hanson Group,Aetna,12081.68,483,Urgent,2021-12-30,Lipitor,Abnormal
LaurA pEtErS,56,Female,A-,Cancer,2023-09-03,Phillip Williams,Mcclain-Reed,Aetna,18030.79,273,Elective,2023-09-30,Lipitor,Inconclusive
LAUrEn ANDErSOn,53,Female,O-,Asthma,2020-10-18,Maureen Hill,Young-Smith,Medicare,5142.16,120,Elective,2020-11-10,Paracetamol,Abnormal
wILliAm CAmpos,37,Female,B+,Asthma,2021-07-07,Heidi Compton MD,Hart-Brock,UnitedHealthcare,19851.24,202,Elective,2021-07-24,Penicillin,Normal
jEssiCa GoNzAleS,57,Female,O+,Hypertension,2023-08-28,Kimberly Gonzalez,"Jones and Jones, Turner",Cigna,20545.87,198,Urgent,2023-09-16,Penicillin,Abnormal
brUcE gOnzaleS,36,Male,O+,Arthritis,2019-11-17,Rebecca Morgan,Spears-Shah,Cigna,36869.73,368,Urgent,2019-12-01,Penicillin,Normal
rOBert WAlsH,20,Female,B+,Cancer,2020-11-22,Sabrina Rogers,"and Anderson Smith Sanchez,",Cigna,40598.42,113,Elective,2020-12-17,Paracetamol,Normal
lIsA LeWis,83,Male,O-,Asthma,2021-11-13,Kevin Brown,"Tran, and Ferrell Garcia",Aetna,18198.06,308,Urgent,2021-12-08,Ibuprofen,Normal
WiLlIaM RUiZ,79,Male,B+,Obesity,2022-02-13,Sarah Cole,Ltd Walton,Blue Cross,4920.04,278,Elective,2022-02-20,Paracetamol,Normal
StEven BALdWIn,62,Male,O+,Diabetes,2019-05-16,Jennifer Hall,Group Rodriguez,UnitedHealthcare,3864.14,103,Urgent,2019-05-31,Aspirin,Inconclusive
meGAn CoLON,38,Male,AB+,Asthma,2021-08-04,Emily Cruz,Carr LLC,Blue Cross,21562.86,400,Urgent,2021-08-26,Paracetamol,Normal
kImbErlY brOoks,75,Female,B-,Cancer,2020-01-03,Michael Anderson,Rodriguez-Guerra,Medicare,11815.2,401,Elective,2020-01-27,Ibuprofen,Abnormal
EdWARd SMiTh jR.,28,Male,A+,Hypertension,2022-09-13,Natalie Sellers,"Sullivan Mullins, Macias and",Cigna,25796.87,258,Urgent,2022-10-07,Lipitor,Abnormal
aLliSoN CorDoVA,36,Male,O-,Hypertension,2020-12-19,Patrick Ochoa,Ballard PLC,UnitedHealthcare,4266.78,268,Emergency,2021-01-09,Lipitor,Normal
lINdA THOMAs,54,Male,AB+,Obesity,2023-03-31,Daniel Rodgers,Liu-Wilson,Cigna,4751.16,192,Urgent,2023-04-29,Penicillin,Inconclusive
paRkEr moOrE,81,Female,B-,Diabetes,2020-05-08,Taylor Baldwin,LLC Lewis,Aetna,17968.5,285,Emergency,2020-05-28,Lipitor,Inconclusive
tanya SOto,56,Female,AB+,Obesity,2023-07-31,Adam Ross,"Stokes Chambers and Martin,",Cigna,11311.33,302,Urgent,2023-08-02,Lipitor,Normal
mIChaEL jOrdaN,30,Male,AB-,Hypertension,2022-01-09,Amy Williams,Hernandez-Green,Blue Cross,47242.22,418,Emergency,2022-01-12,Ibuprofen,Inconclusive
ChRiSTINA MArTin,64,Female,A-,Diabetes,2023-12-16,Martha Graham,Inc Lee,Cigna,17670.51,128,Elective,2024-01-15,Paracetamol,Inconclusive
TrACy BUrke,76,Male,A+,Obesity,2020-12-05,Emily Thomas,Wilkins Group,Medicare,5714.75,238,Elective,2020-12-18,Lipitor,Abnormal
daVID SPeNCE,21,Female,AB+,Diabetes,2021-11-11,Terrance Rosales,Valentine Ltd,Cigna,5985.98,136,Urgent,2021-12-04,Penicillin,Normal
JOsEph fOstER,59,Female,O+,Obesity,2019-09-11,Daniel Smith,Alvarado-Deleon,Blue Cross,27385.74,427,Emergency,2019-09-15,Penicillin,Inconclusive
NIcholAs haLl,31,Female,A-,Diabetes,2020-12-15,Marissa Stevenson,"Alexander and Jensen Andrews,",UnitedHealthcare,3730.0,218,Urgent,2021-01-01,Ibuprofen,Abnormal
ChriSTiNA maCiAS,36,Female,O+,Asthma,2022-12-08,Katie Fitzpatrick,"and Black, Henson Rhodes",Blue Cross,22480.97,348,Elective,2023-01-02,Ibuprofen,Inconclusive
scoTT JoNes,42,Female,B+,Diabetes,2021-07-15,Dennis Small,Sons and Marshall,Aetna,35022.32,486,Elective,2021-08-05,Aspirin,Inconclusive
jaMEs AnDerSon,18,Female,AB+,Asthma,2022-06-16,Chris Holt,Rodriguez-Franco,Blue Cross,45072.42,147,Urgent,2022-07-04,Lipitor,Inconclusive
sHaUN LonG,62,Female,A+,Obesity,2024-02-09,Jenny Griffith,"Fritz Henderson Stanton, and",UnitedHealthcare,45902.71,126,Urgent,2024-02-19,Aspirin,Normal
krIStInA morA,53,Male,AB+,Hypertension,2024-03-04,Gregory Lambert,West-Young,Medicare,28899.19,314,Emergency,2024-03-18,Paracetamol,Abnormal
joshUa rIcHmOnd,82,Female,A+,Obesity,2022-02-11,Michael Armstrong,Ltd Solis,Blue Cross,39003.18,133,Elective,2022-02-25,Lipitor,Normal
Mark lAWrencE,19,Female,O-,Diabetes,2022-02-08,Melissa Terry,Mcneil-Blake,Blue Cross,10348.82,271,Emergency,2022-02-17,Ibuprofen,Inconclusive
JOhN eLlis,83,Female,A-,Hypertension,2023-06-15,Thomas Bruce,Moore-Waters,UnitedHealthcare,14371.54,341,Urgent,2023-06-30,Paracetamol,Inconclusive
MRs. TiFFAny DeNnIs,26,Male,O-,Diabetes,2021-10-11,James James DVM,Group Scott,UnitedHealthcare,13769.4,498,Urgent,2021-10-24,Ibuprofen,Abnormal
cyNTHIa HuANG,51,Male,O+,Arthritis,2021-12-12,Sean Smith,and Simmons Sons,Aetna,35868.54,309,Elective,2021-12-30,Lipitor,Abnormal
meLiSSA LawRENcE,20,Male,O+,Obesity,2023-07-09,John Hansen,"Humphrey and Browning Fitzgerald,",Blue Cross,35205.28,104,Emergency,2023-07-15,Lipitor,Abnormal
STEvEn goodwIN,61,Female,A-,Obesity,2020-09-08,Teresa Mccarthy,Adams-Molina,Blue Cross,21576.5,308,Emergency,2020-10-03,Ibuprofen,Abnormal
mARY HuNT,44,Male,AB-,Hypertension,2020-08-31,Stephanie Barnett,Guzman LLC,Aetna,18771.01,168,Urgent,2020-09-18,Lipitor,Abnormal
ERic riveRa,74,Female,AB+,Cancer,2024-04-10,Mr. Luke Nunez Jr.,Gonzalez-Pacheco,Blue Cross,21668.56,115,Emergency,2024-05-03,Lipitor,Abnormal
ALAn tayLor,82,Female,B-,Diabetes,2021-08-10,Stacy Stewart,"Hunt, Carlson and Cherry",Cigna,36339.82,189,Elective,2021-09-09,Lipitor,Inconclusive
mIcHaEL cAMPbeLl,83,Male,O-,Diabetes,2022-01-25,Andrea Oneal,Ltd Barnes,Cigna,40825.18,438,Elective,2022-01-28,Aspirin,Abnormal
asHLEY webb ddS,62,Female,AB-,Cancer,2023-09-12,Eric Coleman,"Gordon, Fox Lane and",Blue Cross,40469.57,286,Elective,2023-10-12,Penicillin,Normal
SHaNNON broWn,62,Female,B-,Obesity,2020-08-05,Anthony Barnes,Petersen Ltd,Medicare,25749.52,138,Elective,2020-08-14,Ibuprofen,Inconclusive
LAwrenCE shEPherD,18,Male,A-,Asthma,2022-05-07,Michael Hickman,and Mcdonald Sons,Aetna,15841.2,275,Urgent,2022-06-03,Ibuprofen,Abnormal
scoTt wADE,66,Male,A+,Arthritis,2022-02-13,Dustin Wolf,"Smith, Elliott and Blackburn",Medicare,36086.57,266,Urgent,2022-02-23,Paracetamol,Normal
heAthER curTis,26,Female,AB+,Asthma,2024-03-03,Amanda Wells,PLC Oliver,Blue Cross,32085.23,392,Urgent,2024-03-27,Penicillin,Inconclusive
kEvIN jEFFeRsON,45,Female,B+,Cancer,2020-03-14,Jason Miller,"Griffin and Lyons Rivers,",Cigna,12356.56,156,Emergency,2020-04-03,Aspirin,Inconclusive
dAvId gRifFIn,26,Male,AB-,Asthma,2024-02-07,Holly James,Craig-Garcia,Aetna,15367.41,255,Emergency,2024-02-24,Ibuprofen,Inconclusive
GRanT GeoRge,26,Male,O+,Cancer,2019-07-21,April Cox,Baker-Jones,Medicare,40190.2,315,Elective,2019-08-05,Penicillin,Abnormal
eRIc SteWART,79,Female,O+,Diabetes,2023-04-14,Virginia Lynch,Duffy-Kelly,Aetna,3872.1,322,Elective,2023-04-18,Penicillin,Inconclusive
RoBErt pittmAn,33,Female,B-,Arthritis,2024-01-17,Patricia Fuller,Rodriguez-Becker,Cigna,3311.59,184,Elective,2024-02-05,Lipitor,Normal
SYdNey Cross,34,Female,O+,Cancer,2019-06-25,Michelle Ward,Group Brown,UnitedHealthcare,18524.87,472,Urgent,2019-06-30,Lipitor,Abnormal
DaviD CrawfoRD,76,Female,AB-,Hypertension,2021-05-20,Robin Adams,Powers-Vincent,UnitedHealthcare,30107.49,494,Emergency,2021-06-12,Ibuprofen,Inconclusive
LEAH DRaKE,50,Female,B-,Obesity,2020-04-03,Emily Morales,"and Ramos Brown Edwards,",UnitedHealthcare,15826.1,398,Emergency,2020-04-11,Paracetamol,Normal
DiAna hALL,44,Male,B-,Diabetes,2020-01-21,Adriana Morrow,Johnson Group,Blue Cross,26437.77,267,Emergency,2020-01-30,Ibuprofen,Abnormal
JUsTIN lE,38,Female,AB-,Arthritis,2021-12-02,Michael Mitchell,Atkins Inc,Aetna,49663.45,435,Emergency,2021-12-07,Paracetamol,Normal
KaREn pricE dDs,43,Male,AB+,Cancer,2021-05-28,Caroline Choi,Marshall LLC,Aetna,27278.24,174,Urgent,2021-06-18,Ibuprofen,Abnormal
CaROlYN sTEeLE,27,Female,AB+,Hypertension,2020-03-23,Michael Robinson,Ltd Cruz,Cigna,33170.44,137,Urgent,2020-04-11,Paracetamol,Abnormal
LAURen RAMireZ,78,Male,A+,Asthma,2022-08-06,Heather Miller,Harrison-Parker,Medicare,1791.39,405,Urgent,2022-09-05,Paracetamol,Normal
jAcOb nEWman,40,Male,A+,Diabetes,2024-03-09,Howard Obrien,Lee-Clayton,Blue Cross,31188.04,111,Elective,2024-04-05,Ibuprofen,Normal
KAThErInE BARnEtt,25,Male,AB-,Arthritis,2022-03-15,Faith Cook,Mcdaniel and Sons,Medicare,13854.65,328,Elective,2022-04-10,Penicillin,Inconclusive
JODI martiNeZ,67,Female,AB+,Obesity,2020-08-08,Donna Colon,Inc Lynch,Blue Cross,11870.91,196,Elective,2020-08-14,Ibuprofen,Abnormal
andrEa aLlEN,47,Female,AB+,Obesity,2019-06-09,David Lindsey,"and Mendoza Rich Morales,",UnitedHealthcare,25574.13,464,Elective,2019-07-01,Aspirin,Inconclusive
nOah baxtEr,75,Male,AB-,Arthritis,2019-09-07,Anthony Nixon,Proctor-Jones,Aetna,6132.4,231,Urgent,2019-10-06,Paracetamol,Normal
hECTOR MAXweLL,58,Female,A-,Obesity,2021-02-14,Doris Hawkins,"and Ramirez Figueroa May,",Medicare,33343.9,117,Elective,2021-02-26,Lipitor,Inconclusive
holLy WALters,26,Female,A-,Hypertension,2019-11-10,Caleb James,Michael-Jenkins,Medicare,43484.25,244,Urgent,2019-11-26,Penicillin,Abnormal
JOsepH SmIth,22,Male,O+,Obesity,2023-04-16,Patricia Moore,Hardy Inc,UnitedHealthcare,7858.93,414,Urgent,2023-05-14,Penicillin,Normal
albERt tHOmAS,29,Female,B+,Asthma,2020-04-25,Matthew Gray,"Turner, and Williams Mercado",Cigna,33161.94,493,Urgent,2020-04-28,Paracetamol,Inconclusive
jeFfErY WIlliaMSOn,30,Male,A-,Cancer,2021-08-21,Justin Lowe,PLC Williams,Cigna,2879.46,183,Urgent,2021-08-28,Ibuprofen,Normal
joNAthAn meADOWS,22,Female,O+,Asthma,2021-01-14,Danny Mcdonald,Evans Ltd,Aetna,46492.86,471,Elective,2021-01-27,Aspirin,Inconclusive
kRIStIN BeNnETT,34,Male,AB+,Hypertension,2020-09-12,Gina Weaver,Merritt-Gray,Aetna,5259.27,341,Elective,2020-09-26,Paracetamol,Abnormal
miCHaEl SmITh,20,Male,AB+,Arthritis,2020-03-27,Eddie Jackson,"Huang Travis Thomas, and",UnitedHealthcare,2784.58,164,Emergency,2020-04-16,Aspirin,Inconclusive
JOSepH cARpenteR,37,Female,A-,Arthritis,2019-07-26,Miss Valerie Saunders MD,Rodriguez-Zimmerman,Aetna,13418.22,102,Emergency,2019-08-17,Penicillin,Abnormal
larRy MaYEr,25,Female,A+,Cancer,2023-12-07,Richard Petty,Miller PLC,Blue Cross,36990.46,356,Urgent,2023-12-14,Aspirin,Normal
CLaYTON PEterSon,45,Female,B-,Cancer,2021-06-11,Patricia Bean,"May, Mullins and Martin",Aetna,43567.14,325,Urgent,2021-07-03,Paracetamol,Normal
donaLD aLVArEZ,18,Male,O-,Diabetes,2022-02-11,Ronald Jones,Moore-Robbins,UnitedHealthcare,35570.08,497,Emergency,2022-02-23,Ibuprofen,Inconclusive
SaRAh leE,56,Male,O+,Arthritis,2020-09-12,Jack Wall,Ltd Howard,Blue Cross,6848.13,421,Emergency,2020-09-22,Aspirin,Normal
joHN peReZ,44,Male,AB-,Asthma,2020-05-25,Felicia Morrison,Group Crosby,Aetna,4677.6,488,Emergency,2020-06-05,Lipitor,Inconclusive
Timothy jAcobS,34,Male,O+,Hypertension,2023-09-25,Crystal Schultz,Cook Ltd,Aetna,35157.17,328,Elective,2023-10-21,Penicillin,Normal
nAThaN sMall,26,Male,B+,Obesity,2022-06-22,Bailey Gonzalez,"Rivas, Mcconnell Hill and",UnitedHealthcare,34719.17,317,Elective,2022-07-20,Lipitor,Normal
dUSTin WriGhT,32,Male,O+,Obesity,2020-01-12,Michael Guzman,Conner-Flores,Aetna,23775.45,133,Elective,2020-01-19,Aspirin,Normal
jacOb wilLiAMS,64,Male,B+,Arthritis,2022-07-29,Elizabeth Flowers,Suarez-Nelson,UnitedHealthcare,17732.47,247,Urgent,2022-08-07,Ibuprofen,Normal
wiLlIAm mcCOY,80,Male,A-,Asthma,2023-02-20,Whitney Vaughan,"and Walker Glenn, Long",Cigna,3845.4,158,Emergency,2023-03-10,Penicillin,Normal
dr. MATthEW wilkinS,80,Male,A-,Cancer,2021-07-14,Seth Nelson,PLC Anderson,Blue Cross,22401.55,242,Elective,2021-07-24,Lipitor,Inconclusive
JosEpH gONZaLeZ,37,Female,O+,Hypertension,2024-04-17,Erin Wright,Blackwell-Gamble,UnitedHealthcare,23340.3,151,Urgent,2024-05-07,Aspirin,Normal
rObErt fiElDS,52,Female,A+,Hypertension,2021-02-04,Jennifer Flores,Wagner PLC,Blue Cross,3042.41,221,Urgent,2021-02-28,Aspirin,Abnormal
lawrencE mIRAndA,83,Female,O-,Diabetes,2021-09-02,Brandi Knight,Goodman-Kelly,Blue Cross,41817.68,223,Urgent,2021-09-19,Paracetamol,Inconclusive
mitCheLl caRrOlL,28,Female,B-,Arthritis,2022-09-10,Chad Irwin,"and Boyd Powell, Sims",Cigna,49700.32,359,Elective,2022-10-01,Paracetamol,Abnormal
COdY nIcHoLs,63,Male,A+,Diabetes,2022-11-25,Victoria Williams,"and Conrad Boyd, Burnett",Blue Cross,45157.47,480,Elective,2022-12-20,Lipitor,Normal
KELlI tHompSOn,85,Male,O-,Asthma,2023-08-04,Travis Walton,Ayala-Armstrong,Cigna,18832.1,472,Emergency,2023-08-12,Ibuprofen,Abnormal
dAnIElle lOPeZ,37,Male,O-,Hypertension,2020-11-20,Catherine Hernandez,"and Lambert White, Vargas",Aetna,31732.13,373,Elective,2020-12-06,Lipitor,Normal
melINda JONES,22,Male,AB-,Diabetes,2019-10-23,Kristen Johnson,Group Doyle,Blue Cross,42214.98,370,Urgent,2019-11-09,Paracetamol,Abnormal
KRiSTIN sMith,80,Female,AB+,Arthritis,2020-10-17,Tammy Chavez,Henderson-Johnson,Medicare,12400.21,141,Elective,2020-10-29,Aspirin,Normal
StEphaniE REYNolDs,48,Female,O+,Arthritis,2022-12-27,Savannah Colon,"Baker Conrad and Andrews,",Blue Cross,1133.59,343,Urgent,2022-12-31,Penicillin,Abnormal
AnNA NORMaN,29,Male,B+,Obesity,2023-06-16,Jessica Parks MD,"Perkins, Salazar and Johnson",Blue Cross,24340.32,310,Emergency,2023-07-14,Aspirin,Inconclusive
MAria haYeS,76,Male,A+,Arthritis,2023-11-06,Joshua Singleton,Johnson-Perez,Blue Cross,39390.94,319,Elective,2023-11-21,Aspirin,Abnormal
toNya riLEy mD,23,Female,A+,Hypertension,2023-12-26,Vincent Ramirez,Powell-Werner,Medicare,17012.51,121,Elective,2024-01-22,Penicillin,Normal
REgiNa DUnn,33,Male,B-,Asthma,2023-02-10,Natasha Smith,Morales Group,Cigna,14493.61,166,Emergency,2023-03-05,Penicillin,Inconclusive
mIcHael JACoBS,34,Male,O+,Hypertension,2020-07-01,John Sparks,"and Fernandez, Wilson Morrison",Aetna,32679.27,397,Emergency,2020-07-10,Paracetamol,Normal
jaSon mOOrE md,44,Female,AB+,Obesity,2023-09-21,Michelle Gutierrez,Mayo and Sons,UnitedHealthcare,6232.0,186,Emergency,2023-09-25,Ibuprofen,Inconclusive
eRiC HALl,84,Male,B+,Diabetes,2020-11-25,Rachel Williams,"Huffman Hall Orozco, and",Cigna,22982.25,320,Urgent,2020-12-02,Ibuprofen,Abnormal
MALIk MARtINeZ,25,Female,A+,Cancer,2020-07-10,Sergio Shelton,White-Buchanan,Aetna,28213.82,296,Urgent,2020-07-18,Aspirin,Abnormal
LisA KENNEdY,42,Male,B-,Arthritis,2022-12-24,Mr. Michael White MD,"and Dixon Taylor Hunter,",Cigna,10645.57,251,Emergency,2023-01-06,Ibuprofen,Normal
kRIstIn ocHOA,57,Male,B+,Arthritis,2019-10-05,Mary Drake,"Anderson and Medina, Sullivan",Blue Cross,35041.03,299,Elective,2019-10-20,Lipitor,Normal
joSeph ZuNiGA,75,Female,O-,Arthritis,2022-03-13,Tonya Wade,PLC Dixon,Cigna,45980.29,101,Emergency,2022-03-26,Aspirin,Inconclusive
kYLe TYlER,24,Female,AB+,Obesity,2020-05-15,Charles Torres,Bowman-Keith,UnitedHealthcare,25163.82,142,Elective,2020-06-10,Ibuprofen,Normal
eric duNCan,43,Female,AB-,Asthma,2020-12-02,Jennifer Freeman,Tyler PLC,UnitedHealthcare,43670.38,181,Elective,2020-12-23,Aspirin,Normal
raChel roMERo,22,Male,AB+,Asthma,2024-01-08,Reginald Becker,Velazquez-Patton,UnitedHealthcare,33706.6,282,Emergency,2024-01-15,Aspirin,Inconclusive
mIcHael anDeRson,64,Female,AB-,Arthritis,2019-08-16,Charles Webb,Bass Inc,Medicare,5549.79,302,Emergency,2019-09-06,Ibuprofen,Inconclusive
emILY clARK,66,Female,AB+,Arthritis,2023-03-23,Emily Perez,"Newton, Smith Ruiz and",Blue Cross,49078.47,389,Elective,2023-04-19,Penicillin,Abnormal
danIeL mCKINnEy,19,Male,O+,Obesity,2020-01-20,Rachel Thomas,Graham-Fisher,UnitedHealthcare,23687.99,481,Emergency,2020-02-11,Ibuprofen,Normal
BOnnIe WILlIaMS,79,Female,B-,Diabetes,2024-01-23,Christopher Flores,Scott Ltd,UnitedHealthcare,17720.32,275,Elective,2024-02-22,Paracetamol,Abnormal
MARcUs henry,76,Male,B-,Asthma,2022-12-20,Jennifer Stevenson,Rosales-Sweeney,UnitedHealthcare,27361.25,231,Emergency,2023-01-02,Paracetamol,Normal
katheRiNE HART,37,Female,A+,Obesity,2021-08-10,Matthew Garcia,"Larson Andrews, and Lynch",UnitedHealthcare,39265.65,350,Elective,2021-09-03,Ibuprofen,Normal
MIchelle pIeRCE,62,Male,O-,Arthritis,2020-11-23,Brett Meyer,PLC York,Aetna,32868.08,114,Emergency,2020-11-28,Paracetamol,Inconclusive
Julie Mejia,80,Male,A-,Asthma,2020-02-10,David Murphy,Kelly-Watson,Blue Cross,22032.39,262,Emergency,2020-02-29,Ibuprofen,Normal
cAMeRoN sAnChEz,49,Female,A+,Diabetes,2019-06-04,Erin Henson,"Smith Gonzalez Robinson, and",Blue Cross,43165.69,428,Elective,2019-06-17,Ibuprofen,Abnormal
davId Vincent,66,Female,O+,Obesity,2023-09-24,Katrina Fuentes,Cook-Taylor,Blue Cross,1870.61,234,Emergency,2023-10-11,Penicillin,Inconclusive
MeLiSSA gOMez,50,Male,B-,Diabetes,2021-08-16,Harold Jackson,Robinson-Reyes,Blue Cross,50254.2,210,Elective,2021-08-20,Aspirin,Inconclusive
AMAnDa pONCe,39,Male,AB-,Arthritis,2020-07-06,Christopher Merritt,Reid Inc,Aetna,23159.66,333,Elective,2020-07-22,Penicillin,Inconclusive
CArOl GOMEz,31,Female,B-,Diabetes,2022-12-07,Haley Kim,"Kemp and Taylor, Jones",Aetna,11469.39,391,Elective,2022-12-29,Paracetamol,Abnormal
cHRISTopHEr PalmER,84,Male,AB-,Cancer,2023-12-29,Dr. Steven Johnson,Richards-Mack,Aetna,35435.17,458,Elective,2024-01-16,Ibuprofen,Abnormal
PAUL Hahn,71,Male,O-,Cancer,2023-02-16,Erin Cole,"and Smith Harmon, Marshall",UnitedHealthcare,26139.79,195,Urgent,2023-02-25,Paracetamol,Abnormal
aSHLeY MOORe,79,Male,B+,Cancer,2022-05-12,Breanna Nielsen,"Velasquez and Walker Russo,",UnitedHealthcare,21296.52,214,Emergency,2022-05-16,Paracetamol,Abnormal
lINDa haMiLTOn,56,Male,O+,Arthritis,2023-09-20,John Smith,"Harrington, and Owens Preston",UnitedHealthcare,8421.92,409,Emergency,2023-09-25,Paracetamol,Inconclusive
robiN coX,36,Male,O-,Obesity,2020-01-11,Frank Gonzalez,Downs PLC,Cigna,23892.55,268,Emergency,2020-01-16,Aspirin,Normal
AnthoNY HalL,38,Male,O-,Obesity,2022-03-30,Matthew Williams,"Zhang Long Eaton, and",Blue Cross,8171.46,279,Elective,2022-04-26,Ibuprofen,Inconclusive
roberT smitH,21,Male,AB+,Arthritis,2020-05-11,Jonathan Gray,PLC Mills,UnitedHealthcare,23457.31,322,Elective,2020-05-20,Lipitor,Normal
dEREK CARTER,55,Female,O+,Cancer,2022-01-20,Timothy Rodriguez,"Hoffman Cox Mcdonald, and",Cigna,25787.44,205,Emergency,2022-02-16,Paracetamol,Normal
HEAthER MAY,79,Female,A-,Hypertension,2019-11-13,Victor Welch,Carpenter and Sons,Blue Cross,28525.52,243,Urgent,2019-11-24,Aspirin,Abnormal
pETer gOnzAlEZ,55,Male,AB-,Arthritis,2021-02-03,Robert Adams MD,"Collins and Moore Chan,",UnitedHealthcare,17182.87,408,Emergency,2021-02-20,Lipitor,Abnormal
chrIs flEtCheR,24,Male,AB+,Asthma,2020-10-24,Andrew Jefferson,"and Wood Lewis, Monroe",Cigna,20980.3,106,Elective,2020-11-15,Aspirin,Inconclusive
sHIRley wiLkinsoN,39,Female,O+,Hypertension,2022-10-03,Sharon Hensley,"and Keller, Ortega Miller",Medicare,4243.2,138,Urgent,2022-10-06,Ibuprofen,Abnormal
COurtNey FaRRelL,63,Female,B+,Cancer,2023-12-24,Eugene Branch,"Austin, and Reynolds Duran",Cigna,40137.79,467,Elective,2024-01-02,Ibuprofen,Normal
aNDReA WiLliS,26,Male,AB-,Asthma,2023-11-18,Anthony Greer,Lopez LLC,Medicare,30676.44,290,Elective,2023-11-26,Ibuprofen,Normal
cHAD huFF,76,Female,AB+,Hypertension,2024-03-12,Bob Moyer,Clark-Tran,Aetna,45594.89,192,Urgent,2024-04-09,Paracetamol,Abnormal
dEvin giLBert,69,Male,A+,Cancer,2023-04-12,Heather Shea,"Villanueva and Carter Hughes,",Medicare,29076.63,135,Urgent,2023-05-07,Ibuprofen,Abnormal
DOnALD davIS,38,Female,O+,Obesity,2021-06-16,Nicholas Stevenson,Ltd Osborn,Cigna,5223.5,255,Emergency,2021-07-11,Paracetamol,Abnormal
KUrT murphy,19,Male,AB-,Hypertension,2021-11-24,Laura Guerra,LLC Hodge,Blue Cross,41840.66,176,Elective,2021-12-13,Penicillin,Abnormal
SYlvia wEsT,61,Male,B-,Obesity,2020-07-06,Michele Bradford,"Lopez and Shepard Smith,",Blue Cross,26504.87,287,Emergency,2020-07-22,Aspirin,Normal
DONaLd vAZQuEZ,42,Female,AB-,Arthritis,2022-06-26,Mr. Jesse Cook,"Moss and Meadows Jones,",Cigna,7946.13,111,Elective,2022-07-01,Ibuprofen,Inconclusive
REbeCCA rUsH,57,Male,AB-,Diabetes,2020-07-21,Heather Simon,Young-Williams,Cigna,18689.14,133,Urgent,2020-07-31,Lipitor,Normal
ChrIstoPhER curRY,36,Female,A-,Arthritis,2019-11-04,Larry Mendez,"Bailey Morgan Frey, and",Blue Cross,30051.98,482,Urgent,2019-12-03,Ibuprofen,Abnormal
miCHaeL EdwARds,68,Female,AB+,Hypertension,2021-11-01,Taylor Smith,"Neal Price and Smith,",Medicare,22913.55,124,Urgent,2021-11-03,Paracetamol,Normal
cHriSTOPheR ARnoLd,25,Female,B+,Obesity,2019-11-17,Ian Singleton,"and Johnson Hobbs Owens,",UnitedHealthcare,36238.58,131,Elective,2019-11-30,Ibuprofen,Inconclusive
RAcheL hickmAn,37,Female,B+,Obesity,2022-12-19,Angela Burton,Melton Inc,Medicare,25217.46,352,Urgent,2023-01-06,Aspirin,Normal
ashlEY grAy,68,Male,A+,Asthma,2020-10-06,Lisa Payne,and Weber Sons,Aetna,41548.41,124,Urgent,2020-10-20,Aspirin,Normal
eLiZaBeTh PeREz,81,Female,AB-,Arthritis,2022-01-16,Sara Perry,"Chung Rodriguez Bradley, and",Aetna,7562.39,471,Elective,2022-01-22,Ibuprofen,Abnormal
ANgeL RaNDOlPH ddS,74,Female,A+,Asthma,2023-07-06,Ann Brown,"White Wilson and Farmer,",UnitedHealthcare,386.05,165,Elective,2023-08-03,Aspirin,Normal
maRk SaUNderS,75,Male,O+,Arthritis,2021-06-12,David Marshall,Group Thompson,Cigna,31491.61,347,Urgent,2021-06-15,Ibuprofen,Abnormal
ChriSTiAn lAnG,74,Female,AB+,Cancer,2019-08-27,Shirley Dawson,and Sons Rangel,UnitedHealthcare,34224.35,228,Elective,2019-09-01,Lipitor,Abnormal
Pam perKIns,28,Female,AB-,Diabetes,2022-05-17,Susan Hernandez,"Travis, and Richardson Hampton",Medicare,23673.72,354,Urgent,2022-06-12,Ibuprofen,Abnormal
kAyLA GrEENe,35,Male,AB+,Hypertension,2020-10-02,Gina Edwards,"and Wilson Matthews, Faulkner",UnitedHealthcare,40302.0,250,Elective,2020-10-17,Ibuprofen,Inconclusive
mIcHAEl daVId,79,Female,O+,Asthma,2021-08-20,Laura Howell,Group Bailey,Medicare,37116.16,225,Elective,2021-09-16,Lipitor,Abnormal
aLeXIs mCcALl,59,Female,O-,Asthma,2019-11-05,Scott Beltran,Rosales-Johnson,Aetna,38606.96,357,Elective,2019-11-17,Aspirin,Inconclusive
mr. brandON perEz md,84,Female,O-,Arthritis,2024-02-06,William Campbell,Bush-Brown,Cigna,17813.93,140,Emergency,2024-02-28,Penicillin,Inconclusive
dr. jeffREy ColE,36,Female,O-,Asthma,2024-02-07,Ethan Brock,Saunders-Smith,Aetna,20773.02,352,Urgent,2024-02-21,Ibuprofen,Normal
maTthEw broWN,69,Male,O+,Arthritis,2023-06-22,Nicholas Gomez,"and Mckay, Morrow Myers",Blue Cross,9609.52,404,Urgent,2023-07-11,Lipitor,Normal
RoBErT sExtON,54,Male,A-,Cancer,2020-11-19,Richard Buchanan,Sherman-Martinez,Blue Cross,3771.24,426,Urgent,2020-11-27,Penicillin,Abnormal
ashLEy vasQUEZ,30,Female,O+,Asthma,2021-11-24,David Gonzalez,"Baker, Weber Patton and",Medicare,51587.94,236,Emergency,2021-12-07,Ibuprofen,Abnormal
mIcHelLe FLYnn,31,Male,O-,Cancer,2019-07-26,Kristin Schmitt,"and Fitzgerald Shaw, Edwards",Medicare,28456.7,395,Elective,2019-07-29,Lipitor,Inconclusive
StEVEn trAn,81,Female,AB+,Cancer,2022-07-05,Kelly King,Kim-Higgins,Cigna,33870.12,194,Elective,2022-07-08,Ibuprofen,Abnormal
JAMeS MilLeR,61,Female,O+,Diabetes,2019-08-29,Jeffery Morgan,"Morgan, Kramer Munoz and",Medicare,2304.0,408,Elective,2019-09-07,Paracetamol,Normal
Bonnie hiLl,52,Male,B+,Hypertension,2024-05-02,Patricia Fowler,Harvey Group,Aetna,1878.01,188,Elective,2024-05-21,Paracetamol,Abnormal
AnTHONy DaviS,25,Male,B+,Asthma,2020-05-26,David Patterson,Mercer-Rogers,Blue Cross,19160.99,361,Elective,2020-05-31,Penicillin,Normal
DaViD ShEPPArD,56,Male,B+,Cancer,2024-03-20,Daisy Eaton,Duran Sons and,Blue Cross,5811.63,176,Urgent,2024-04-06,Paracetamol,Normal
JOdi LAnG,44,Male,O+,Diabetes,2024-03-27,Benjamin Bryant,"Vaughan Parker and Wagner,",Medicare,22868.53,295,Elective,2024-04-08,Ibuprofen,Abnormal
VaNeSSa TAylor,30,Female,O+,Arthritis,2021-03-22,Cynthia Velazquez,Lee-Jacobson,Blue Cross,48281.91,415,Urgent,2021-03-25,Ibuprofen,Abnormal
WAYnE lyncH,82,Male,O-,Cancer,2020-10-03,William Brock,"Hayes Robbins and Gallagher,",Medicare,30562.57,185,Emergency,2020-10-28,Paracetamol,Abnormal
YEsENiA MCfarland,67,Male,B+,Obesity,2023-05-17,Douglas Lambert,"Evans and Byrd, Smith",Medicare,24293.63,278,Emergency,2023-05-31,Ibuprofen,Normal
KEnNETH WilSON,41,Male,A+,Arthritis,2022-08-12,Alex Mcknight,and Howell Sons,Aetna,5878.78,358,Emergency,2022-08-31,Ibuprofen,Abnormal
JIlLiAn MArks,84,Male,A-,Arthritis,2020-06-20,Gregory Fox,"Clements and Scott, Peters",UnitedHealthcare,28410.44,451,Urgent,2020-06-22,Ibuprofen,Abnormal
MiCHELLe cruz ddS,85,Female,AB+,Asthma,2023-04-20,Carrie Navarro,Gomez-Olson,Medicare,27414.02,390,Emergency,2023-05-05,Ibuprofen,Normal
CLaREnce fORD jr.,26,Female,A-,Hypertension,2019-10-28,Laura Murillo,"and Medina Morgan, Whitehead",Aetna,5826.24,226,Emergency,2019-11-21,Penicillin,Abnormal
DonAlD kaNe,49,Female,O+,Diabetes,2021-08-31,Alyssa Walsh,Miller LLC,Cigna,2133.74,189,Urgent,2021-09-05,Ibuprofen,Normal
ZaChaRY LARsEN,47,Female,A+,Hypertension,2021-07-14,Jeff Barton,Jones-Aguirre,Blue Cross,34262.61,112,Urgent,2021-08-06,Penicillin,Inconclusive
sHeRYl MaRTinez,69,Male,A-,Diabetes,2022-01-21,Ricky Anderson,PLC Gonzalez,Aetna,44897.05,283,Elective,2022-02-02,Paracetamol,Normal
mr. NaTHAN avILA,78,Female,O+,Asthma,2019-09-16,John Hurst,and Davies Sons,Cigna,22230.12,439,Urgent,2019-10-16,Penicillin,Normal
aNnE aNTHONY,29,Male,AB+,Diabetes,2023-01-20,Cristina Wyatt,Soto-Richmond,Cigna,32895.1,123,Urgent,2023-01-29,Aspirin,Abnormal
hOlly LaMBERt,73,Male,A+,Cancer,2020-01-04,Christina Fowler,"and Morrison Ho Woods,",Medicare,5349.06,469,Emergency,2020-01-16,Paracetamol,Normal
JAmes rASmuSsen,53,Male,AB-,Obesity,2024-03-03,Gary Barr,Lewis and Sons,Cigna,23235.85,442,Elective,2024-03-15,Aspirin,Inconclusive
SaRAH cannON,34,Male,AB+,Diabetes,2019-07-06,Frederick Whitney,Wood-Sandoval,Aetna,25683.28,295,Elective,2019-08-01,Paracetamol,Inconclusive
melInda tannER,38,Female,AB-,Obesity,2022-12-01,Mary Miller,Ball LLC,Cigna,45560.28,309,Elective,2022-12-03,Ibuprofen,Normal
LauriE josEPh,70,Female,B-,Arthritis,2020-05-10,Evan Lewis,Scott LLC,UnitedHealthcare,16850.89,230,Urgent,2020-05-30,Penicillin,Abnormal
stEPHAnIe hUnteR,59,Female,AB+,Hypertension,2024-03-10,Adrienne Howard,"and Wright, Long Schroeder",Aetna,34366.0,157,Elective,2024-03-16,Ibuprofen,Inconclusive
gIna daviS,43,Male,AB+,Arthritis,2020-01-14,Daniel Jones,Ltd Crawford,UnitedHealthcare,11968.02,171,Urgent,2020-01-19,Paracetamol,Inconclusive
chRiStoPheR sHEA Jr.,49,Male,B-,Diabetes,2020-06-07,Craig Wolfe,Group Moore,Cigna,10076.89,380,Elective,2020-06-26,Penicillin,Inconclusive
MrS. SabRIna BaLL,63,Male,AB-,Asthma,2020-11-11,Tina Griffin,Burch-Marks,Blue Cross,44582.82,189,Elective,2020-11-30,Penicillin,Abnormal
JoyCe McCoRmIcK,40,Female,O+,Asthma,2021-05-07,John Hansen,Koch-Alvarado,Medicare,30334.99,102,Urgent,2021-05-31,Aspirin,Abnormal
DEVIN bElL,80,Male,B-,Arthritis,2021-07-13,Trevor Evans,"Garcia Edwards and Daniel,",Cigna,6196.64,484,Urgent,2021-08-05,Penicillin,Normal
alLISoN rAmiREZ,74,Female,B+,Cancer,2024-03-25,Mark Johnson,Carter-Camacho,Cigna,45438.91,256,Emergency,2024-04-03,Lipitor,Normal
lauRA roMERO,70,Male,O+,Diabetes,2020-03-25,James Hays,Malone LLC,Aetna,43707.18,365,Urgent,2020-04-02,Lipitor,Normal
TONi fAULKNer,39,Female,AB-,Diabetes,2023-05-14,Nicholas Ferguson,Zamora PLC,Blue Cross,20105.03,286,Urgent,2023-05-20,Penicillin,Normal
patrIcia tuRnEr,47,Female,AB+,Diabetes,2022-11-19,Mr. Jeffrey Powell,Ltd Hernandez,UnitedHealthcare,11938.07,452,Urgent,2022-11-23,Penicillin,Normal
naThaN rAy,49,Male,AB+,Diabetes,2021-03-10,Timothy Carter,"Gomez Ray, and Jones",Cigna,10836.21,481,Emergency,2021-03-30,Lipitor,Abnormal
RYan sAnCHeZ,64,Male,A-,Obesity,2020-11-15,Jennifer Gonzales,"Davis, Ray and Thompson",Cigna,40037.48,278,Urgent,2020-11-20,Ibuprofen,Inconclusive
tHOMas DENnIs,40,Male,A+,Asthma,2024-01-28,Leonard Chen,Mckinney-Edwards,Medicare,42959.3,410,Elective,2024-02-21,Paracetamol,Abnormal
mR. timOtHY FLoRES,77,Male,A-,Arthritis,2020-07-07,Margaret Ramos,Parker-Shannon,Medicare,40196.83,152,Urgent,2020-08-05,Paracetamol,Abnormal
WeNDy lEVIne,61,Male,AB-,Hypertension,2023-01-22,Joy Davis,Lawrence LLC,Aetna,39827.66,172,Elective,2023-01-27,Ibuprofen,Inconclusive
nicOLe gOnzAleZ,36,Female,A-,Asthma,2020-05-10,Mary Mckee,"and Thompson Burke, Harrington",Aetna,3516.85,314,Emergency,2020-05-24,Aspirin,Inconclusive
miCHaeL eLlIsoN,19,Female,O+,Diabetes,2021-07-09,John Evans,"Johnson Goodman Clark, and",Cigna,25414.8,283,Elective,2021-08-04,Aspirin,Abnormal
BRAndON dAVIS,21,Male,O-,Cancer,2020-06-11,Benjamin Payne,"Doyle Hess, and Dudley",Cigna,36230.39,404,Elective,2020-06-21,Paracetamol,Inconclusive
vaNESsa GArCia,49,Male,AB-,Asthma,2020-04-21,Jeanne Allen,Bass PLC,UnitedHealthcare,22427.17,197,Emergency,2020-05-09,Lipitor,Inconclusive
AUtUmn PEck,62,Female,A+,Obesity,2019-10-06,Kelly Jackson,"Willis and Hunt Pope,",Cigna,39250.45,110,Urgent,2019-11-04,Aspirin,Normal
NAthAnIEL REynoLdS,54,Female,O-,Hypertension,2020-07-11,Michael Barber,"Gray, Hensley and Hanson",UnitedHealthcare,5226.0,437,Urgent,2020-07-31,Penicillin,Normal
JOYCE MoOdY,22,Male,AB-,Obesity,2022-04-03,Steven Clark,Moore-Woods,Cigna,7732.67,397,Elective,2022-04-17,Paracetamol,Abnormal
MaRK FuEnTes,74,Male,A-,Hypertension,2020-01-21,Amy Bailey,Moore-Franco,Medicare,11304.0,419,Urgent,2020-01-29,Aspirin,Abnormal
brETT FerGusoN,35,Female,A+,Asthma,2022-12-16,Cody Houston,Hamilton and Sons,UnitedHealthcare,38403.58,476,Elective,2023-01-08,Lipitor,Abnormal
TravIS SiMMOnS,20,Male,B-,Asthma,2022-07-20,Gregory Nichols,Burke Group,UnitedHealthcare,14039.89,416,Emergency,2022-07-29,Ibuprofen,Inconclusive
jEremY fRye,18,Female,B-,Cancer,2021-07-25,Christopher Odom,Anderson LLC,UnitedHealthcare,6958.7,493,Elective,2021-07-28,Paracetamol,Abnormal
cAmerOn MilLER,55,Female,O+,Cancer,2023-07-19,Raymond Bell,Sims-Jimenez,Medicare,3254.03,404,Urgent,2023-08-02,Lipitor,Normal
wilLIAM wiLliams dDS,66,Male,B-,Diabetes,2023-05-22,Autumn Fitzgerald,Holloway PLC,Aetna,11855.95,123,Urgent,2023-06-08,Ibuprofen,Inconclusive
tRACIe WrigHt,62,Female,O-,Hypertension,2020-07-08,James Armstrong,Cain-Stone,Blue Cross,22368.38,461,Emergency,2020-07-25,Ibuprofen,Inconclusive
DaVid reyEs,43,Female,A-,Asthma,2022-12-27,Darius Schaefer,Garner Group,Medicare,48511.65,172,Urgent,2023-01-24,Lipitor,Inconclusive
pAiGE KIng,24,Female,B-,Diabetes,2019-06-21,Katherine Dunn,Ltd Logan,Aetna,10126.5,242,Urgent,2019-07-12,Ibuprofen,Abnormal
James gArCIA,46,Female,O+,Diabetes,2021-01-01,Katherine Flynn,Bishop PLC,UnitedHealthcare,8470.64,328,Elective,2021-01-27,Penicillin,Inconclusive
lOri hArvEY,58,Male,AB-,Asthma,2022-09-07,Julian Perkins,Lewis-Mitchell,Medicare,25086.01,476,Urgent,2022-09-28,Lipitor,Inconclusive
amy wANG,58,Male,B+,Obesity,2022-06-09,Holly Taylor,and Campbell Sons,Cigna,36524.38,371,Urgent,2022-06-26,Ibuprofen,Abnormal
joRDAn vARgaS,48,Male,B+,Cancer,2023-11-01,Mark King,James PLC,UnitedHealthcare,5945.01,431,Elective,2023-11-10,Paracetamol,Inconclusive
GORDON kELLY,43,Male,O-,Obesity,2023-08-06,Shelby Johnson,Colon-Meyer,Blue Cross,3601.68,409,Urgent,2023-08-13,Lipitor,Inconclusive
nathaN Scott,74,Female,AB+,Obesity,2022-07-30,Angela Logan MD,"and Woods Liu, Berry",Cigna,4920.19,135,Elective,2022-08-25,Aspirin,Abnormal
LiSA grEEn,47,Female,AB-,Diabetes,2021-02-04,Gloria Schultz,LLC Clayton,UnitedHealthcare,48887.23,105,Elective,2021-02-28,Ibuprofen,Inconclusive
amY CoMbS,35,Male,A+,Cancer,2021-11-26,Victor Morales,Le-Hawkins,Blue Cross,48826.39,142,Urgent,2021-12-09,Paracetamol,Normal
KelLY sANfoRD,28,Male,B-,Arthritis,2020-07-02,Nancy Vaughn,"Martinez Taylor Lopez, and",UnitedHealthcare,5509.6,313,Emergency,2020-07-03,Lipitor,Abnormal
mrs. jEssIcA BlAck md,49,Male,A-,Diabetes,2021-08-09,Christopher Rivera,Williams Group,Medicare,37636.44,385,Elective,2021-09-06,Ibuprofen,Normal
rObERT GoulD,28,Male,AB-,Obesity,2024-01-18,Brittany Rocha,Schmidt-Douglas,Cigna,20885.92,247,Emergency,2024-02-04,Ibuprofen,Inconclusive
cHRISTiNe VArgaS,50,Male,O-,Obesity,2023-01-17,Patricia Hall,Ltd Fleming,Aetna,35114.49,183,Elective,2023-02-10,Paracetamol,Normal
BARbara dIaZ,59,Male,A-,Obesity,2024-03-27,Christopher Hudson,"Smith Brown Wallace, and",Blue Cross,6191.39,192,Elective,2024-04-21,Lipitor,Normal
jOHn washIngtON,22,Female,O+,Hypertension,2023-01-10,Walter Perez,Boyer Inc,Blue Cross,40697.97,116,Elective,2023-01-23,Ibuprofen,Normal
DEVIn stEWaRt,62,Female,B+,Arthritis,2019-07-14,Jonathan Chang,Miranda-Collins,Aetna,43465.95,325,Urgent,2019-07-18,Lipitor,Normal
JAMeS ROBeRTs,21,Female,A+,Cancer,2020-05-18,Maria Ritter,Hoffman and Sons,Cigna,16866.07,177,Elective,2020-06-02,Ibuprofen,Normal
JaMes YATEs,44,Male,B-,Obesity,2022-06-15,Elizabeth Snyder,Group Ortega,Aetna,41454.69,328,Emergency,2022-06-25,Ibuprofen,Inconclusive
PeTEr nIcHOLs,27,Male,B+,Hypertension,2020-03-27,Dennis Harris,"Mitchell, Vasquez and Chaney",Cigna,47735.38,221,Urgent,2020-04-05,Penicillin,Normal
karen pRice,47,Male,O-,Diabetes,2020-02-20,Caroline Fields,Villa-Simpson,UnitedHealthcare,2826.81,256,Elective,2020-03-01,Lipitor,Normal
chRisTOPHEr jONes,51,Male,O-,Hypertension,2020-06-16,Joseph Rivera,LLC Haynes,Blue Cross,26524.17,426,Elective,2020-06-21,Penicillin,Inconclusive
LaRRY LeoNarD,48,Female,B-,Hypertension,2019-06-06,Charles Reynolds,Inc Cummings,UnitedHealthcare,36727.58,386,Urgent,2019-07-02,Ibuprofen,Normal
MiChELle zHaNg,83,Male,B-,Arthritis,2022-01-18,Patricia Valentine,Downs-Stephens,Blue Cross,4509.4,175,Elective,2022-02-05,Paracetamol,Abnormal
kriSTEn FlOrES,64,Male,A+,Arthritis,2021-01-11,Angela Reed,"Carson and Nielsen, Buchanan",Aetna,25709.58,180,Elective,2021-01-23,Aspirin,Abnormal
MaTThEW bELl,19,Male,O+,Obesity,2021-02-04,Doris Johnson,Hicks-Perez,Medicare,20086.22,270,Urgent,2021-02-15,Aspirin,Abnormal
brADLeY MIraNdA,39,Male,B-,Asthma,2022-05-30,Devin Pratt,"Wilson and Brown, Ortiz",UnitedHealthcare,36862.17,338,Elective,2022-06-01,Aspirin,Inconclusive
cHRIsToPheR mOORE,23,Female,O+,Hypertension,2021-12-19,Angela Allison,Berg-Mcconnell,Blue Cross,40065.34,360,Elective,2021-12-30,Paracetamol,Normal
dan PINEDA,24,Male,B+,Diabetes,2021-07-20,Phyllis Nguyen,Gilbert Ltd,UnitedHealthcare,41997.35,252,Elective,2021-08-07,Lipitor,Abnormal
maRIaH SmiTH,73,Female,AB-,Cancer,2022-12-27,Melissa Mendoza,Gutierrez-Webster,Blue Cross,22601.57,215,Elective,2023-01-19,Paracetamol,Abnormal
saBRINa cOoK,56,Male,O-,Obesity,2022-09-05,Christopher Bates,Group Thompson,UnitedHealthcare,36204.73,430,Urgent,2022-10-04,Penicillin,Normal
MelIssA hOFfMAN,36,Male,B+,Cancer,2022-07-27,April Cummings,Cooley-Reid,Cigna,41311.29,434,Emergency,2022-08-19,Lipitor,Inconclusive
Joseph MARtiN,33,Male,A+,Cancer,2024-05-03,Andrew Hill,"and Davenport Davis Hobbs,",Aetna,36890.27,374,Elective,2024-05-15,Lipitor,Normal
meLissA SIms,21,Male,O+,Arthritis,2019-08-28,Susan Sampson,Thompson-Becker,Aetna,5716.1,293,Emergency,2019-09-16,Aspirin,Abnormal
SaraH evans,80,Male,B-,Diabetes,2024-04-21,Darren Becker,Mitchell Inc,Blue Cross,10461.98,481,Emergency,2024-05-07,Aspirin,Abnormal
mARIA ANDeRsON,79,Female,O+,Arthritis,2024-03-12,Lee Santiago,"Mack, Wilson and Fowler",Blue Cross,37879.98,110,Urgent,2024-04-04,Aspirin,Abnormal
MariA JOHnStON,44,Male,A+,Obesity,2019-09-29,Holly Walton,"Johnson Garcia, and Anthony",UnitedHealthcare,44355.2,177,Elective,2019-10-05,Aspirin,Inconclusive
JaMES COle,23,Male,AB+,Obesity,2022-08-19,Craig Howard,"and Young Powell Mitchell,",Medicare,28355.45,327,Urgent,2022-08-24,Penicillin,Normal
iSaiaH hOlT,75,Male,A-,Cancer,2021-10-18,Diane Riley,Bishop Inc,Blue Cross,22935.41,217,Elective,2021-11-01,Ibuprofen,Normal
joSEPH gonzaLeS,60,Male,A-,Hypertension,2023-04-07,John Schroeder,Coleman-Dawson,Medicare,42605.64,366,Elective,2023-05-05,Lipitor,Normal
JenNiFEr CAMaCho,83,Male,AB-,Asthma,2019-10-28,Mark Watson,Cunningham-King,UnitedHealthcare,24023.96,118,Elective,2019-11-24,Ibuprofen,Inconclusive
HecTOR jonES,61,Female,AB+,Hypertension,2020-06-29,Diane Griffin,Anderson PLC,UnitedHealthcare,20577.71,387,Elective,2020-07-26,Penicillin,Normal
jEsSIcA jOnes Dds,82,Female,AB+,Diabetes,2022-09-21,Kenneth Mcintosh,"Freeman King Hodges, and",Aetna,7264.89,237,Emergency,2022-10-03,Aspirin,Normal
IsaBeLlA martIn,40,Male,A-,Arthritis,2023-08-10,Victoria Hernandez,Sons Wilson and,Cigna,29913.85,317,Urgent,2023-08-15,Ibuprofen,Normal
daNiEL pALMeR,70,Female,B+,Hypertension,2022-05-16,David Zavala,Woodward Ltd,Cigna,43353.4,266,Elective,2022-05-26,Lipitor,Normal
sTEPhanIe BeNsoN,68,Female,O+,Cancer,2020-08-25,Frederick Fields,"Powell Branch Osborn, and",Blue Cross,18382.66,355,Elective,2020-09-15,Lipitor,Abnormal
AshleY WiLliamS,31,Female,B-,Cancer,2023-10-04,Michael Nguyen,"Brown Brown, and Sanders",Blue Cross,49419.87,328,Elective,2023-10-11,Ibuprofen,Inconclusive
GReGOrY NguYEn,28,Male,O+,Asthma,2022-04-28,Casey Fowler,Harris-Oconnor,Aetna,9958.02,364,Emergency,2022-05-27,Penicillin,Inconclusive
joE SmItH,84,Male,O+,Hypertension,2019-05-29,Michael Miller,"Paul Richardson Haynes, and",Blue Cross,21438.28,217,Elective,2019-06-17,Aspirin,Abnormal
LIsa wATTS,34,Female,AB+,Arthritis,2024-03-09,Kaylee Hampton,Patterson-Lee,Aetna,1820.02,356,Emergency,2024-03-23,Aspirin,Abnormal
alexAnDER GArcia,25,Female,B+,Hypertension,2020-01-07,Amber Gordon,"and Yang Fox Scott,",Cigna,32760.47,476,Urgent,2020-02-01,Aspirin,Normal
ElIzabETh PErKINs,58,Female,B+,Asthma,2019-11-10,Colleen Meyers,"Burch, and Sexton Sandoval",Medicare,35421.83,134,Elective,2019-12-06,Paracetamol,Abnormal
LAuRA WELLS,78,Female,O+,Diabetes,2023-01-24,Eileen Hernandez,"Johnson and Delgado, Bennett",Medicare,44393.18,169,Elective,2023-02-01,Aspirin,Inconclusive
robErT mCcORmICk,56,Male,AB+,Diabetes,2019-07-28,Carrie Wright,Garza Group,Blue Cross,16578.91,282,Urgent,2019-08-26,Penicillin,Inconclusive
MICHAEL yu,77,Male,AB-,Arthritis,2022-07-18,Jeffrey Schmidt,"Olson, Andrade and Dixon",Medicare,33749.86,112,Emergency,2022-08-07,Paracetamol,Abnormal
jacOB GRaHam,61,Female,A+,Asthma,2020-06-07,Jaime Bell,Fisher Inc,UnitedHealthcare,3903.76,301,Urgent,2020-07-01,Penicillin,Abnormal
aNdrea kenNedy,40,Female,B-,Cancer,2020-12-07,Brian Cooper,Farrell-Lyons,Medicare,22720.33,463,Emergency,2020-12-20,Lipitor,Abnormal
StacEY aNderson,80,Male,AB-,Diabetes,2020-04-10,Anthony Graves,"Greer Cain and Taylor,",Medicare,35411.47,282,Elective,2020-04-30,Paracetamol,Abnormal
jasOn mArsh,35,Male,A-,Hypertension,2023-07-12,Traci White MD,Turner Ltd,Medicare,27342.23,279,Urgent,2023-07-22,Aspirin,Normal
tiFfAnY FErguSON,85,Female,A+,Cancer,2022-09-10,Eric Lutz,Johnson Group,Blue Cross,27971.28,120,Emergency,2022-09-14,Lipitor,Abnormal
mark hErnaNdEZ,64,Male,AB-,Hypertension,2021-04-15,Brenda Hill,Sherman Inc,Cigna,26894.07,208,Emergency,2021-05-07,Aspirin,Normal
KEITH HenRy,30,Female,O-,Cancer,2020-08-20,Peter Brown,"and Garcia Wade Richardson,",Medicare,36551.05,111,Emergency,2020-08-23,Ibuprofen,Abnormal
mIChelLE WRIghT,19,Female,A+,Arthritis,2020-08-14,Benjamin Banks,White-Graham,Medicare,10693.39,435,Elective,2020-08-28,Ibuprofen,Abnormal
TRoY DaVIS,64,Male,A+,Diabetes,2021-07-17,Natalie Perez,and Miller Sons,UnitedHealthcare,28835.44,270,Urgent,2021-08-03,Lipitor,Inconclusive
MiSty burton,44,Male,B+,Diabetes,2023-01-27,Erica Williams,"Taylor, and Mullins Lara",Medicare,7083.61,317,Elective,2023-02-02,Lipitor,Inconclusive
RObERt rObINsOn,66,Female,O-,Asthma,2020-09-04,Jasmine Webb,"and King, Vega Jones",Medicare,2068.43,302,Urgent,2020-09-20,Penicillin,Inconclusive
CHrISTiNA caldeROn,79,Female,AB+,Hypertension,2020-02-08,David Cabrera,Alvarez-Cruz,Blue Cross,42956.13,382,Elective,2020-02-21,Aspirin,Normal
JOhN GRahAm,59,Female,O+,Diabetes,2019-07-01,Julie Gonzales,"Walker Cisneros and Adams,",Aetna,17307.37,255,Urgent,2019-07-05,Penicillin,Abnormal
mICHAEl PARkER,47,Male,O+,Asthma,2024-01-01,Julia Campbell,Ltd Lewis,Aetna,41492.13,388,Elective,2024-01-12,Aspirin,Normal
WIlliAm EVANs,49,Male,AB+,Obesity,2021-03-10,Zachary Robinson,Esparza-Martinez,UnitedHealthcare,16097.76,310,Emergency,2021-04-07,Paracetamol,Normal
vAlEriE hodgES,35,Male,AB+,Cancer,2019-09-19,Christine Smith,"Baker Hernandez and Scott,",Blue Cross,44495.73,469,Elective,2019-10-16,Paracetamol,Inconclusive
brENda BecK,69,Female,B+,Obesity,2023-02-24,Barbara Burgess,Group Lopez,Blue Cross,2936.89,223,Emergency,2023-02-25,Aspirin,Abnormal
CHrISTIne DAvIs,57,Male,O+,Obesity,2022-03-30,Malik Goodwin,"and Le Martin Young,",UnitedHealthcare,43374.01,232,Emergency,2022-04-14,Lipitor,Inconclusive
keVIN dANiEl,51,Female,A+,Asthma,2019-08-30,Diana Shaw,PLC Cook,Aetna,6949.88,366,Urgent,2019-09-17,Paracetamol,Inconclusive
BRIttney WagNER,31,Female,O+,Arthritis,2019-12-21,Michael Mason,"Baker, Davis Hill and",Blue Cross,15449.06,384,Elective,2019-12-31,Lipitor,Abnormal
criStIaN bUChANAn,34,Female,A-,Obesity,2019-08-31,Alexis Bradford,Johnson-Gray,Blue Cross,37458.16,184,Elective,2019-09-28,Paracetamol,Abnormal
MiCHAEl bRady,57,Male,O+,Cancer,2022-03-30,Jasmine Parker,"Mitchell, and Garcia Saunders",Medicare,5919.3,455,Elective,2022-04-11,Ibuprofen,Normal
jOrdan LEON,51,Female,O+,Arthritis,2023-08-11,Christina Lopez,Dennis-Roth,Cigna,21534.72,198,Emergency,2023-08-20,Penicillin,Normal
kAteLyn cunNINGHam,85,Male,B+,Asthma,2021-10-29,Richard Franco,"Mcgee Patton Aguirre, and",Cigna,43393.92,123,Elective,2021-11-25,Penicillin,Inconclusive
KRyStal mENDoZA,51,Male,A-,Cancer,2020-09-18,Marc Reid,Foster-Thomas,Medicare,50332.93,394,Emergency,2020-10-12,Aspirin,Abnormal
aLEx RodriGUEz,39,Male,AB+,Cancer,2021-02-24,Ryan Simmons,Group Mann,Aetna,18062.6,140,Urgent,2021-03-17,Paracetamol,Inconclusive
GeoFfrEy barkER,75,Male,AB-,Hypertension,2023-07-07,Clinton Sanchez,Martinez-Strickland,UnitedHealthcare,30064.18,110,Urgent,2023-07-13,Paracetamol,Normal
ALEc miTCheLl,46,Female,O+,Hypertension,2023-06-26,Cindy Gonzalez,"Shaw Tapia and Barnes,",Blue Cross,45440.79,462,Elective,2023-07-23,Ibuprofen,Inconclusive
JasOn joRDaN,47,Male,O-,Obesity,2021-11-12,Christy Ochoa,Morris-Campbell,Aetna,12073.07,400,Urgent,2021-12-04,Paracetamol,Normal
philiP ReYES,38,Female,O+,Arthritis,2021-10-23,Gabriel Livingston,"Anderson Morton and Vang,",UnitedHealthcare,48065.46,147,Urgent,2021-11-08,Paracetamol,Abnormal
AarOn BradsHaw,25,Female,O+,Arthritis,2019-11-30,Mackenzie Phillips,Olson LLC,Aetna,16342.36,255,Emergency,2019-12-20,Lipitor,Inconclusive
ERicA fOrd,65,Male,AB+,Hypertension,2023-03-19,Gabriel Lane,Juarez and Sons,Cigna,21767.23,410,Elective,2023-04-16,Lipitor,Normal
dr. KAtIe baRReTt DVM,50,Female,O-,Hypertension,2022-02-02,Whitney Chavez,"Ramos Hansen Clark, and",Blue Cross,16055.93,393,Emergency,2022-02-05,Aspirin,Inconclusive
Jacob youNG,40,Male,AB+,Obesity,2023-09-25,Tara Tucker,PLC Aguirre,UnitedHealthcare,30123.54,423,Urgent,2023-10-05,Aspirin,Normal
amY RAMos,70,Male,B+,Arthritis,2021-10-28,Dustin Alvarez,"Nelson Baldwin, Boyd and",UnitedHealthcare,38572.17,123,Emergency,2021-10-31,Ibuprofen,Inconclusive
PaTricK moRAlES,56,Female,AB-,Hypertension,2020-06-16,Jessica Conway,"Martinez, and Moore White",Blue Cross,37798.95,392,Urgent,2020-07-14,Ibuprofen,Abnormal
sOpHIA cONwAY,25,Male,O+,Diabetes,2021-10-07,Heidi Wood,"Barker, Costa Hahn and",Medicare,38716.36,283,Emergency,2021-11-06,Ibuprofen,Normal
jamES mOORE,20,Male,A-,Diabetes,2021-04-29,David Gordon,"Anderson and Higgins Galvan,",Aetna,13666.28,471,Elective,2021-05-17,Paracetamol,Inconclusive
ChRisTOPHeR cOChRan,73,Female,AB-,Diabetes,2019-05-12,Jonathan Thomas,Flores-Roman,Cigna,30753.69,236,Elective,2019-06-07,Lipitor,Abnormal
RObeRT Carter,82,Male,B-,Obesity,2021-09-12,Lori Diaz,"Miller, Moon Boyd and",UnitedHealthcare,44278.23,295,Elective,2021-09-17,Aspirin,Inconclusive
moRgAn NGUYEn,31,Male,B+,Diabetes,2021-01-25,Martin Dominguez,Inc Harmon,Aetna,6267.54,140,Urgent,2021-01-27,Ibuprofen,Normal
natHAn MONToYA,74,Male,O-,Cancer,2020-05-22,Adam Roberts,"Elliott Jones Hinton, and",Aetna,26276.79,242,Elective,2020-06-17,Ibuprofen,Normal
jOE Berry PhD,38,Female,B-,Asthma,2022-06-20,Nancy Beck,Sons Mckinney and,Blue Cross,33171.03,319,Elective,2022-07-14,Aspirin,Inconclusive
daNIeL oRtiz,63,Female,AB-,Cancer,2020-11-16,Christy Hughes,Carroll-Howard,UnitedHealthcare,44984.24,124,Elective,2020-12-06,Paracetamol,Normal
mATthEw cLaRk,62,Female,B-,Obesity,2020-10-09,Charles Hernandez,"and Park, Garcia Lam",Cigna,27091.86,315,Urgent,2020-10-14,Ibuprofen,Inconclusive
JAcQuELINE hArDY,80,Male,O+,Obesity,2023-12-12,Hannah Clay,"Chavez Valenzuela, and Gutierrez",UnitedHealthcare,32387.93,264,Urgent,2023-12-27,Ibuprofen,Normal
eMiLY JoSEPh,25,Female,AB-,Cancer,2022-06-14,Steven Dixon,Hill-Hernandez,Cigna,32905.48,289,Emergency,2022-07-03,Lipitor,Abnormal
sarAH HiCKs,51,Male,A-,Diabetes,2023-02-23,Monica Thomas,Skinner LLC,Blue Cross,1332.34,489,Emergency,2023-03-18,Aspirin,Abnormal
bRiANa rOsS,46,Female,AB+,Obesity,2024-04-25,Alexander Moore,Inc Cox,Aetna,17702.57,385,Urgent,2024-05-12,Ibuprofen,Inconclusive
maRY mcculLOUgH,18,Female,A+,Asthma,2022-06-08,Curtis Mckinney,Perez Sons and,UnitedHealthcare,33443.55,342,Emergency,2022-06-22,Penicillin,Normal
bRIAn OSborNe,30,Female,B-,Cancer,2023-12-07,Stephanie Shepard,"Parker Turner, Houston and",Cigna,23175.5,326,Emergency,2023-12-24,Ibuprofen,Normal
suSAn WALTerS,43,Male,AB-,Cancer,2020-11-03,Russell Soto,Wilson-Chen,Medicare,14224.31,426,Emergency,2020-12-01,Paracetamol,Abnormal
CATHerine HaRVEY,21,Male,AB+,Hypertension,2023-10-03,Charles Cardenas,Boone-Duffy,Medicare,23483.5,357,Urgent,2023-10-18,Paracetamol,Normal
cORY PIERCe,28,Female,B-,Hypertension,2022-06-11,Brandon Montoya,Reid-Simmons,UnitedHealthcare,31326.73,299,Emergency,2022-06-28,Paracetamol,Abnormal
jeSus jORdan,26,Female,O-,Hypertension,2021-07-03,Andrew Bishop,Dunn-Bentley,Aetna,48651.74,124,Urgent,2021-07-29,Penicillin,Inconclusive
ANn dUNCAN,24,Male,A-,Asthma,2024-03-19,Daniel Sanders,Inc Cherry,Aetna,18932.31,115,Elective,2024-04-02,Penicillin,Inconclusive
Sarah pOrTEr,55,Female,AB-,Diabetes,2024-01-11,Jeremiah Nunez,Zavala-Fernandez,Blue Cross,22063.23,147,Elective,2024-01-30,Paracetamol,Inconclusive
jACquEliNE DeAN,41,Female,A+,Cancer,2021-06-26,Carolyn Peters,Jones-Fleming,Medicare,20714.71,234,Urgent,2021-07-21,Lipitor,Inconclusive
AnNE lam,85,Male,O+,Asthma,2024-01-19,Paul Ruiz,Christian-Hall,UnitedHealthcare,34510.88,292,Elective,2024-02-05,Ibuprofen,Inconclusive
jEnnifeR GomEz,45,Male,O-,Hypertension,2020-12-15,Robert Palmer,LLC Cabrera,Blue Cross,42200.51,115,Elective,2021-01-13,Lipitor,Inconclusive
daVId CuRTIs,22,Female,B+,Hypertension,2021-05-14,Lisa Grimes,"Hernandez and Delacruz, Kramer",Cigna,24451.29,413,Emergency,2021-05-28,Paracetamol,Abnormal
joSHUa JOHnsON,18,Male,B+,Diabetes,2021-07-10,Ronald Russell,Cervantes-Herrera,UnitedHealthcare,30289.7,165,Emergency,2021-07-12,Paracetamol,Normal
jEReMy bOwen,60,Male,B-,Diabetes,2020-07-25,Tracey Smith,Garrison-Mcfarland,Medicare,35317.49,431,Urgent,2020-07-29,Lipitor,Normal
denNIs cLarkE,22,Female,AB+,Obesity,2019-09-17,Mark Baker,Warren-Brown,Cigna,8033.61,293,Elective,2019-10-01,Lipitor,Inconclusive
jeNNiFER spEnCe,65,Female,A+,Obesity,2019-05-14,Austin Perry,Ruiz Group,Medicare,7391.53,270,Elective,2019-05-20,Aspirin,Inconclusive
biLlY fITZGERALd,73,Female,B+,Asthma,2020-05-31,Dr. Mackenzie Bell,Anderson-Brown,Aetna,35945.88,146,Emergency,2020-06-28,Ibuprofen,Inconclusive
krisTEN JamES,82,Female,AB+,Hypertension,2020-03-27,Kimberly Calhoun,Hull Sons and,Medicare,10780.74,472,Emergency,2020-04-04,Ibuprofen,Inconclusive
cAiTLIN bEndEr,32,Female,O-,Arthritis,2019-12-23,Timothy Aguilar,"Oliver Mcdonald, and Johnson",Aetna,28743.0,493,Elective,2019-12-30,Penicillin,Normal
bRENda fULleR,76,Male,A-,Obesity,2024-02-08,Cynthia Stanton MD,Lara-Allen,Blue Cross,47270.25,373,Elective,2024-02-16,Aspirin,Abnormal
CASSaNdrA rIcE,61,Female,A-,Asthma,2023-09-23,Craig Delgado,Group Summers,Aetna,37846.35,407,Emergency,2023-09-24,Ibuprofen,Abnormal
SeRgIO saNcheZ,63,Male,AB+,Cancer,2020-05-14,Courtney Parsons,"Phillips Medina, Rivera and",Aetna,46502.77,151,Elective,2020-05-20,Paracetamol,Inconclusive
keviN stein,54,Female,B+,Hypertension,2020-02-11,Sandra Barker,LLC Flores,Aetna,27660.29,193,Urgent,2020-03-01,Lipitor,Normal
MAUrEEN grANT Md,77,Male,AB+,Hypertension,2021-09-13,Michael Hogan,Inc Pace,UnitedHealthcare,36686.66,488,Urgent,2021-10-09,Paracetamol,Normal
SaMantHA gUtIErrez,64,Male,B+,Diabetes,2020-10-24,Toni Perry MD,Garcia-Robinson,Aetna,19563.2,148,Urgent,2020-10-25,Penicillin,Normal
GEORgE woodwARd,69,Male,B+,Arthritis,2020-12-29,William Bailey,Snow-Day,Aetna,23523.6,106,Elective,2021-01-21,Aspirin,Inconclusive
sHaNe TaTe,31,Male,O+,Cancer,2024-03-19,Tiffany Ortega,Inc Rangel,Cigna,50563.8,441,Urgent,2024-04-07,Penicillin,Inconclusive
KErRY HaWkiNs,40,Male,O-,Arthritis,2021-12-13,Willie Lowery,Irwin-Kaufman,UnitedHealthcare,15518.46,450,Emergency,2021-12-19,Penicillin,Abnormal
mARissA mORa,50,Male,O-,Asthma,2022-05-17,Jaime Allen,"Brown and Colon, Anderson",Cigna,42150.7,388,Urgent,2022-06-03,Paracetamol,Abnormal
rICKy mEYeR,83,Female,A-,Arthritis,2022-12-01,Becky Jones,"and Peterson, Rodriguez Murphy",Cigna,42192.99,199,Emergency,2022-12-17,Paracetamol,Abnormal
EDWArd JOneS jR.,23,Female,O-,Cancer,2020-03-16,Tiffany Frank,"and Frederick, Jones Garcia",Blue Cross,3925.93,333,Emergency,2020-03-22,Lipitor,Normal
HeatHER mELeNdez,68,Female,AB+,Arthritis,2020-10-20,Joe Mora,"and Fuentes Rogers Gill,",Aetna,12605.75,350,Emergency,2020-10-27,Paracetamol,Inconclusive
jesSIcA mAciaS,37,Male,AB-,Asthma,2024-01-05,Teresa Tucker,Group Schneider,Blue Cross,7421.18,154,Urgent,2024-01-27,Penicillin,Inconclusive
JaMIe leACh,24,Female,B-,Arthritis,2023-08-17,Ruben Cross,Sandoval-Bennett,Cigna,24561.74,216,Emergency,2023-09-01,Aspirin,Abnormal
matThEW sImMoNs,21,Male,B-,Diabetes,2023-03-31,Timothy Choi,Young Ltd,Cigna,32854.15,132,Emergency,2023-04-22,Lipitor,Abnormal
SHeILA bAXtEr,46,Female,AB-,Diabetes,2022-11-21,Robert Lester,Lopez-Brooks,Aetna,18828.76,194,Elective,2022-11-22,Ibuprofen,Abnormal
DAVE PaRrISH,61,Female,B+,Arthritis,2020-08-24,Sandra Bender,"Leblanc Conway, Holt and",Aetna,34381.69,330,Urgent,2020-09-06,Lipitor,Inconclusive
brYaN SteWart,25,Male,O-,Arthritis,2022-02-12,Martin Smith,Ltd Roberts,Aetna,31501.72,475,Elective,2022-03-03,Ibuprofen,Inconclusive
JaMes beLL,75,Female,A-,Arthritis,2023-08-15,Martha Johnson,and Carter Sons,Medicare,12098.03,387,Elective,2023-09-04,Lipitor,Abnormal
Joshua LOve,43,Female,O-,Diabetes,2023-01-13,Mercedes Harris,"Moore and Rhodes Lang,",UnitedHealthcare,39547.38,436,Elective,2023-02-01,Paracetamol,Inconclusive
rObErT CLArk,38,Female,B-,Obesity,2020-04-28,Gregory Chung,Poole LLC,Aetna,6486.24,283,Elective,2020-05-20,Aspirin,Abnormal
marisa GOlDEN,28,Male,AB+,Arthritis,2022-10-21,James Young,Hansen-Torres,Medicare,46657.69,265,Urgent,2022-10-22,Penicillin,Inconclusive
NanCy HaMIltOn,80,Male,O+,Hypertension,2022-12-15,Carla Combs,Park-Douglas,Aetna,31709.47,168,Urgent,2022-12-25,Paracetamol,Abnormal
BRyaN bOwERS,63,Female,O+,Asthma,2020-09-01,Peter Martinez,"Ruiz, Scott Mitchell and",Blue Cross,9894.81,403,Emergency,2020-10-01,Ibuprofen,Inconclusive
NIColE mArTIN,75,Female,AB-,Cancer,2019-11-18,Christopher Spears,"and Rodriguez Gallegos Henry,",Blue Cross,29995.43,433,Emergency,2019-12-11,Paracetamol,Abnormal
WillIam HaRmON,59,Female,O+,Arthritis,2022-08-22,Carrie Howell,Ltd Miller,Medicare,7796.26,144,Urgent,2022-08-30,Ibuprofen,Inconclusive
TOM BRoWN,27,Male,A+,Diabetes,2020-08-01,Tina Ray,"Turner Bradford and Allison,",Blue Cross,48965.18,251,Emergency,2020-08-26,Aspirin,Abnormal
CynthIa NeLSoN,77,Male,A+,Arthritis,2024-01-18,Debbie Jones,Goodwin Ltd,Aetna,16128.25,404,Emergency,2024-02-15,Penicillin,Inconclusive
TODD gROSS,19,Female,B-,Asthma,2020-03-17,Anthony Ortiz,Carrillo-Price,Medicare,16920.16,206,Emergency,2020-04-10,Lipitor,Abnormal
sTEphAnie cHung,58,Male,AB+,Arthritis,2022-08-15,Jason Stewart,and Sons Lee,Aetna,49861.87,207,Emergency,2022-09-01,Ibuprofen,Abnormal
KayLA PeREZ,57,Male,AB+,Cancer,2023-05-15,Derek Dorsey,Rogers-Robles,Blue Cross,36287.39,263,Elective,2023-05-19,Lipitor,Inconclusive
paul marTInez,59,Male,A+,Hypertension,2019-06-27,William Carter,Massey Inc,Medicare,48035.37,414,Urgent,2019-07-19,Ibuprofen,Abnormal
joshuA neLson,62,Male,B+,Hypertension,2023-10-29,Angel Jones,Arias-Galvan,Aetna,22030.69,132,Urgent,2023-11-14,Lipitor,Normal
JAkE COpeLand,71,Male,AB-,Diabetes,2024-01-09,Christopher Fowler,Scott-Moore,UnitedHealthcare,45665.85,387,Elective,2024-01-20,Penicillin,Inconclusive
mAria GArdNEr,35,Female,B+,Cancer,2020-08-23,Stephanie Herrera,Jarvis-Roberts,Aetna,4415.75,180,Emergency,2020-08-29,Lipitor,Inconclusive
jAnEt ROBERTs DDS,34,Male,AB+,Asthma,2020-01-07,Scott Herring,Clay LLC,Blue Cross,41122.29,440,Urgent,2020-01-12,Paracetamol,Normal
pETeR ramSey,84,Female,O-,Arthritis,2019-10-25,Angela Cook,"Quinn, Bentley and Allen",Cigna,28401.56,377,Elective,2019-11-15,Ibuprofen,Inconclusive
AsHley farmER,77,Female,AB+,Diabetes,2023-09-20,Michael Davis,Williams PLC,UnitedHealthcare,28228.69,277,Urgent,2023-10-08,Paracetamol,Inconclusive
kaTHerInE haLE,85,Male,B+,Arthritis,2020-01-12,Thomas Hunt,"Griffith Mccullough Mendoza, and",UnitedHealthcare,2106.39,375,Urgent,2020-01-23,Penicillin,Inconclusive
GAry BOWEN,34,Female,B+,Asthma,2019-06-04,Dylan Hale,Meyers-Moore,Blue Cross,47398.59,431,Urgent,2019-06-07,Ibuprofen,Normal
LaURA rYan,72,Female,AB-,Asthma,2021-12-14,Bradley Holt,Blair-Bell,Aetna,47454.59,293,Emergency,2021-12-24,Aspirin,Abnormal
TiMoThY lOpeZ,33,Female,A-,Diabetes,2023-05-30,Sandra Powers,Lester-Fletcher,Cigna,22257.61,243,Urgent,2023-06-01,Ibuprofen,Abnormal
ANThoNy gUZmAn,80,Female,AB-,Arthritis,2019-08-26,Evan Campbell,Rodriguez LLC,Blue Cross,30324.07,159,Urgent,2019-09-15,Penicillin,Abnormal
MIChael ShaRP,24,Female,O-,Arthritis,2019-11-16,Sylvia Villarreal,LLC Baldwin,Medicare,10053.92,371,Emergency,2019-12-02,Aspirin,Abnormal
daVId CarrOlL,44,Female,A-,Arthritis,2022-04-23,Matthew Hopkins,Riley PLC,Medicare,9823.3,304,Elective,2022-05-19,Lipitor,Normal
Connor BARTOn,32,Female,B+,Asthma,2020-02-20,Joseph Miller,Snyder-Perry,Medicare,17862.69,482,Elective,2020-02-21,Paracetamol,Inconclusive
AnGElA SCOtT,83,Male,B+,Obesity,2022-10-19,Charles Palmer,Perez-Carlson,Blue Cross,17855.8,349,Emergency,2022-11-10,Ibuprofen,Inconclusive
DAvID ORTiz,80,Male,O-,Arthritis,2022-02-05,Michael Walters,"Richardson Mccormick, Cruz and",Cigna,40178.46,396,Elective,2022-02-18,Penicillin,Inconclusive
paTRicK pierce,41,Female,B+,Cancer,2019-08-01,Scott Smith,Underwood-Mcguire,Cigna,24690.22,320,Emergency,2019-08-09,Ibuprofen,Abnormal
KeiTH JohnSoN,39,Male,O-,Arthritis,2021-06-19,Nicole Jensen,"Galvan, Lopez Salazar and",UnitedHealthcare,21862.06,497,Elective,2021-07-16,Aspirin,Normal
antonio smITh,55,Male,O-,Asthma,2020-06-28,Brent Dickerson,Fisher-Perez,Aetna,29790.85,142,Urgent,2020-07-24,Ibuprofen,Normal
jOHN TaYlOR,59,Male,A-,Asthma,2019-10-06,Nicole Young,"Maldonado Anderson and Adkins,",Cigna,6539.76,270,Urgent,2019-10-24,Aspirin,Abnormal
barbAra stEwarT,34,Female,A-,Asthma,2022-07-17,Jared Kemp,Ruiz PLC,Aetna,20453.32,445,Urgent,2022-07-23,Paracetamol,Inconclusive
lArRy TaNnEr,27,Female,O+,Hypertension,2021-05-22,Dennis Gilbert,Ltd Watts,Cigna,6827.7,119,Urgent,2021-06-09,Paracetamol,Normal
MAllORy diAz,56,Female,O+,Diabetes,2022-08-16,William Mcguire,and Martinez Sons,Cigna,7557.6,264,Urgent,2022-09-04,Aspirin,Inconclusive
jOhN WILLiams,60,Female,A+,Cancer,2021-03-31,Jesus Wagner,Harrington-Marshall,Aetna,15364.48,181,Emergency,2021-04-18,Ibuprofen,Abnormal
peter miller,71,Female,O-,Obesity,2021-09-06,Jose Cooley,Robbins Inc,Aetna,6664.22,228,Elective,2021-09-17,Lipitor,Abnormal
rYaN bUtLeR,20,Male,AB-,Diabetes,2023-08-26,Andrew Clark,"and Conway George, Huff",Cigna,7235.19,197,Urgent,2023-08-27,Penicillin,Inconclusive
SaMANTHa lOwERY,75,Male,A+,Asthma,2019-11-27,Evelyn Patterson,Group Thompson,Aetna,20336.49,316,Emergency,2019-12-07,Penicillin,Normal
TiFFAny LEe,32,Female,A+,Obesity,2023-03-07,Maria Estes,Rodriguez-Arnold,UnitedHealthcare,38668.69,462,Urgent,2023-03-12,Lipitor,Normal
SamaNthA WiLlIs,66,Female,A-,Diabetes,2022-10-03,Mrs. Linda Miles,"and Sullivan, Mcclure Shields",Aetna,41222.01,255,Elective,2022-10-14,Lipitor,Abnormal
pAmela BroWn,78,Female,O-,Diabetes,2023-01-10,Catherine Wiley,Charles LLC,Medicare,38520.01,211,Urgent,2023-01-30,Lipitor,Abnormal
cARLA walkER,49,Male,O-,Cancer,2020-04-12,Olivia Nichols,Morgan-Young,Cigna,44411.12,103,Urgent,2020-05-04,Aspirin,Normal
MaRy GOnzaLeS,73,Male,B-,Arthritis,2020-11-20,Christie Vargas,"Garcia and Nguyen, Leonard",Aetna,26044.25,101,Urgent,2020-12-15,Aspirin,Inconclusive
SHEllEY FlEmInG,69,Male,AB-,Hypertension,2024-04-26,Nathaniel Jacobson,PLC Fox,Aetna,7902.42,419,Emergency,2024-05-24,Ibuprofen,Abnormal
MARK bLakE,51,Female,A+,Hypertension,2023-06-29,Kayla Clark,"Bell Preston Washington, and",Medicare,46245.58,455,Urgent,2023-07-07,Paracetamol,Abnormal
SCoTT KIng,66,Male,O+,Diabetes,2020-01-11,Jessica Jackson,LLC Hernandez,Aetna,40448.97,497,Emergency,2020-02-07,Paracetamol,Abnormal
JesSicA dAvis,38,Female,O-,Arthritis,2022-06-05,Lynn Benson,Steele PLC,Medicare,20914.95,276,Elective,2022-06-15,Paracetamol,Normal
anthOnY odom,33,Male,O+,Asthma,2024-01-28,Michael Dodson MD,"and Sims, Gonzalez Huff",Medicare,46682.45,385,Elective,2024-02-22,Paracetamol,Inconclusive
charleS bRoWN,27,Male,B-,Cancer,2021-11-06,David Nunez,Allen-Perez,UnitedHealthcare,10965.7,298,Elective,2021-11-07,Penicillin,Normal
raChel DaVIS,36,Male,B-,Cancer,2021-07-21,Lindsay Pierce,"and Alexander Crawford Graham,",Aetna,27507.04,286,Emergency,2021-07-31,Ibuprofen,Normal
SAndRa mccALl,41,Male,A-,Cancer,2019-11-23,Dr. Jeffrey Barnes Jr.,Moyer-Lamb,UnitedHealthcare,12678.1,141,Urgent,2019-12-06,Penicillin,Normal
NiCole FraNCIS,33,Male,AB-,Asthma,2019-05-30,Kristie Roberts,Taylor-Wilson,Aetna,38395.53,215,Emergency,2019-06-29,Ibuprofen,Inconclusive
STEVEN SmitH,56,Female,AB-,Asthma,2024-03-23,Allison Harper,PLC Sutton,Medicare,28510.81,185,Emergency,2024-04-14,Lipitor,Inconclusive
KAREn johnsoN,25,Male,O+,Obesity,2019-06-23,Heather Howard,and Sons Sanders,Medicare,43400.67,300,Emergency,2019-07-12,Aspirin,Abnormal
anna ROgERs,21,Female,O-,Asthma,2022-01-30,Vickie King,Gentry and Sons,Aetna,46890.43,307,Elective,2022-02-26,Aspirin,Abnormal
pRiSCiLlA dEckEr,57,Male,B-,Cancer,2022-11-12,Christopher Yoder,Haynes-Silva,Cigna,48491.64,129,Elective,2022-11-22,Penicillin,Normal
tREVor WRiGHt,39,Female,O+,Cancer,2020-12-22,Matthew Nelson,"Marshall, and Koch Harper",Blue Cross,13643.73,380,Elective,2020-12-27,Lipitor,Normal
WiLlIAm tuCKEr,51,Female,A-,Diabetes,2022-05-22,Martin Lynch,Duffy-Jackson,Cigna,5415.28,209,Emergency,2022-06-08,Aspirin,Inconclusive
JEsSIca KElLer,31,Male,B+,Hypertension,2021-03-27,David Hall,Brown-Diaz,Aetna,44008.05,392,Elective,2021-04-23,Lipitor,Abnormal
WILliAM hEnRY,85,Male,AB-,Asthma,2022-06-22,Benjamin Tyler,Mcdaniel-Castaneda,UnitedHealthcare,43866.66,420,Urgent,2022-07-22,Aspirin,Normal
RobiN Clarke,76,Male,O+,Diabetes,2022-07-15,Tyler Adams DDS,Lyons LLC,Blue Cross,45242.86,174,Emergency,2022-07-19,Penicillin,Abnormal
jessIca gARZa,59,Male,A+,Asthma,2022-06-06,William White,PLC French,Aetna,13550.12,250,Elective,2022-06-30,Paracetamol,Normal
JAmIe salaZAR,64,Male,O-,Diabetes,2020-12-29,Amanda Webb,LLC Coleman,Blue Cross,34963.64,277,Urgent,2021-01-07,Aspirin,Inconclusive
stevEN VAugHaN,28,Male,A+,Arthritis,2020-05-23,Travis Holmes,Tucker-Warren,UnitedHealthcare,48890.45,324,Elective,2020-06-12,Penicillin,Abnormal
MIChAeL contreraS,63,Male,A-,Obesity,2022-07-25,Amy Small,Wang-Hill,Medicare,17159.58,330,Emergency,2022-08-22,Ibuprofen,Normal
AllEn roBeRTs,24,Male,A-,Arthritis,2021-04-01,Katherine Gutierrez,Jones Ltd,Cigna,7192.63,443,Emergency,2021-04-19,Penicillin,Abnormal
aMy POwEll,81,Male,B+,Arthritis,2020-07-20,Susan Hess,"White West Herman, and",Medicare,44982.85,121,Elective,2020-07-29,Lipitor,Normal
KeNNeth sMitH,74,Male,A+,Diabetes,2020-02-28,Kristen Thornton,Inc Newton,Medicare,16004.47,254,Emergency,2020-03-28,Ibuprofen,Inconclusive
maTThEW WEsT,28,Male,AB+,Cancer,2023-08-30,Jerry Fisher,Huerta-Sanchez,UnitedHealthcare,7320.04,458,Elective,2023-09-17,Ibuprofen,Normal
ERIK MOntoyA,27,Male,AB-,Obesity,2020-07-27,Elizabeth Miller,Snyder-Parrish,Blue Cross,28329.82,470,Emergency,2020-08-24,Aspirin,Normal
aUSTin lEwis,24,Male,AB-,Diabetes,2021-03-28,Reginald Grimes,Inc Bryant,UnitedHealthcare,24130.52,214,Urgent,2021-04-05,Paracetamol,Inconclusive
KennEtH ThOmPSon,63,Male,A-,Diabetes,2022-05-08,Steven Smith,Williams Inc,Cigna,22361.15,445,Emergency,2022-05-10,Paracetamol,Normal
AMANDa DURhAm,46,Female,O+,Obesity,2021-06-16,Katelyn Davis,"Smith White, and Ryan",Blue Cross,19650.0,108,Emergency,2021-07-06,Lipitor,Inconclusive
stEphen HUdSON,35,Female,AB+,Arthritis,2023-10-31,Matthew Jones,"Williams Dillon White, and",Aetna,30986.93,346,Urgent,2023-11-21,Paracetamol,Abnormal
CASsanDRA VeLaZquEZ,28,Female,B+,Diabetes,2022-04-23,Diana Tran,Vargas-Cohen,UnitedHealthcare,45987.16,293,Elective,2022-05-11,Penicillin,Normal
suSAN peNA,80,Female,B+,Obesity,2021-12-09,Kevin Kelley,Gardner Group,Medicare,11086.73,482,Urgent,2021-12-12,Lipitor,Inconclusive
anTHoNY PerKinS,31,Male,O-,Obesity,2024-01-10,Anthony Green,Garcia-Blake,Medicare,28483.88,265,Urgent,2024-02-02,Lipitor,Abnormal
KATRIna LOPEz,69,Female,O+,Diabetes,2019-11-17,Jordan Porter,Castaneda-Tran,Cigna,37905.96,368,Emergency,2019-12-15,Lipitor,Inconclusive
bRiAn FoSTER,82,Male,AB+,Asthma,2022-01-05,James Thompson,Kim-Ibarra,Medicare,27878.85,472,Elective,2022-01-11,Ibuprofen,Normal
JaSon ThOMPson,64,Female,B+,Arthritis,2024-01-15,Andrea King,Boyer-Burgess,Aetna,13900.05,442,Urgent,2024-02-10,Ibuprofen,Inconclusive
david AYaLa,77,Female,O+,Arthritis,2022-11-17,Lucas Torres,Cross Ltd,Aetna,30575.76,116,Urgent,2022-12-15,Paracetamol,Abnormal
jaReD YoDER,32,Male,O+,Obesity,2021-08-02,Sarah Garcia,"Patel Payne, and Young",Medicare,11941.63,478,Urgent,2021-08-26,Lipitor,Normal
gRegoRY cANnON,70,Female,A+,Diabetes,2020-04-20,Amanda Alvarado,Group Santana,Medicare,7422.73,496,Elective,2020-04-23,Lipitor,Abnormal
LISa aNdERSON,50,Female,O-,Hypertension,2023-06-28,Samantha Preston,Sons and Cook,Medicare,34005.55,368,Urgent,2023-06-30,Ibuprofen,Inconclusive
ELIzabEtH ShIelDs,29,Male,O+,Asthma,2022-04-06,David Maxwell,Martin-Rice,UnitedHealthcare,48574.83,448,Elective,2022-04-30,Penicillin,Inconclusive
PatriCiA kIM,66,Female,AB+,Cancer,2021-03-31,Kevin Butler,"Ortiz, and Rios Price",Cigna,45010.8,302,Urgent,2021-04-16,Lipitor,Abnormal
JessiCA sOto,70,Male,AB+,Obesity,2020-03-07,Shannon Sanchez,Barnes-Williams,UnitedHealthcare,7409.34,418,Elective,2020-03-29,Aspirin,Normal
JEnNY ReYnOLDS,56,Female,B-,Cancer,2020-06-03,Shelly Bright,Hardy-Gutierrez,Cigna,34968.08,280,Urgent,2020-06-21,Paracetamol,Abnormal
SHANnon baRRett,85,Male,B-,Asthma,2021-08-31,Stephanie Wilcox,Cole LLC,Aetna,5648.18,113,Elective,2021-09-17,Aspirin,Inconclusive
tERrI PERry,67,Male,AB+,Cancer,2022-09-22,Amy Diaz,White-Rowe,UnitedHealthcare,14227.32,484,Elective,2022-10-11,Paracetamol,Normal
Joseph MaddEN,50,Female,B+,Arthritis,2022-07-02,Stacey Nguyen,"Rodriguez Harris, Willis and",Medicare,47551.57,179,Elective,2022-07-15,Ibuprofen,Inconclusive
RebECCa hOGAN,52,Female,O+,Asthma,2019-06-18,Peter Wright,"Santana Garcia, Alexander and",Aetna,42301.91,132,Elective,2019-07-08,Aspirin,Abnormal
kELly WAlKER,84,Male,B-,Hypertension,2019-07-19,Eric Shaw,Collins-Lozano,Aetna,2275.64,335,Urgent,2019-08-08,Aspirin,Normal
jUlIa muEllER,70,Male,A-,Cancer,2022-01-06,Susan Gaines,Brown-Clark,Cigna,10003.67,169,Elective,2022-01-27,Paracetamol,Normal
KAyLa mOORe,66,Male,AB-,Diabetes,2022-02-08,Collin Green,"Mcmahon and Kim, Holmes",Aetna,42653.77,263,Urgent,2022-02-28,Lipitor,Normal
KAITLyn SmItH,74,Male,AB-,Hypertension,2022-12-09,Richard Harris,Gomez-Smith,Cigna,10722.5,206,Elective,2022-12-28,Penicillin,Inconclusive
DAnIEL KemP,75,Female,O+,Obesity,2020-06-14,Charles Fernandez,"Hall Lee Bailey, and",Blue Cross,47516.52,356,Urgent,2020-06-20,Lipitor,Normal
laurA mYeRs,61,Male,B+,Obesity,2021-03-12,Kyle Williams MD,"Brennan Bentley, and Hunter",Cigna,41379.38,354,Urgent,2021-03-25,Lipitor,Inconclusive
Carol ReEd,82,Male,AB+,Asthma,2022-12-27,Susan Rios DDS,"Mullins, Gray and Reed",UnitedHealthcare,27481.33,411,Elective,2023-01-12,Paracetamol,Abnormal
JesSIcA caRtER,51,Female,A-,Obesity,2019-12-08,Sarah Ibarra,Anderson Group,Cigna,32006.03,200,Urgent,2020-01-05,Penicillin,Normal
vANeSsa ScHaEFeR,37,Female,A-,Arthritis,2023-06-19,Jonathan Burns MD,"Walsh, Howell and Jennings",UnitedHealthcare,14405.94,312,Elective,2023-07-14,Lipitor,Inconclusive
MIgUeL GOmeZ,51,Male,B+,Hypertension,2019-05-10,Jennifer Miller,Haney-Marshall,UnitedHealthcare,24691.25,484,Urgent,2019-06-07,Penicillin,Normal
linDa cARdeNas,23,Male,A-,Asthma,2021-06-11,Zachary Scott,"Rich and Roach, King",Blue Cross,47491.39,305,Elective,2021-06-27,Ibuprofen,Abnormal
annEtTE JAMES,70,Male,B-,Asthma,2019-10-27,Dennis Robbins,"Johnson, and Petty Rubio",Blue Cross,37861.51,428,Emergency,2019-11-12,Lipitor,Normal
sUSaN HuRLEY,60,Female,B+,Cancer,2022-08-27,Sean Rodgers,"Morse, Hudson Williams and",Aetna,22952.73,342,Elective,2022-09-15,Penicillin,Normal
carOLyN Wade,45,Female,A+,Arthritis,2019-08-08,Nathan Payne,"Kane, and Dickson Schwartz",UnitedHealthcare,2735.03,497,Emergency,2019-08-14,Penicillin,Inconclusive
aNgeLA DelEon,30,Male,A-,Arthritis,2023-02-12,Kristina Gray,Inc Mccullough,Medicare,37755.48,128,Elective,2023-02-17,Paracetamol,Normal
cAROLYN COoPer,35,Male,A+,Hypertension,2021-05-04,Regina Bryant,Taylor-Wong,Medicare,2691.05,338,Elective,2021-05-10,Penicillin,Inconclusive
reBEcca hARRIs,51,Female,O+,Obesity,2021-07-11,Karen Donovan,Avery-Roy,Aetna,7897.29,335,Elective,2021-07-28,Lipitor,Normal
garY cUrtIS,61,Male,A+,Diabetes,2021-02-10,Amber Lopez,LLC Anderson,Medicare,4446.34,345,Emergency,2021-02-18,Lipitor,Inconclusive
ryaN LIU,52,Female,AB+,Diabetes,2021-10-16,Vernon Diaz,Castaneda-Young,Blue Cross,20852.15,380,Elective,2021-11-04,Penicillin,Normal
DenNiS MOrROw,64,Female,B+,Diabetes,2019-10-03,Luke Nunez,"and Thomas Strong, Cook",UnitedHealthcare,47701.48,109,Urgent,2019-10-25,Lipitor,Inconclusive
JEnNiFEr COOpER,25,Male,A+,Obesity,2020-04-26,Mary Williams,Wells-Price,Aetna,49934.14,258,Elective,2020-05-02,Aspirin,Abnormal
JaCOB loPez,76,Female,B-,Obesity,2019-09-13,Gina Richards,Rios Ltd,Medicare,17263.95,394,Emergency,2019-09-19,Penicillin,Abnormal
carOL McClain,52,Female,B-,Diabetes,2022-01-20,Julie West,Vincent-Hill,Aetna,45274.4,102,Emergency,2022-02-06,Penicillin,Inconclusive
mIChaeL RiChArdsoN,77,Male,B+,Obesity,2023-10-14,Greg Scott,Brooks LLC,Medicare,10057.92,130,Elective,2023-11-04,Paracetamol,Abnormal
MARK NGuYEn,83,Male,A+,Diabetes,2019-11-23,Tracy Serrano,Group Carpenter,Medicare,36369.09,148,Urgent,2019-11-26,Aspirin,Normal
EriC COOk,57,Female,B-,Cancer,2023-12-05,Rhonda Gilbert,"Henderson Carpenter and Barrett,",Blue Cross,3548.05,431,Elective,2023-12-31,Lipitor,Abnormal
kRISTeN STEPheNS,54,Male,B+,Arthritis,2021-02-01,Penny Bryant,Mcdaniel-Walsh,UnitedHealthcare,10011.29,145,Emergency,2021-02-07,Lipitor,Inconclusive
DaNa WAltoN,62,Male,A-,Cancer,2022-06-30,Edward Webster,Ross-Jones,Blue Cross,14876.33,396,Urgent,2022-07-01,Lipitor,Inconclusive
Scott arNOLd,37,Male,B-,Arthritis,2023-11-09,Brandon Flores,"Mathews, Smith and Moss",Medicare,30294.65,216,Elective,2023-11-29,Penicillin,Normal
MEGan wHEEleR,56,Female,B+,Hypertension,2020-07-30,Courtney Crane,"and Lawrence, Williams Thomas",Blue Cross,45888.7,365,Elective,2020-08-10,Paracetamol,Abnormal
AaRON coX,68,Female,O+,Arthritis,2022-04-10,Eric Wallace,Wilkerson Group,UnitedHealthcare,31958.4,203,Elective,2022-04-19,Lipitor,Normal
CassanDRA MArTineZ,46,Male,A-,Obesity,2020-01-02,Nicole Norton,Villanueva-Garcia,Medicare,22645.79,169,Urgent,2020-01-16,Paracetamol,Normal
SHawn bROwn,62,Male,B-,Hypertension,2023-11-10,Angela Cunningham,Duffy-Bowman,Medicare,21297.41,362,Emergency,2023-12-01,Paracetamol,Abnormal
SAnDRa WillIamSon,49,Female,AB-,Diabetes,2021-02-14,Jessica Morgan,Tyler-Velasquez,Cigna,26432.16,402,Urgent,2021-02-18,Aspirin,Inconclusive
jenniFeR sTephEnS,75,Male,B-,Hypertension,2022-07-16,Shari Foster,James Inc,Cigna,6336.71,428,Emergency,2022-08-13,Ibuprofen,Normal
stePHANIe ROdRigueZ,40,Female,O+,Diabetes,2023-05-15,Danielle Collins,Montgomery-Jones,Medicare,31063.56,345,Elective,2023-05-27,Penicillin,Normal
CaROlIne mCinTyRe,51,Female,AB+,Arthritis,2020-04-30,Beth Mckenzie,Montgomery-Anthony,UnitedHealthcare,10710.33,461,Urgent,2020-05-22,Penicillin,Abnormal
Mr. cAMeROn RoBINsoN,64,Male,AB+,Asthma,2021-01-12,Evan Johnson,Davis-Padilla,Blue Cross,25066.52,454,Urgent,2021-01-25,Ibuprofen,Abnormal
taMmY pINEdA,49,Female,O-,Arthritis,2019-05-23,Wendy Rivera,Ellison-Hayden,Cigna,13396.9,273,Emergency,2019-06-02,Paracetamol,Normal
nATaLiE aNdeRson,74,Male,A+,Obesity,2023-04-23,Cindy Maxwell,Long-Lee,Blue Cross,29822.1,231,Emergency,2023-05-09,Lipitor,Normal
jAsminE RodrIgueZ,66,Female,A-,Hypertension,2022-12-07,Crystal Hays,Graves LLC,Medicare,12025.35,434,Urgent,2023-01-01,Aspirin,Abnormal
deBRA MCkee,52,Female,A-,Arthritis,2020-10-25,Jay Barr,and Sons Dixon,Aetna,33708.86,191,Elective,2020-11-04,Lipitor,Abnormal
sANDRa GReENe,58,Female,B-,Obesity,2021-04-08,Lisa Long,"Clark, Garza Tate and",Cigna,40825.08,231,Elective,2021-05-01,Ibuprofen,Normal
cRystAl MorRIS,21,Male,B-,Arthritis,2020-09-09,Brianna Kelly,Bates Inc,Aetna,27345.46,371,Emergency,2020-10-04,Aspirin,Inconclusive
jaSoN pArKER,69,Male,AB+,Arthritis,2019-12-06,David Hanson,LLC Sanford,Aetna,38751.8,439,Emergency,2019-12-08,Ibuprofen,Inconclusive
ROy JONEs,47,Female,AB-,Asthma,2023-02-16,David Stevens,and Harper Sons,Aetna,6252.08,365,Elective,2023-03-06,Penicillin,Inconclusive
RIcHaRd aNDeRsoN,51,Female,O-,Hypertension,2023-09-12,Richard Ayala,"Young Mcclain, Newman and",UnitedHealthcare,18714.34,270,Emergency,2023-10-12,Penicillin,Abnormal
JenNIfEr FoSTer,20,Female,A+,Cancer,2019-11-21,Nathan Adams,"Ray, Cain and Miller",Blue Cross,14291.7,436,Elective,2019-12-11,Ibuprofen,Inconclusive
dEBBIE wILSOn,38,Female,B-,Hypertension,2019-07-14,Jennifer Munoz,Zamora-Rivers,Blue Cross,38210.96,413,Elective,2019-07-19,Lipitor,Inconclusive
tRavIS flOreS,70,Female,AB+,Obesity,2019-10-03,Beth Brown,"and Perez Smith, Kim",Aetna,7074.79,339,Emergency,2019-11-02,Paracetamol,Inconclusive
emIly yOUNg,73,Male,O-,Arthritis,2019-07-04,Karen Jones,Johnson-Wilson,UnitedHealthcare,35419.51,500,Elective,2019-07-06,Penicillin,Abnormal
sANDy halL,44,Male,AB+,Hypertension,2019-05-26,Seth Burnett,Delacruz-Chavez,Medicare,3852.95,328,Emergency,2019-06-08,Paracetamol,Abnormal
madIsOn WRigHT,44,Female,A+,Obesity,2021-12-12,Kevin Johnson,"and Gonzalez, Warren Moore",Cigna,48747.55,321,Elective,2021-12-18,Paracetamol,Normal
AMy manN,54,Male,AB-,Hypertension,2021-05-22,Julie Garza,Ramirez-Humphrey,Aetna,40577.6,101,Urgent,2021-06-01,Penicillin,Abnormal
Jason stEELe,45,Male,AB-,Diabetes,2020-09-03,Brian Mack,and Sons Ford,UnitedHealthcare,16648.55,424,Emergency,2020-09-15,Aspirin,Normal
PAmEla mIDdlEtoN,18,Female,B-,Arthritis,2022-03-30,Jennifer Johnson,"and Wells, Thomas Kline",UnitedHealthcare,38588.97,449,Urgent,2022-04-13,Penicillin,Abnormal
liSA JAcKsOn,44,Male,B+,Hypertension,2019-12-20,Joseph Barnes,Wood-Herring,Cigna,32990.19,486,Elective,2020-01-18,Ibuprofen,Normal
SaMantHA PATEl,28,Female,A+,Obesity,2022-01-21,Daryl Cross,Wilkerson LLC,Medicare,20115.76,236,Urgent,2022-02-20,Paracetamol,Abnormal
HeRberT RodRIGUEZ,42,Male,A+,Obesity,2020-05-19,Jonathan Edwards,Brown-Henry,Medicare,5947.69,196,Emergency,2020-06-12,Aspirin,Inconclusive
OliviA pOWELl,61,Female,A+,Diabetes,2024-02-20,Adam Hardy,Sheppard-Livingston,Cigna,28281.35,477,Emergency,2024-03-08,Penicillin,Abnormal
SAmaNThA PERkins,75,Female,AB-,Cancer,2023-08-31,Robert Ashley,Golden PLC,Medicare,30873.62,252,Elective,2023-09-07,Ibuprofen,Inconclusive
mIchaeL POtTs,85,Male,A+,Hypertension,2023-01-19,Mary Vaughn,"and Perez, Bennett Townsend",Cigna,9542.74,289,Emergency,2023-01-28,Paracetamol,Abnormal
KeRRy HErnANDEz,74,Male,O-,Obesity,2023-11-20,Steven Simmons,"Johnson, and Benson Harris",Blue Cross,32429.62,191,Emergency,2023-12-17,Ibuprofen,Inconclusive
jOSHUa reyEs,59,Male,AB+,Obesity,2021-07-28,Mrs. Jessica Martinez,"and Clay, Morton Cunningham",Cigna,5588.99,459,Urgent,2021-08-03,Penicillin,Normal
JeNniFER oRteGA,49,Male,A-,Asthma,2023-04-04,Erin Arias,Anderson-Estrada,UnitedHealthcare,31497.55,265,Emergency,2023-04-27,Lipitor,Inconclusive
BrIttANY BRaun,85,Female,B-,Obesity,2020-08-11,Daniel Golden,and Sons Carlson,Cigna,14283.02,138,Elective,2020-08-24,Ibuprofen,Inconclusive
daniel cHEn,51,Female,B+,Hypertension,2020-01-28,Anthony Malone,Gonzalez Inc,Cigna,15422.04,154,Urgent,2020-02-21,Ibuprofen,Inconclusive
ErICA hart,23,Male,AB+,Asthma,2020-01-07,Charlotte Reyes MD,Schaefer-Hoffman,Cigna,40309.28,219,Emergency,2020-02-05,Penicillin,Inconclusive
alIcIa scOTt,26,Male,O-,Asthma,2020-04-20,Miguel Green,Wilson Group,Aetna,45916.32,301,Elective,2020-05-17,Penicillin,Abnormal
amandA aGUIrRE,59,Female,AB+,Obesity,2020-03-18,Frederick White,"and Vargas Reynolds Evans,",Blue Cross,41632.52,395,Elective,2020-03-25,Penicillin,Normal
mark hIcKs,25,Female,AB-,Diabetes,2020-06-18,Lisa Ruiz,"Cantu and Tanner Rojas,",Medicare,7437.42,412,Emergency,2020-06-23,Paracetamol,Inconclusive
TIMOtHy daVIS,29,Male,O-,Cancer,2023-07-15,Cody Rice,"Thornton, Adams Mccarty and",Medicare,38860.02,436,Elective,2023-07-27,Aspirin,Abnormal
LONNIE DomInguEZ,25,Male,A-,Hypertension,2023-10-02,April Foster,Cantrell-Griffith,Cigna,6662.24,249,Urgent,2023-10-24,Ibuprofen,Inconclusive
KIMbERLY hALE,61,Male,B-,Diabetes,2021-01-13,Justin Russell,Martin Group,Cigna,13074.22,147,Urgent,2021-02-05,Aspirin,Inconclusive
Dana WilLIAMsoN,46,Male,A+,Hypertension,2022-05-16,Daniel Thomas,and Sons Nelson,Aetna,10443.21,408,Elective,2022-05-31,Aspirin,Inconclusive
mr. GEORGe BROwN jr.,54,Male,AB-,Hypertension,2019-10-22,Emily Williamson,Ramirez-Hill,Blue Cross,20227.04,144,Emergency,2019-11-01,Aspirin,Abnormal
ALLEn cAmACho,41,Male,A+,Obesity,2019-08-09,Veronica Christian,Jackson-Butler,Medicare,38779.21,268,Emergency,2019-09-03,Paracetamol,Abnormal
NATHan woOdS,21,Female,O-,Asthma,2023-12-30,Monica Odonnell,Miller-Avila,Aetna,4561.66,357,Elective,2024-01-27,Lipitor,Abnormal
caTheriNe sMitH,38,Female,AB+,Diabetes,2022-07-11,Cody Berger,Reyes-Crawford,Medicare,1656.55,176,Elective,2022-08-03,Lipitor,Abnormal
JerRy leE,75,Male,AB+,Obesity,2020-09-19,Jeffrey White,Marshall-Smith,Aetna,28463.86,200,Emergency,2020-10-06,Penicillin,Inconclusive
AlexaNder COLEMan,44,Male,B+,Cancer,2019-09-06,Stacey Burgess,"and Peterson Matthews Robinson,",UnitedHealthcare,5268.69,142,Urgent,2019-09-07,Ibuprofen,Inconclusive
dAvid JENSEN,23,Male,O-,Obesity,2019-11-22,Ethan Spencer,Nelson PLC,Cigna,24011.7,442,Emergency,2019-12-22,Paracetamol,Inconclusive
DeBORAH EVaNs,45,Female,B-,Cancer,2020-07-22,Jonathan Baker,Perez-Mitchell,Medicare,18467.08,177,Elective,2020-07-24,Penicillin,Abnormal
ALEXaNdRIa coLon,58,Male,B+,Cancer,2022-03-01,Tonya Burton,"Gross, Thompson Smith and",Aetna,3782.74,134,Urgent,2022-03-19,Paracetamol,Abnormal
sAMUEL HANSOn,34,Male,B-,Diabetes,2023-03-01,Phillip Campos,"Burch, Moore and Thompson",Aetna,11921.66,355,Urgent,2023-03-21,Ibuprofen,Inconclusive
BryaN phILliPS,54,Female,B+,Obesity,2021-04-22,Billy Rodgers,Hamilton Group,Cigna,16725.98,361,Urgent,2021-05-11,Lipitor,Abnormal
naThaN wileY,29,Female,A+,Obesity,2020-09-23,Sherri Campbell,Shaw LLC,Cigna,39700.82,421,Urgent,2020-09-25,Paracetamol,Inconclusive
ALiShA muRpHy,54,Female,A+,Cancer,2023-01-08,Alex Neal,"and Day, Lewis Coleman",Medicare,2568.01,136,Emergency,2023-01-19,Lipitor,Abnormal
AMANdA lUcEro,46,Male,AB-,Asthma,2022-08-17,Mark Martin,Stone-Perez,Medicare,15242.39,203,Elective,2022-09-08,Paracetamol,Abnormal
SHeIla SelLErs,35,Female,AB+,Hypertension,2021-06-15,James Smith,Ltd Foley,UnitedHealthcare,31054.05,114,Urgent,2021-06-25,Lipitor,Normal
sUSaN Chan,58,Female,AB+,Obesity,2024-03-01,Amber Walker,Ward-Mayer,Blue Cross,49118.59,114,Urgent,2024-03-20,Lipitor,Inconclusive
AnGEL MiTChelL,36,Female,AB+,Hypertension,2023-12-11,Laura Pena,and Martinez Sons,Medicare,3235.58,146,Elective,2024-01-08,Aspirin,Normal
DARleNE cohEN,80,Female,B+,Arthritis,2022-05-04,Tracy Wilson,Group Anderson,Medicare,26052.02,379,Elective,2022-05-05,Aspirin,Abnormal
KrIStY ONeILl,43,Male,A-,Arthritis,2021-12-01,Michelle Cox,"Garcia, and Marshall Maxwell",Blue Cross,11095.4,288,Emergency,2021-12-29,Paracetamol,Inconclusive
sHErrI gArCia,47,Female,B+,Hypertension,2021-09-21,Marie Reed,Inc Martinez,Aetna,10725.83,355,Elective,2021-10-10,Ibuprofen,Abnormal
MIChaEL wEber,49,Female,B-,Hypertension,2020-03-20,Philip Vaughn,"Mcmahon Ortiz, Owens and",UnitedHealthcare,30038.28,424,Elective,2020-04-09,Ibuprofen,Abnormal
BETh sChwaRTZ,58,Male,AB-,Asthma,2024-03-29,Kyle Montes,Williams-Saunders,UnitedHealthcare,49446.46,108,Emergency,2024-04-16,Lipitor,Abnormal
cYnTHIA cLARKE,40,Female,AB-,Obesity,2024-03-12,Mr. Ronald Hoover,Spencer Ltd,Cigna,5315.71,258,Emergency,2024-03-25,Penicillin,Abnormal
MArK GiLES,44,Male,A-,Cancer,2022-03-21,Daniel Hurley,Mathis-Schwartz,Blue Cross,13928.28,113,Emergency,2022-04-06,Penicillin,Inconclusive
TAmara beltRaN,38,Male,A+,Diabetes,2020-07-23,Nicole Young,Romero-Ramsey,Aetna,2744.41,162,Emergency,2020-08-09,Ibuprofen,Abnormal
JOsEpH guTierReZ,82,Male,A+,Obesity,2024-03-10,Christopher Mills,Avery and Sons,Cigna,27512.91,442,Emergency,2024-04-07,Aspirin,Normal
JAmiE jimeNEZ,71,Male,A-,Arthritis,2020-03-15,Richard Webster,Ltd Richardson,Blue Cross,35854.09,172,Urgent,2020-03-29,Lipitor,Abnormal
chARles MUrPHY,42,Male,A+,Diabetes,2021-05-10,David Soto,and Sons Williams,Cigna,2784.02,241,Urgent,2021-05-16,Penicillin,Abnormal
CArLOS lOPEz,38,Female,O+,Diabetes,2020-12-29,Michael Paul,Carter-Reyes,UnitedHealthcare,2547.91,322,Elective,2021-01-07,Penicillin,Inconclusive
joHnnY IrWIN,84,Male,B-,Arthritis,2020-03-23,Robert Gregory,LLC Gray,Aetna,29992.54,456,Urgent,2020-03-29,Aspirin,Normal
SCOTT wERNeR,64,Female,O-,Hypertension,2023-07-13,Ashley Lane,"Gonzalez Anderson Jacobson, and",Aetna,4018.02,415,Emergency,2023-07-25,Ibuprofen,Abnormal
TeRRi stEWart,57,Female,AB-,Asthma,2023-07-20,Jennifer Brown,"Miller Massey Lopez, and",Aetna,20508.59,261,Urgent,2023-08-02,Ibuprofen,Inconclusive
dAVId DaviS,54,Male,B+,Diabetes,2020-02-14,Kristen Aguirre,"Taylor Walsh Hawkins, and",Blue Cross,25648.04,424,Urgent,2020-03-01,Paracetamol,Normal
StEpheN HaRRIS,44,Male,B-,Arthritis,2023-05-28,Kathryn Trevino,LLC Brown,Blue Cross,19691.42,264,Elective,2023-06-22,Aspirin,Inconclusive
briDgeT Adams,78,Female,B-,Cancer,2022-06-12,Amanda Ramos,Nelson-Wong,Cigna,10311.94,211,Urgent,2022-06-27,Penicillin,Inconclusive
MIchAEL MortON,63,Female,A+,Cancer,2023-12-12,Mr. William Decker,LLC Berry,Medicare,17733.95,114,Elective,2023-12-13,Lipitor,Normal
MIchElLE LIU,66,Female,B-,Hypertension,2023-11-06,Michael Grant,Anderson-Jenkins,Cigna,10521.47,288,Emergency,2023-11-12,Lipitor,Inconclusive
ReGina bRIght,75,Male,AB-,Arthritis,2023-05-16,Megan Jones,Wells and Sons,Blue Cross,29910.91,400,Elective,2023-05-30,Penicillin,Abnormal
SaMuel decKEr,36,Male,O-,Diabetes,2022-10-12,Mr. Andrew Hall Jr.,"Allen, Williams and Phillips",Cigna,26612.01,377,Elective,2022-10-14,Aspirin,Normal
pAuL wRiGHt,18,Female,AB+,Diabetes,2023-12-30,Joseph Hernandez,Gonzalez-Cummings,Aetna,25858.44,324,Elective,2024-01-14,Penicillin,Normal
brIAN OlSOn,49,Male,B+,Hypertension,2024-02-26,Bryan Brock,"and Richardson Webster Smith,",Aetna,22069.6,142,Elective,2024-03-09,Paracetamol,Normal
TRaCEy harRiSOn,22,Female,B+,Asthma,2021-11-07,Austin Henderson,Hudson-Flores,Cigna,43117.66,458,Emergency,2021-11-26,Penicillin,Abnormal
ERiKa joHNsoN,72,Female,B+,Hypertension,2020-02-03,Jessica Bruce MD,Inc Rios,Cigna,3718.55,304,Urgent,2020-02-04,Aspirin,Normal
PEteR CuNnInghAm,46,Female,B+,Arthritis,2019-07-05,Kenneth Green,PLC Thompson,Blue Cross,18788.14,267,Emergency,2019-07-20,Lipitor,Inconclusive
sIErrA whITe,50,Male,O-,Asthma,2021-11-13,Shelley Garcia,"Rosario Wells, Roberts and",Cigna,39089.87,466,Urgent,2021-11-23,Penicillin,Abnormal
eDdIe rUSsO dVm,61,Male,B+,Diabetes,2019-08-15,Justin Douglas,Ramirez-Taylor,Blue Cross,47594.47,145,Elective,2019-09-09,Paracetamol,Abnormal
yvEtte tuRnER,40,Male,O+,Asthma,2023-07-19,William Faulkner,Murphy-Mason,Aetna,19261.51,203,Emergency,2023-08-14,Paracetamol,Normal
jameS cHArLes,34,Male,A-,Diabetes,2023-04-06,Stephanie Davis,"Edwards Johnson, and Burgess",Medicare,6578.03,162,Emergency,2023-05-06,Ibuprofen,Inconclusive
ALexis ALlEn,71,Female,AB+,Arthritis,2019-10-08,Ronald Parker,LLC Spears,Blue Cross,38435.45,340,Elective,2019-10-28,Penicillin,Abnormal
stephAnIe martIN,61,Male,A+,Obesity,2020-08-10,Kevin Tucker,Perez-Smith,Aetna,29810.05,346,Emergency,2020-09-06,Penicillin,Normal
SHelBy AndeRson,24,Male,A+,Asthma,2019-09-26,Katrina Allen,and Sons Mcbride,Blue Cross,4808.82,415,Emergency,2019-10-14,Ibuprofen,Normal
aBIGail FarmEr,28,Male,O+,Cancer,2021-02-11,Alicia Lopez,Sons and Chapman,Cigna,38365.87,183,Urgent,2021-02-19,Lipitor,Abnormal
chrIStINa MiLLER,21,Female,O+,Arthritis,2019-09-05,Stephen Lopez,Cole-Davila,Blue Cross,45540.1,394,Elective,2019-09-29,Lipitor,Inconclusive
MAtTHew wYAtt,40,Female,B+,Asthma,2021-03-01,Alexandra Sims,"Pearson, and Lynch Oconnor",Cigna,31444.09,124,Urgent,2021-03-20,Penicillin,Abnormal
dAvID MOnTOYa,57,Male,A-,Cancer,2024-04-19,Andrea Lee,Rivera-Peck,Medicare,37194.26,278,Urgent,2024-05-14,Ibuprofen,Abnormal
eRic ParK,47,Female,AB+,Cancer,2023-04-27,Olivia Anderson,Hess-White,Blue Cross,12422.76,355,Elective,2023-05-03,Lipitor,Normal
lOrI trEVinO,59,Male,O+,Cancer,2022-07-06,Michelle Barnett,"Fox and Moreno Williams,",Aetna,8024.41,451,Elective,2022-07-26,Aspirin,Inconclusive
dWaYNe CASTIllO,33,Female,O-,Arthritis,2020-10-31,Johnathan Mcmahon,Johnson-Estrada,Blue Cross,13034.08,300,Urgent,2020-11-18,Penicillin,Normal
kRIStInE mcCALl,58,Female,B-,Cancer,2023-09-08,Deborah Lawson,Rivera-Mosley,Cigna,37903.29,421,Elective,2023-09-22,Lipitor,Normal
jOsepH SelLeRs,39,Female,O-,Cancer,2022-11-20,Diana Boyd,"Diaz Smith Johnson, and",Blue Cross,45913.17,398,Emergency,2022-12-19,Paracetamol,Abnormal
dR. DONalD AndersON,30,Male,O-,Arthritis,2020-07-04,Crystal Ritter,Harris-Ingram,UnitedHealthcare,30468.26,378,Emergency,2020-08-02,Lipitor,Normal
VicToRiA WiLLiAMS,27,Male,B+,Asthma,2023-06-24,Carla Mcneil,and Esparza Sons,Blue Cross,50202.21,198,Urgent,2023-07-13,Aspirin,Abnormal
anna jONEs,39,Female,O-,Hypertension,2020-10-06,Peggy Nunez,Hunt Sons and,Cigna,2104.38,260,Elective,2020-10-14,Penicillin,Normal
mR. RobeRT DaVIS,76,Female,B+,Cancer,2023-03-16,Kenneth White,LLC Hernandez,Aetna,43206.22,441,Emergency,2023-04-02,Aspirin,Inconclusive
jeFfrEY HALl,62,Male,O-,Arthritis,2019-09-16,Leonard Alvarez,Perez-Smith,Blue Cross,10622.28,199,Urgent,2019-09-21,Lipitor,Abnormal
tERrY GRAvEs,71,Male,O-,Asthma,2021-04-10,Henry Rogers,"Foster Lamb, Graham and",Medicare,10659.61,170,Elective,2021-04-18,Ibuprofen,Abnormal
JErome MorAles,67,Male,B-,Diabetes,2019-07-21,George Smith,Sanchez LLC,Cigna,10919.11,288,Elective,2019-08-17,Penicillin,Normal
kEith ROdRiGuez,34,Female,A+,Cancer,2021-12-14,Anthony Anderson,Fox-Anthony,Medicare,8407.49,425,Urgent,2021-12-21,Ibuprofen,Abnormal
tAmARA davENpOrT,31,Male,O-,Cancer,2023-09-19,Meghan Bailey,"Fuentes Knight, Sandoval and",Aetna,32926.23,459,Emergency,2023-10-16,Lipitor,Inconclusive
JOnatHAN SiMON,25,Male,A-,Cancer,2024-01-27,Jason Phillips,Hudson-Williams,Aetna,48004.97,416,Emergency,2024-02-26,Paracetamol,Normal
HolLY ARMsTrOnG,33,Female,O-,Arthritis,2020-04-03,Bailey Ibarra,"Lowery, Dunn Anderson and",Cigna,28452.78,180,Elective,2020-05-03,Aspirin,Inconclusive
rONaLd bAnKs,61,Female,AB+,Hypertension,2020-04-16,Kelsey Simpson,Mullen-Hernandez,Medicare,20651.61,470,Urgent,2020-04-22,Aspirin,Abnormal
rYAn BRadforD DDS,42,Female,O+,Hypertension,2019-08-23,Sarah Guerra,"Herman, Liu and Hill",Cigna,31822.73,370,Emergency,2019-09-05,Lipitor,Abnormal
jaNICE hAlL,44,Male,AB-,Diabetes,2021-07-01,Tony Matthews,"Davis White, Flores and",UnitedHealthcare,21856.74,482,Elective,2021-07-23,Paracetamol,Inconclusive
JaCOB mcDOnaLD,18,Female,B+,Obesity,2022-08-21,David Gonzalez,Williams-Jones,Medicare,45326.91,260,Emergency,2022-09-04,Ibuprofen,Abnormal
GlENN maSSeY,51,Male,A-,Cancer,2020-08-06,Michael Villanueva,Inc Holloway,UnitedHealthcare,25152.29,103,Emergency,2020-08-26,Lipitor,Abnormal
SAndrA mURray,26,Female,AB+,Diabetes,2022-01-16,Alan Cain,"Phillips Jones and Wu,",Cigna,37544.8,430,Elective,2022-02-10,Lipitor,Inconclusive
maRK wiLLIaMs,44,Male,O-,Diabetes,2021-08-02,Melissa Turner,"Wilson and Lopez, Molina",UnitedHealthcare,35487.51,190,Urgent,2021-08-04,Penicillin,Abnormal
stEPHAnie rEid dvm,56,Female,AB+,Obesity,2020-03-17,Alexander Robles,Jones-Garrett,Blue Cross,2076.33,265,Emergency,2020-04-13,Aspirin,Inconclusive
sEth BArTleTt ii,24,Male,AB+,Obesity,2020-07-23,Joseph Carr,"and Brown, James Green",Medicare,35312.3,314,Emergency,2020-08-03,Penicillin,Normal
jerEmY rIcH,39,Male,O-,Hypertension,2022-07-22,David Poole,"Meadows and Nelson, Owen",Cigna,13869.79,314,Urgent,2022-07-24,Aspirin,Abnormal
eLIZAbeTh MiLLEr,53,Male,O-,Hypertension,2020-08-08,Cynthia Thomas,Sons and Gallegos,Aetna,36107.4,363,Emergency,2020-08-21,Ibuprofen,Normal
ErIn MaRtiN,21,Male,O-,Asthma,2023-09-29,Rebecca Reed,Davis Group,Blue Cross,41208.17,359,Emergency,2023-10-06,Paracetamol,Normal
FRaNK HESS,82,Female,B-,Cancer,2022-01-05,Steven Boyle,Herrera Group,Aetna,14292.07,420,Urgent,2022-01-08,Ibuprofen,Abnormal
pAul Rogers,61,Female,AB-,Cancer,2020-06-22,Bryan Wu,Juarez-Weiss,Aetna,17722.96,221,Emergency,2020-07-20,Ibuprofen,Abnormal
JEnNiFEr edWArDS,59,Female,AB-,Obesity,2019-10-26,James Quinn,Dawson-Jones,Aetna,21125.32,264,Elective,2019-10-29,Lipitor,Normal
BRian halL,51,Female,O+,Arthritis,2024-02-21,Ryan Rich,Hickman Group,UnitedHealthcare,5164.55,470,Urgent,2024-03-19,Paracetamol,Abnormal
kIMbERly WILLIamS,43,Male,AB+,Hypertension,2023-01-07,James Robinson,Herman-Ewing,UnitedHealthcare,2162.61,256,Emergency,2023-01-08,Ibuprofen,Abnormal
IsAaC MENdeZ,79,Male,B+,Cancer,2023-09-21,Edwin Sparks,Gutierrez Inc,Blue Cross,2675.23,389,Emergency,2023-10-01,Penicillin,Normal
SarAh SmitH,79,Female,B-,Arthritis,2022-12-07,Tyler Parsons,Hurley-Gill,Aetna,44918.32,217,Emergency,2022-12-21,Lipitor,Abnormal
dAniEl Wolf,49,Male,O+,Obesity,2022-12-13,Kirk Rich II,Dillon PLC,Medicare,6327.8,371,Emergency,2022-12-28,Aspirin,Abnormal
RobeRT RoSS,68,Female,O-,Hypertension,2022-11-16,Andrew Neal,"Murphy, and Garcia Jones",Blue Cross,29526.32,384,Elective,2022-11-21,Aspirin,Inconclusive
DOuglAS fosTEr,69,Female,O+,Asthma,2019-06-19,Susan Silva,Ramsey-Thomas,Medicare,38989.53,165,Elective,2019-07-17,Penicillin,Inconclusive
LOuIS LoWERY,49,Female,B+,Obesity,2023-01-29,Lynn York,Miller and Sons,Blue Cross,33395.1,490,Emergency,2023-02-18,Ibuprofen,Normal
JESsICA Tyler,27,Female,O-,Cancer,2023-11-30,Ellen Bush,"Chung Herrera, and Pollard",Cigna,20258.78,491,Elective,2023-12-12,Paracetamol,Abnormal
wiLLiAm davIES,73,Male,A+,Obesity,2021-03-26,Anthony Smith,"and Hernandez Waters, Cruz",Medicare,43050.83,340,Urgent,2021-04-20,Penicillin,Abnormal
JeSSICA rEyeS,42,Female,AB+,Diabetes,2021-08-21,Mary Schwartz,Schmidt Sons and,Cigna,37284.05,283,Elective,2021-09-03,Paracetamol,Abnormal
dAnIEl JoneS,59,Female,O-,Cancer,2024-01-03,Victoria Osborne,"and Carroll Orr Kelly,",Blue Cross,42434.78,494,Urgent,2024-01-25,Lipitor,Abnormal
PAUla moRaLes,20,Female,A+,Hypertension,2024-03-23,Regina Glass,"Smith and Rose Rivera,",UnitedHealthcare,38570.13,487,Emergency,2024-04-21,Penicillin,Abnormal
DAvId spEArS,61,Female,A+,Cancer,2022-12-03,Craig Ray,Odonnell-Watts,Medicare,22108.97,334,Emergency,2022-12-10,Paracetamol,Inconclusive
ScoTT bErRY,50,Male,B+,Asthma,2021-09-25,Carlos Steele,Inc Roberts,UnitedHealthcare,40783.15,366,Urgent,2021-10-23,Penicillin,Inconclusive
dAltON NGuYEN,29,Female,B-,Asthma,2020-08-23,Michael Pugh,LLC Chaney,Cigna,28296.18,490,Emergency,2020-08-26,Ibuprofen,Normal
SCoTT clARK,44,Male,B+,Asthma,2020-09-18,Mark Mccarthy,"Hutchinson, Wilson Daniel and",Cigna,46950.58,384,Elective,2020-10-16,Penicillin,Inconclusive
JaMIE bAKEr,37,Female,AB+,Diabetes,2022-08-01,Shane Green,Davis-Martin,UnitedHealthcare,41548.15,157,Elective,2022-08-30,Lipitor,Inconclusive
couRTnEy pAtrick,79,Female,AB-,Hypertension,2020-01-11,Hayley Payne,"and Thompson Cook Wiggins,",Cigna,43277.56,214,Urgent,2020-01-25,Penicillin,Inconclusive
wILLiAm waRE,18,Male,AB+,Hypertension,2020-10-16,Christopher Sharp,Baldwin PLC,Cigna,41248.13,125,Elective,2020-10-17,Lipitor,Abnormal
AmBer andeRSoN,25,Female,A+,Cancer,2024-04-29,Joseph Chandler,Heath-Brown,UnitedHealthcare,6162.35,332,Emergency,2024-05-19,Aspirin,Inconclusive
caSey joHNson,64,Female,O+,Cancer,2022-07-05,Brandi Elliott,"Mendez, and Smith Munoz",Blue Cross,45208.34,243,Urgent,2022-07-06,Lipitor,Abnormal
ZAcHaRY ColLins,23,Male,B+,Diabetes,2019-08-27,Brian Fox,Inc Daugherty,Aetna,36324.52,377,Emergency,2019-09-15,Paracetamol,Normal
ZACHArY rEed,57,Male,A-,Hypertension,2024-03-10,Paul Coleman,Gonzalez LLC,Medicare,46084.67,224,Urgent,2024-03-22,Penicillin,Abnormal
CHRisTOPHer wEiss,49,Female,AB-,Asthma,2023-02-16,Kelly Thompson,Hunter-Hughes,Aetna,-1018.25,204,Elective,2023-03-09,Penicillin,Inconclusive
CHArleS sTrong,49,Female,O-,Diabetes,2024-04-25,Corey Perez,"and Woods, Rodriguez Williams",Aetna,6657.35,415,Elective,2024-05-14,Penicillin,Abnormal
kathErINE KeLLY,65,Female,B-,Asthma,2023-09-25,Blake Phillips,Lowery-Howard,UnitedHealthcare,39357.46,409,Urgent,2023-10-13,Lipitor,Normal
chrIstOPhEr heNdERSon,59,Female,AB-,Arthritis,2022-09-12,Nicole Phelps,Colon-Leon,Cigna,23154.64,418,Emergency,2022-09-21,Aspirin,Normal
jOsEPh bROWn,82,Male,O+,Diabetes,2019-06-30,Lorraine Powers,Boyle-Woods,UnitedHealthcare,6653.59,449,Emergency,2019-07-22,Penicillin,Normal
josEpH SAncHEz,31,Male,B-,Diabetes,2023-02-12,Michael Colon,"and Graham Morris, Gonzales",Cigna,15327.74,397,Urgent,2023-02-27,Penicillin,Inconclusive
KYle pEREz,63,Female,AB-,Obesity,2020-01-23,Taylor Sullivan,Tucker-Moyer,Cigna,31457.8,316,Elective,2020-02-01,Aspirin,Normal
EdUaRdO hOuSTOn,78,Male,AB+,Asthma,2022-11-25,Natalie Howell,Sons and Stephenson,Aetna,21875.08,137,Elective,2022-12-11,Penicillin,Inconclusive
lORi roACh,25,Female,A+,Diabetes,2021-02-10,Lonnie Duncan,Hernandez PLC,Aetna,49635.31,138,Elective,2021-02-17,Lipitor,Normal
ErIc bUtleR,66,Male,AB-,Cancer,2023-01-30,Bruce Rivera,Dougherty Group,Medicare,41413.81,323,Emergency,2023-02-27,Ibuprofen,Inconclusive
jEfFREY bROWn,58,Male,O+,Arthritis,2019-08-24,Jordan Shannon,"Morgan Zimmerman, Matthews and",Aetna,16352.59,478,Urgent,2019-09-17,Aspirin,Normal
ThOmAs hAAS,28,Female,A+,Arthritis,2024-02-05,Cindy Jones,Jimenez-Huff,UnitedHealthcare,1805.52,205,Urgent,2024-02-06,Penicillin,Normal
kelLY tURner,18,Female,O+,Arthritis,2021-08-30,Reginald Mckinney,Stevenson-Chen,Blue Cross,38363.26,286,Emergency,2021-09-25,Penicillin,Inconclusive
lANce SiMPsOn,46,Female,B+,Asthma,2022-01-07,Tiffany Hunt,Parker-White,Cigna,32746.56,416,Urgent,2022-01-25,Ibuprofen,Normal
jeffrey GReeN,44,Male,AB+,Arthritis,2023-09-08,Frank Pierce,"Vang Schneider and Torres,",Cigna,36649.32,114,Elective,2023-10-06,Aspirin,Inconclusive
ErIc cOLlInS,52,Female,B+,Cancer,2021-10-07,Olivia White,Booth-Williams,UnitedHealthcare,3288.13,215,Elective,2021-10-10,Paracetamol,Abnormal
brIanNa wiLlIaMs,24,Female,B+,Cancer,2020-02-29,Laura Hill,Gray-Black,UnitedHealthcare,32993.49,151,Urgent,2020-03-17,Lipitor,Normal
RoBerT gRavEs,53,Male,A+,Obesity,2019-08-06,Angela Rogers,Johnson-Garcia,UnitedHealthcare,3338.22,362,Emergency,2019-09-03,Lipitor,Normal
CINDy wiLLIamS,46,Female,A-,Obesity,2019-08-06,James Smith,"Salinas Terrell Villanueva, and",Blue Cross,21401.52,292,Urgent,2019-08-09,Penicillin,Abnormal
VIcToR sULLivan,72,Female,O+,Asthma,2021-12-06,Brian Cooper,Phelps Group,Blue Cross,35828.32,248,Emergency,2021-12-12,Aspirin,Inconclusive
Frank SCotT,54,Female,A-,Asthma,2020-05-19,Jonathan Jimenez,"Harrison and Erickson, Barnett",UnitedHealthcare,14171.99,297,Elective,2020-06-11,Paracetamol,Inconclusive
Mark BRaDShaw,73,Male,AB+,Hypertension,2019-12-27,Ashley Bishop,Fischer Ltd,Medicare,30283.17,311,Emergency,2019-12-29,Lipitor,Abnormal
JeSSicA duNn,69,Female,AB-,Cancer,2022-06-04,Charles Harris,Rhodes-Kelly,Cigna,31419.12,201,Urgent,2022-06-13,Penicillin,Normal
KELsEy foX,32,Male,O+,Diabetes,2023-01-18,Brandon Richardson,"Tate Pierce and Jackson,",Aetna,23734.85,394,Emergency,2023-02-03,Penicillin,Normal
MarY RICE,29,Male,B+,Diabetes,2023-07-25,Shane Wong,Inc Daniel,Aetna,45417.64,167,Elective,2023-07-28,Lipitor,Inconclusive
RACHeL jaCKSON,82,Female,A+,Arthritis,2020-07-17,Michael Oliver,"and Roberson Lee Young,",Blue Cross,12822.78,356,Urgent,2020-08-09,Lipitor,Inconclusive
leah FRederICk,19,Male,O-,Obesity,2023-02-03,John Cooper,Giles-Miller,Aetna,25856.22,441,Emergency,2023-02-23,Lipitor,Abnormal
COnnOr ODoNNell,63,Male,A-,Arthritis,2021-11-27,Daniel Freeman,"Martinez, and Snyder Hill",UnitedHealthcare,10443.68,125,Elective,2021-12-08,Penicillin,Normal
clAUdIa DoWNS,38,Male,A-,Hypertension,2020-08-18,Adriana Gould,Barber-Page,Blue Cross,40606.46,496,Emergency,2020-08-24,Paracetamol,Inconclusive
wIlliaM LaNG,74,Male,B+,Diabetes,2019-07-06,Amanda Hall,"and Hess Delgado Foster,",Medicare,32535.45,359,Emergency,2019-08-02,Lipitor,Normal
LIsA MORAn,38,Male,B-,Asthma,2024-02-17,Michael Mcbride,Johnson-Holland,UnitedHealthcare,34557.29,174,Emergency,2024-02-19,Lipitor,Normal
rUBeN BUrTOn,53,Male,AB-,Arthritis,2021-09-06,Deborah Wise,"and Gonzales Dunn, Camacho",Aetna,35116.71,142,Emergency,2021-10-05,Paracetamol,Normal
bRANdon sMith,36,Male,AB+,Diabetes,2021-12-17,Ronald Edwards,"Rodriguez Diaz Daugherty, and",Blue Cross,28270.3,119,Elective,2022-01-07,Ibuprofen,Inconclusive
jeSSiCa MURPHY,67,Female,A+,Arthritis,2022-09-20,Raymond Bowen,Rowland-Abbott,Blue Cross,47734.99,143,Emergency,2022-10-07,Aspirin,Abnormal
miSty wiLLIamS,63,Male,AB-,Asthma,2021-12-13,Jill Bailey,"Murphy, Reid Knox and",Cigna,19176.26,452,Elective,2021-12-20,Penicillin,Inconclusive
brAndY GEORGE,39,Male,A+,Arthritis,2021-10-12,Jennifer Pope,Ryan-Mcneil,Blue Cross,8731.48,219,Emergency,2021-10-27,Ibuprofen,Normal
ANDrea Buck,55,Male,O-,Asthma,2023-08-08,Taylor Craig,"Ramos Miller and Moore,",Medicare,19249.69,107,Emergency,2023-08-21,Aspirin,Abnormal
STephanIE bUrKE,80,Male,AB-,Obesity,2019-11-15,Kristy Waters,Sons Cherry and,Aetna,22758.64,170,Elective,2019-12-13,Aspirin,Inconclusive
STEPHaNiE moON,18,Female,B-,Asthma,2021-12-17,Elizabeth Blevins,Cook LLC,Blue Cross,20929.07,135,Emergency,2021-12-26,Aspirin,Normal
sHaRON joHnsON,41,Male,O+,Cancer,2022-11-08,Janice Jones,Phillips Ltd,Cigna,3899.86,234,Emergency,2022-11-11,Penicillin,Abnormal
MaTtHeW haLEY,81,Male,A+,Arthritis,2020-02-24,Joann Anderson,"Oliver Griffin Johnson, and",Blue Cross,19698.0,279,Elective,2020-03-16,Paracetamol,Abnormal
SaBRInA May,66,Female,O+,Asthma,2022-05-28,Christine Mejia,Gregory Group,Aetna,34060.27,111,Elective,2022-06-22,Lipitor,Inconclusive
melindA aUstiN,44,Male,A+,Hypertension,2022-09-03,Pamela Reed,"and Camacho Thomas Malone,",UnitedHealthcare,40367.63,317,Elective,2022-09-30,Aspirin,Inconclusive
angElA MonTgOmery,81,Female,AB-,Arthritis,2020-04-07,William Holmes,LLC Smith,Cigna,3638.25,125,Emergency,2020-04-30,Aspirin,Abnormal
VAnessA MaRTiN,77,Male,O+,Arthritis,2019-08-25,Heather Bowman,"Cunningham Andrade and Butler,",Cigna,46134.93,107,Elective,2019-09-04,Aspirin,Inconclusive
gABriel steVEnS,62,Male,B-,Obesity,2021-05-28,Brittany Burns,Curtis-Lin,Medicare,14549.49,286,Urgent,2021-06-09,Penicillin,Abnormal
MichAEL wOLfE,78,Male,O+,Cancer,2024-02-25,Amber Carpenter,Ltd Smith,Aetna,30549.65,314,Emergency,2024-03-08,Paracetamol,Inconclusive
bROokE TorreS,70,Male,O+,Diabetes,2019-09-08,Kimberly Castaneda,Inc Sanchez,Medicare,13666.18,331,Elective,2019-09-09,Lipitor,Normal
vicTOr DUKE,33,Male,B-,Asthma,2023-05-25,Jessica Vasquez,"Rice, Cooper Rivera and",Aetna,45199.27,388,Elective,2023-05-29,Lipitor,Abnormal
josepH gaRrETt,56,Female,AB-,Arthritis,2023-07-11,Joseph Robinson,Garcia LLC,Medicare,20514.4,214,Elective,2023-08-01,Ibuprofen,Abnormal
kARa lI,38,Male,A+,Cancer,2024-03-20,Travis Morales,Bell Ltd,Blue Cross,47700.54,303,Emergency,2024-04-05,Penicillin,Normal
jUan kEllEy,33,Male,AB+,Hypertension,2021-11-05,Carrie Montes,"Hogan, Young Holmes and",Medicare,2462.21,329,Urgent,2021-11-06,Paracetamol,Inconclusive
sHawNA rUsseLl,25,Male,O-,Hypertension,2023-08-27,Alexander Walters,Vazquez-Sanchez,Aetna,31401.5,265,Urgent,2023-08-28,Lipitor,Inconclusive
LOrI LawREnce,66,Female,B-,Obesity,2022-05-26,Justin Paul,Mcintyre Ltd,UnitedHealthcare,20749.86,179,Elective,2022-05-30,Paracetamol,Inconclusive
WhItney jonES,47,Male,B+,Hypertension,2021-09-13,Curtis Fox,"White Roberts and Lee,",Blue Cross,47297.42,389,Emergency,2021-09-16,Lipitor,Normal
JOE DaVila,53,Female,O-,Obesity,2024-03-10,Theresa Harrison,"Simpson Espinoza, and Thompson",Aetna,26223.17,122,Urgent,2024-03-15,Penicillin,Normal
lISa KELlEr,37,Male,AB+,Asthma,2022-09-26,Mark Maynard,and Moore Sons,Cigna,35821.65,230,Urgent,2022-10-24,Paracetamol,Normal
jOrdAN BUSh,56,Male,A-,Arthritis,2019-12-26,Randy Graham,"and Mclaughlin Powers Stevens,",Medicare,21633.33,111,Elective,2019-12-27,Paracetamol,Inconclusive
BrEnDA yU,51,Male,A-,Arthritis,2021-01-18,Michael Jenkins,"and Anderson, Porter Becker",Blue Cross,39448.89,124,Elective,2021-02-11,Aspirin,Inconclusive
JASmine sHort,40,Female,O-,Cancer,2021-02-23,Amy Johnson,Bailey-Hunt,Medicare,8867.75,302,Emergency,2021-03-20,Lipitor,Inconclusive
Tamara LEonArd,56,Female,AB+,Arthritis,2020-03-15,Timothy Wagner,"King and Bryant Olsen,",Cigna,5571.24,192,Elective,2020-03-22,Paracetamol,Normal
keVIN wong,76,Male,A+,Asthma,2019-09-22,Kara Stevens,"Watson Johnson Joseph, and",Aetna,13014.33,108,Emergency,2019-09-28,Aspirin,Abnormal
LIsa LopeZ,81,Male,AB+,Obesity,2023-12-07,David Keller,Group Evans,Aetna,27828.94,226,Emergency,2023-12-13,Ibuprofen,Abnormal
jUSTiN VArgAs,84,Female,O-,Arthritis,2020-07-01,Emily Sanders,"Collins Porter and Rodgers,",Aetna,36931.48,337,Elective,2020-07-09,Paracetamol,Normal
JoDy loPEZ,54,Male,O+,Obesity,2020-05-12,Chris Green,"and Goodwin, Hernandez Andrade",Medicare,41307.9,141,Elective,2020-05-17,Penicillin,Normal
JONaTHaN wOODs,40,Male,B+,Asthma,2022-08-29,Kurt Hamilton,Solomon PLC,Medicare,36632.32,476,Urgent,2022-09-10,Penicillin,Inconclusive
eMMa RAY,79,Male,O-,Cancer,2019-11-01,Richard Jones,Flores Sons and,Blue Cross,17658.47,461,Emergency,2019-11-19,Penicillin,Inconclusive
andrEa jOHNSon,52,Male,AB-,Cancer,2019-08-16,Brian Herrera,Lowe LLC,Blue Cross,10034.72,362,Emergency,2019-09-15,Paracetamol,Abnormal
waYnE SHArp,42,Male,B+,Diabetes,2021-02-28,Robert Perkins,"Lopez Keller, Williams and",Cigna,7383.38,395,Emergency,2021-03-14,Paracetamol,Normal
sHelby BLack,41,Male,A+,Asthma,2020-09-07,Peter Nunez,Brown-Wood,Blue Cross,28974.46,377,Elective,2020-09-30,Paracetamol,Normal
maRthA MARTiN,26,Male,A+,Arthritis,2024-02-16,Diane Richardson,Martinez-Davis,Blue Cross,4697.23,143,Elective,2024-02-28,Aspirin,Abnormal
amanDA wilSoN,76,Female,B+,Cancer,2021-01-16,Julia Monroe,Alexander-Oconnor,Cigna,41150.19,244,Elective,2021-01-27,Lipitor,Abnormal
JErEMy NGuyeN,29,Female,A+,Arthritis,2023-01-31,Michael Palmer,Carlson-Stone,Cigna,30324.45,156,Emergency,2023-02-14,Penicillin,Normal
eILEEN HaRRIs,19,Male,B-,Hypertension,2022-07-29,Hector King,"George Ward, and Clark",Medicare,33646.11,457,Emergency,2022-08-21,Penicillin,Normal
johN becKEr,30,Female,O-,Diabetes,2022-04-27,Michael Webster,Nicholson-Johnson,Cigna,46717.95,147,Urgent,2022-05-01,Penicillin,Inconclusive
FelICIa wILey,37,Female,O-,Asthma,2020-06-06,Christy Maxwell,PLC Carr,Aetna,49997.33,427,Elective,2020-06-22,Aspirin,Normal
JESsE JOneS,82,Female,AB-,Asthma,2019-11-02,Jorge Armstrong,Alexander-Middleton,Blue Cross,38397.02,316,Elective,2019-11-28,Penicillin,Abnormal
steVEN gleNn,84,Female,B+,Obesity,2022-09-12,Alexander Patterson,Horton-Martinez,UnitedHealthcare,10135.87,469,Urgent,2022-09-22,Paracetamol,Inconclusive
CAROLine sWanSoN,52,Female,A+,Arthritis,2021-01-10,Richard Rodgers,Group Schneider,Aetna,25685.63,260,Emergency,2021-01-25,Paracetamol,Abnormal
TERRy NiCHolson,75,Female,B-,Hypertension,2019-11-05,Jasmine King,PLC Obrien,Blue Cross,6007.69,426,Emergency,2019-11-08,Aspirin,Inconclusive
KelLy tHOmAS,30,Male,A+,Cancer,2021-02-17,Nancy Sutton,Ramos-Holt,Blue Cross,7609.44,404,Urgent,2021-03-07,Ibuprofen,Abnormal
stevEn McgeE,76,Male,A-,Diabetes,2023-06-04,Brittany Anderson,"Patterson and Peterson, Velazquez",Medicare,46287.05,451,Emergency,2023-06-27,Paracetamol,Inconclusive
sHeLleY waRE,56,Male,B-,Diabetes,2023-09-07,Heather Long,"Jensen and Jackson, Greene",Medicare,19204.92,131,Emergency,2023-10-06,Lipitor,Inconclusive
MELiSSA bRADY,65,Female,O-,Hypertension,2022-09-29,Amy Hawkins,Mathews-Lawrence,UnitedHealthcare,45019.03,237,Emergency,2022-10-09,Paracetamol,Abnormal
MArIA hAll,83,Female,A+,Obesity,2022-02-03,Victor Fowler,"Morales, Johnson and Carlson",Blue Cross,44581.15,374,Urgent,2022-02-08,Penicillin,Abnormal
AnDRE sMITh,43,Female,B+,Hypertension,2024-02-14,Sharon Hall,"Wilson, Ward Taylor and",Medicare,8726.7,164,Elective,2024-03-02,Penicillin,Inconclusive
KareN GOnZaleZ,84,Male,A+,Hypertension,2020-09-10,Jeffrey Arellano,Torres-Johnson,Cigna,41966.57,293,Urgent,2020-09-21,Ibuprofen,Inconclusive
ViNCENt SelLErS,84,Female,B+,Hypertension,2023-01-24,Mary Johnson,Inc Mcbride,Blue Cross,44255.33,102,Urgent,2023-01-27,Lipitor,Inconclusive
brANDon buRKe,77,Male,O-,Obesity,2021-10-01,Kimberly Key,"and Dunlap, Wright Mays",UnitedHealthcare,43644.34,298,Emergency,2021-10-23,Paracetamol,Abnormal
MR. MArK hANCocK,60,Male,O+,Arthritis,2021-06-05,Tara Lopez,Sullivan-Crosby,Blue Cross,45304.39,424,Elective,2021-06-11,Penicillin,Inconclusive
kenNETH PEReZ,48,Male,O+,Arthritis,2023-08-09,Angela Lara,"and Shaw, Davis Pollard",UnitedHealthcare,18891.92,274,Urgent,2023-08-26,Paracetamol,Inconclusive
MArtiN haNsEn,80,Female,B-,Asthma,2020-12-22,Laurie Brewer,Williams LLC,Aetna,18381.58,261,Urgent,2021-01-16,Ibuprofen,Normal
susAn bROWN,46,Male,A+,Hypertension,2022-06-21,Margaret Hensley DVM,Franklin Ltd,Cigna,42316.12,360,Elective,2022-07-10,Paracetamol,Inconclusive
niCOle ALVAraDO,38,Male,B-,Arthritis,2021-05-05,Adam Bowers,Galloway-Barnett,Medicare,15072.57,321,Elective,2021-05-15,Penicillin,Abnormal
JeSsicA RodRiGUeZ,72,Female,A-,Asthma,2024-04-20,Renee Odom,"Miller Olson, and Collins",Cigna,7380.73,124,Elective,2024-05-10,Aspirin,Normal
tiNA PriCE,70,Female,A+,Asthma,2022-06-13,Amanda Morris,"Wheeler and Miller Burch,",UnitedHealthcare,5936.36,117,Elective,2022-07-05,Lipitor,Abnormal
mR. jaCk wIlliS,46,Female,O+,Hypertension,2023-09-01,Gregory Oneill,Mercer-Booker,Cigna,7704.3,331,Emergency,2023-09-18,Penicillin,Abnormal
GreGoRY aDAMS,82,Male,AB+,Cancer,2020-03-14,Erika Smith,"and Burke Skinner Myers,",Blue Cross,12099.79,440,Urgent,2020-04-01,Penicillin,Normal
DAVId RObErtS,44,Female,A+,Hypertension,2022-06-05,Michelle Harmon,"and Parker, Stout Chase",Blue Cross,17202.9,308,Elective,2022-06-29,Ibuprofen,Inconclusive
COry PERry,34,Female,O+,Asthma,2019-12-19,Shane Russell,"Fernandez Harris, and Wilson",UnitedHealthcare,25275.94,475,Urgent,2020-01-16,Ibuprofen,Inconclusive
JeSsica BarrY,49,Male,A-,Hypertension,2020-12-06,Rhonda Miller,Young-Myers,Aetna,17002.3,194,Emergency,2020-12-09,Ibuprofen,Normal
cyNthIA thOmAs,44,Female,B+,Cancer,2019-05-13,Aaron Turner,Johnson PLC,Medicare,4794.75,382,Emergency,2019-06-10,Paracetamol,Inconclusive
sHannOn JOHnSOn,37,Male,A-,Hypertension,2023-01-17,Angela Anderson,"Barber Waters Castillo, and",Cigna,7241.2,316,Elective,2023-02-05,Penicillin,Normal
jUSTIn whITE,37,Male,AB-,Arthritis,2022-07-28,Caitlin Jackson,Jarvis-Craig,Aetna,45218.74,346,Elective,2022-08-16,Aspirin,Abnormal
reGINA sTewarT,58,Female,O+,Diabetes,2022-10-15,Jeremy Stout,Schneider-Patton,Cigna,32052.06,109,Urgent,2022-11-05,Ibuprofen,Abnormal
chelsEa FInLeY,20,Female,A+,Obesity,2020-05-25,Michele Warren,"Kane Porter and Robinson,",Medicare,30718.55,226,Elective,2020-06-06,Ibuprofen,Normal
emmA beNNeTt,43,Male,A-,Obesity,2021-02-13,Eric English,Archer Inc,UnitedHealthcare,51441.73,449,Urgent,2021-03-03,Aspirin,Abnormal
AlaN lEe,57,Female,AB-,Cancer,2023-05-31,Shirley Armstrong,Castaneda-Powell,Blue Cross,1821.35,379,Emergency,2023-06-25,Penicillin,Inconclusive
KatELYn MiLler,76,Male,AB+,Arthritis,2020-01-18,Mary Miller,"King, Williams and Terry",Aetna,23857.5,214,Urgent,2020-01-26,Paracetamol,Inconclusive
aManda morriS,53,Female,B-,Cancer,2020-08-19,Steve Anderson,Henry PLC,Cigna,4795.51,152,Urgent,2020-08-28,Penicillin,Abnormal
dAvID pRatt,45,Male,A-,Diabetes,2022-12-24,Candice Harris,"and Carpenter, Hernandez Chang",UnitedHealthcare,25500.71,415,Emergency,2023-01-22,Ibuprofen,Normal
MAtTheW cunnINGHAm,21,Female,O+,Asthma,2020-09-05,Rhonda Lucas,Santiago-Bush,Aetna,10837.61,261,Emergency,2020-09-25,Aspirin,Normal
bObBY CarSoN,64,Male,A-,Arthritis,2022-09-10,Cody Mcintyre,"Williams Hale and Summers,",Aetna,46836.71,234,Elective,2022-09-22,Paracetamol,Normal
meliNda WIlSOn,71,Male,AB-,Diabetes,2021-04-26,Scott Adams DDS,Ltd Carroll,UnitedHealthcare,11426.01,169,Emergency,2021-05-04,Aspirin,Abnormal
NancY HaNSEn,28,Female,O-,Diabetes,2024-01-20,Jason Dixon,"Stevenson, Harding and Woods",Cigna,20590.52,105,Urgent,2024-01-28,Penicillin,Normal
gReGoRY wALlS,79,Male,A-,Hypertension,2021-03-05,Larry Williams,Munoz Ltd,Aetna,28100.09,349,Emergency,2021-03-15,Lipitor,Normal
aMBer NiXoN,40,Male,O+,Arthritis,2020-12-27,Candice Gray,LLC Hernandez,Cigna,33188.93,107,Urgent,2021-01-23,Penicillin,Abnormal
KriStIn fRancO,50,Female,AB+,Asthma,2021-09-22,Michael Richardson,"Kidd Romero, and Douglas",UnitedHealthcare,47130.03,311,Urgent,2021-10-15,Lipitor,Abnormal
JEremIAH vAZQuEz,64,Female,B-,Cancer,2023-05-01,Megan Allen,and Cordova Sons,Cigna,20361.87,366,Urgent,2023-05-31,Lipitor,Abnormal
AnthONy SmITH,81,Male,O+,Obesity,2019-05-12,Jonathan Crawford,Garcia-Clark,Aetna,11229.76,425,Emergency,2019-05-23,Penicillin,Abnormal
vIcToRiA brADy,52,Female,O+,Hypertension,2021-02-22,Benjamin Cruz,Robinson Group,Medicare,6969.09,379,Emergency,2021-03-15,Penicillin,Normal
erIN cLaRk,76,Male,B+,Obesity,2022-03-10,Tracy Marks,"Hayes Ryan, and Martinez",Blue Cross,31405.58,103,Urgent,2022-03-18,Aspirin,Inconclusive
hEAtHer BOyLe,52,Male,B+,Obesity,2022-10-23,Nathan Benjamin,"Glover and Oneill Miller,",Cigna,22976.91,309,Emergency,2022-11-03,Aspirin,Abnormal
eLiZAbeTH ShEPPARd,77,Female,O-,Cancer,2024-03-13,Sara Cole,Diaz Inc,Aetna,32136.51,384,Emergency,2024-03-29,Penicillin,Inconclusive
roBErT boOne,81,Male,AB+,Hypertension,2019-08-06,Sara Warner,Martin-Nguyen,UnitedHealthcare,39313.89,448,Elective,2019-08-16,Lipitor,Normal
geoFFrEy DANiELs,36,Male,B-,Obesity,2020-09-15,Stanley Moreno,Roberts Inc,Cigna,5624.29,380,Emergency,2020-09-26,Paracetamol,Inconclusive
joHN khAn,72,Female,AB+,Cancer,2019-10-31,Nina Smith,"Riley, Grimes Ruiz and",Blue Cross,5823.05,219,Elective,2019-11-03,Lipitor,Inconclusive
ChrISTopheR aRmSTRoNg,70,Male,O-,Diabetes,2020-09-07,Justin Nguyen,Ltd Rogers,Aetna,11628.62,332,Urgent,2020-09-19,Lipitor,Inconclusive
JeNNiFER lopez,44,Female,O-,Arthritis,2021-08-27,Michele Ramos,Gomez Inc,Medicare,8104.67,174,Elective,2021-09-24,Lipitor,Inconclusive
mELISSa ROBerTson,81,Female,A-,Arthritis,2019-12-21,James Harris,PLC Mack,Cigna,12093.09,246,Emergency,2020-01-15,Aspirin,Inconclusive
KAren PriCE,41,Male,B-,Arthritis,2019-09-23,Carla Burgess,Castro-Gomez,Medicare,29465.82,271,Urgent,2019-09-26,Lipitor,Abnormal
LiSa fRanKLin,32,Female,A+,Arthritis,2022-05-21,Luke York,"Chan, Goodman and Gould",Cigna,22545.93,294,Emergency,2022-05-25,Penicillin,Inconclusive
KRisTIN BURtoN,58,Female,B-,Obesity,2019-12-29,Whitney Phillips,"Russell and Randolph, Lawrence",Medicare,2641.02,234,Elective,2020-01-04,Aspirin,Normal
caiTLin aDAms,33,Male,A-,Arthritis,2020-04-03,Daniel Johnson,Evans-Gonzalez,Cigna,16527.26,395,Elective,2020-04-04,Penicillin,Inconclusive
EvaN HeRnANDez,80,Male,A+,Cancer,2022-12-15,Audrey Lewis,Miller Sons and,Medicare,13624.83,363,Urgent,2022-12-28,Paracetamol,Inconclusive
jEnNiFer KNiGht,67,Male,O-,Obesity,2020-08-07,Donald Wagner,Watts-Schneider,Aetna,39570.07,161,Urgent,2020-08-09,Aspirin,Inconclusive
BOnnIE WiLSon,39,Male,A-,Diabetes,2022-03-19,Lisa Fisher,Harrell Inc,Aetna,13256.41,146,Urgent,2022-03-20,Paracetamol,Normal
kEnnETh raMIREZ,52,Male,A+,Arthritis,2024-03-10,Amber Williams,"Reed Valdez and Pratt,",Medicare,32633.2,484,Emergency,2024-03-26,Aspirin,Normal
ELleN mCCuLloUgh,49,Male,AB-,Arthritis,2019-11-29,Patrick Medina,Ali Group,Blue Cross,19720.04,114,Emergency,2019-11-30,Lipitor,Normal
THomAS SToNe,41,Male,B-,Hypertension,2019-07-17,Sheri Castro,Conner-Nelson,Blue Cross,46421.26,124,Emergency,2019-08-12,Paracetamol,Abnormal
katHLEEn ArMstrong,81,Female,O-,Hypertension,2020-05-27,Crystal Thornton,"and Miller Prince Rodriguez,",Blue Cross,10767.38,126,Elective,2020-06-12,Aspirin,Normal
tErrY BEnnetT,19,Female,A-,Hypertension,2019-09-06,Kimberly Carter,"Parker Davis Clark, and",Blue Cross,47656.52,286,Emergency,2019-10-01,Penicillin,Inconclusive
kRISTIN NGuYeN,83,Male,AB+,Hypertension,2021-04-06,Frederick Arnold,Mills-Petersen,Cigna,46186.16,114,Elective,2021-05-06,Ibuprofen,Abnormal
aNgEla rANdOLph,36,Female,O+,Cancer,2019-05-19,Anna Atkinson,"Smith Anderson and Hunt,",UnitedHealthcare,44148.54,336,Emergency,2019-05-29,Paracetamol,Abnormal
chrIsTOpHEr tAtE,43,Female,A-,Cancer,2023-09-24,Mary Coleman,Kennedy-Smith,Cigna,12447.27,360,Elective,2023-10-20,Paracetamol,Abnormal
chrisTopHeR wALToN,72,Male,AB-,Diabetes,2019-09-30,Jeremy Parker,"and Moore, Ballard Johnson",Cigna,43298.43,290,Urgent,2019-10-10,Paracetamol,Abnormal
mEAGAN MIranDA,73,Female,A+,Asthma,2022-07-23,Dorothy Garcia,"Williams Reynolds and Rangel,",Cigna,33379.55,142,Emergency,2022-08-16,Ibuprofen,Abnormal
dAvId BrOwn,32,Male,AB-,Cancer,2020-05-11,John Sanders,"Shelton Johnson, and Green",Blue Cross,37553.16,256,Emergency,2020-06-06,Aspirin,Inconclusive
EriC MilleR,39,Male,O+,Asthma,2019-08-01,Ashlee Cooper,"Lopez, and Howard Morrison",Aetna,44931.13,194,Elective,2019-08-08,Penicillin,Normal
JoeL BaRTlEtT,72,Male,B+,Asthma,2019-09-06,Nicole Vance,Sons and Cortez,Medicare,44595.97,203,Urgent,2019-09-15,Lipitor,Abnormal
stAcY GIlLEspiE,24,Male,B-,Cancer,2023-01-28,Karen Lynn,Roberts Ltd,Cigna,10243.97,383,Emergency,2023-02-26,Penicillin,Inconclusive
cINdy SHaW,32,Female,O-,Obesity,2023-09-11,Rachel Lopez,Sellers-Shepard,Blue Cross,8762.5,454,Emergency,2023-10-11,Penicillin,Abnormal
Andrew eriCKsON,57,Female,AB+,Asthma,2020-03-11,Samuel Williams,"Lloyd Scott, and Reese",Medicare,10363.67,384,Emergency,2020-03-18,Ibuprofen,Normal
aShleY roDrIguez,56,Male,B-,Asthma,2021-03-07,Steven Rogers,Gibson-Osborne,Medicare,22827.81,124,Urgent,2021-03-21,Paracetamol,Abnormal
dARrYl CruZ,84,Female,O+,Asthma,2024-04-03,Melanie Lloyd,Matthews-Morgan,UnitedHealthcare,22913.35,238,Urgent,2024-04-10,Ibuprofen,Inconclusive
shEiLA cHurcH,46,Male,B-,Cancer,2022-12-25,Bobby Mayo,Scott and Sons,Aetna,33800.91,437,Urgent,2023-01-10,Penicillin,Abnormal
NANcY munOZ,55,Male,AB+,Obesity,2020-04-01,Fernando Hodge,Diaz-Richards,Aetna,23713.92,187,Urgent,2020-04-26,Ibuprofen,Inconclusive
REBeccA MarTinEZ,19,Female,A+,Hypertension,2020-01-23,Valerie Simmons,LLC Johnson,Medicare,41794.36,354,Emergency,2020-02-20,Aspirin,Abnormal
johN SIMmOns,69,Female,O+,Diabetes,2023-02-10,Cheryl Herrera,Murphy Group,Blue Cross,40304.38,449,Emergency,2023-02-25,Paracetamol,Inconclusive
LANce TORREs,69,Female,B-,Cancer,2023-10-20,John Rodriguez MD,"Barajas and Byrd, Wolf",Medicare,43825.06,329,Elective,2023-10-28,Paracetamol,Normal
tImotHy TErrY,56,Male,A-,Hypertension,2020-07-15,Ashley Jackson,"Salazar Newman White, and",Medicare,16509.89,472,Emergency,2020-08-11,Lipitor,Inconclusive
joHn MOorE,36,Female,A-,Arthritis,2023-01-14,Samuel Hebert,Hancock-Lewis,Medicare,46268.73,425,Elective,2023-02-08,Aspirin,Normal
bRAdLeY RAMos,44,Male,A-,Arthritis,2021-06-19,Ryan Garcia,Barrett-Wright,UnitedHealthcare,36272.75,465,Emergency,2021-07-14,Paracetamol,Normal
JIlL TayLOR,32,Male,O-,Obesity,2020-05-18,Kelli Gutierrez,"Bowers Blankenship Jackson, and",Medicare,5614.52,169,Urgent,2020-05-19,Aspirin,Abnormal
kelLy brown,61,Female,B-,Arthritis,2020-05-16,Kenneth Watson,Hahn-Wilson,UnitedHealthcare,21429.67,493,Elective,2020-06-15,Ibuprofen,Abnormal
jonATHan chAVEZ,61,Male,AB+,Cancer,2021-03-11,Jo Donaldson,"Ramirez and Nelson, Collins",Cigna,24057.47,304,Emergency,2021-04-02,Paracetamol,Normal
deniSe Wall,47,Male,B-,Arthritis,2023-02-05,Ronald Patrick,Sosa-Jackson,Blue Cross,22775.47,462,Elective,2023-02-12,Penicillin,Abnormal
ToDd martinez,49,Female,A+,Obesity,2021-10-19,Lonnie Patton,Dillon-Richard,Cigna,30953.78,186,Urgent,2021-11-12,Penicillin,Normal
jEnnIFer foRD,83,Male,B-,Asthma,2019-09-07,Gabrielle Hendrix,Stokes and Sons,Medicare,12101.13,424,Urgent,2019-09-29,Aspirin,Abnormal
RAYMOnD Park JR.,63,Male,B-,Asthma,2021-05-26,Brandy Parsons,Inc Nguyen,Blue Cross,1478.18,478,Elective,2021-06-20,Ibuprofen,Normal
jUlia reYNOLDs,26,Female,O-,Cancer,2021-05-07,Anthony Norris,Gallagher-Hernandez,Aetna,37197.86,124,Urgent,2021-05-27,Penicillin,Abnormal
JOhN McleAn,20,Female,AB-,Arthritis,2023-01-17,Kristina Mendez MD,"Johnson David Carpenter, and",Medicare,5407.73,294,Elective,2023-01-29,Paracetamol,Normal
KATie hOwARd,69,Male,AB-,Asthma,2020-03-05,Justin Clark,"and Montes Marshall Valdez,",Medicare,6035.46,282,Urgent,2020-03-06,Lipitor,Normal
AmandA LAWSon,26,Male,AB-,Asthma,2022-09-16,Charles Schmidt,PLC Kelly,Blue Cross,5778.25,408,Elective,2022-10-16,Aspirin,Normal
PAUL muRRaY,36,Male,AB+,Arthritis,2022-06-03,Johnny Alvarado,Wilson-Sherman,UnitedHealthcare,46602.69,229,Elective,2022-06-28,Ibuprofen,Abnormal
JAmEs MorRis,27,Male,AB-,Diabetes,2020-12-30,Patricia Kidd,Peterson Group,Medicare,47789.83,493,Emergency,2021-01-26,Paracetamol,Abnormal
MaTTHew cOlliNs,60,Female,B-,Obesity,2020-08-09,Christopher Fleming,Hall-Taylor,Aetna,46608.39,142,Emergency,2020-08-15,Penicillin,Abnormal
sharOn cArPenTeR,67,Female,AB-,Arthritis,2021-03-10,Robert Higgins,Rios PLC,UnitedHealthcare,8709.04,187,Elective,2021-03-29,Lipitor,Normal
maRcUS bRoWn,41,Female,O+,Cancer,2021-03-15,Adrian Powell,"Lutz, Lester and Kelly",UnitedHealthcare,18271.0,178,Urgent,2021-03-26,Ibuprofen,Abnormal
mItcHElL DeCkeR,45,Male,B-,Hypertension,2021-08-23,Alexander Rivera,"Scott, Moore and Brewer",Medicare,17679.03,132,Urgent,2021-08-24,Penicillin,Normal
dONald mURPhY,37,Male,A+,Diabetes,2023-11-11,Pam Johnson,"Sullivan Henderson Lloyd, and",Cigna,21965.15,406,Emergency,2023-11-28,Penicillin,Inconclusive
JOSePh faRlEy,46,Male,A+,Cancer,2023-12-31,Tracy Howard,"and Rhodes Trujillo, Booth",Cigna,27309.71,326,Emergency,2024-01-27,Penicillin,Inconclusive
BReNdaN paRKer,71,Female,A+,Arthritis,2019-09-21,Matthew Taylor,Bailey-White,Cigna,4437.96,406,Emergency,2019-10-20,Penicillin,Normal
SaMuEL dAVis,69,Female,B+,Hypertension,2022-11-04,Sharon Harding,Bridges Inc,UnitedHealthcare,15704.09,334,Emergency,2022-11-13,Ibuprofen,Inconclusive
KeLsey POrTeR,65,Male,O-,Asthma,2019-08-08,Kristine Browning,"Jackson Carr, Garcia and",Medicare,16528.8,286,Urgent,2019-08-19,Paracetamol,Abnormal
mArk bRYaNt,75,Female,O+,Arthritis,2023-10-05,Timothy Kim,Richardson-Griffin,Cigna,3621.16,346,Elective,2023-10-08,Penicillin,Inconclusive
mARGAret ZamoRa,77,Male,O+,Diabetes,2020-08-28,Joshua Ross,Allen-Campbell,UnitedHealthcare,47863.02,159,Urgent,2020-09-04,Ibuprofen,Normal
dAVid pAyne,22,Male,A+,Obesity,2020-07-08,Linda Adams,Ferguson-Liu,Medicare,46772.58,311,Emergency,2020-07-13,Ibuprofen,Abnormal
tony salAs pHD,58,Female,O+,Obesity,2023-10-06,Richard Andrews,Lee Ltd,Medicare,18479.74,438,Urgent,2023-10-09,Ibuprofen,Inconclusive
AdRiaN bowMan,25,Female,A-,Cancer,2023-07-01,Julie Warren,Baldwin-Marshall,Blue Cross,7285.49,103,Urgent,2023-07-05,Lipitor,Normal
MRS. laUrEn morgaN,83,Female,B-,Diabetes,2021-08-07,Angela Mathis,Norman PLC,Blue Cross,6818.72,101,Elective,2021-08-20,Lipitor,Normal
joSHuA muRRay,27,Male,A-,Hypertension,2020-05-13,Beth Williams,Boyd-Fisher,Blue Cross,14374.31,291,Urgent,2020-05-26,Lipitor,Abnormal
JAsoN webER,32,Male,B-,Arthritis,2023-09-26,Alejandra Williams,Inc Davis,UnitedHealthcare,5936.18,313,Urgent,2023-09-29,Aspirin,Normal
reBeCcA LeWis,40,Male,A+,Diabetes,2023-06-14,Jennifer Mitchell,Perry Inc,Cigna,32897.27,228,Urgent,2023-06-15,Ibuprofen,Inconclusive
JOAn aRcHeR,25,Male,AB-,Asthma,2024-05-05,Bradley Hunter,"and Brown Larson Moyer,",Cigna,3963.12,415,Urgent,2024-05-07,Aspirin,Abnormal
brittAnY EDwarDs,69,Male,A-,Asthma,2023-04-03,Todd Houston,Soto-Boyle,Blue Cross,16057.82,431,Elective,2023-04-11,Ibuprofen,Normal
tiMotHy dIAz,25,Female,B-,Diabetes,2021-10-24,Michael Grant,Jones-Ellis,Medicare,44041.57,454,Emergency,2021-11-13,Ibuprofen,Normal
DaniEL BLaNKenShIP,66,Female,B+,Arthritis,2023-05-24,Debra Carpenter,"Jenkins, Mathews and Ho",Medicare,15086.16,445,Urgent,2023-06-09,Lipitor,Abnormal
mAry stEphenS,62,Male,A+,Hypertension,2019-12-20,Amanda Johnson,Villa Inc,UnitedHealthcare,16377.52,174,Urgent,2020-01-17,Penicillin,Inconclusive
BrIAN FigUERoA,30,Male,A-,Hypertension,2022-04-27,Joseph Flores,Castro PLC,UnitedHealthcare,43488.84,341,Elective,2022-05-04,Lipitor,Inconclusive
sTEphANIe anderSOn,55,Male,B+,Hypertension,2019-11-14,Kyle Gray,Ortiz-Martin,Cigna,43108.89,161,Emergency,2019-11-16,Ibuprofen,Inconclusive
MiCHaeL DOyle,78,Female,O-,Hypertension,2022-04-17,Sarah Jackson,Anthony-Torres,Medicare,21585.24,402,Emergency,2022-04-25,Penicillin,Abnormal
KAThlEEn MARsHAll,69,Female,A-,Arthritis,2022-04-15,Alyssa Cox,PLC Drake,Medicare,28922.86,307,Urgent,2022-05-12,Penicillin,Inconclusive
dONaLD lYNch,77,Male,O+,Cancer,2021-03-13,Angela Johnson,Schmidt Ltd,UnitedHealthcare,14808.75,157,Emergency,2021-03-14,Aspirin,Normal
DaVid EspInoza,56,Female,A+,Hypertension,2021-12-18,Debbie Browning,Ortiz-Gardner,UnitedHealthcare,26824.0,180,Emergency,2022-01-06,Ibuprofen,Inconclusive
jULia kEiTh,58,Female,O-,Asthma,2022-12-09,James Smith,Smith-White,Blue Cross,49741.77,157,Emergency,2022-12-27,Paracetamol,Inconclusive
KRiStEN cOhEn,78,Female,O-,Asthma,2024-01-06,Brandy Nichols,Ltd Stewart,Aetna,14687.5,155,Elective,2024-01-31,Aspirin,Normal
eRICa ReyEs,50,Male,O+,Asthma,2020-12-27,Jennifer Roach,"Hunter and James Wilson,",Blue Cross,30770.32,221,Emergency,2020-12-30,Aspirin,Inconclusive
aNdREw bryAN,38,Female,O-,Obesity,2024-01-05,Kenneth Beltran,Martinez-Elliott,Blue Cross,32173.35,453,Elective,2024-01-06,Penicillin,Abnormal
MaRy pArrISH,81,Female,A-,Cancer,2021-02-24,Elizabeth Freeman,Wright-Nguyen,Medicare,28009.03,101,Urgent,2021-02-28,Paracetamol,Abnormal
kATRIna WaRreN,80,Male,AB-,Cancer,2023-09-11,Elizabeth Campbell,"and Johnson Wright Carter,",Medicare,14657.57,131,Elective,2023-09-27,Lipitor,Abnormal
Kevin rOBInSoN,48,Female,A+,Cancer,2022-01-31,Larry Collier,Johnson-Collins,UnitedHealthcare,49492.14,126,Elective,2022-02-09,Lipitor,Normal
miCHaeL BrADLEY,22,Male,O+,Arthritis,2022-08-22,Lisa Howell,Olsen LLC,UnitedHealthcare,7647.47,218,Emergency,2022-09-15,Penicillin,Inconclusive
debBiE scOtt,50,Male,A-,Arthritis,2021-10-07,Ellen Bailey,Smith LLC,Cigna,37340.17,427,Urgent,2021-10-08,Ibuprofen,Abnormal
sARA caNTrelL,19,Male,O-,Diabetes,2021-10-04,Kimberly Gregory,Rodriguez-Morgan,Cigna,23743.1,171,Emergency,2021-10-13,Aspirin,Inconclusive
cAtheRInE PEtErSOn,79,Male,A+,Obesity,2023-08-13,Timothy Williams,Ltd Bell,Aetna,10322.74,282,Emergency,2023-09-02,Paracetamol,Inconclusive
KYLe tHoMaS,44,Female,B-,Arthritis,2019-11-16,Crystal Thompson,"and Thompson Mccall, Brooks",Medicare,5009.97,324,Urgent,2019-11-25,Paracetamol,Inconclusive
ScOtT sImON,50,Female,A-,Hypertension,2023-05-10,John Bryant,Castillo LLC,Blue Cross,22823.92,262,Emergency,2023-06-04,Ibuprofen,Inconclusive
valErIe HUnter,20,Female,O+,Arthritis,2021-03-28,Robert Brewer,Torres Group,Medicare,27854.68,309,Urgent,2021-04-17,Lipitor,Abnormal
AsHley WaRnER,60,Male,A+,Hypertension,2021-12-21,Andrea Bentley,"and Wagner, Lee Klein",Aetna,-306.36,426,Elective,2022-01-11,Ibuprofen,Normal
mOniQue dOMiNgUEz,75,Male,B+,Asthma,2021-02-05,Craig Allen,"Boyd and Baker Rasmussen,",Blue Cross,2223.61,173,Emergency,2021-02-17,Aspirin,Abnormal
coDy TAYLOR,45,Female,AB+,Asthma,2023-07-15,Shannon Hicks,Owens-Adkins,Medicare,13534.11,219,Urgent,2023-07-23,Ibuprofen,Abnormal
aMAnDa SULLIvan,20,Female,O-,Asthma,2023-01-20,Toni Russell,PLC Lewis,Medicare,5851.03,214,Emergency,2023-02-18,Ibuprofen,Inconclusive
MARY ruIz,50,Female,AB-,Hypertension,2020-03-22,Anita Ortega,Brennan-Walters,Blue Cross,20831.14,353,Emergency,2020-04-01,Paracetamol,Inconclusive
aPRil MaRTIN,39,Female,AB+,Diabetes,2020-10-17,Anthony Lopez,"and Mcdonald Taylor, Pitts",Aetna,10556.98,266,Emergency,2020-10-26,Penicillin,Abnormal
sean bENNeTt,32,Female,O+,Asthma,2021-01-19,Timothy Johnson,Martin LLC,Blue Cross,29831.52,281,Elective,2021-02-05,Lipitor,Normal
Ryan hARRis,58,Male,A-,Diabetes,2023-03-26,Erica Gallagher,Huang-Blanchard,Aetna,30143.3,459,Urgent,2023-04-05,Ibuprofen,Normal
TylER gonZalez,67,Female,A-,Diabetes,2022-09-28,Megan Zimmerman,"Gonzalez and Marks, Lopez",Aetna,34555.17,317,Emergency,2022-10-16,Aspirin,Normal
CHRistOPheR rOdRIgUEZ,59,Male,AB-,Cancer,2019-10-20,Kyle Nelson,"Molina, Rogers and Horton",Cigna,3915.23,346,Elective,2019-11-07,Penicillin,Abnormal
briAn ArEllAno,37,Male,O+,Arthritis,2022-03-13,Thomas Cross,"Haynes Miller, and Gray",Aetna,36541.89,446,Emergency,2022-03-17,Paracetamol,Abnormal
DanIeLLe cANNOn,37,Male,B+,Obesity,2020-03-19,Stephanie Howard,"Garcia Woodward and Morgan,",Cigna,6709.76,362,Elective,2020-03-22,Aspirin,Abnormal
KATIe mARTinEZ,59,Female,O+,Diabetes,2021-02-22,Dr. Alex Clark,and Kennedy Sons,Cigna,5078.63,476,Elective,2021-03-04,Paracetamol,Abnormal
pamEla KeLLY,68,Male,B-,Arthritis,2021-06-28,Joseph Powers,Inc Anderson,Cigna,36247.04,313,Emergency,2021-07-27,Ibuprofen,Inconclusive
laURie EdWaRdS,51,Female,A-,Hypertension,2022-10-08,Kevin Mack,"Armstrong Everett, Adams and",UnitedHealthcare,24786.22,154,Elective,2022-11-05,Aspirin,Abnormal
chAd crOss,74,Male,B-,Hypertension,2021-10-05,Savannah Mahoney,Mclaughlin-Jenkins,Blue Cross,28652.04,377,Urgent,2021-10-26,Aspirin,Abnormal
KYLe grAy,81,Female,AB+,Hypertension,2023-02-15,Taylor Juarez,Parks PLC,UnitedHealthcare,9824.84,188,Emergency,2023-02-22,Ibuprofen,Abnormal
CaseY HamIlToN,60,Male,O-,Diabetes,2021-01-24,Stephanie Thompson,"Hendrix, Roberts and Pitts",UnitedHealthcare,3763.77,180,Urgent,2021-02-11,Paracetamol,Abnormal
JIlLIAN sILva,44,Male,A+,Hypertension,2022-01-22,Christopher Ross,"and Berger Perry, Calhoun",UnitedHealthcare,31043.21,458,Urgent,2022-02-09,Ibuprofen,Inconclusive
DOnAld AYAlA,33,Female,AB-,Obesity,2023-03-02,Cassandra Howe,Evans-Molina,Aetna,14033.55,471,Emergency,2023-03-03,Ibuprofen,Abnormal
wIlLIAM forD,35,Male,B+,Obesity,2020-10-26,Hannah Garcia,and Sons Tucker,Medicare,28978.37,143,Emergency,2020-10-31,Ibuprofen,Normal
IsABella kENNEDy,46,Male,B-,Asthma,2022-02-09,Raymond Mercer,Group Holder,Blue Cross,46467.77,433,Urgent,2022-02-16,Paracetamol,Inconclusive
jUSTIN BrOwN,51,Female,B+,Hypertension,2023-10-26,Wendy Morgan,Lawrence PLC,UnitedHealthcare,19095.52,360,Emergency,2023-11-21,Penicillin,Inconclusive
SHANNoN aLexaNder,65,Male,A-,Obesity,2024-01-11,Cynthia Sanders,Smith Ltd,Cigna,13302.23,494,Elective,2024-01-15,Penicillin,Abnormal
kATHERIne WhITakEr,75,Male,O+,Hypertension,2022-05-25,Michael Munoz,Howe-Smith,Aetna,47701.53,184,Emergency,2022-06-19,Paracetamol,Normal
JeREmy camPBELl,33,Female,B-,Cancer,2019-07-31,Frederick Smith,PLC Vargas,Cigna,3311.87,448,Elective,2019-08-08,Aspirin,Abnormal
joEl MOntgomeRY,45,Female,O+,Diabetes,2022-02-27,Ricky King,"and Ray Wood Barrett,",Cigna,3553.9,375,Emergency,2022-03-03,Aspirin,Abnormal
chRiStinE FrAziER,81,Female,AB+,Diabetes,2021-05-15,Richard Fox,"Davis Moore Bartlett, and",UnitedHealthcare,41320.71,136,Elective,2021-05-31,Paracetamol,Abnormal
bRittany NorMaN,56,Female,B-,Arthritis,2023-07-27,Alexander Preston,Barton-Johnson,Blue Cross,14150.51,406,Elective,2023-08-19,Penicillin,Abnormal
julIE frEEman,57,Male,A+,Obesity,2022-08-01,Stacey Weaver,Salas-Farmer,Medicare,34903.67,371,Emergency,2022-08-16,Aspirin,Abnormal
HenRY CastRo,75,Male,A+,Arthritis,2021-05-17,Cole Harris,"Neal and Roberson Hicks,",Cigna,47641.7,187,Urgent,2021-05-30,Paracetamol,Abnormal
dR. aARon AndErseN,22,Male,A+,Cancer,2022-03-22,Kimberly Martinez,Robinson Inc,Aetna,4440.42,245,Elective,2022-04-01,Ibuprofen,Normal
brANDon gOmEz,68,Male,B+,Hypertension,2020-08-31,Daniel Calhoun,and Howard Sons,Aetna,19936.66,212,Elective,2020-09-13,Penicillin,Normal
REgIna MATthEWs,22,Male,AB+,Arthritis,2021-03-17,Zachary Lopez,"and Morris Mullins, Hernandez",UnitedHealthcare,44863.65,244,Emergency,2021-03-20,Aspirin,Normal
AlAn roACH,47,Male,A+,Cancer,2019-06-13,Dwayne Bradley,Rodriguez-Howard,Medicare,6877.48,200,Emergency,2019-06-17,Penicillin,Normal
CHRisTOPhER mcFarlaNd,66,Male,AB-,Hypertension,2020-08-01,Francisco Gray,Martin Ltd,Cigna,17036.11,120,Elective,2020-08-22,Lipitor,Abnormal
mICHAElA pATtERSON mD,51,Female,O+,Cancer,2020-03-25,Shane Mcintosh,Jordan-Hood,Blue Cross,19825.22,256,Emergency,2020-04-05,Lipitor,Abnormal
miChAel hofFMAn,45,Male,AB+,Asthma,2020-05-03,Katherine Taylor,Fox-Singleton,Cigna,47624.25,261,Urgent,2020-05-27,Lipitor,Abnormal
DYlAN SiMON,23,Female,A+,Arthritis,2022-11-29,Laura Shaw,"Holland, Daniels Brennan and",Cigna,22014.56,132,Elective,2022-12-17,Ibuprofen,Abnormal
chriStiNa DAVIs,77,Male,AB-,Obesity,2019-12-12,Susan Wheeler,Sanchez-Green,Aetna,17621.52,331,Elective,2019-12-27,Penicillin,Abnormal
JeNniFeR FUEntEs,68,Male,B+,Asthma,2023-04-14,Tim Rodriguez,Brown LLC,Blue Cross,47742.59,134,Urgent,2023-05-03,Penicillin,Abnormal
petER kelLY,21,Female,AB+,Cancer,2021-09-08,Stephanie Lamb,Pacheco-Morris,Cigna,40960.96,171,Elective,2021-10-03,Penicillin,Normal
TammY coLE,28,Male,A+,Hypertension,2020-05-16,Frank Bell,"Odonnell, Kelly Mejia and",Blue Cross,45977.38,249,Urgent,2020-05-20,Ibuprofen,Inconclusive
sanDra FLYnn,64,Male,B+,Obesity,2020-05-24,Sherry Parker,Zimmerman-Schneider,UnitedHealthcare,29685.11,307,Emergency,2020-06-01,Ibuprofen,Abnormal
KatHryn SMiTH,23,Male,B-,Obesity,2020-01-05,Daniel Johnson,"Hoover Rodriguez, and Vang",UnitedHealthcare,11418.62,360,Urgent,2020-01-31,Lipitor,Abnormal
JACQUEliNE StANtON,29,Female,B-,Cancer,2023-05-20,Mr. Joseph Smith,Fuller Sons and,Cigna,20578.3,408,Emergency,2023-05-25,Penicillin,Normal
emMA FredERIck,79,Female,O-,Arthritis,2023-10-16,Abigail Flores,and Sons Bonilla,Cigna,7068.91,237,Elective,2023-10-27,Penicillin,Inconclusive
kENNeTh jOnES,53,Male,O+,Cancer,2022-12-09,Maria Hernandez,"and Gordon Lee Yang,",UnitedHealthcare,16964.06,292,Urgent,2022-12-12,Penicillin,Inconclusive
JEffrEy sMITH,25,Female,AB-,Cancer,2022-10-21,Tonya Potter,LLC Howard,UnitedHealthcare,16428.99,407,Urgent,2022-11-14,Penicillin,Normal
DAVId OWeN,60,Male,O-,Obesity,2020-02-27,Joshua Meyer,"and Shields Williams, James",UnitedHealthcare,49241.69,399,Elective,2020-03-16,Lipitor,Abnormal
KYle REEd,59,Female,AB+,Obesity,2022-08-28,Stacy Bender,Moore-Sanders,Cigna,28954.26,379,Emergency,2022-09-14,Aspirin,Inconclusive
CHad peRez,26,Female,A+,Diabetes,2023-11-15,John Moore,"Ortiz, and Massey Norton",Cigna,2329.11,496,Urgent,2023-11-27,Lipitor,Abnormal
COUrtnEy bArnETT,56,Male,AB+,Obesity,2023-03-25,Michael Craig,PLC Anderson,UnitedHealthcare,17327.98,480,Urgent,2023-03-26,Penicillin,Abnormal
KElLY MiLler,53,Female,A+,Obesity,2021-02-28,Christine Wood,Herring-Smith,Cigna,22475.88,479,Emergency,2021-03-29,Ibuprofen,Abnormal
lARRy rAmSEY,73,Female,B+,Diabetes,2021-05-14,Melissa White,PLC Hale,Blue Cross,32773.82,430,Emergency,2021-05-17,Lipitor,Abnormal
edWaRD DUrAn,38,Male,B+,Obesity,2020-04-19,David Obrien,"Parker Jackson, Jackson and",Aetna,17202.05,488,Urgent,2020-05-12,Aspirin,Normal
LEAH SullIVAn,73,Female,A-,Cancer,2024-01-18,Matthew Clark,"Parsons Petersen, Mckenzie and",Medicare,43801.73,232,Emergency,2024-02-08,Lipitor,Abnormal
SUsan oWeN,20,Female,B-,Arthritis,2021-05-05,Michele Alvarez,Guerrero-Jordan,Medicare,8042.61,434,Emergency,2021-05-20,Lipitor,Inconclusive
sTEVEN James,19,Male,A+,Hypertension,2020-06-27,Patrick Ross,"Lee Pugh, and Orozco",Medicare,26660.45,109,Urgent,2020-07-23,Aspirin,Normal
hOLLY coLON,79,Female,A+,Obesity,2022-01-08,Maureen Jones,"Payne Parker, Murphy and",Medicare,33071.27,328,Emergency,2022-01-31,Penicillin,Abnormal
PaTRICK Cook,56,Female,A+,Arthritis,2019-09-01,Eric Beard,"and Hernandez Mckinney Li,",Medicare,36923.54,387,Emergency,2019-10-01,Lipitor,Abnormal
daNIEL heNdriCks,54,Female,O-,Arthritis,2020-02-17,Colleen Lawrence,Hancock Ltd,UnitedHealthcare,34455.48,102,Urgent,2020-02-21,Penicillin,Normal
RyAn BeRg,37,Female,O-,Arthritis,2021-04-05,Stefanie Howard,"Mitchell Brown and Rice,",UnitedHealthcare,29993.38,205,Elective,2021-04-09,Paracetamol,Inconclusive
DEbbiE thoMPsON,23,Male,B+,Diabetes,2023-07-14,Mark Wallace,Garcia-Martinez,Blue Cross,9736.46,391,Urgent,2023-07-18,Lipitor,Abnormal
JESsE SanCHeZ,35,Male,A+,Cancer,2021-01-06,Nichole Washington,Douglas-Diaz,Blue Cross,43625.56,167,Emergency,2021-01-25,Penicillin,Abnormal
NORMAN tHoMaS,52,Male,A-,Cancer,2023-05-05,Gabrielle Brown,Ltd Tran,Cigna,33864.95,429,Elective,2023-05-14,Ibuprofen,Abnormal
cATherInE zhAnG,58,Male,O+,Asthma,2020-02-17,Sean Ortiz,"Smith and Foster Cooper,",UnitedHealthcare,12004.4,135,Elective,2020-03-06,Paracetamol,Normal
john OROzCo Md,28,Male,B+,Arthritis,2022-08-27,Jacqueline Monroe,Hunter Inc,Blue Cross,1910.78,150,Urgent,2022-09-07,Paracetamol,Abnormal
wAYNE hODGE,47,Female,A-,Diabetes,2019-10-09,Nicole Manning,Sons Flores and,Blue Cross,9594.89,312,Emergency,2019-11-07,Paracetamol,Normal
ElAINE LYncH,68,Female,B+,Arthritis,2022-05-06,Donna Callahan,Green Group,Medicare,3770.64,356,Emergency,2022-05-14,Paracetamol,Inconclusive
DERek LAwSoN,25,Female,B+,Cancer,2019-07-08,Ashley Warner,"Lewis, Gibbs and Powell",Aetna,12950.76,333,Emergency,2019-07-14,Paracetamol,Inconclusive
ANdRE andErSon,71,Female,O+,Arthritis,2020-09-12,Noah Schultz,"Gomez and Espinoza, Wilson",Aetna,14564.75,446,Emergency,2020-09-18,Paracetamol,Normal
DonNa SMitH,36,Female,B+,Diabetes,2021-12-02,Cassandra Martinez,Sons Martin and,Blue Cross,38276.36,253,Emergency,2021-12-16,Lipitor,Normal
Dr. LEONarD BrEWEr Ii,34,Male,A+,Diabetes,2022-09-08,Robert Gomez,Sons and Moore,Medicare,12586.42,234,Urgent,2022-09-21,Penicillin,Normal
pAMELa GARrett,23,Female,A+,Cancer,2021-01-30,Adam Torres,Hernandez-Pearson,Medicare,34251.22,197,Elective,2021-02-19,Penicillin,Normal
pHiLlip wIlsON,66,Male,O+,Diabetes,2020-04-03,Dawn Mcintosh,Harrison-Robles,Medicare,23812.42,380,Emergency,2020-04-30,Lipitor,Normal
VAnEsSa WALKeR,57,Male,B-,Obesity,2022-08-14,Cody Shaw,Ltd Guerra,Aetna,26378.98,357,Urgent,2022-09-13,Ibuprofen,Inconclusive
jusTIN LEwis,73,Female,AB-,Asthma,2023-05-09,Ryan Mclean,Group Hudson,Medicare,34587.81,252,Urgent,2023-05-30,Lipitor,Inconclusive
aNtHoNy coLeMAn,21,Female,O+,Asthma,2019-12-29,Mr. Evan Long PhD,Cordova LLC,Aetna,14945.33,370,Elective,2020-01-07,Penicillin,Normal
JasmInE luNA,27,Male,A-,Obesity,2020-04-10,Dr. William Santiago,Horton-Boone,Cigna,11023.29,142,Urgent,2020-05-10,Paracetamol,Abnormal
mICHaeL pattON,58,Female,O-,Hypertension,2022-11-19,Kimberly Conner,Campbell-Ryan,Medicare,36841.6,387,Elective,2022-12-15,Lipitor,Abnormal
JoShUA tURNER,31,Female,AB+,Asthma,2019-08-18,Kenneth Glass,"Johnson Aguilar Hamilton, and",Aetna,25894.01,278,Elective,2019-08-30,Ibuprofen,Normal
bilLY JOhNSOn,64,Female,B+,Cancer,2021-09-30,Preston Werner,Moreno Inc,Medicare,33631.42,176,Urgent,2021-10-03,Lipitor,Normal
AntHONy gOnZALez phd,80,Female,AB+,Arthritis,2019-09-16,Robin Davis,Group Brown,Aetna,32879.09,361,Emergency,2019-09-27,Aspirin,Inconclusive
saRaH LoPEZ,26,Female,AB+,Arthritis,2021-04-18,Alexandra Kim,Inc Singh,Blue Cross,30502.46,443,Elective,2021-04-30,Ibuprofen,Abnormal
LAWrencE wIlliAmS,56,Male,AB+,Hypertension,2024-02-13,David Moore,Sanchez-Mccullough,UnitedHealthcare,6576.09,396,Elective,2024-02-24,Lipitor,Inconclusive
sUSAN NicHOLs,46,Female,A+,Diabetes,2020-10-05,John Barker,"Smith Rodriguez and Buchanan,",Aetna,41392.78,331,Elective,2020-10-07,Aspirin,Abnormal
jEaN RodriGuez,53,Male,B-,Hypertension,2021-08-02,Taylor Dillon,Grant-Wiggins,Medicare,30714.82,149,Emergency,2021-08-26,Aspirin,Abnormal
JeNNIfER leOn,58,Male,A-,Cancer,2022-10-16,Michael Preston,May-Smith,Aetna,30627.21,291,Emergency,2022-10-26,Lipitor,Abnormal
meREdIth HILl,40,Male,B-,Cancer,2023-12-13,Mark Brown,"Franco and Trevino Clayton,",Medicare,32482.16,196,Emergency,2023-12-19,Aspirin,Inconclusive
LaUra lAwrenCe,84,Female,O-,Obesity,2023-11-19,Alyssa Tapia,Herman-Griffin,Blue Cross,7238.96,328,Urgent,2023-11-22,Lipitor,Normal
juSTin HiCks,39,Female,O-,Arthritis,2021-01-03,Justin Carey,Mcclure Inc,UnitedHealthcare,41210.77,465,Urgent,2021-01-10,Paracetamol,Normal
KRiSTa THORNton,41,Male,AB+,Obesity,2022-10-01,Kevin Chan,Watson-Hill,Cigna,1114.41,150,Emergency,2022-10-20,Paracetamol,Inconclusive
Ian DuFFy,74,Male,B+,Cancer,2019-05-24,Gregory Braun,"Martin Rodriguez, Richardson and",UnitedHealthcare,11162.43,455,Emergency,2019-06-17,Aspirin,Normal
jaDe BaKER,84,Female,O-,Obesity,2021-05-31,Todd Evans,"and Gray Smith, Jennings",UnitedHealthcare,1990.27,488,Urgent,2021-06-03,Lipitor,Normal
BiLlY pEtersEn,67,Female,B+,Obesity,2019-07-02,Donald Hebert,"and Reynolds Moore Martin,",Medicare,32363.64,161,Elective,2019-07-13,Penicillin,Inconclusive
robeRT GArciA,55,Female,B-,Cancer,2022-12-01,Erik Santos,Inc Wyatt,Blue Cross,7949.35,331,Emergency,2022-12-03,Ibuprofen,Inconclusive
joHn doNAlDsON,84,Female,B+,Obesity,2019-06-26,Diana Lee,"Potts, Salas Fletcher and",Blue Cross,36760.48,442,Elective,2019-06-30,Lipitor,Abnormal
rAYMond gaLvaN,28,Male,A+,Obesity,2023-02-19,Cory Mitchell,Carr Group,Cigna,24416.38,110,Emergency,2023-03-13,Paracetamol,Normal
bRaNdoN GREene,57,Female,A-,Diabetes,2020-06-03,Michelle Moses,Osborne-Hayes,Aetna,25821.26,105,Elective,2020-06-11,Paracetamol,Abnormal
CHristINe COOper,55,Male,O+,Diabetes,2021-05-06,Jennifer Herman,Sullivan-Thomas,Cigna,29427.51,286,Urgent,2021-05-14,Lipitor,Normal
AsHlEY HAWKInS,22,Female,B-,Hypertension,2020-11-22,Danielle Jennings,Group Graves,Blue Cross,13763.98,232,Elective,2020-11-27,Lipitor,Normal
deREK sINglETon,46,Female,AB+,Hypertension,2021-02-14,Matthew Calhoun,Inc Gonzales,UnitedHealthcare,36135.23,175,Elective,2021-03-02,Paracetamol,Normal
KyLe ANDErsoN,55,Male,AB-,Diabetes,2022-08-12,Marcus Green,Roberts-Brock,Aetna,1933.24,112,Elective,2022-08-16,Aspirin,Normal
SARAH GrEEn,51,Female,B+,Asthma,2023-02-06,Kelly Warren,PLC Johnson,Medicare,48723.71,297,Emergency,2023-03-02,Penicillin,Abnormal
sHeLLY lyNn,80,Female,B+,Arthritis,2021-08-04,Jennifer Smith,"and Gill, King Osborn",Cigna,37114.41,143,Urgent,2021-08-30,Paracetamol,Normal
JOHn mCcArTY,67,Female,A+,Asthma,2023-01-20,Shelia Burns,"and Johnson, Carter Johnston",Aetna,19190.26,415,Elective,2023-02-02,Ibuprofen,Abnormal
cOURTNEy mOoRE,21,Female,O-,Arthritis,2021-03-12,Gina Jackson,"Deleon Oneal, Moore and",Cigna,42247.34,334,Urgent,2021-04-11,Penicillin,Inconclusive
jaVieR hamILToN,71,Male,O-,Arthritis,2022-02-12,Jason Jackson,Scott-Stewart,Cigna,12068.76,472,Emergency,2022-02-25,Ibuprofen,Abnormal
sanDra graham,54,Female,A+,Hypertension,2022-06-16,Steven Burgess,Santos-Harris,UnitedHealthcare,33834.66,472,Emergency,2022-07-02,Ibuprofen,Inconclusive
Carol miLler,85,Female,AB+,Hypertension,2019-12-27,Kenneth Simmons,Brown PLC,Cigna,13924.72,147,Elective,2020-01-23,Lipitor,Normal
braNDI hOod,73,Male,A-,Arthritis,2022-01-20,Melinda Valencia,Benson-Cunningham,Medicare,37323.44,390,Elective,2022-02-02,Lipitor,Abnormal
adAM thompsoN,21,Male,A+,Cancer,2022-09-12,Anita Ramos,"and Walker, Li Gomez",Cigna,32540.97,305,Emergency,2022-09-19,Ibuprofen,Abnormal
ambER rEid,41,Male,AB+,Hypertension,2020-12-17,Brian Wright,Moore-Arias,Blue Cross,1538.39,258,Emergency,2020-12-20,Lipitor,Normal
jEnnifEr EvAns,63,Male,A+,Obesity,2022-01-10,Alvin Guzman,Cunningham Group,Cigna,33449.56,301,Elective,2022-01-12,Aspirin,Normal
keIth WilCox,21,Female,B-,Asthma,2024-01-15,Ricky Nguyen,"Pineda Rhodes, and Luna",Blue Cross,18187.77,494,Emergency,2024-02-06,Ibuprofen,Inconclusive
CyntHIa BRyaNt,70,Male,A+,Hypertension,2021-12-09,Nicole Weaver,"Pearson, Carroll and Lane",Medicare,943.12,469,Elective,2022-01-08,Lipitor,Abnormal
NIChoLas bEll,49,Male,AB-,Obesity,2019-08-05,John Whitney,Gonzalez-Keith,Cigna,45777.44,178,Elective,2019-08-08,Penicillin,Normal
HAnNAh CareY,60,Female,AB-,Cancer,2021-02-17,Emma Yang,Perez-Henderson,Cigna,20840.24,146,Urgent,2021-03-14,Lipitor,Inconclusive
BRaD lEwis,29,Male,O+,Diabetes,2019-05-29,Sierra Kerr,Davis-Smith,Aetna,38625.54,117,Urgent,2019-06-26,Penicillin,Normal
CHrIsTIna sullIVAn,46,Male,A+,Cancer,2019-08-28,James Austin,Henderson Inc,UnitedHealthcare,7837.56,377,Elective,2019-09-20,Penicillin,Normal
sHARon ferREll,55,Male,AB-,Arthritis,2023-03-15,Jennifer Snyder,"Williams, and Diaz Campbell",UnitedHealthcare,30299.2,281,Emergency,2023-03-21,Paracetamol,Normal
kylE aRmStroNg,62,Male,AB+,Obesity,2023-02-05,Casey Baker,"Finley Salinas, Jones and",Blue Cross,13795.0,206,Urgent,2023-02-23,Paracetamol,Inconclusive
BRYcE klEIN,71,Female,O+,Hypertension,2024-01-24,Joshua Vargas,"Baker and Barber Baxter,",Blue Cross,15645.72,335,Elective,2024-02-11,Paracetamol,Abnormal
GAbRIeL GaRciA,18,Female,A-,Cancer,2021-01-02,Calvin Evans,Ltd Marquez,Cigna,47559.88,369,Elective,2021-01-10,Lipitor,Inconclusive
JuSTIn gibbs,23,Male,AB-,Obesity,2019-07-12,Olivia Morales,Stuart Inc,UnitedHealthcare,33991.2,138,Urgent,2019-07-25,Paracetamol,Normal
keLly JOhNSON,38,Male,O+,Hypertension,2019-09-27,Jessica Leblanc,Ltd Dixon,Medicare,48437.88,136,Urgent,2019-09-30,Ibuprofen,Inconclusive
ChristophEr bROWN,30,Male,B+,Obesity,2019-06-18,Kimberly Vargas,PLC Harris,Medicare,20070.14,305,Urgent,2019-07-16,Lipitor,Abnormal
lISa CHamBERS,39,Male,A-,Diabetes,2022-04-22,Lucas Woods,Carpenter-Chen,Blue Cross,39180.3,118,Elective,2022-05-08,Ibuprofen,Inconclusive
MICHAel zImmeRMaN,55,Female,AB-,Arthritis,2020-05-31,Samantha Contreras,Ltd Wilkinson,Cigna,25474.5,220,Urgent,2020-06-18,Paracetamol,Abnormal
deaNNA colLiNS,38,Male,O-,Asthma,2021-12-15,Ashley Steele,Miles-Sanchez,UnitedHealthcare,18510.33,217,Elective,2022-01-13,Lipitor,Normal
eRIka HErNAndez,48,Female,B+,Diabetes,2021-03-17,Richard Stokes,Collins Sons and,Medicare,11884.33,264,Elective,2021-04-13,Paracetamol,Normal
PAMeLA DuncaN,26,Female,B+,Asthma,2023-10-05,Paula Herrera,Massey Inc,Cigna,3573.02,119,Emergency,2023-10-18,Aspirin,Normal
saRa jONES,68,Female,O+,Obesity,2022-11-15,Donald Nguyen,"Baker and Thompson, Johnson",Blue Cross,4084.52,435,Elective,2022-12-14,Lipitor,Inconclusive
THErEsA COlEMan,60,Female,A+,Obesity,2021-12-23,Jonathon Galvan,Group Robbins,Cigna,10649.33,236,Urgent,2021-12-30,Penicillin,Inconclusive
stACeY WOOd,72,Female,B+,Diabetes,2020-02-10,Joan Mccarty,White-Stone,Medicare,28756.23,205,Elective,2020-02-16,Aspirin,Abnormal
pATrICK FlOreS,23,Female,O+,Cancer,2021-06-11,Jason Stokes,Caldwell Group,Blue Cross,26424.35,274,Urgent,2021-06-17,Lipitor,Normal
lAURa mORgaN,55,Male,AB+,Arthritis,2022-03-05,Ronald Stafford,Brown-Thompson,Cigna,34602.1,339,Elective,2022-03-14,Paracetamol,Normal
nIcOlE CRaNE,59,Male,AB+,Diabetes,2023-11-22,Rebecca Davis,Sons and Morton,Aetna,6216.41,276,Emergency,2023-11-23,Paracetamol,Inconclusive
RoBert aRELlaNO,83,Male,O-,Obesity,2021-01-08,Kathleen Wheeler,and Johnson Sons,Medicare,34770.75,328,Urgent,2021-02-06,Aspirin,Normal
JoN SPeNCe,36,Female,A+,Arthritis,2023-07-31,Clifford Wilson,Travis Inc,Cigna,27378.99,488,Elective,2023-08-15,Lipitor,Inconclusive
KevIn sMiTH,51,Male,A-,Arthritis,2019-08-10,Ryan Patterson,Brooks LLC,UnitedHealthcare,12297.03,103,Emergency,2019-08-14,Paracetamol,Abnormal
RHonDa JAcKsoN,59,Male,B+,Asthma,2020-02-24,Kathryn Wong,"Nguyen, Simmons and Johnson",UnitedHealthcare,43863.48,408,Elective,2020-03-22,Paracetamol,Normal
DanIEL mORRiS,64,Female,AB+,Arthritis,2021-06-25,Amy Perry,"Buck and Delgado, Rich",Blue Cross,21690.8,140,Emergency,2021-07-16,Lipitor,Abnormal
CoURtney stepHeNs,38,Male,B-,Obesity,2022-04-10,Joe Hicks,Snyder Ltd,Medicare,41134.79,494,Emergency,2022-04-28,Paracetamol,Abnormal
bRENT RObiNsON,25,Female,B+,Obesity,2020-01-26,Aaron Johnson,"Patton and Mclaughlin, Barr",UnitedHealthcare,4980.39,192,Emergency,2020-02-19,Paracetamol,Normal
DEVin HaRmon,52,Male,AB+,Diabetes,2021-06-26,Margaret Massey,Olson LLC,Cigna,4152.86,293,Emergency,2021-06-27,Penicillin,Normal
kimBErlY sHANNoN,80,Female,A-,Obesity,2022-03-21,Pamela Miller,"Foley, Williams Gonzales and",Blue Cross,26459.13,387,Emergency,2022-03-30,Penicillin,Normal
paTRicIA bEniTez,34,Female,A+,Cancer,2022-11-01,Christopher King,Melton Ltd,Blue Cross,22549.38,207,Emergency,2022-11-18,Penicillin,Normal
micHAEl ROgERS,32,Female,B+,Obesity,2022-10-11,Debbie Peters,Baker PLC,Cigna,45870.56,314,Urgent,2022-11-06,Penicillin,Abnormal
WIlLiam fAULKner,42,Female,B+,Obesity,2019-06-13,William Paul,Oconnor and Sons,Blue Cross,43131.25,382,Elective,2019-07-12,Penicillin,Inconclusive
aMy HartmAN,37,Female,O-,Arthritis,2020-09-13,Dustin Russell,"Schmitt and Montgomery, Barber",Blue Cross,16828.05,147,Urgent,2020-10-13,Paracetamol,Inconclusive
HoLlY anDeRSen,20,Male,O-,Cancer,2022-05-26,Mr. Jimmy Gonzales,"and Miller Montoya, Small",Aetna,38270.27,120,Urgent,2022-06-25,Penicillin,Abnormal
jEnNiFEr MayO,26,Female,A+,Cancer,2021-07-07,Nicole Johnson,"Travis Graham and Whitehead,",Aetna,40078.82,326,Urgent,2021-07-17,Paracetamol,Inconclusive
Greg whItE,21,Female,B+,Diabetes,2023-12-21,Michael Mcdaniel,Thomas Ltd,UnitedHealthcare,22757.59,407,Emergency,2024-01-11,Ibuprofen,Abnormal
KeNNeth WeEks,56,Female,O+,Arthritis,2021-01-30,John Dixon,LLC Allen,Medicare,9028.98,102,Emergency,2021-02-26,Aspirin,Abnormal
jESse YOrk,20,Male,O+,Diabetes,2022-07-06,James Murphy,King Group,Medicare,23436.74,211,Urgent,2022-07-11,Aspirin,Inconclusive
LEAh stONe,32,Male,AB-,Arthritis,2022-10-12,Jason Hernandez,Lamb-Hansen,Cigna,45177.88,315,Urgent,2022-11-11,Lipitor,Abnormal
JEfFReY FergUSON,47,Female,B+,Arthritis,2023-04-26,Lisa Thompson,PLC Haney,Medicare,17353.79,192,Elective,2023-05-16,Penicillin,Abnormal
TRAVIS rOMAn,47,Female,B-,Cancer,2020-02-06,Tanya Gutierrez,Moss-Jones,Medicare,16670.01,107,Urgent,2020-02-14,Aspirin,Normal
aSHLEy SAlaZAr,79,Female,AB-,Obesity,2019-09-21,Christopher Stevens,"Meyer Bishop and Wallace,",Aetna,22059.36,359,Urgent,2019-10-06,Ibuprofen,Inconclusive
DAVid mIraNDa,48,Female,B+,Cancer,2020-03-11,Anne Alvarez,Black and Sons,Aetna,34934.94,458,Emergency,2020-03-14,Paracetamol,Abnormal
aNgela sUlLIVaN,44,Male,B+,Cancer,2022-04-30,Sonya Fletcher,Davis-Bell,Medicare,45625.24,440,Urgent,2022-05-12,Ibuprofen,Inconclusive
asHlEY bell,42,Male,AB-,Arthritis,2020-04-09,Donald Maynard,"Hill, Murphy and Stewart",Blue Cross,11641.63,396,Emergency,2020-04-11,Penicillin,Inconclusive
mrs. sabrInA mOrEnO,78,Female,A+,Diabetes,2020-10-05,Jessica Byrd,"Bryant and Thomas, Smith",Aetna,16267.13,253,Elective,2020-10-14,Paracetamol,Normal
CraiG cLaRkE,39,Female,O+,Asthma,2019-12-28,George Thompson,Sons and Dawson,Aetna,48038.22,107,Elective,2020-01-05,Aspirin,Normal
keLLy HIlL,67,Female,AB-,Asthma,2023-09-05,Lisa Small,"Paul Watts and Perkins,",Blue Cross,33118.53,236,Emergency,2023-09-14,Paracetamol,Inconclusive
aaROn WEAvEr,40,Female,AB-,Obesity,2022-08-12,Tonya Dodson,Williams-Gordon,Blue Cross,28087.59,245,Urgent,2022-09-01,Paracetamol,Normal
gEoRge mason,30,Female,AB-,Diabetes,2024-02-17,William Scott,"and Chapman Payne, Werner",Medicare,42500.59,142,Emergency,2024-02-18,Penicillin,Abnormal
JOnaTHan HODges,69,Female,B+,Asthma,2019-05-21,Robert Evans,"Thomas, Green and Barron",Cigna,47980.92,181,Urgent,2019-06-18,Ibuprofen,Inconclusive
FelicIa YAng,29,Female,A-,Arthritis,2019-11-30,Francis Stout,Lambert-Brandt,UnitedHealthcare,27191.42,433,Emergency,2019-12-22,Penicillin,Normal
SaraH MilLer,82,Male,B-,Diabetes,2023-01-29,Jasmine Jimenez,Group Sparks,Medicare,11425.89,237,Elective,2023-02-04,Penicillin,Inconclusive
vInCent RAY,56,Male,A-,Cancer,2019-06-21,Robert Martinez,Inc Swanson,Blue Cross,30414.77,310,Urgent,2019-07-11,Ibuprofen,Abnormal
JAMie CollINs,84,Male,B-,Asthma,2023-06-17,Nathaniel Williams,"Mclaughlin, and Tucker Francis",Aetna,7566.86,435,Urgent,2023-07-17,Penicillin,Normal
aMANdA CUmMINGS,43,Female,B-,Obesity,2022-07-24,Michelle Shepard,Inc Copeland,UnitedHealthcare,34815.75,120,Emergency,2022-07-28,Aspirin,Normal
RAChEl SWanSON,79,Female,AB-,Arthritis,2022-01-28,Andrea Mitchell,Ltd Smith,Medicare,18609.9,127,Elective,2022-02-18,Lipitor,Inconclusive
nICoLE kNiGhT,22,Female,B+,Arthritis,2022-07-31,Marie Glass,Brown LLC,UnitedHealthcare,25233.89,194,Elective,2022-08-28,Lipitor,Inconclusive
mIChAel mAnN,73,Male,B+,Cancer,2023-05-05,Ryan Fisher,"Hodges Brown, Munoz and",Blue Cross,12339.96,135,Elective,2023-05-28,Aspirin,Inconclusive
wiLliAm ROGERS,84,Male,A-,Asthma,2020-08-31,Heather Petty,Robinson-Ritter,Cigna,38440.93,192,Urgent,2020-09-28,Lipitor,Inconclusive
MelAnIE mITCHEll,49,Male,A-,Obesity,2022-05-13,Nicole Stevenson,"Green, Howell and Jordan",Aetna,7147.97,140,Emergency,2022-06-05,Paracetamol,Normal
Steven ROBiNson,54,Male,AB+,Cancer,2019-12-04,Monica Costa,PLC Garcia,Aetna,24755.03,155,Emergency,2019-12-30,Paracetamol,Inconclusive
BrIaN gEOrGe,59,Male,B-,Cancer,2023-04-06,Joseph Copeland,"Fox, and Lucas Cain",Medicare,39553.12,376,Emergency,2023-04-21,Aspirin,Abnormal
ToNy haRrisoN,55,Male,B+,Hypertension,2022-10-08,Daniel Mayer,and Lee Sons,Medicare,48590.77,368,Urgent,2022-11-06,Penicillin,Inconclusive
elaINe gUZMAn,27,Male,A-,Asthma,2023-07-22,Christian Allen,Petty-Lloyd,Medicare,32806.49,195,Elective,2023-08-11,Paracetamol,Normal
MiCHeLLE lAne,38,Male,O+,Cancer,2021-10-19,Amy Gonzales,Kelly PLC,Aetna,18647.82,324,Urgent,2021-11-01,Penicillin,Normal
JaSon sMitH,55,Female,B+,Arthritis,2021-12-05,Tracy Sandoval,Conley-Wood,UnitedHealthcare,50378.3,155,Emergency,2021-12-11,Ibuprofen,Normal
jaNIce MooRE,46,Male,A-,Diabetes,2023-09-24,Daniel James,Choi PLC,Medicare,31263.33,179,Emergency,2023-10-06,Ibuprofen,Normal
jeNnIfeR HayES,40,Female,A+,Hypertension,2021-12-03,Kerry Johnson,Yu-Bryant,Aetna,14273.01,212,Urgent,2021-12-14,Lipitor,Inconclusive
PhILlIp eSpinoZA,21,Male,A+,Arthritis,2020-02-06,Brian Strong,LLC Chavez,UnitedHealthcare,20549.26,422,Elective,2020-02-16,Aspirin,Inconclusive
charLENe BrowN MD,81,Male,O-,Hypertension,2023-07-30,Christopher Barnes,"Mills and Young, Perry",Cigna,48799.39,102,Emergency,2023-08-11,Paracetamol,Inconclusive
THoMAs EricKSon,40,Female,O-,Hypertension,2020-03-25,Adam Gray,Sims-Castro,Cigna,16572.9,252,Emergency,2020-04-07,Aspirin,Inconclusive
jEROmE DAY,60,Male,O-,Arthritis,2021-02-25,Michael Thomas,Gonzalez LLC,Medicare,4224.22,353,Urgent,2021-03-15,Paracetamol,Normal
ALEjandro khaN,58,Female,B+,Hypertension,2020-10-25,Reginald Williams,"Hall and Montgomery King,",Blue Cross,39053.05,131,Elective,2020-11-14,Paracetamol,Abnormal
lauriE cOLe,54,Male,A+,Asthma,2021-08-07,Ryan Tran,Ingram-Collins,Aetna,35554.17,116,Elective,2021-08-26,Lipitor,Abnormal
bILL waLKER,60,Male,A+,Diabetes,2023-01-21,Lauren Hines,Watkins Group,Aetna,7613.45,448,Urgent,2023-02-07,Penicillin,Normal
aLEXaNdEr cErvANtEs,52,Female,O+,Diabetes,2023-07-30,Jerry Farley,Group Smith,Blue Cross,18798.12,121,Urgent,2023-08-23,Penicillin,Normal
maNuEl knight,49,Male,A+,Obesity,2023-09-25,Cameron Smith,Carpenter PLC,Blue Cross,35740.55,390,Elective,2023-10-04,Ibuprofen,Abnormal
aarOn siMMonS,38,Male,B+,Diabetes,2020-03-29,Kelly Spencer,Sons and Davis,Aetna,15415.39,153,Emergency,2020-04-19,Aspirin,Abnormal
SAndY geOrgE,55,Female,B+,Diabetes,2023-08-10,Michael Russell,"Ellis, and Smith Black",UnitedHealthcare,18628.7,323,Emergency,2023-08-30,Aspirin,Normal
auStIN AnDerSoN,59,Female,B-,Cancer,2023-06-04,Stephen Davis,Aguilar-Moreno,Medicare,30451.24,152,Urgent,2023-06-20,Lipitor,Abnormal
SHarON fReeMAN,72,Female,O-,Obesity,2021-03-26,Joseph Lee,Inc Howard,Blue Cross,5471.73,321,Emergency,2021-04-25,Lipitor,Inconclusive
GarY WiLsOn,55,Female,B+,Arthritis,2020-11-15,Krista Hess,Goodwin-Lawrence,Medicare,22348.11,244,Emergency,2020-12-06,Penicillin,Inconclusive
REbecca JOnES,85,Male,B-,Arthritis,2019-05-12,Eddie Williams,PLC Hoffman,Blue Cross,36307.54,306,Urgent,2019-05-16,Lipitor,Inconclusive
Craig WYaTt,18,Female,AB-,Arthritis,2019-05-20,Ellen Brown,Acosta Group,Cigna,37941.38,145,Urgent,2019-06-15,Aspirin,Abnormal
AmAnda diXoN,58,Female,A-,Cancer,2024-01-03,Stefanie Martinez,"Murray, Gilbert and Crawford",Medicare,15648.79,498,Elective,2024-01-26,Aspirin,Abnormal
CLaYTOn hoffmAn,76,Male,B+,Arthritis,2020-05-17,Lauren Stevens,Group Blake,Aetna,14572.2,134,Emergency,2020-05-23,Penicillin,Normal
LiNDsEY chErRY,82,Female,O+,Hypertension,2022-10-03,Jacob Soto,"Price, Neal and Mcpherson",Cigna,35789.99,474,Elective,2022-10-31,Penicillin,Inconclusive
joRDAN ValDEz,66,Female,O-,Asthma,2020-09-24,Lisa Carrillo,Group Davis,Cigna,26911.22,249,Elective,2020-09-26,Paracetamol,Normal
MIsTy CLaRK,84,Female,B-,Diabetes,2019-10-12,Heather Santiago,"Sellers and Nelson, Anderson",Blue Cross,37571.38,275,Urgent,2019-10-31,Penicillin,Normal
ReBecca fULLEr,62,Male,A+,Obesity,2022-03-11,Janet Holt,Gordon-Foster,Blue Cross,17370.83,281,Urgent,2022-03-28,Penicillin,Normal
joHN loPeZ,38,Male,AB-,Obesity,2021-11-03,Danielle Turner,Boyd Ltd,Cigna,35489.46,353,Elective,2021-12-03,Penicillin,Normal
ChRiSTINa WiLlIAMS,70,Male,A+,Obesity,2023-01-21,Amanda Grant,Cole Inc,UnitedHealthcare,47443.61,194,Emergency,2023-02-14,Aspirin,Abnormal
LaUREn fRieDMAN,63,Male,B-,Obesity,2020-02-14,Jeffrey Wilkinson,Matthews Group,UnitedHealthcare,49376.06,147,Elective,2020-03-02,Aspirin,Inconclusive
anDreA MorGAN,27,Female,AB-,Asthma,2023-08-17,Dr. Michael Peters,PLC Clarke,Medicare,27601.55,228,Urgent,2023-08-19,Penicillin,Normal
aNGeLA GIlBErT,29,Female,O+,Hypertension,2020-08-30,Christopher Griffin,Graham-Smith,Medicare,20455.46,283,Elective,2020-09-01,Lipitor,Abnormal
FAitH fOstER,65,Female,A+,Obesity,2020-05-06,Daniel Lucero,Reynolds and Sons,Aetna,11492.79,116,Emergency,2020-05-15,Lipitor,Inconclusive
TaNNer BUrGesS,26,Female,B+,Hypertension,2024-03-25,Eileen Sanchez,Adams-Kim,UnitedHealthcare,46094.98,452,Elective,2024-03-30,Penicillin,Abnormal
EliZabeTh TAyLoR,53,Male,B-,Cancer,2020-11-08,Mitchell Kerr,Sons and Good,Blue Cross,17616.1,219,Elective,2020-11-16,Paracetamol,Normal
eLIZAbEth huNt,46,Female,A-,Cancer,2019-09-09,Amanda Simmons,"Howell, Young Potts and",Medicare,46961.58,185,Urgent,2019-09-23,Paracetamol,Normal
EriN ryAn,25,Male,B+,Asthma,2019-05-29,Thomas Jenkins,"Martinez, Reed Watts and",Medicare,21951.54,497,Emergency,2019-06-27,Ibuprofen,Abnormal
MR. CODy NAvArrO,18,Male,A+,Cancer,2021-02-22,David Chan,LLC Massey,Medicare,29003.54,325,Elective,2021-03-16,Ibuprofen,Inconclusive
LAUrIe garcIa,67,Female,B-,Obesity,2021-05-01,Bruce Moss,Lewis-Fletcher,UnitedHealthcare,18561.27,411,Emergency,2021-05-26,Ibuprofen,Inconclusive
DeviN sheLtoN,25,Female,B-,Cancer,2022-05-04,Jamie Williamson,"and Harmon Brown, Cabrera",Medicare,50081.13,318,Elective,2022-05-17,Ibuprofen,Normal
oSCar nElSOn,24,Male,AB+,Obesity,2023-06-27,Crystal Schwartz,Wagner LLC,Cigna,39018.77,176,Emergency,2023-07-09,Ibuprofen,Abnormal
TAYLoR BrOwn,47,Male,AB+,Hypertension,2023-05-05,Sarah Stafford,Inc Johnson,Cigna,20072.0,145,Urgent,2023-05-18,Penicillin,Inconclusive
AARon OnEal,69,Male,A-,Asthma,2019-09-22,Anthony Atkins,Inc Taylor,Medicare,30828.63,478,Emergency,2019-09-26,Lipitor,Abnormal
JOHN milLer,18,Female,B-,Cancer,2023-10-22,Brenda Clements,Steele-Robinson,Cigna,47337.96,252,Elective,2023-11-16,Paracetamol,Abnormal
britTAnY waTsoN,53,Male,A+,Hypertension,2021-09-02,Tammy Walker,"Berry and Fischer, Wells",UnitedHealthcare,45053.27,174,Elective,2021-09-09,Paracetamol,Abnormal
JoHN moORe,45,Male,O-,Obesity,2021-06-30,Brian Hicks III,Benson-Cook,Medicare,32095.93,202,Urgent,2021-07-29,Penicillin,Inconclusive
JosepH lIVIngsTOn,50,Female,AB-,Cancer,2024-01-28,Monica Richardson,Montes-Evans,Blue Cross,12150.47,375,Urgent,2024-02-01,Ibuprofen,Inconclusive
ANdreW Brooks,51,Female,AB+,Diabetes,2022-05-19,Melissa Tyler,Ortega Ltd,Medicare,43474.52,262,Urgent,2022-05-28,Lipitor,Normal
HArold webb,34,Male,B-,Arthritis,2022-09-21,Jessica Hoffman PhD,"and Rose Stewart, Davis",Blue Cross,10830.61,372,Elective,2022-10-08,Paracetamol,Abnormal
dOugLAS kIng,80,Male,B-,Arthritis,2020-12-06,Elizabeth Smith,Melendez LLC,Cigna,18251.21,363,Elective,2020-12-11,Paracetamol,Abnormal
jESSiCa fRANklIN,19,Female,A-,Obesity,2023-04-07,Heidi Miller,Vazquez-Brown,Medicare,44731.27,381,Urgent,2023-05-05,Ibuprofen,Normal
JOhn HowARD,49,Male,AB-,Diabetes,2022-10-30,Crystal Cortez,Warren-Bowman,Medicare,32574.84,441,Emergency,2022-11-15,Penicillin,Normal
RobyN thOMpson,46,Male,B+,Hypertension,2019-11-12,Anthony Sanchez,"Brown Reed Robinson, and",Cigna,19479.45,280,Urgent,2019-12-05,Paracetamol,Abnormal
IsAAc moralES,63,Male,AB-,Arthritis,2020-08-23,Anna Crane,Ltd Peterson,UnitedHealthcare,44981.17,115,Emergency,2020-09-15,Paracetamol,Abnormal
jasOn SmiTH,75,Male,AB+,Hypertension,2021-01-11,Mark Adams,Moore-Taylor,UnitedHealthcare,20198.74,176,Elective,2021-01-22,Lipitor,Inconclusive
dOnnA joHnSON,59,Female,A-,Cancer,2019-10-17,Daniel Molina,Stewart-Dominguez,Cigna,40055.59,465,Urgent,2019-11-08,Lipitor,Abnormal
denise GuERRero,18,Male,A-,Obesity,2019-05-09,Andrea Roach,Lamb-Herrera,Cigna,8906.67,471,Urgent,2019-06-02,Ibuprofen,Normal
dAVid chandLer,68,Male,AB+,Hypertension,2020-06-20,Damon Hayes,and Sons Morrison,Cigna,14590.35,454,Urgent,2020-07-01,Penicillin,Inconclusive
MiCHeLlE benDeR,72,Male,O-,Cancer,2020-07-21,Vincent Bell,Ellis-Roberson,Medicare,42853.99,140,Emergency,2020-08-18,Ibuprofen,Normal
jessE mOLina,79,Female,AB-,Asthma,2019-05-22,Nicholas Obrien,"and Glover Christensen, Jackson",Cigna,41102.28,105,Emergency,2019-06-07,Penicillin,Normal
Rita NelSon,74,Male,B+,Hypertension,2019-09-15,Elijah Potts,"Alvarez Austin Snyder, and",Cigna,21513.53,438,Emergency,2019-10-11,Lipitor,Normal
JAnET Boyd,56,Male,B+,Diabetes,2019-12-23,Christina Webb,Erickson-Rodriguez,Medicare,37330.16,230,Emergency,2020-01-07,Aspirin,Abnormal
cAthErIne wElCh,80,Female,A-,Cancer,2020-07-25,Donna Dunn,"and Daniel Bryan Brown,",Blue Cross,4250.2,334,Urgent,2020-08-11,Paracetamol,Inconclusive
jaSOn daVis,83,Male,AB-,Diabetes,2019-11-15,Sarah Davis,Sons and Sanchez,Medicare,22561.88,216,Emergency,2019-12-07,Aspirin,Abnormal
ChRistOPheR reYnolDS,69,Male,B-,Diabetes,2020-09-15,Patty Day,Costa LLC,Cigna,35662.2,256,Elective,2020-09-18,Lipitor,Abnormal
LEaH martINez,84,Female,O-,Hypertension,2023-08-08,Matthew Smith,Coleman-Aguilar,Cigna,34961.91,327,Emergency,2023-09-01,Aspirin,Normal
mIchAeL DUArtE,60,Male,AB-,Asthma,2021-05-23,Christopher Prince,PLC Morrison,UnitedHealthcare,25999.13,322,Elective,2021-06-20,Penicillin,Inconclusive
lauRa bAKEr,49,Female,AB-,Asthma,2020-07-22,Glenda Jones,Jones-Graham,UnitedHealthcare,25594.56,258,Urgent,2020-08-12,Ibuprofen,Normal
cHArLeS tHOmPson,63,Male,A+,Cancer,2022-06-01,Raymond Watson,Ltd Brown,Medicare,21380.2,406,Elective,2022-06-21,Lipitor,Inconclusive
juliA wade,21,Male,A-,Diabetes,2024-01-01,Dawn Herman,"Bell and Davis Ross,",Aetna,12063.95,140,Elective,2024-01-14,Lipitor,Normal
GLORIA VANCe,28,Female,O+,Asthma,2024-04-25,Mr. Matthew Luna,"Allen Garcia and Wolf,",Medicare,25702.3,376,Elective,2024-05-25,Aspirin,Abnormal
JoHn ATKINs,77,Male,O+,Asthma,2019-08-30,Derek Cruz,"Lin Chan, and Moreno",Blue Cross,35252.89,182,Emergency,2019-09-06,Aspirin,Abnormal
aNGElA miLlER,34,Male,A-,Cancer,2023-03-03,Daniel Padilla,"Dennis, and Hood Guerra",Medicare,11175.23,248,Urgent,2023-03-22,Paracetamol,Normal
MAriA sUtTon,83,Female,A-,Obesity,2020-01-16,Sydney Garcia,Inc Mercer,Medicare,42510.69,286,Emergency,2020-02-03,Aspirin,Inconclusive
laureN tayloR,33,Female,B-,Arthritis,2024-03-15,Alexander Mcintosh,Garrett PLC,UnitedHealthcare,7475.74,373,Elective,2024-03-20,Penicillin,Abnormal
erIC PINeDa,39,Male,O+,Diabetes,2022-10-12,Alexandria Harris,Rollins-Garrett,Blue Cross,6117.89,144,Elective,2022-11-06,Aspirin,Normal
DOuGlAS tUrNeR,31,Female,B+,Hypertension,2020-03-01,Jacob Cabrera,"Medina, and Allen Wilkins",Cigna,15092.08,360,Elective,2020-03-06,Lipitor,Abnormal
dOrOTHY quiNn,75,Female,O+,Hypertension,2022-05-25,Christopher Patel,LLC Smith,Cigna,13354.51,361,Elective,2022-06-02,Ibuprofen,Abnormal
CHrIstInA DyEr,44,Male,O-,Hypertension,2021-05-04,Matthew Brown,Martin Group,Medicare,9911.68,477,Elective,2021-05-11,Aspirin,Abnormal
AlExaNdRIa cOLemaN,43,Female,O+,Hypertension,2023-06-20,Alex Davis,"Hayes and Miller, Sawyer",Blue Cross,37095.59,473,Urgent,2023-06-24,Penicillin,Normal
vICToRIa evanS,84,Female,B+,Obesity,2020-01-09,Megan Cohen,"and Phelps Burke Fields,",UnitedHealthcare,20737.64,217,Emergency,2020-02-06,Paracetamol,Inconclusive
wILliE maY,21,Female,AB-,Arthritis,2024-01-29,Victoria Horton,Inc Smith,UnitedHealthcare,24809.72,379,Elective,2024-02-20,Penicillin,Abnormal
JOsEPH eLLiS,49,Male,A+,Cancer,2021-10-14,Joshua Graham,"and Smith Conway, Byrd",Cigna,31511.12,229,Elective,2021-11-01,Ibuprofen,Inconclusive
isaAc pEtErson,50,Female,O+,Cancer,2020-01-11,Joseph Johnson,LLC Roberts,UnitedHealthcare,23498.45,351,Elective,2020-02-10,Aspirin,Inconclusive
wilLiAm baSs,31,Male,B+,Diabetes,2021-08-24,David Lee,Sons Gonzalez and,UnitedHealthcare,21915.78,234,Urgent,2021-08-25,Aspirin,Abnormal
MicHaeL EvANS,40,Male,B+,Diabetes,2020-12-07,Michael Thomas,"Johnson Kirby and Richard,",UnitedHealthcare,7868.69,470,Urgent,2020-12-10,Paracetamol,Inconclusive
aNdREW hILL,68,Female,O+,Diabetes,2021-12-13,Wesley Mclaughlin,LLC Ware,Medicare,21747.83,459,Urgent,2022-01-01,Aspirin,Abnormal
herbErT jiMEneZ,41,Female,AB-,Cancer,2024-01-03,Jenna Thomas,"Thomas and Nguyen, King",Aetna,26036.67,266,Emergency,2024-01-16,Lipitor,Inconclusive
saNdrA MuRphy,84,Male,A-,Asthma,2019-11-29,Angela Clayton,Bruce-Thomas,Aetna,27480.24,253,Urgent,2019-12-24,Aspirin,Normal
MIcHAEl ElLiotT,70,Male,A-,Asthma,2019-09-08,Jose Wiggins,"Baldwin, and Roberts Ray",Cigna,31266.84,394,Urgent,2019-09-23,Ibuprofen,Normal
MArY SaVaGe,30,Female,O+,Arthritis,2021-01-12,Lisa Hart,Horton-Hines,Aetna,36081.22,157,Elective,2021-02-04,Ibuprofen,Abnormal
CheRYl FOSTeR,57,Male,O+,Obesity,2020-10-09,Jay Wagner,"and Lewis, Hardy Cooper",Cigna,24346.52,242,Urgent,2020-11-07,Penicillin,Normal
mR. DaviD bOweN,63,Male,B-,Cancer,2023-09-24,Justin Joyce,Moore Group,Medicare,4022.2,383,Elective,2023-10-10,Aspirin,Normal
cHRIStoPhEr WIlsON,55,Male,A+,Hypertension,2022-10-04,Nicole Craig,Nelson-Hawkins,Medicare,31632.74,252,Urgent,2022-10-11,Ibuprofen,Normal
MatTHEW sHANnOn,30,Female,A+,Asthma,2019-06-24,Taylor Gregory,LLC Martinez,Aetna,29806.72,224,Elective,2019-06-25,Paracetamol,Normal
jill cUNninGhaM,45,Male,O-,Arthritis,2022-03-22,Mark Potts,Ross LLC,Cigna,5956.23,168,Urgent,2022-04-01,Penicillin,Normal
CHRIStIna bROwN,75,Female,B+,Cancer,2023-04-30,Raven Turner,Graves LLC,Aetna,1493.08,319,Emergency,2023-05-30,Ibuprofen,Normal
connIE pAGe,42,Female,A+,Cancer,2024-02-06,Jeremy Johnson,"Cowan Cardenas Allen, and",UnitedHealthcare,6257.13,259,Elective,2024-02-27,Ibuprofen,Abnormal
DaViD LopeZ,82,Male,A+,Arthritis,2024-04-09,Lisa Adams,PLC Mann,Aetna,32968.23,308,Emergency,2024-05-01,Aspirin,Normal
JAMES wILLIaMs,18,Female,A-,Arthritis,2021-12-01,Paul Hale,Inc Lopez,Medicare,35732.35,241,Urgent,2021-12-18,Penicillin,Abnormal
andreW yANg,58,Female,AB-,Arthritis,2020-10-03,Laura Morrow,LLC Gonzalez,Medicare,13975.27,336,Urgent,2020-10-30,Ibuprofen,Normal
maUREen duNn,69,Female,B-,Asthma,2023-01-06,Angela Brown,Lee-White,Aetna,14108.66,279,Elective,2023-01-07,Aspirin,Inconclusive
andREw aRnoLd,69,Female,A-,Arthritis,2022-02-25,Amber Martinez,Rodriguez-Beck,Blue Cross,44253.72,498,Urgent,2022-02-26,Paracetamol,Normal
MRs. CouRtneY MOore md,47,Male,AB+,Diabetes,2019-09-19,George Gilbert,King-Garza,Cigna,23136.67,426,Emergency,2019-10-01,Penicillin,Normal
RaymoND bRuCe,35,Male,AB+,Diabetes,2020-05-13,Amy Murillo,"and Nelson Blake, Gutierrez",Cigna,38101.63,187,Elective,2020-05-25,Lipitor,Abnormal
samaNtHa bateS,44,Male,O-,Hypertension,2019-06-14,Richard Martin,Willis-Dixon,Cigna,24947.59,278,Elective,2019-07-07,Aspirin,Abnormal
MaTTheW burNEtT,76,Male,AB-,Diabetes,2021-04-29,Nicole Cunningham,"Arnold, Steele Scott and",UnitedHealthcare,9632.88,369,Urgent,2021-05-16,Lipitor,Inconclusive
liNda BUtler,23,Female,O+,Diabetes,2023-11-07,Michael Owens,Sharp-Greer,Medicare,11209.42,452,Emergency,2023-12-05,Lipitor,Abnormal
aNgEla WIley,82,Female,A-,Diabetes,2020-05-13,Sharon Jones,"Jones, Valentine Pacheco and",Aetna,15850.21,337,Urgent,2020-06-07,Aspirin,Abnormal
AusTIn AndERson,37,Male,AB-,Obesity,2020-07-14,Christopher Burke,Burns LLC,Medicare,28367.19,297,Urgent,2020-07-23,Lipitor,Abnormal
deBorAh gArNer,79,Female,A+,Diabetes,2021-10-12,Brianna Powers,"Floyd and Williams Stephenson,",UnitedHealthcare,49784.89,465,Elective,2021-10-13,Penicillin,Inconclusive
eRic sMIth,61,Female,AB-,Obesity,2020-10-23,Mr. Brendan Young,"Smith, Singh and Gonzales",Aetna,16155.88,183,Emergency,2020-11-15,Ibuprofen,Inconclusive
CarrIE wHitEHEAD,48,Male,O-,Hypertension,2024-03-03,Pedro Stewart,Smith-Smith,Cigna,5352.55,405,Urgent,2024-03-27,Ibuprofen,Abnormal
dOmINIqUE MaLDOnADO,70,Female,A-,Arthritis,2020-03-11,Shelley Miller,"Jenkins, Jenkins and Patterson",Aetna,44693.69,280,Elective,2020-04-07,Paracetamol,Abnormal
jorGe singh,37,Female,O+,Diabetes,2023-08-29,Christopher Harris,"Duran Mendoza and Scott,",Medicare,8656.28,193,Emergency,2023-09-08,Penicillin,Normal
jIlL LANe,40,Male,AB-,Obesity,2020-06-17,Kenneth Brown,Frye Group,Aetna,27009.21,287,Emergency,2020-07-05,Paracetamol,Normal
jAMES NGuyEn,39,Female,AB+,Diabetes,2023-02-26,Travis Johnson,Harding-Adams,Medicare,24977.27,461,Urgent,2023-03-28,Lipitor,Inconclusive
dEbbIe sHaw,76,Male,A+,Arthritis,2021-02-08,Michael Mcdowell,Lopez Group,Cigna,12282.28,215,Urgent,2021-02-12,Aspirin,Abnormal
emIlY vAldEZ,74,Male,B+,Cancer,2022-01-08,Kathy Murray,Powell Inc,Blue Cross,12989.25,162,Emergency,2022-01-26,Aspirin,Normal
AlEJandRo PiErce,65,Male,B-,Cancer,2023-02-10,Alexander Williams,Duran-Scott,Blue Cross,22805.15,450,Urgent,2023-03-10,Lipitor,Abnormal
oMaR LoPEZ,44,Female,AB-,Diabetes,2020-09-03,Rachel Duran,LLC Fletcher,Medicare,8194.53,297,Emergency,2020-09-24,Penicillin,Abnormal
MArilyN fiGUEroa,80,Female,B-,Hypertension,2019-05-14,Alexandra Howard,Smith-Hicks,Cigna,39605.89,404,Emergency,2019-05-15,Penicillin,Normal
sArA Green,48,Male,A+,Asthma,2023-06-02,Denise Rivera,LLC Dickerson,Medicare,50838.48,101,Elective,2023-06-27,Lipitor,Abnormal
JeSsicA MilLEr,76,Male,AB-,Hypertension,2023-02-01,Matthew Lopez,Guerrero Group,Aetna,34020.25,309,Urgent,2023-02-28,Ibuprofen,Abnormal
JoNaTHan gArcIa,65,Female,AB-,Hypertension,2022-10-06,Jason Williams,"and Gardner Torres, Rosario",UnitedHealthcare,43940.14,275,Emergency,2022-10-23,Penicillin,Abnormal
jOHn ThOmPsoN,52,Male,B+,Diabetes,2024-04-30,Thomas Schwartz,Wilson Sons and,Blue Cross,6789.92,301,Urgent,2024-05-19,Paracetamol,Abnormal
clifFoRd belL,19,Male,A-,Arthritis,2020-05-15,Thomas Newton,PLC Rivera,Medicare,12073.33,128,Elective,2020-05-21,Paracetamol,Abnormal
ChARlEs finlEY,26,Male,A-,Diabetes,2024-04-17,Pamela Harris,PLC Holmes,UnitedHealthcare,29283.6,271,Emergency,2024-04-22,Ibuprofen,Normal
MrS. MOnICA Craig,31,Female,O-,Obesity,2019-09-17,Sherri Hill,"Taylor Mcintosh and Ross,",Medicare,14265.94,303,Emergency,2019-10-17,Aspirin,Abnormal
HEiDI EVaNs,84,Male,A+,Hypertension,2019-06-16,Joseph Cole,Anderson-Miller,Blue Cross,25664.35,482,Emergency,2019-06-30,Lipitor,Inconclusive
MR. tImOtHY hOwARd,54,Male,A+,Asthma,2021-05-04,Michelle Wheeler,Martin-Terry,Aetna,29245.25,238,Emergency,2021-05-15,Penicillin,Inconclusive
MarIO CoX,84,Female,B-,Cancer,2022-01-06,Amy Kennedy,Inc Meyer,Aetna,24557.94,119,Urgent,2022-01-09,Aspirin,Normal
lUIs BarNES,82,Male,O-,Diabetes,2020-08-12,Dustin Mcdaniel,PLC Phillips,Aetna,23437.3,120,Emergency,2020-09-07,Penicillin,Inconclusive
SydNeY tuCker,22,Female,AB+,Hypertension,2022-09-21,Angela Melton,"Schneider and Hopkins Oconnor,",UnitedHealthcare,12074.07,220,Urgent,2022-09-29,Ibuprofen,Abnormal
andre HArVEy,76,Male,AB-,Arthritis,2022-10-04,Kathleen Davis,Bauer Inc,UnitedHealthcare,26434.27,354,Urgent,2022-10-07,Lipitor,Normal
KIMBErly vasqueZ,26,Male,A-,Obesity,2023-10-23,Jennifer Bennett,Cowan Inc,UnitedHealthcare,38142.11,313,Urgent,2023-11-18,Penicillin,Abnormal
beNjAmIn KErR,77,Male,B+,Asthma,2022-07-04,John Bush,Burns-Callahan,Medicare,3825.09,425,Elective,2022-07-30,Lipitor,Normal
ALeXIS sImMoNs,77,Female,A-,Obesity,2022-03-31,Sheila Schwartz,Moore-Smith,Cigna,28157.62,379,Emergency,2022-04-21,Aspirin,Inconclusive
DAvid HEnsleY,43,Male,AB+,Hypertension,2020-03-03,Mrs. Stephanie Miller,"Taylor Johnson, Beasley and",Medicare,44211.02,324,Urgent,2020-03-15,Ibuprofen,Abnormal
CHrIstinE DYEr,18,Female,O+,Hypertension,2021-01-08,Mike Carter,"Young Wright Davis, and",Aetna,21072.77,189,Elective,2021-01-28,Paracetamol,Inconclusive
sHari wIllIaMs,71,Male,B+,Diabetes,2021-08-17,Eric Haynes,"Wood and Murphy Jones,",Aetna,25100.38,110,Emergency,2021-09-07,Ibuprofen,Normal
tammy jaCKSon,77,Male,A-,Hypertension,2024-02-14,Victoria Cox,"Gonzalez and Stevens Ruiz,",Medicare,34006.63,411,Urgent,2024-02-18,Paracetamol,Abnormal
KiMBErLy cRawFOrd,34,Male,AB-,Hypertension,2021-07-08,Kimberly Bernard,Willis-Mcgee,Cigna,15343.04,450,Emergency,2021-07-21,Paracetamol,Normal
dONnA smitH,63,Male,B+,Diabetes,2019-08-29,Bob Vega,Williams-Meza,Medicare,39934.84,212,Urgent,2019-09-21,Ibuprofen,Abnormal
TAylOr pEteRSEn,77,Male,A+,Obesity,2023-07-20,Ryan Porter,"King Weiss, and West",Aetna,42829.63,193,Urgent,2023-08-14,Lipitor,Abnormal
CHriS sTEVeNsON,70,Male,A-,Diabetes,2019-10-10,Deborah Mccarthy,Benson PLC,Blue Cross,26499.42,116,Urgent,2019-10-27,Aspirin,Normal
LesLIe CoLlins,26,Male,O-,Hypertension,2019-11-12,Gail Armstrong,"Morgan and Wilcox Barnett,",Blue Cross,47839.77,199,Urgent,2019-11-16,Penicillin,Normal
DEBORaH moORE,36,Male,O+,Asthma,2020-03-09,Angela Massey,Rubio LLC,UnitedHealthcare,45412.66,352,Emergency,2020-04-03,Paracetamol,Abnormal
JAMeS hOrtOn,68,Female,A+,Hypertension,2021-08-23,Ana Thomas,"Lee Chambers, and Foley",Medicare,45476.56,473,Emergency,2021-09-18,Penicillin,Abnormal
kArLa CrAWFoRd,51,Male,O+,Asthma,2023-10-10,Ian Davenport,Hurley Ltd,UnitedHealthcare,44926.67,453,Emergency,2023-10-15,Paracetamol,Inconclusive
PetEr spENcer,46,Female,O-,Arthritis,2021-03-10,Michelle Clark,PLC Trujillo,Aetna,8017.51,104,Urgent,2021-03-12,Lipitor,Abnormal
lIsA McCLure,58,Male,A-,Arthritis,2022-09-07,James Chen,Henson-Harmon,UnitedHealthcare,27565.26,414,Emergency,2022-09-29,Paracetamol,Normal
mARilYN TRAn,38,Female,AB-,Hypertension,2023-07-04,Vanessa Mclaughlin,Jacobs-Howell,Cigna,44442.61,456,Emergency,2023-07-17,Ibuprofen,Abnormal
niCOLe hARRison,55,Female,O+,Arthritis,2022-06-21,Allen Mcintosh,Williams PLC,Cigna,27643.32,183,Elective,2022-06-28,Aspirin,Normal
cHad MAldOnadO,77,Male,O-,Cancer,2019-07-05,Briana Pittman,Martin PLC,Aetna,27530.23,491,Elective,2019-07-15,Paracetamol,Inconclusive
ARiaNa brOWN,72,Female,B+,Hypertension,2020-02-10,Ronald Crawford,"Mata Norman, Holmes and",Aetna,47601.55,384,Emergency,2020-02-14,Lipitor,Inconclusive
Robert DUnN,26,Female,B+,Arthritis,2022-09-12,David Taylor,Brown LLC,Aetna,36680.27,162,Urgent,2022-09-19,Paracetamol,Inconclusive
tEReSA HARriSOn,29,Female,O-,Asthma,2021-06-14,Brandon Crawford,Ward-Crosby,Medicare,29560.99,363,Urgent,2021-07-01,Penicillin,Normal
ThOMAS arNold,85,Female,A-,Cancer,2021-02-09,Jordan Martinez,Wong-Booth,Blue Cross,49121.41,281,Urgent,2021-03-09,Penicillin,Inconclusive
crYstAl simPSon,37,Female,A+,Cancer,2023-11-16,Sara Simmons,"and Valencia Flores, Byrd",Blue Cross,35722.02,257,Emergency,2023-12-03,Paracetamol,Inconclusive
gEORGe PHILlIPS,69,Female,A-,Asthma,2021-03-21,Timothy Guerra,Collins-Gutierrez,UnitedHealthcare,11202.35,145,Elective,2021-03-25,Aspirin,Abnormal
jEFfREY gUtierREz,27,Male,B-,Diabetes,2021-06-23,Sara Thomas,"Cameron Black Davis, and",Medicare,31555.5,403,Urgent,2021-07-23,Aspirin,Normal
PAUL maCK,77,Male,B+,Obesity,2023-05-14,Brian Holmes,Group Rivera,Medicare,44075.25,288,Urgent,2023-05-27,Penicillin,Abnormal
kIMBeRLy rAmirez,55,Female,B-,Obesity,2024-02-01,Robert Wyatt,PLC Davis,UnitedHealthcare,26408.47,236,Elective,2024-02-21,Paracetamol,Abnormal
sArah viLLaRReaL,75,Male,O+,Arthritis,2023-06-20,Jacob Deleon,Ltd Taylor,Medicare,43770.12,193,Emergency,2023-07-08,Lipitor,Abnormal
CHLoe hUNT,74,Female,O-,Asthma,2019-12-05,Craig Hunt,"Anderson, Smith Smith and",Aetna,3353.64,406,Emergency,2019-12-06,Lipitor,Abnormal
Heidi POpe,38,Male,B+,Asthma,2021-11-22,Wanda Sanchez,"and Walker Smith Cannon,",Aetna,34469.85,255,Emergency,2021-12-02,Ibuprofen,Abnormal
megAn GRaY,61,Male,AB-,Asthma,2023-07-29,Scott Kennedy,Williams LLC,Medicare,30304.56,273,Emergency,2023-08-14,Ibuprofen,Normal
SANdra SotO,38,Female,AB+,Obesity,2019-05-24,Cynthia Sexton,Ayers-Alvarez,Cigna,20022.79,301,Urgent,2019-06-16,Paracetamol,Inconclusive
brenda LE,28,Male,A+,Cancer,2020-10-27,Julian Hernandez,"Walsh Alexander, and Dennis",Aetna,19993.54,168,Emergency,2020-11-11,Penicillin,Normal
Lori riVaS,65,Male,A-,Obesity,2020-09-18,Robin Schwartz,Nelson PLC,UnitedHealthcare,29921.44,369,Elective,2020-10-09,Ibuprofen,Normal
rOGEr HaMiLtOn,44,Female,O-,Arthritis,2020-05-16,Luis Franklin,Group Kim,Cigna,36508.85,304,Elective,2020-05-26,Lipitor,Normal
MelissA WaLleR,58,Male,B-,Obesity,2020-05-15,Alejandro Pearson,Hess Sons and,Aetna,26697.18,355,Urgent,2020-06-11,Aspirin,Abnormal
daRRYl wiLliaMs,38,Female,AB+,Obesity,2021-06-26,Mary Jackson,"Cardenas, and Fields Nichols",Blue Cross,4289.03,441,Elective,2021-06-30,Ibuprofen,Inconclusive
mOnIca wALKeR,49,Female,A-,Asthma,2021-02-10,Samantha Eaton,"Fisher Kirk, and Becker",Cigna,34804.88,456,Urgent,2021-02-16,Ibuprofen,Abnormal
tERESa CampbELL,35,Female,A-,Obesity,2020-05-23,Brian Hobbs,Jenkins-Jackson,Cigna,2280.74,210,Urgent,2020-06-22,Lipitor,Abnormal
frEDeriCK MCiNtOsh,45,Female,O+,Cancer,2020-09-23,Chris May,"Jackson Hammond and Garcia,",UnitedHealthcare,3290.15,208,Elective,2020-10-16,Ibuprofen,Normal
DeBRa hArriS,41,Male,A-,Arthritis,2023-06-23,Mary Richardson,Inc Miller,Blue Cross,44839.31,138,Emergency,2023-06-27,Penicillin,Abnormal
ChAd GrEEn,77,Female,A+,Hypertension,2021-10-21,David Moore,LLC Smith,Medicare,15018.44,473,Elective,2021-10-24,Aspirin,Abnormal
TErRy mARTIn,66,Female,O+,Hypertension,2022-09-27,Karen Oconnor,Schroeder-Walker,Cigna,23094.18,384,Urgent,2022-10-05,Ibuprofen,Abnormal
madISon PAlmEr,72,Female,A+,Arthritis,2020-11-12,Tasha Meyer,"Mcguire and Wheeler, Morris",Aetna,49032.03,128,Urgent,2020-12-09,Ibuprofen,Normal
MIchaEl JONes,85,Female,A+,Asthma,2023-10-30,Jose Smith,Washington-Sanchez,Cigna,27783.87,326,Urgent,2023-11-25,Penicillin,Inconclusive
mICHAEL nEwMAn,52,Male,A+,Diabetes,2022-01-20,Janet Elliott,Dawson-Baker,Medicare,16660.53,409,Urgent,2022-02-15,Paracetamol,Inconclusive
LindSEY tURNeR,78,Male,B+,Cancer,2021-12-14,Paul Harding,LLC Perez,Aetna,28921.59,359,Emergency,2022-01-05,Lipitor,Abnormal
NIcoLE HaLL,55,Female,A+,Arthritis,2022-04-13,Mr. Zachary Williams,Sons and Olson,Aetna,27100.22,397,Elective,2022-04-22,Ibuprofen,Inconclusive
LeSlie rotH,19,Male,B-,Obesity,2024-03-27,Troy Williams,Bell-Thomas,Blue Cross,37309.35,431,Emergency,2024-03-31,Penicillin,Inconclusive
rOBert ROBeRtS,47,Male,A-,Cancer,2024-03-18,Dennis Cabrera,Thompson-Thomas,Cigna,23995.15,302,Urgent,2024-03-21,Aspirin,Inconclusive
ERic TorRES,41,Female,B+,Arthritis,2023-01-06,Cassidy Thompson,"Kelly Johnson, Parker and",UnitedHealthcare,43882.3,434,Elective,2023-01-28,Aspirin,Normal
REbecCA moore,36,Female,O+,Cancer,2019-09-03,Michelle Perez,"Tanner Smith Miller, and",UnitedHealthcare,21561.77,127,Urgent,2019-09-05,Lipitor,Abnormal
STEve goODMAN,77,Female,O+,Asthma,2023-02-09,Joy Lewis,"Johnson and Doyle, Collins",Blue Cross,44206.13,169,Emergency,2023-03-03,Paracetamol,Normal
TErESa StRong,55,Male,B-,Hypertension,2022-03-31,Candice Cardenas,Inc Taylor,Blue Cross,17463.24,329,Urgent,2022-04-03,Aspirin,Normal
BRaNdon SMiTh,50,Female,AB-,Obesity,2019-12-15,Melanie Cook,Inc Williams,Aetna,45885.55,427,Emergency,2020-01-05,Aspirin,Inconclusive
MoNiCA WhITe,72,Female,AB-,Arthritis,2022-03-12,Theodore Ramos,King-Henry,UnitedHealthcare,7538.41,340,Urgent,2022-03-20,Ibuprofen,Abnormal
saRa HARRIs,58,Male,AB+,Diabetes,2023-03-04,Rodney Hall,"Cruz and Hahn, Gibbs",Medicare,7138.21,448,Urgent,2023-03-14,Lipitor,Abnormal
katHLEeN saNdovAl,76,Male,AB-,Hypertension,2019-08-25,Sonya Miller,"and Higgins Mckay, Cruz",Blue Cross,17338.25,458,Elective,2019-09-23,Ibuprofen,Normal
CAROLinE milleR,50,Female,AB-,Obesity,2022-04-27,Victoria Lara,Johnson-Mitchell,Aetna,7094.0,257,Emergency,2022-05-13,Aspirin,Normal
JENnIfeR BAKEr,40,Male,AB+,Diabetes,2024-01-29,Kelly Watson,"Vincent, Walker Parsons and",Blue Cross,32956.18,232,Elective,2024-02-26,Penicillin,Inconclusive
KrIsTIna PAynE,38,Male,AB+,Diabetes,2021-03-13,Kari Ramos,Collins-Mcdonald,Cigna,17765.68,367,Urgent,2021-03-18,Penicillin,Inconclusive
sTAcy jOnes,31,Male,AB+,Arthritis,2023-11-28,Sydney Robbins,Kelly-Tapia,UnitedHealthcare,30988.3,135,Emergency,2023-12-07,Ibuprofen,Abnormal
MichaEl RaMoS,82,Male,AB-,Asthma,2020-05-25,Bobby Becker,Williams-Peterson,Aetna,14168.5,427,Elective,2020-05-30,Lipitor,Inconclusive
MichAEl MezA,25,Female,O+,Hypertension,2022-02-01,Daniel Watkins,LLC Merritt,UnitedHealthcare,11167.11,140,Urgent,2022-02-20,Lipitor,Normal
rAndY sHAW,84,Female,B+,Diabetes,2020-02-06,Karen Ramirez,Ryan-Miller,Aetna,16972.6,374,Emergency,2020-02-08,Ibuprofen,Normal
aNn sUllIVAn,28,Male,B-,Obesity,2024-02-08,Craig Cooper,Mcintosh-Cantu,Aetna,44867.89,266,Urgent,2024-03-08,Lipitor,Inconclusive
Amy wHIte,70,Female,B+,Hypertension,2023-02-09,Erin Oconnell,PLC Hill,Medicare,7754.76,184,Elective,2023-02-13,Lipitor,Normal
nichOlAS SulLIvAN,63,Male,B+,Cancer,2020-12-15,Carlos Jennings,"and Perkins, Long Herring",Blue Cross,28356.69,175,Urgent,2020-12-23,Paracetamol,Abnormal
jENniFER jOhnsON,70,Female,AB+,Asthma,2024-02-29,Kimberly Freeman,"Russell, and Barnett Williams",UnitedHealthcare,12869.43,182,Emergency,2024-03-16,Aspirin,Inconclusive
jonAtHaN yOUNG,66,Female,B+,Hypertension,2024-02-18,Mrs. Lisa Lucas DVM,Lambert-Richardson,Medicare,49125.38,217,Urgent,2024-03-11,Penicillin,Inconclusive
GLEnn RodrIgueZ,72,Female,A+,Hypertension,2023-07-02,Rachel Wallace,"Morgan, Stephenson and Frazier",Cigna,19950.76,332,Emergency,2023-07-17,Lipitor,Inconclusive
chrisTOPhER HurSt,76,Female,AB+,Diabetes,2020-05-30,Laura Washington,"Taylor Reyes and Bowers,",Aetna,9747.67,261,Urgent,2020-06-19,Ibuprofen,Inconclusive
patRIcK smITh,84,Male,AB-,Asthma,2021-04-16,Jamie Bright,PLC Gaines,Aetna,44452.67,380,Emergency,2021-04-17,Paracetamol,Inconclusive
mArk LAne,53,Male,AB+,Hypertension,2021-09-16,Paul Chen,"and Neal Vargas, Welch",UnitedHealthcare,40786.35,357,Elective,2021-10-15,Paracetamol,Abnormal
aMANDa wIlson,31,Male,B-,Hypertension,2021-07-23,Susan Clark,Howe-Mitchell,UnitedHealthcare,28062.08,222,Elective,2021-08-13,Ibuprofen,Abnormal
cARrie ScoTt,67,Male,AB-,Arthritis,2021-03-12,Cheryl Maxwell,Becker LLC,Aetna,1061.08,335,Urgent,2021-04-07,Lipitor,Abnormal
DaltoN TuCKEr,56,Male,A-,Diabetes,2019-05-26,Thomas Harding,Vargas-Walker,UnitedHealthcare,13670.11,482,Urgent,2019-06-18,Lipitor,Normal
cyNTHiA willIams,25,Male,A-,Obesity,2023-11-01,Jessica Lawrence,Henderson-Cruz,Cigna,20161.44,169,Urgent,2023-11-19,Lipitor,Abnormal
StevEn PRIcE,84,Female,AB+,Hypertension,2022-06-11,Jose Strickland,Holt-Hale,UnitedHealthcare,2080.26,460,Elective,2022-06-15,Paracetamol,Inconclusive
anNa ClEMENtS,80,Male,A-,Arthritis,2022-03-11,Lee Richard,"and Cohen Nelson, Davidson",Aetna,30322.53,419,Urgent,2022-04-09,Paracetamol,Inconclusive
hEIdI BuCHanan,41,Male,A-,Asthma,2023-04-03,Margaret Booker,Brooks PLC,Blue Cross,33256.49,387,Elective,2023-04-16,Paracetamol,Inconclusive
aNneTte PruiTt,70,Female,A-,Obesity,2021-03-24,Jimmy Savage,and Sons Curry,Medicare,47469.18,212,Elective,2021-04-11,Ibuprofen,Abnormal
karI welLs,38,Female,AB+,Obesity,2021-07-09,Heather Fuller,Group Owens,Aetna,17150.16,323,Elective,2021-07-26,Ibuprofen,Abnormal
JAY galloWaY,74,Female,O+,Asthma,2021-01-20,Debra Everett,Group Peters,Blue Cross,-109.1,381,Emergency,2021-02-09,Ibuprofen,Abnormal
cLiFfOrD lEe,32,Female,A-,Diabetes,2020-05-22,Walter Jacobs,"Vang, and Cook Moore",Cigna,44695.26,166,Emergency,2020-06-14,Paracetamol,Abnormal
mELISSa nGuYen,29,Male,A-,Hypertension,2022-09-19,Breanna Simmons,Sons and Lewis,Aetna,15157.88,351,Elective,2022-10-02,Lipitor,Inconclusive
zaChaRY reED,77,Male,AB-,Arthritis,2023-08-12,Matthew Harrison,"Haynes Lopez and Simon,",Medicare,23545.38,259,Urgent,2023-08-17,Lipitor,Normal
JUDY RUIz,56,Female,O+,Obesity,2020-08-09,Emily Molina,Walker Sons and,Medicare,17461.85,335,Elective,2020-09-01,Aspirin,Inconclusive
daVID bOwmAN,54,Female,O+,Arthritis,2023-06-19,Pamela Williams,"and Leon Anderson, Arnold",Cigna,21623.04,356,Emergency,2023-07-13,Ibuprofen,Inconclusive
erICA STeVENS,77,Female,O+,Asthma,2019-09-03,Angela Garcia,Santana-Thomas,Cigna,2810.26,329,Emergency,2019-09-27,Penicillin,Inconclusive
JoRDAN waRREn,21,Female,O+,Hypertension,2022-10-16,Amy Nguyen,Hayes Ltd,Cigna,31420.53,438,Urgent,2022-10-25,Aspirin,Abnormal
lEE WHIte,36,Female,AB-,Asthma,2021-10-31,Kim Dean,Baker-Gill,Aetna,49675.01,279,Elective,2021-11-26,Ibuprofen,Normal
JULiE goNZalez,36,Male,B+,Diabetes,2022-08-19,Curtis Hopkins,Cook-Fischer,UnitedHealthcare,18598.2,228,Urgent,2022-09-10,Lipitor,Normal
SuMmer heRmAN,32,Male,A-,Obesity,2023-08-09,Tara Robinson DDS,Garcia-Nichols,Cigna,22810.14,357,Urgent,2023-09-07,Aspirin,Abnormal
anGeLa cOx,38,Female,O-,Asthma,2020-12-02,Kevin Green,LLC Baker,UnitedHealthcare,35251.72,465,Emergency,2020-12-16,Penicillin,Abnormal
stevEn wILLIams,73,Male,AB-,Cancer,2019-08-23,Dr. Jennifer Weeks,Gallegos Ltd,Medicare,39611.24,431,Emergency,2019-09-02,Penicillin,Abnormal
sUsan leE,79,Male,AB+,Diabetes,2021-09-14,Joy Rojas,"Nash Stevenson and Martinez,",UnitedHealthcare,26350.0,369,Emergency,2021-09-16,Aspirin,Inconclusive
WILLiAm rODriGuez,55,Female,B-,Cancer,2020-04-21,Leslie Cook,Miller-Bell,Cigna,1934.75,351,Urgent,2020-05-21,Aspirin,Inconclusive
mike mcbRIdE,58,Male,AB+,Asthma,2023-08-07,Ashley Petersen,"Gray and Harris, Oneal",Blue Cross,23771.69,143,Urgent,2023-08-28,Penicillin,Abnormal
HEaTHeR cARtEr,61,Female,B+,Cancer,2020-07-13,Daniel Barnes,Ltd Carter,UnitedHealthcare,28761.36,133,Urgent,2020-07-29,Aspirin,Abnormal
ELiZABeth iBaRrA,45,Male,B-,Asthma,2019-07-31,Tara Smith,Sons Hodges and,Blue Cross,47629.62,204,Emergency,2019-08-11,Paracetamol,Normal
GRACE haWKinS,34,Female,O+,Hypertension,2022-05-11,Jennifer Taylor,Henderson and Sons,Medicare,2851.52,237,Elective,2022-05-29,Paracetamol,Normal
Kiara CLARk,31,Female,A-,Cancer,2021-02-03,Martin Arnold,"Frey and Leon Espinoza,",Cigna,9829.91,182,Urgent,2021-02-28,Aspirin,Inconclusive
KImBeRLy wElcH,37,Female,AB-,Diabetes,2023-11-23,Kerri Wright,Barnett LLC,Aetna,22039.68,253,Elective,2023-11-27,Ibuprofen,Abnormal
JeFfREy baILey,48,Female,A+,Hypertension,2023-01-31,Jonathan Fields,Ramos-Simon,Aetna,25487.49,178,Emergency,2023-02-21,Paracetamol,Abnormal
JOhN FoX,67,Male,A+,Hypertension,2024-04-20,David Hayes,Cook-Hurst,Cigna,22506.86,211,Urgent,2024-04-29,Paracetamol,Inconclusive
sHAuN ACoSTa,78,Female,O+,Cancer,2023-11-20,Juan Andrews,Ramirez-Hebert,Cigna,30659.38,179,Emergency,2023-12-10,Lipitor,Normal
RogER SOtO,42,Female,B-,Arthritis,2019-07-05,Clifford Fuller,"Frank Hernandez, Taylor and",Blue Cross,30046.28,376,Emergency,2019-07-24,Aspirin,Inconclusive
hAnNaH bArton,61,Female,AB+,Arthritis,2019-06-02,Kimberly Anderson,Parker-Petersen,UnitedHealthcare,42966.5,242,Elective,2019-06-19,Lipitor,Inconclusive
ChrISTopheR CaSTIlLo,64,Male,B+,Cancer,2020-04-06,Nicholas Fuller,"Medina, Wright and Shaffer",Aetna,49899.95,419,Urgent,2020-04-11,Lipitor,Normal
lARry SinGleTOn,31,Female,A-,Diabetes,2022-04-05,Ryan Hall,"and Grant Hamilton Edwards,",Medicare,2924.47,396,Urgent,2022-04-12,Ibuprofen,Normal
THomaS DonAldson,79,Male,AB-,Obesity,2019-06-26,Keith Bates,PLC Hunt,Cigna,12412.11,292,Urgent,2019-07-21,Ibuprofen,Inconclusive
tIMoTHY MEadOWs,80,Male,O-,Cancer,2023-03-15,Brenda Ramsey,"and Webb Robinson, Hicks",Blue Cross,752.03,361,Urgent,2023-04-14,Aspirin,Abnormal
DANiel brooKs,83,Male,AB-,Hypertension,2022-08-26,Emma Kramer,"Collins Woodward Martinez, and",Blue Cross,26023.36,260,Elective,2022-09-05,Paracetamol,Abnormal
TIm daVIs,27,Male,B+,Hypertension,2020-02-06,Adrienne Rodriguez,"Hale Garner, Schultz and",UnitedHealthcare,14917.96,167,Elective,2020-02-18,Penicillin,Abnormal
ThEREsa WrIGHt,30,Female,B-,Asthma,2024-03-19,Maurice Cox,Inc Anderson,Aetna,43838.29,386,Elective,2024-03-26,Aspirin,Abnormal
BrIAn dOWNS,39,Male,AB-,Obesity,2022-07-07,Daniel Smith,"Garcia Duncan Peters, and",Cigna,38136.61,246,Elective,2022-07-14,Penicillin,Abnormal
ThomAs LeE,41,Male,AB+,Diabetes,2024-01-19,Aaron Manning,"and English Sanders, Wilcox",Medicare,48413.77,293,Emergency,2024-02-08,Ibuprofen,Inconclusive
CUrTis GArCia,78,Female,A-,Diabetes,2022-01-13,Donna Jones,Moore-Myers,Blue Cross,37669.69,452,Emergency,2022-02-03,Aspirin,Normal
TaMMY rIveRs,25,Male,B-,Cancer,2020-04-26,Charles Daniel,and Reeves Sons,Medicare,34789.05,406,Emergency,2020-04-28,Paracetamol,Normal
BRAnDON jOHnson,53,Male,AB+,Asthma,2023-12-21,Christian Arnold,"Walker, and Webb Morton",Cigna,13907.11,413,Elective,2024-01-20,Aspirin,Abnormal
PEter RichARDSON,22,Female,AB+,Hypertension,2020-01-04,Christopher Zuniga,"Thompson Ritter Austin, and",UnitedHealthcare,41270.61,162,Emergency,2020-01-19,Paracetamol,Inconclusive
MRS. rAcHEL sPeNcER,65,Male,A+,Arthritis,2020-02-08,Jeffrey Carr,"and Moyer Powell, Padilla",Cigna,6239.65,369,Elective,2020-02-14,Penicillin,Abnormal
chrISTOpheR GReEn,37,Female,AB-,Diabetes,2022-04-29,Sean White,Nelson-Edwards,Medicare,14265.81,437,Elective,2022-05-13,Paracetamol,Normal
wILLiAm SIms,25,Female,B+,Arthritis,2020-04-05,Kurt Scott,LLC English,Cigna,16520.92,448,Elective,2020-04-20,Ibuprofen,Inconclusive
LISA BooKeR,62,Female,O+,Arthritis,2019-12-02,Robert Johnson,Jones-Lee,UnitedHealthcare,35057.11,447,Emergency,2019-12-09,Aspirin,Inconclusive
BoNnie bUckLey,38,Male,A-,Asthma,2021-03-19,Zachary Crawford,Reed-Medina,UnitedHealthcare,4218.55,495,Elective,2021-04-08,Penicillin,Abnormal
EliZAbeTh MicHAeL,58,Female,B-,Asthma,2023-10-07,Jasmine Zimmerman,Inc Stevens,Medicare,36771.41,362,Emergency,2023-10-08,Ibuprofen,Inconclusive
JASOn Lynch,44,Male,A+,Obesity,2021-09-10,Christopher Stokes,"Rodriguez and Becker Holmes,",Cigna,35520.4,460,Urgent,2021-10-08,Aspirin,Normal
aMBER ORtiz,62,Male,O+,Asthma,2021-10-14,Charles Moore,"Jacobs Owens Smith, and",Blue Cross,7656.64,445,Emergency,2021-10-29,Ibuprofen,Normal
sUsaN LynCh,46,Female,AB+,Diabetes,2023-10-24,Brenda White,Davis-Nguyen,Medicare,34599.41,106,Urgent,2023-10-29,Lipitor,Inconclusive
ANdRew WaLsH,29,Male,B-,Arthritis,2022-12-28,Steven Mills,"Moore Cooper, Wilson and",Aetna,2436.52,261,Urgent,2023-01-15,Paracetamol,Abnormal
maRy beLl,35,Female,O+,Diabetes,2023-12-31,Dorothy Simmons,"and Salazar, Gonzales Jones",Blue Cross,32680.61,493,Emergency,2024-01-04,Paracetamol,Abnormal
mOniCA JameS,46,Female,B+,Asthma,2022-02-07,Theresa Martin,Hunt Inc,Cigna,1790.32,259,Urgent,2022-02-23,Paracetamol,Normal
aMY OsBorNE,85,Male,A+,Hypertension,2020-06-12,Steve Hood,PLC Cox,Medicare,2284.43,445,Urgent,2020-06-14,Ibuprofen,Inconclusive
zaCHaRy riCE,37,Female,AB-,Diabetes,2022-10-16,Darlene Mills,"Welch Carr and Kennedy,",UnitedHealthcare,37152.65,335,Emergency,2022-10-28,Paracetamol,Abnormal
AnTHony JoNeS,62,Female,AB-,Cancer,2022-01-11,Maria Morales,Group Stein,Medicare,21169.11,130,Emergency,2022-01-15,Lipitor,Normal
ChrISTiNA burNS,45,Female,B+,Asthma,2022-11-13,John King,Taylor Inc,Blue Cross,31028.0,247,Elective,2022-11-16,Ibuprofen,Normal
kAtheriNe bass,33,Male,O-,Arthritis,2022-07-24,Nicole Parker,Kidd Inc,Aetna,1468.24,492,Urgent,2022-08-14,Penicillin,Abnormal
clAUDIa tyLER,44,Female,AB+,Obesity,2019-06-25,Adrienne Matthews,"Hurst, Thompson and Walls",Medicare,35284.17,464,Urgent,2019-07-10,Lipitor,Normal
RObERT edWArds,29,Female,AB-,Asthma,2020-06-19,Thomas Miranda,Black-Stevens,Aetna,4288.61,500,Urgent,2020-07-08,Ibuprofen,Normal
JILL sErRaNO,35,Female,AB+,Diabetes,2020-02-06,Jill Nelson,"Collins and Murray Taylor,",UnitedHealthcare,19769.29,464,Elective,2020-02-24,Ibuprofen,Inconclusive
tRoY goULd,45,Female,A+,Hypertension,2023-12-17,Kimberly Malone,"Wilson Whitney Henderson, and",UnitedHealthcare,30430.1,361,Urgent,2024-01-12,Paracetamol,Normal
John HOBbS,49,Female,B-,Cancer,2022-08-05,Destiny Nichols,"Vaughan, Adams and Garcia",Blue Cross,38716.05,185,Urgent,2022-08-11,Penicillin,Abnormal
MArK hUnteR,39,Male,O+,Asthma,2020-09-28,Michael Johnson,Vazquez and Sons,UnitedHealthcare,15563.57,232,Urgent,2020-10-05,Paracetamol,Inconclusive
ChRistiNa MiLLeR,80,Male,O+,Obesity,2020-09-16,Mark Ewing,"Aguilar Mullins and Schmidt,",Cigna,27670.95,330,Elective,2020-10-13,Ibuprofen,Abnormal
aNDReA torReS,80,Female,A-,Hypertension,2020-01-27,Michael Collins,Rivera-Norton,Aetna,10757.12,291,Emergency,2020-02-21,Penicillin,Inconclusive
christiaN WAShINGTON md,51,Male,A-,Asthma,2020-06-11,Angelica Chavez,"Williams, and Howard Meyer",Medicare,43582.94,231,Emergency,2020-06-16,Paracetamol,Normal
CHRIstOphER ChARleS,70,Female,B-,Arthritis,2019-12-04,Cassandra Knight,Robbins-Wiggins,Blue Cross,27005.53,412,Emergency,2020-01-02,Lipitor,Normal
saRA hall,68,Male,A+,Diabetes,2020-12-05,Lisa Davenport,"and Hess, Nguyen Everett",Medicare,6078.84,478,Emergency,2020-12-18,Ibuprofen,Inconclusive
JOsHua PATeL,49,Male,A-,Cancer,2021-05-22,Donna Brown,Holland-Brown,Aetna,49343.02,301,Urgent,2021-06-08,Aspirin,Normal
BrianNa MoreNo,54,Female,O+,Asthma,2022-06-02,Christopher Jones,Santiago PLC,UnitedHealthcare,16515.76,373,Urgent,2022-06-07,Aspirin,Inconclusive
Jenna TURneR,81,Male,B-,Arthritis,2022-07-31,Elizabeth Mccoy,Hensley-Shepard,Blue Cross,49000.23,213,Urgent,2022-08-22,Ibuprofen,Inconclusive
JEFFrEY Long,55,Female,B+,Obesity,2019-08-16,Desiree Thornton,Maldonado-White,Blue Cross,31484.41,383,Emergency,2019-09-05,Aspirin,Normal
aLexANdeR bISHoP,34,Male,AB-,Diabetes,2022-02-08,Scott York,"Mcmahon, and Steele Rose",Medicare,24701.87,443,Urgent,2022-03-03,Ibuprofen,Inconclusive
jOhN YOUng,22,Male,A+,Diabetes,2021-03-23,Lauren Mendoza,"Holmes, Vasquez Sanchez and",Medicare,18831.83,426,Urgent,2021-04-22,Penicillin,Abnormal
HEathEr sancheZ,74,Male,A+,Cancer,2021-02-17,Stephanie Brown,Hall-Johnson,Blue Cross,44439.43,110,Urgent,2021-02-18,Aspirin,Abnormal
AmanDa WHitE,72,Female,O+,Diabetes,2019-06-01,Janet Pratt,PLC Jacobs,Cigna,6899.39,328,Urgent,2019-06-18,Paracetamol,Inconclusive
bruCE cox,75,Female,A+,Obesity,2020-09-24,Sara Page,Williams-Hill,Cigna,44516.09,494,Emergency,2020-09-26,Penicillin,Inconclusive
gEoRGE WolFe,63,Male,B-,Cancer,2019-08-01,Thomas Gonzalez,Petty Ltd,UnitedHealthcare,16396.32,344,Emergency,2019-08-26,Ibuprofen,Normal
SHanNOn wILliAMson,32,Female,A-,Arthritis,2021-05-31,John Potter,Lopez Inc,Medicare,3916.0,268,Urgent,2021-06-22,Penicillin,Abnormal
JuliE rIvaS,78,Female,O+,Diabetes,2022-09-15,Debbie Johnson,PLC Conway,Medicare,28106.08,287,Emergency,2022-09-19,Aspirin,Inconclusive
RoGER eScobAr,55,Female,O+,Obesity,2020-11-19,Brett Young,"Thompson and Miller, Allen",Medicare,11561.48,327,Urgent,2020-12-14,Ibuprofen,Inconclusive
Tammy hall,84,Male,A-,Asthma,2019-07-27,Isaiah Foster,Copeland LLC,UnitedHealthcare,11685.04,373,Elective,2019-08-09,Ibuprofen,Abnormal
TYLER camPbelL,24,Male,O-,Obesity,2021-06-30,Ryan Kim,PLC Doyle,UnitedHealthcare,6684.9,243,Emergency,2021-07-01,Lipitor,Inconclusive
nICHOlAS gaRcIA,60,Female,B-,Hypertension,2022-03-21,Joseph Koch,"Day Myers, Mayer and",Aetna,6609.77,181,Urgent,2022-04-18,Aspirin,Normal
DesIRee FraZiEr,48,Male,AB-,Asthma,2024-04-22,Emma Costa,Gutierrez Inc,Blue Cross,42291.4,295,Emergency,2024-05-10,Penicillin,Abnormal
BiANCA jOhNSoN,31,Male,B+,Hypertension,2021-08-27,Brian Warren,"Thomas and Hogan Robertson,",Cigna,2450.63,273,Urgent,2021-09-01,Lipitor,Inconclusive
weNDY CAIN,48,Female,O+,Arthritis,2022-10-17,Michelle Brown,Johnson-Taylor,Cigna,2268.46,253,Emergency,2022-11-06,Penicillin,Normal
VeROnIca mEYEr,60,Female,O-,Hypertension,2024-03-09,Emily Aguilar,"Warren, Wood Miller and",Medicare,16321.0,475,Urgent,2024-04-02,Aspirin,Inconclusive
ElizABETH rAmirEZ,29,Female,O+,Cancer,2023-06-04,Danielle Villanueva,Fields Inc,UnitedHealthcare,40829.49,105,Urgent,2023-07-03,Ibuprofen,Abnormal
BretT sTEvenS,81,Female,AB+,Arthritis,2020-08-04,Curtis Gonzalez,Group Sellers,Cigna,13276.7,457,Elective,2020-08-11,Lipitor,Normal
marIO HaLeY,83,Male,O+,Diabetes,2022-12-26,Chelsea Alvarado,Ltd Ortega,Medicare,9690.56,388,Elective,2023-01-20,Lipitor,Normal
PaTRIcK OweNs,19,Male,B+,Hypertension,2021-06-19,Nancy Matthews,Williams LLC,Aetna,49167.76,254,Elective,2021-06-20,Lipitor,Inconclusive
kaRen clarK,31,Male,B-,Hypertension,2021-11-29,Joseph Howell,"and Greer, Dalton Williams",UnitedHealthcare,1499.05,472,Urgent,2021-12-27,Ibuprofen,Inconclusive
SaraH jEnsen,75,Male,A+,Arthritis,2019-07-14,Heidi White,Ltd Thompson,Cigna,31580.29,312,Emergency,2019-08-06,Aspirin,Abnormal
cHriSToPhEr mArshAlL,53,Male,B-,Obesity,2019-08-15,Latasha Wiggins,Bartlett LLC,Blue Cross,16243.24,305,Emergency,2019-08-27,Aspirin,Inconclusive
brEnda dAvIS,47,Female,B-,Cancer,2021-03-16,Eric Hudson,Curtis PLC,Cigna,36569.67,268,Emergency,2021-04-09,Lipitor,Abnormal
anGeLA YounG md,69,Male,A+,Hypertension,2023-02-14,Gary Ramos,"Gomez, Tucker Collins and",Medicare,34498.21,354,Elective,2023-03-02,Ibuprofen,Normal
brIaN SMiTh,28,Male,B-,Obesity,2022-05-31,Stephanie Melendez,Arroyo-Taylor,Medicare,1771.29,141,Elective,2022-06-24,Lipitor,Abnormal
REbEcca jaMeS,61,Male,O+,Hypertension,2023-03-31,Stacie Andrade,Thompson-Brown,Cigna,10898.21,476,Elective,2023-04-12,Penicillin,Inconclusive
JACob FarmER,75,Female,B-,Hypertension,2021-03-22,Michael Thomas,Johnson-Mckinney,UnitedHealthcare,17144.74,201,Elective,2021-03-30,Lipitor,Normal
daniEl FLORes,74,Male,AB+,Cancer,2021-11-16,Derek Gonzalez,Austin-Johnson,Cigna,40809.51,148,Urgent,2021-11-21,Lipitor,Abnormal
MARCuS gilLEspIE,64,Female,AB-,Hypertension,2022-10-26,Mary Henry,Jacobs-Thompson,Medicare,36836.35,130,Emergency,2022-11-16,Lipitor,Inconclusive
SUSan jOHNSon,56,Male,AB-,Obesity,2020-10-30,Michele Roy,"and Johnson Morales, Smith",Aetna,45321.37,254,Urgent,2020-11-28,Ibuprofen,Abnormal
mArIE tURNeR,59,Female,AB+,Obesity,2023-05-03,Glenn Riggs,Alvarado PLC,UnitedHealthcare,43545.52,299,Emergency,2023-05-05,Aspirin,Inconclusive
BRian LArSON,37,Female,AB-,Arthritis,2021-01-21,Teresa May MD,Glass Sons and,Blue Cross,11731.62,219,Emergency,2021-02-15,Aspirin,Normal
anTOniO cONtRERaS,37,Male,O-,Asthma,2023-12-11,Audrey Fleming,Lin-Alexander,UnitedHealthcare,45775.2,407,Elective,2023-12-14,Ibuprofen,Normal
meLAnie mORalEs,26,Male,B-,Obesity,2020-12-18,Andrea White,"Jackson, Phillips and Dennis",Medicare,39979.24,217,Urgent,2021-01-09,Ibuprofen,Abnormal
AmANDa hEBERt,62,Female,A+,Asthma,2022-06-20,Corey Gallegos,Hodges PLC,Blue Cross,25170.02,475,Urgent,2022-07-19,Lipitor,Inconclusive
james ward,50,Female,O-,Asthma,2020-12-02,Angela Carlson,Berg-Hanson,Medicare,14962.73,473,Emergency,2020-12-04,Lipitor,Normal
nIcOLE fLyNn,68,Male,O-,Cancer,2024-03-05,Gregory James,"Curry Miller and Padilla,",Blue Cross,20909.85,386,Emergency,2024-04-04,Paracetamol,Inconclusive
ThOMAs sUtton,41,Male,A+,Arthritis,2023-03-07,Heather Williams,Warner-James,Aetna,18654.95,431,Elective,2023-03-30,Lipitor,Abnormal
brAndI woodArD,54,Female,AB-,Hypertension,2021-12-10,Blake Thomas,"Cross Johnson, and Foster",Aetna,20964.49,188,Emergency,2021-12-12,Aspirin,Abnormal
jACoB CuNNINGhAM,28,Female,O-,Diabetes,2019-07-13,David Sanchez,Odom-Oneal,Cigna,48775.05,117,Emergency,2019-08-02,Lipitor,Inconclusive
mArK armsTroNg,66,Female,AB-,Diabetes,2020-08-11,Clarence Hamilton,PLC Jones,Cigna,21109.36,144,Elective,2020-08-27,Penicillin,Normal
marK RoDRigUez,79,Male,O+,Diabetes,2022-03-04,Mary Jacobs,"Doyle Mccullough Reyes, and",UnitedHealthcare,47964.5,208,Elective,2022-03-24,Ibuprofen,Abnormal
JImmy JonES,23,Male,AB-,Asthma,2020-06-03,John Carrillo,Ltd Davis,Medicare,17544.29,372,Emergency,2020-06-24,Penicillin,Abnormal
DavId hOWaRd,82,Female,O-,Obesity,2023-12-30,Laurie Johnson,and Sons Lewis,Aetna,45811.58,474,Emergency,2024-01-06,Paracetamol,Abnormal
aManDa mIlLs,33,Male,A-,Hypertension,2020-06-04,Tina Francis,Pineda-Daniels,Blue Cross,31820.02,316,Elective,2020-06-14,Lipitor,Abnormal
DaNieL moOre,68,Male,O-,Cancer,2019-10-21,Jamie Green,Murphy PLC,Aetna,29063.27,175,Urgent,2019-10-31,Ibuprofen,Inconclusive
MicHaEl BRuce,31,Male,A+,Cancer,2021-06-04,Willie Bonilla,"Zamora, Glass Brooks and",Blue Cross,18515.74,243,Emergency,2021-06-24,Ibuprofen,Abnormal
tiMOthY bEnNeTt,44,Male,O-,Diabetes,2020-11-30,Steven Moore,"Walker, Wallace and Ware",Cigna,39445.07,163,Elective,2020-12-08,Penicillin,Normal
CArlOs burton,56,Female,A+,Obesity,2023-10-08,Karen White,Fischer-Powers,Blue Cross,4754.23,168,Emergency,2023-10-18,Ibuprofen,Inconclusive
NIColE nguyEn,59,Male,O-,Hypertension,2022-06-17,Andrew Bryant,Jones LLC,Medicare,43054.8,458,Emergency,2022-06-29,Lipitor,Normal
MAtTHeW HaRPER,20,Female,A-,Cancer,2021-02-28,John Cox,Mccann-Smith,Blue Cross,48225.8,443,Elective,2021-03-04,Paracetamol,Inconclusive
jAmiE PRiCe,81,Female,A-,Asthma,2022-07-19,Mitchell Ayala,"Williams Thomas and Hernandez,",UnitedHealthcare,18448.54,191,Elective,2022-07-31,Aspirin,Normal
ThomAS hiCks,24,Male,AB-,Diabetes,2020-06-17,Krista Brown,Burke-Dominguez,Aetna,6406.18,391,Emergency,2020-06-23,Lipitor,Inconclusive
mICHElle huGhES,79,Male,B-,Diabetes,2024-03-29,Amy Melendez,"Riley Erickson and Cunningham,",Blue Cross,28958.31,258,Emergency,2024-04-10,Penicillin,Normal
CasSIE NELSoN,40,Male,AB+,Hypertension,2022-08-01,Jennifer Watson,"Williams and Frye Castaneda,",UnitedHealthcare,20670.7,139,Elective,2022-08-10,Paracetamol,Normal
ErIc tUrNeR,25,Male,A+,Asthma,2022-12-19,Ryan Collins,"Merritt, and Young King",Aetna,30933.27,317,Elective,2022-12-31,Ibuprofen,Normal
shArON sMiTH,42,Female,AB-,Cancer,2023-11-30,Stephen Woods,"Duncan Harmon, and Joseph",UnitedHealthcare,20951.78,102,Urgent,2023-12-27,Ibuprofen,Abnormal
nANCy MAy,41,Female,O-,Hypertension,2020-07-12,Scott Costa,"Johnson Smith Carey, and",Blue Cross,33215.98,275,Emergency,2020-07-25,Ibuprofen,Abnormal
eLiZaBETh FlOrEs,77,Female,O+,Obesity,2023-11-13,Kimberly Johnson,"Smith Harris, Smith and",Blue Cross,46504.82,320,Elective,2023-11-28,Aspirin,Normal
DaVID FlorEs,34,Female,A-,Cancer,2020-04-14,Christopher Thompson,Swanson PLC,Medicare,21622.59,128,Elective,2020-05-12,Ibuprofen,Inconclusive
joSePh CohEn jR.,57,Female,A+,Cancer,2019-06-08,Melissa Miller,Perez-Sheppard,Blue Cross,11114.2,336,Urgent,2019-06-23,Lipitor,Inconclusive
rIcHArd HAmMOnd,36,Female,A-,Asthma,2019-07-01,Mariah Wall,Miller-Cervantes,Medicare,21718.19,312,Elective,2019-07-09,Lipitor,Abnormal
RicHARd HInes,45,Female,B+,Hypertension,2023-03-23,Marvin Wolfe,"Chaney Gaines White, and",Cigna,11605.19,311,Elective,2023-04-02,Paracetamol,Abnormal
JUstIn bRYANt,27,Female,AB+,Asthma,2024-01-01,Sean Soto DVM,Baldwin LLC,Aetna,21388.67,297,Urgent,2024-01-27,Aspirin,Normal
ErNEsT TAyLOR,29,Male,B+,Cancer,2023-07-23,Bethany Smith,Garrison-Rodriguez,UnitedHealthcare,25804.6,163,Emergency,2023-08-08,Aspirin,Normal
tyRONe NEWMan,42,Male,AB+,Cancer,2022-08-03,Shawn Russell,Inc Gonzalez,Medicare,37907.06,415,Emergency,2022-08-18,Penicillin,Inconclusive
nicole thOrNtOn,52,Male,A-,Arthritis,2021-08-12,Molly Russell,"Pollard, Logan Mckee and",Cigna,13253.76,303,Urgent,2021-08-19,Lipitor,Inconclusive
dawN tHomas,72,Female,A+,Obesity,2021-12-07,Allen Estes,"Thomas, Bauer and Moore",Blue Cross,11820.11,298,Emergency,2021-12-13,Ibuprofen,Inconclusive
JeSsIca booTh,34,Female,O+,Hypertension,2020-10-22,Anthony Daniels,Stark-Walker,Medicare,43262.89,248,Emergency,2020-11-10,Aspirin,Normal
dOuGLAs MyERs,49,Female,O+,Asthma,2020-01-13,Robert Bailey,"and Lee Nguyen Gonzalez,",Blue Cross,42030.88,112,Elective,2020-01-29,Aspirin,Inconclusive
kEndrA WalKeR,22,Male,AB-,Hypertension,2023-04-21,Donald Hendrix,Collins-Gilbert,Cigna,27081.57,307,Urgent,2023-05-11,Aspirin,Abnormal
ChRis nUNeZ,46,Female,B+,Obesity,2023-12-30,William Roberts,Gonzales Sons and,Medicare,12129.82,245,Urgent,2024-01-23,Paracetamol,Inconclusive
tHOmaS martIN,31,Female,AB+,Arthritis,2019-10-16,Teresa Olson,Group Jacobs,Cigna,44377.86,444,Emergency,2019-10-20,Ibuprofen,Abnormal
jeSSE sutTOn,74,Male,O-,Cancer,2023-05-17,Audrey Williams,Williams-Combs,Cigna,18031.98,396,Urgent,2023-05-21,Paracetamol,Inconclusive
lINDA kenNEDY,82,Male,O+,Obesity,2019-10-30,Gina Coffey,Wright PLC,Aetna,41646.05,485,Emergency,2019-11-04,Paracetamol,Normal
AllIsOn pricE,53,Male,AB+,Asthma,2022-03-20,Jennifer Johnson,Munoz-Swanson,Medicare,28858.72,308,Urgent,2022-04-04,Penicillin,Abnormal
fRED sNYDer,56,Male,O-,Asthma,2021-12-29,William Waters,Sons and Madden,Cigna,8997.03,266,Elective,2021-12-30,Paracetamol,Abnormal
JorGE rIchaRD,30,Male,AB+,Hypertension,2022-09-18,Julia Dominguez,Lee-Casey,Aetna,32780.31,288,Emergency,2022-10-16,Paracetamol,Abnormal
JAsOn MartINeZ,32,Male,O-,Diabetes,2022-03-04,Veronica Smith,"Juarez Sims, Henry and",Medicare,42492.11,312,Emergency,2022-03-21,Lipitor,Normal
SAMaNTha gArZA,77,Male,AB+,Diabetes,2021-11-13,David Kelley,Gibson LLC,Blue Cross,49126.27,159,Emergency,2021-12-04,Ibuprofen,Inconclusive
ROBert niChols,61,Male,O+,Cancer,2019-05-18,Aaron Fox,"Clark, and Cobb Parsons",Cigna,15289.19,353,Emergency,2019-05-22,Aspirin,Normal
BRETT mARshAll,42,Female,B+,Asthma,2021-11-10,Robert Hartman,PLC Garner,Aetna,52181.84,140,Emergency,2021-11-17,Penicillin,Inconclusive
bRIAnna LeE,58,Male,A+,Hypertension,2021-03-16,Dorothy Gonzalez,Holden Inc,Aetna,4512.48,353,Emergency,2021-04-02,Penicillin,Abnormal
ChaSe goOD,46,Female,O-,Asthma,2022-11-07,Jordan Gordon,Ltd Houston,UnitedHealthcare,8047.8,451,Emergency,2022-11-24,Lipitor,Abnormal
baRBARa yOung,46,Male,A-,Hypertension,2020-01-12,Robert Carter,Hayes-Walton,Medicare,37307.01,158,Elective,2020-01-26,Penicillin,Inconclusive
mIchaeL cHRisTiaN,54,Female,B+,Diabetes,2023-02-28,Marcus Warren,Ltd Austin,Aetna,27661.24,451,Urgent,2023-03-11,Paracetamol,Inconclusive
sEAN GRAY,44,Female,B+,Obesity,2022-06-03,William Hunter,Nguyen-Hart,Medicare,30206.87,379,Elective,2022-06-22,Ibuprofen,Inconclusive
mICHAel hIll,33,Female,O+,Diabetes,2019-11-21,Randy Sexton,"and Johns Spencer, George",Medicare,15832.56,476,Elective,2019-12-09,Penicillin,Normal
bRIaNA bOwen,47,Male,O+,Obesity,2024-04-18,Rita Sandoval,Stevens-Howard,Blue Cross,34153.15,403,Urgent,2024-04-24,Paracetamol,Abnormal
jEfF mOSS,80,Female,B-,Obesity,2021-01-26,Crystal Smith,"and Cooper Potter, Landry",Aetna,6649.0,469,Emergency,2021-02-20,Paracetamol,Normal
RoNald paRK,20,Male,A+,Asthma,2019-09-09,Sarah Hernandez,Brown-Hughes,Blue Cross,44393.0,148,Elective,2019-10-08,Penicillin,Inconclusive
MattHEw riVERa,72,Female,O+,Cancer,2019-11-14,Christopher Barnett DDS,"Bell Peterson and Hall,",Aetna,27324.57,315,Emergency,2019-11-24,Lipitor,Normal
kimbErlY SINglETon,53,Male,AB+,Arthritis,2022-12-02,Laura Taylor,Flores-Franco,Blue Cross,43923.04,321,Urgent,2022-12-11,Ibuprofen,Abnormal
SaBrINa GOnZaleZ,43,Male,AB-,Diabetes,2020-05-17,Patricia Hart,"and Mcknight, Wilson Acevedo",UnitedHealthcare,44685.04,322,Emergency,2020-05-20,Aspirin,Normal
sTevEn THoMPSON,50,Female,O+,Hypertension,2020-12-16,Michelle Evans,"Mendez, Rodriguez and Smith",Blue Cross,31774.78,139,Urgent,2021-01-08,Ibuprofen,Abnormal
laURen CUEVaS,72,Female,B-,Obesity,2021-08-19,Paula Gray,Williams Inc,Medicare,48195.83,213,Urgent,2021-09-05,Paracetamol,Inconclusive
MiCHaEL GomeZ,73,Female,AB-,Diabetes,2020-10-10,Clayton Thomas,Davis-Sanchez,Blue Cross,11496.33,205,Elective,2020-11-03,Ibuprofen,Inconclusive
dENISE ramIReZ,20,Male,O-,Arthritis,2022-08-08,Amy Garcia,Ryan-Moore,Cigna,23167.86,175,Emergency,2022-09-03,Ibuprofen,Normal
jOrDaN BROwn,33,Male,A-,Diabetes,2019-07-31,Amanda Obrien,Wood Group,Cigna,8639.92,123,Emergency,2019-08-12,Penicillin,Abnormal
dr. DANA LEONard,33,Male,B+,Obesity,2020-05-27,Crystal Faulkner,"Carter, Carter Evans and",Aetna,6432.15,427,Urgent,2020-06-07,Aspirin,Inconclusive
eRIc FernaNDeZ,82,Male,A+,Hypertension,2022-07-10,Trevor Farrell,"Richards and Campbell, Lee",Cigna,22387.92,312,Emergency,2022-07-31,Penicillin,Inconclusive
ScoTt AnDERSEn,60,Female,O+,Obesity,2021-08-31,Hannah Barrett,"Fuller, and Rios Murphy",Cigna,17562.86,281,Urgent,2021-09-03,Penicillin,Inconclusive
dAVE KENnedY,64,Female,A+,Diabetes,2022-08-27,Caitlin Davis,"and Underwood, Benjamin Baker",Blue Cross,25369.62,101,Elective,2022-09-04,Lipitor,Abnormal
rOBeRT BURton,20,Female,O+,Obesity,2020-03-30,Nicole Perez,Patterson-Barber,Cigna,44577.9,249,Urgent,2020-04-15,Aspirin,Inconclusive
sTEPHANiE gIbSOn,47,Male,B+,Asthma,2020-10-31,David Morales,Shepard Ltd,Aetna,5880.21,220,Emergency,2020-11-20,Aspirin,Inconclusive
BrYAn HARpER,75,Female,A+,Diabetes,2023-09-27,Ann Alvarez,Carter-Bell,Blue Cross,12662.91,459,Emergency,2023-10-15,Penicillin,Inconclusive
dIanA bEnNett,73,Male,B+,Arthritis,2020-04-26,Linda Lutz,"Wood and Cummings Blankenship,",Aetna,19126.27,386,Emergency,2020-04-27,Penicillin,Inconclusive
mariA CaRteR,85,Male,A+,Arthritis,2021-08-09,Mike Moore,"Bates Gomez, and Larson",Medicare,18189.85,312,Elective,2021-09-08,Aspirin,Abnormal
CHARLES jOHNsON,67,Male,A-,Arthritis,2022-03-27,Mrs. Hannah Davis MD,Baker-Duffy,Medicare,22214.36,342,Urgent,2022-03-30,Paracetamol,Normal
DeAnna feRreLl,28,Female,AB-,Diabetes,2024-02-27,Natalie Bauer,"Moore, Jenkins and Bolton",UnitedHealthcare,32713.34,296,Emergency,2024-03-04,Ibuprofen,Abnormal
jErry CrUZ ddS,32,Female,B-,Hypertension,2023-03-22,Darlene Carr,Ltd Orozco,Cigna,12962.31,434,Urgent,2023-04-03,Paracetamol,Inconclusive
KrisTa cALdwell,76,Female,B+,Obesity,2023-10-28,Jerry Ward,Humphrey-Burton,Medicare,41422.91,292,Elective,2023-11-21,Paracetamol,Normal
kiMbERly mejia,19,Male,B+,Asthma,2024-04-06,Christina Baker,Floyd Group,Aetna,26239.3,224,Urgent,2024-04-20,Ibuprofen,Abnormal
BaRBaRa claRk,19,Female,B+,Obesity,2020-02-27,Robert May,Hayes LLC,Blue Cross,22143.69,347,Urgent,2020-03-05,Aspirin,Inconclusive
mICHaeL GOMEz,78,Male,AB+,Hypertension,2021-07-26,Scott Collins,"Stevens, and Keller Martin",Medicare,44063.01,289,Elective,2021-08-07,Aspirin,Normal
JoEL boWEN,61,Female,B+,Diabetes,2021-02-24,Pamela Bauer,Mullins PLC,Medicare,35045.14,483,Urgent,2021-03-24,Lipitor,Inconclusive
scotT MaRTIN,55,Female,B-,Cancer,2021-02-13,Evelyn Hinton,Bell-Santana,Medicare,25624.73,189,Elective,2021-02-17,Ibuprofen,Inconclusive
sHawn kIng,50,Male,A+,Hypertension,2020-10-15,Erin Ross,Gardner-Ross,UnitedHealthcare,47836.82,402,Urgent,2020-10-16,Penicillin,Abnormal
edWIn CaSTIllo,65,Female,O-,Hypertension,2022-03-20,Shawn Miller,Inc Herrera,Aetna,1591.76,352,Emergency,2022-04-06,Paracetamol,Normal
RoBErT robBiNS,42,Male,AB+,Diabetes,2024-01-07,John Woodard,"Fuller Perez Scott, and",Cigna,23890.56,493,Emergency,2024-01-25,Ibuprofen,Inconclusive
liNdA wIlSon,49,Female,A+,Obesity,2023-02-26,Allison Smith,"Wright, Holmes and Mason",Blue Cross,25983.67,162,Emergency,2023-03-14,Aspirin,Abnormal
jAMES whIte,18,Male,AB+,Cancer,2020-06-02,Haley Williams,"Moyer Mcbride Cole, and",UnitedHealthcare,19267.29,408,Elective,2020-07-02,Ibuprofen,Abnormal
alYSSa gOnZalEz,69,Female,B-,Obesity,2020-12-04,Jaclyn Coleman,Pearson PLC,Blue Cross,44859.53,493,Elective,2020-12-23,Paracetamol,Inconclusive
jAMEs HudSON,71,Male,O+,Diabetes,2024-03-04,Cynthia Williams,Wagner-Herrera,Blue Cross,42757.45,299,Urgent,2024-03-12,Penicillin,Inconclusive
ISAbeLla dAnIeL,43,Female,AB-,Asthma,2023-09-04,James Webb,Malone Group,Aetna,8063.3,201,Emergency,2023-09-19,Paracetamol,Normal
aNDREW JoHNsON,30,Female,O-,Hypertension,2023-01-15,Kyle Brown,Patel-Hanna,Medicare,40623.26,163,Emergency,2023-01-30,Lipitor,Abnormal
BECkY RivERa,73,Female,AB-,Hypertension,2022-10-09,Jared Schmitt,Smith-Parker,Medicare,23805.11,116,Elective,2022-10-20,Ibuprofen,Normal
DonNA BERNard,41,Male,B+,Arthritis,2020-09-22,Jasmine Lawrence,Inc Butler,Medicare,44801.89,477,Urgent,2020-09-26,Lipitor,Inconclusive
VickIE mArTinez,26,Male,AB-,Arthritis,2022-12-20,Sarah Wade,"Gross and Meyer, Smith",Blue Cross,7605.93,457,Elective,2023-01-06,Paracetamol,Normal
StepHAnie nIElSEn,80,Female,AB-,Diabetes,2020-10-27,Angela Price,Gray-Howard,UnitedHealthcare,37206.24,134,Urgent,2020-11-18,Penicillin,Normal
tayLOR HuNTer,58,Male,B+,Hypertension,2021-10-12,Kathleen Humphrey,Norton-Phillips,UnitedHealthcare,3794.4,464,Elective,2021-10-16,Ibuprofen,Abnormal
EMma BENnETt,38,Male,AB+,Arthritis,2023-07-20,Walter Erickson,LLC Simpson,Cigna,9708.66,203,Urgent,2023-08-10,Penicillin,Abnormal
KELLY ZAMOra,55,Male,AB+,Asthma,2023-04-11,Jacob Marshall,Ltd Larson,Medicare,42868.12,485,Urgent,2023-04-17,Lipitor,Abnormal
KAra HERring,38,Male,AB+,Obesity,2021-05-08,David Harding,"Brown, and Smith Hebert",Medicare,10514.18,337,Urgent,2021-06-03,Ibuprofen,Inconclusive
RiChARd haLl,54,Male,B-,Obesity,2019-12-16,Luke Santiago,and Sons Bruce,Cigna,7249.71,476,Urgent,2020-01-13,Paracetamol,Abnormal
gReGORY OLSon,53,Female,AB-,Diabetes,2023-12-27,Elizabeth Boone,"Hull Davidson Garcia, and",Cigna,2690.46,175,Emergency,2023-12-28,Penicillin,Abnormal
maRIa KraMEr,46,Male,A+,Obesity,2022-02-09,Patricia Poole,"Taylor, Ross and Jones",Medicare,21622.88,312,Urgent,2022-02-15,Lipitor,Inconclusive
kEnneth ClaRk,66,Female,AB-,Hypertension,2022-02-28,Courtney Gonzalez,Ellison and Sons,Medicare,40671.87,123,Urgent,2022-03-16,Aspirin,Normal
ShannoN EdWArds,24,Female,O+,Cancer,2022-04-21,Amy Miles,"Leonard, Jacobson Schmidt and",UnitedHealthcare,9160.79,277,Elective,2022-04-22,Penicillin,Abnormal
ruTH ADaMS,43,Male,O+,Diabetes,2021-02-09,Troy Lyons,Wallace PLC,Medicare,46663.71,388,Urgent,2021-02-27,Penicillin,Normal
CalvIn BArRy,77,Female,O-,Hypertension,2023-01-23,Tiffany Myers,King-Anderson,Aetna,18358.65,478,Elective,2023-01-30,Penicillin,Abnormal
paMElA lOpeZ,68,Male,O-,Cancer,2019-11-08,Alex Herrera,Johnson-Dodson,Medicare,43296.34,207,Urgent,2019-11-29,Ibuprofen,Normal
cAtHERiNe thomPsOn DDs,73,Male,AB-,Arthritis,2021-06-30,Stacey Oconnell,LLC Stone,UnitedHealthcare,45968.17,277,Elective,2021-07-09,Lipitor,Abnormal
TRacY martIN,55,Male,A-,Diabetes,2019-07-26,Shannon Rocha,Evans Inc,Aetna,15689.57,490,Urgent,2019-07-27,Aspirin,Abnormal
ChristINa barber,42,Male,AB-,Obesity,2021-12-28,Nicholas Reed,Long-Santos,Blue Cross,31942.92,331,Elective,2022-01-26,Aspirin,Inconclusive
brANDy FrIeDmaN mD,56,Male,AB-,Diabetes,2023-12-21,David Schmidt,Mitchell and Sons,Medicare,8950.4,170,Emergency,2023-12-28,Aspirin,Inconclusive
AdAm sMItH,67,Male,A+,Hypertension,2020-12-23,Michael Middleton,"Hernandez and Martin Blackwell,",Blue Cross,36816.35,116,Elective,2021-01-05,Lipitor,Abnormal
CurTiS hArdING,57,Male,AB+,Obesity,2021-01-27,Tracy Johnson DDS,"Perry Bryant, Byrd and",Aetna,43147.69,317,Emergency,2021-02-20,Penicillin,Inconclusive
aLExAnDer sMIth,85,Female,A+,Obesity,2019-08-10,Todd Cox,"and Browning Merritt, Gonzalez",UnitedHealthcare,8777.6,259,Urgent,2019-08-21,Penicillin,Normal
maRY WaLKer,54,Female,O+,Arthritis,2021-04-28,Deanna Gonzalez,Harper-Hicks,Cigna,8152.7,464,Elective,2021-05-08,Paracetamol,Normal
JESsiCA wooD,24,Male,O+,Arthritis,2024-03-05,Scott Turner,Davis Inc,UnitedHealthcare,35659.27,463,Emergency,2024-03-16,Paracetamol,Abnormal
PauLa vEgA,80,Female,O-,Cancer,2022-07-01,Brianna Allen,"Curry and Gonzales, Thompson",Medicare,9659.2,200,Emergency,2022-07-20,Lipitor,Abnormal
aMaNdA joHNsON,27,Female,O-,Asthma,2024-02-17,Cindy Herrera,Sons and Nguyen,Blue Cross,34770.04,272,Emergency,2024-03-06,Aspirin,Normal
MATthew beNTLeY,73,Female,AB-,Obesity,2023-12-15,Christopher Anderson,"Hill, Fernandez and Sullivan",Aetna,37787.64,168,Emergency,2024-01-11,Penicillin,Abnormal
caThy RobiNSon,78,Female,A+,Obesity,2023-05-14,Andrew Garcia,Newton-Jones,Blue Cross,48272.92,279,Urgent,2023-06-08,Lipitor,Abnormal
CAiTLiN hILL,84,Male,B+,Arthritis,2023-02-02,Robert Moore,"Boyd, and Brown Guerrero",Blue Cross,15849.67,341,Emergency,2023-02-05,Lipitor,Abnormal
paM pOwElL,58,Male,O-,Diabetes,2021-06-19,Yvonne Decker,"Patterson, and Lawrence Leblanc",UnitedHealthcare,28491.57,428,Emergency,2021-07-04,Ibuprofen,Normal
NAncY dAVis,61,Female,B-,Arthritis,2022-10-28,Tiffany Moody,Campos-Martinez,Blue Cross,23797.9,457,Elective,2022-11-06,Penicillin,Abnormal
joNatHAn mILLer,56,Female,B+,Cancer,2023-07-17,Laura Hunt,"Heath Moore Jones, and",Medicare,16790.7,480,Elective,2023-08-09,Ibuprofen,Abnormal
noaH mOOn,78,Male,O+,Hypertension,2020-10-17,Brenda Rodriguez,"and Parker Jackson Gilbert,",UnitedHealthcare,27668.38,284,Urgent,2020-10-29,Penicillin,Inconclusive
JOsE ANDeRsON,36,Male,O-,Cancer,2023-11-19,Victoria Gallagher,Scott-Sexton,Aetna,13477.6,166,Urgent,2023-12-04,Lipitor,Abnormal
cRaIG cHavEZ,36,Female,AB-,Arthritis,2020-08-24,Jason Allen,Massey-Mitchell,Medicare,42863.08,338,Elective,2020-08-26,Paracetamol,Abnormal
niCHOLaS DOYLE,79,Female,B-,Obesity,2024-03-09,Richard Nelson,Parker-Hodges,Medicare,18231.07,130,Emergency,2024-03-15,Paracetamol,Normal
AMBEr sCHneIDer,82,Male,B+,Cancer,2020-05-29,Joseph Good,"and Jackson Mccall, Kelly",Aetna,12592.65,204,Emergency,2020-06-10,Lipitor,Abnormal
eric CARRiLLo,71,Female,A+,Diabetes,2019-11-28,Ian Tyler,Molina Group,Medicare,20609.66,145,Emergency,2019-12-07,Aspirin,Inconclusive
cHRISTOPHer boWErs,32,Male,AB-,Cancer,2022-07-01,Cameron Johnson,Williams Inc,Aetna,28814.07,189,Elective,2022-07-18,Lipitor,Inconclusive
KrySTAL rOdrIGUEZ,80,Female,A+,Obesity,2024-01-30,Marie Case,Ltd Ward,Aetna,8602.06,131,Emergency,2024-02-19,Aspirin,Normal
anDREa mOrGAN,57,Male,O+,Arthritis,2022-09-16,Amanda Ortega,Braun-Stuart,Blue Cross,42031.13,375,Urgent,2022-10-02,Ibuprofen,Normal
KELseY BAiLeY,80,Male,A+,Asthma,2024-02-01,Danielle Henderson,"Montgomery and Howe Perez,",Aetna,41050.89,294,Emergency,2024-02-13,Ibuprofen,Abnormal
KeLly baRNEs,62,Male,AB+,Asthma,2021-01-20,Jeremy Wells,"Gutierrez, Martinez and Johnson",Cigna,15675.03,107,Urgent,2021-02-05,Penicillin,Normal
jOhN BarkER,63,Female,O-,Asthma,2022-08-27,Karen Eaton,"Robinson, Weaver Taylor and",Cigna,5655.81,352,Urgent,2022-09-05,Ibuprofen,Abnormal
maDIson MyERs,21,Male,AB+,Cancer,2023-01-02,Charlene Lewis,Ltd Phillips,UnitedHealthcare,41128.72,499,Emergency,2023-01-10,Lipitor,Inconclusive
lisA DowNs DDS,58,Female,B+,Diabetes,2022-09-01,Connor Simmons,"Padilla Lewis, Anderson and",Medicare,23673.93,414,Elective,2022-09-21,Paracetamol,Normal
MIcHael caMPbell,19,Male,B-,Arthritis,2022-03-26,Paul Kaiser,Morgan-Perez,UnitedHealthcare,5844.08,146,Urgent,2022-04-21,Paracetamol,Inconclusive
aLexaNdER HOPkiNs,21,Male,B+,Hypertension,2020-01-16,Jeffrey Salazar,LLC Castillo,UnitedHealthcare,38825.15,135,Emergency,2020-01-24,Penicillin,Normal
JeSse ewINg,25,Female,A-,Obesity,2024-01-30,Sara Campbell,Smith PLC,Cigna,31762.08,486,Emergency,2024-02-14,Lipitor,Inconclusive
KAYlA thOMaS,46,Male,AB-,Hypertension,2021-11-24,James Booker,"Allen, Chaney Rice and",UnitedHealthcare,24874.75,395,Urgent,2021-12-06,Ibuprofen,Normal
mARCus JoneS,60,Female,A-,Cancer,2021-10-10,Elizabeth Herrera,"Moore, Munoz and Dunlap",Medicare,49701.86,358,Elective,2021-10-12,Ibuprofen,Normal
JAcqUelINe SwaNSon,50,Male,AB-,Asthma,2021-05-13,Michael Johnson,Inc Travis,Blue Cross,19554.01,204,Emergency,2021-06-12,Ibuprofen,Normal
maRK waLKEr,47,Male,O-,Obesity,2021-11-08,Reginald Jimenez,"Pearson Escobar, and Harper",Medicare,4537.48,225,Urgent,2021-11-23,Ibuprofen,Inconclusive
MR. RyAN WILLiAMS,70,Male,B-,Arthritis,2021-08-31,Lacey Russell,Singh-Hebert,UnitedHealthcare,12186.35,426,Emergency,2021-09-16,Penicillin,Abnormal
nicole bARTLeTT,76,Male,B-,Diabetes,2022-12-10,Joe Bennett,"Barton, and Howe Rivera",Medicare,2793.88,202,Elective,2022-12-25,Lipitor,Normal
EMiLY BuCKLey,65,Female,A-,Asthma,2022-03-01,Julia Melendez,Patterson-Sexton,UnitedHealthcare,4897.45,384,Urgent,2022-03-30,Penicillin,Inconclusive
MIchAEl HarvEy,22,Male,AB-,Hypertension,2023-08-24,Brett Schaefer,Freeman-Simon,UnitedHealthcare,42159.56,435,Emergency,2023-09-13,Penicillin,Normal
BeckY ROBInsON,71,Male,AB-,Hypertension,2020-09-16,Allison Campbell,"Adkins Knapp and Richards,",Aetna,3470.76,442,Emergency,2020-10-03,Lipitor,Abnormal
tImoTHY raMIrEz,25,Female,B+,Asthma,2021-06-19,Lydia Gallegos,"and Pineda Allen, Jackson",Medicare,27484.71,268,Elective,2021-06-24,Ibuprofen,Inconclusive
bONniE bRaDFoRD,56,Male,A-,Obesity,2021-01-12,Paul Woodard,Ltd Martinez,Medicare,28531.29,279,Urgent,2021-01-27,Paracetamol,Normal
tamMY aLVaREZ,80,Female,A+,Diabetes,2023-08-08,Scott Porter,Ltd Brown,UnitedHealthcare,49446.56,320,Elective,2023-08-28,Aspirin,Abnormal
jaSOn bakEr,52,Female,B+,Arthritis,2022-05-10,Robert Jimenez,Rice-Donaldson,Cigna,18961.03,120,Emergency,2022-05-17,Paracetamol,Abnormal
MariAh baRTOn,63,Male,B+,Asthma,2022-03-28,Brittany Hunt,"Smith and Mann Spencer,",Cigna,33812.1,181,Urgent,2022-03-30,Penicillin,Abnormal
TOnya sHAh,52,Female,O-,Obesity,2019-05-08,Corey Webb,Moss-Mathews,Cigna,26451.75,169,Emergency,2019-05-13,Ibuprofen,Abnormal
KriSTI HARRis,63,Male,O+,Obesity,2023-01-29,Pamela Anderson,Blanchard-Adams,Medicare,24883.02,157,Elective,2023-02-23,Aspirin,Normal
Mark tOdD,40,Female,A-,Cancer,2021-10-25,Danielle Wagner,Sheppard-Rivera,Blue Cross,15501.65,339,Urgent,2021-10-28,Penicillin,Inconclusive
rUTh RHOdES,50,Female,A+,Diabetes,2019-10-18,Jesse Waters,Smith PLC,UnitedHealthcare,40619.36,440,Elective,2019-11-08,Ibuprofen,Inconclusive
lOGAN torres,33,Female,AB-,Diabetes,2022-05-22,Kaitlyn Bates,Klein Inc,UnitedHealthcare,22261.42,193,Emergency,2022-06-09,Penicillin,Abnormal
brian SmITH,84,Female,A+,Diabetes,2023-10-30,Bethany Hardy,Jackson-Thomas,Aetna,5144.54,422,Urgent,2023-11-10,Aspirin,Inconclusive
RaCheL EvanS,41,Male,O-,Cancer,2020-07-24,Alexis Brown,Group Graham,Cigna,38405.35,201,Emergency,2020-08-04,Ibuprofen,Abnormal
rebECca peREZ,30,Female,AB-,Obesity,2019-09-22,Eric Mendoza,Potter-Fernandez,UnitedHealthcare,22577.57,320,Emergency,2019-10-18,Aspirin,Inconclusive
aShlEY Ryan,60,Female,A-,Cancer,2019-08-15,Debbie Fernandez,Green PLC,Aetna,46965.42,172,Elective,2019-09-10,Paracetamol,Inconclusive
WILLiaM GLEnn,81,Male,B-,Cancer,2023-11-18,Paul Key,Andrews PLC,Aetna,21768.34,326,Emergency,2023-11-21,Penicillin,Inconclusive
cynthIa FRye,50,Male,A+,Cancer,2022-06-29,Aaron Walker,Sons Lam and,Cigna,29083.34,305,Emergency,2022-07-13,Aspirin,Inconclusive
StEphen WEISS,41,Male,O+,Hypertension,2023-08-07,Joan Washington,"and Foster, Allen Valdez",Cigna,18416.93,361,Urgent,2023-08-19,Ibuprofen,Abnormal
brAd fArLey,56,Female,AB+,Obesity,2021-09-05,Matthew Kane,"Welch Bryan Rodriguez, and",UnitedHealthcare,34638.39,117,Emergency,2021-10-01,Ibuprofen,Inconclusive
FELiCIa BEnDEr,46,Female,B-,Arthritis,2024-02-25,Melissa Holland,Lewis-James,Aetna,19119.38,221,Urgent,2024-03-05,Paracetamol,Abnormal
lEah StuaRt,62,Female,AB-,Obesity,2022-07-27,Sarah Jackson,Johnson-Hines,Medicare,31097.65,451,Urgent,2022-08-24,Lipitor,Normal
HeIDI CarLSON,30,Male,A-,Cancer,2019-10-13,John Johnson,"Delgado, and Mcdonald Berry",Aetna,15267.3,237,Elective,2019-11-08,Penicillin,Abnormal
DOUgLAS leE,20,Male,A-,Arthritis,2024-03-29,Jeff Lin,"Brooks, Nguyen Sellers and",UnitedHealthcare,21792.33,266,Urgent,2024-04-14,Aspirin,Inconclusive
MARy rILEy,31,Female,B+,Hypertension,2023-02-25,Anna Buckley,"and Thompson Moore, Torres",UnitedHealthcare,41443.68,421,Urgent,2023-02-26,Aspirin,Inconclusive
aMy REyeS,34,Female,A-,Arthritis,2022-06-21,Morgan Rasmussen,Hardy PLC,Blue Cross,5849.64,111,Urgent,2022-07-15,Aspirin,Normal
moniCA sampSon,49,Male,B-,Diabetes,2021-03-27,Robin Brown,"Gregory, Rosario and Bruce",Medicare,7330.48,500,Elective,2021-04-10,Penicillin,Normal
Tony OweN,66,Male,B-,Asthma,2024-02-07,John Sanders,Sons Cox and,UnitedHealthcare,40191.73,102,Elective,2024-02-27,Penicillin,Inconclusive
ClaytOn BroWn,82,Male,AB+,Cancer,2021-09-04,Christina Perry,"Jones, and Moore Carter",Medicare,30954.42,371,Emergency,2021-10-02,Aspirin,Normal
JAMES VaNcE,46,Male,O-,Hypertension,2019-08-31,Michael Johnson,PLC Hodge,Medicare,23537.74,170,Urgent,2019-09-18,Paracetamol,Normal
JAsoN TorrES,32,Female,AB+,Cancer,2019-08-03,Amber Valdez,Moore-Pierce,Aetna,33653.65,164,Elective,2019-08-06,Penicillin,Normal
daNiEL grEEn,75,Male,A-,Diabetes,2022-09-06,Richard Davis,PLC Santana,Aetna,31419.29,152,Elective,2022-10-03,Penicillin,Abnormal
nAtalie knigHt,41,Male,AB+,Diabetes,2020-11-06,Jeremiah Bender,LLC Smith,Medicare,2669.75,432,Emergency,2020-11-07,Ibuprofen,Inconclusive
REBeccA HAyEs,32,Male,A+,Diabetes,2020-10-01,David Navarro,Gomez and Sons,Cigna,40136.97,488,Urgent,2020-10-12,Aspirin,Abnormal
tarA yOrK,24,Male,A+,Hypertension,2020-08-18,James Payne,Martinez-Farley,Cigna,43722.6,198,Emergency,2020-09-01,Penicillin,Normal
EliZABETh tYleR,42,Male,AB-,Obesity,2023-08-24,Mark Lee,Macdonald Group,Blue Cross,44356.3,166,Urgent,2023-09-12,Ibuprofen,Abnormal
aShleY KIM,38,Female,A+,Diabetes,2021-08-23,Ashley Thomas,and Ochoa Sons,Medicare,14415.58,269,Emergency,2021-09-15,Aspirin,Inconclusive
BraNdi LoPeZ,80,Male,O+,Cancer,2019-11-13,Kimberly Decker,Johnson-Lopez,UnitedHealthcare,47596.68,469,Urgent,2019-12-13,Aspirin,Abnormal
tAmaRA CASTiLlO,74,Male,A-,Arthritis,2022-12-04,Brian Elliott,Howard-Pitts,Cigna,31911.3,445,Elective,2023-01-01,Ibuprofen,Normal
CLAiRe ALvAreZ,79,Female,A+,Cancer,2019-09-26,George Hartman,and Sons Trujillo,Blue Cross,38598.48,491,Urgent,2019-10-17,Aspirin,Inconclusive
jOsepH whEELer,62,Male,AB+,Asthma,2023-06-09,Jonathan Austin,"and Delgado Allen, Wilson",Medicare,9508.08,309,Urgent,2023-06-20,Lipitor,Inconclusive
racHEl MarTinEz,42,Female,AB+,Asthma,2020-08-23,Angel Smith,Moody-Lee,Medicare,30538.2,370,Emergency,2020-09-11,Ibuprofen,Inconclusive
JOHn walkEr,54,Male,A+,Hypertension,2020-07-31,Ashley English,"Gonzalez Burch, and Diaz",Medicare,21770.01,329,Emergency,2020-08-08,Aspirin,Inconclusive
aMAndA HIll,70,Male,AB-,Obesity,2021-07-25,Stephanie Diaz,"Valencia Molina, Lopez and",Aetna,2500.68,443,Urgent,2021-08-03,Aspirin,Inconclusive
cHrIStopHER jIMEnEz,35,Male,B-,Cancer,2024-01-18,Mary Mathis,Cruz-Jimenez,Blue Cross,3767.64,168,Emergency,2024-02-01,Penicillin,Abnormal
NanCy sTevENS,48,Female,O+,Diabetes,2021-11-09,Yolanda Harris,Banks-Martin,Blue Cross,46745.15,278,Elective,2021-11-27,Lipitor,Normal
cHRISTiNa MeDiNa,34,Female,AB-,Diabetes,2022-07-05,Dylan Hernandez,"Eaton and Ryan, Allen",Medicare,14274.97,326,Elective,2022-07-31,Paracetamol,Inconclusive
DOnaLd mORrISOn,59,Male,B-,Obesity,2022-10-19,Matthew Johnson,and Sons Powell,UnitedHealthcare,5921.6,225,Emergency,2022-11-08,Aspirin,Normal
BRian bUtLEr,71,Male,AB+,Asthma,2021-05-09,Arthur Barker,"Lopez Carter and Campos,",UnitedHealthcare,38023.74,455,Emergency,2021-06-03,Paracetamol,Abnormal
eLiZaBetH BRIdGES,83,Male,AB+,Hypertension,2022-04-16,Laura Russo,James-Mcintyre,Aetna,36715.05,274,Elective,2022-05-12,Lipitor,Abnormal
matThEW BArnES,65,Male,B+,Hypertension,2023-05-24,Adam May,LLC Cole,Aetna,12932.24,253,Urgent,2023-05-31,Ibuprofen,Abnormal
dR. Lisa DUNN mD,80,Male,AB-,Obesity,2020-12-08,Jeff Perez,Allen-Ortiz,UnitedHealthcare,12239.54,457,Elective,2021-01-01,Ibuprofen,Normal
aNtHony goNzAlEz,21,Female,AB+,Hypertension,2021-03-20,Alejandra Clark,Friedman LLC,Aetna,35953.45,462,Elective,2021-03-21,Paracetamol,Normal
Jason HANEY,60,Male,O-,Asthma,2019-06-10,Dawn Harding,Rogers-Smith,Cigna,23025.83,426,Elective,2019-06-23,Lipitor,Inconclusive
LarrY Finley,84,Female,O-,Arthritis,2022-11-08,Robert Day,"and Smith Wang, Pham",Medicare,39143.6,399,Emergency,2022-11-11,Lipitor,Abnormal
LindSAY spARks,26,Female,B+,Hypertension,2021-10-20,Alexander Stewart,Terrell-Powell,Medicare,20493.75,232,Elective,2021-10-30,Lipitor,Normal
Dale ReyeS,57,Male,AB+,Diabetes,2023-07-16,Christopher Bentley,LLC Brown,Medicare,21505.42,252,Elective,2023-08-09,Ibuprofen,Normal
JESSICa WILlIaMs,39,Female,AB+,Obesity,2021-02-21,Juan Barnett,Williams-Maldonado,Cigna,30096.25,122,Emergency,2021-03-18,Paracetamol,Abnormal
JACk cOX,38,Male,B-,Diabetes,2022-10-19,Ryan Johnson,Saunders-Thomas,Medicare,36755.29,444,Urgent,2022-11-13,Penicillin,Normal
shEena zunIgA,69,Female,A+,Hypertension,2022-01-23,Christopher Fitzpatrick,Williams Group,Aetna,26813.05,127,Urgent,2022-01-25,Paracetamol,Abnormal
RAYmONd ChaNdler,20,Male,A+,Obesity,2022-11-02,Sarah Hill,Bradley PLC,UnitedHealthcare,22543.59,154,Elective,2022-11-24,Ibuprofen,Normal
rObin WhitE,75,Female,A+,Obesity,2019-07-13,John Martin,"Tucker, and Ramirez Patterson",Blue Cross,20891.35,200,Elective,2019-07-19,Ibuprofen,Inconclusive
ELIzabEtH miCHAel,64,Female,B-,Cancer,2020-08-07,Michaela West,Lee-Livingston,Cigna,27487.0,228,Urgent,2020-08-29,Aspirin,Normal
eLizAbetH Jones,74,Female,AB-,Cancer,2019-06-24,Jacqueline Phelps,"Rodriguez, Taylor Conway and",Medicare,46252.36,497,Emergency,2019-07-21,Aspirin,Inconclusive
JaCob CArtEr,68,Female,AB-,Cancer,2023-07-24,Matthew Nguyen,"Hudson Harrison, Cooper and",UnitedHealthcare,32442.4,109,Emergency,2023-08-16,Aspirin,Abnormal
STepHEN MOORe,51,Male,A+,Diabetes,2024-03-31,Melissa Reyes,PLC Adams,UnitedHealthcare,11090.34,307,Emergency,2024-04-05,Aspirin,Abnormal
JacqUElINe walKeR,47,Female,A-,Asthma,2024-03-17,Marcus Turner,"Gill, and Casey Martinez",Blue Cross,14361.09,379,Emergency,2024-03-23,Penicillin,Inconclusive
nicoLe Smith,65,Female,A+,Obesity,2024-04-01,Robert Gill,Blevins-Douglas,Cigna,9425.08,283,Elective,2024-04-23,Penicillin,Inconclusive
BrETt dAvEnPorT,27,Male,AB+,Arthritis,2022-11-06,Patrick Parrish,"and Campbell, Wiley Cook",Aetna,41454.68,426,Elective,2022-12-01,Penicillin,Abnormal
jEnNifEr BeNsOn,21,Male,B-,Hypertension,2024-01-29,Maureen Salazar,Tucker-Brown,Medicare,9955.44,413,Elective,2024-02-26,Ibuprofen,Abnormal
haYleY crAIg,21,Male,O+,Hypertension,2019-10-27,Jeffrey Taylor,"Hicks Kidd and Allen,",Aetna,47191.77,156,Emergency,2019-11-23,Penicillin,Inconclusive
ANN GraHam,53,Male,AB+,Cancer,2022-07-04,Sherry Torres,Williams-Howell,Medicare,32729.68,441,Elective,2022-07-05,Lipitor,Inconclusive
jaiMe THoMPSON,34,Female,A+,Arthritis,2020-09-03,Sara Crawford,Washington and Sons,Cigna,51146.17,102,Elective,2020-09-24,Penicillin,Abnormal
MaRiA joHnSoN,24,Male,A-,Obesity,2023-06-03,Kimberly Tucker,Moss Group,UnitedHealthcare,30486.61,121,Emergency,2023-06-15,Penicillin,Normal
JaSON SMIth,74,Male,A-,Obesity,2022-09-03,Diana Martinez,"Mcknight Perry Rivera, and",Cigna,38497.74,344,Urgent,2022-09-30,Lipitor,Inconclusive
JUlIe mattHEWS,85,Female,O+,Obesity,2022-07-13,Nancy Watson,Richardson-Powell,Cigna,45692.9,456,Urgent,2022-07-21,Paracetamol,Abnormal
maRy MillEr,60,Male,O+,Hypertension,2020-06-11,Mary Miller,"Reese Adams, Lara and",Cigna,2948.55,151,Emergency,2020-06-28,Paracetamol,Inconclusive
MiChaeL HoWE,53,Female,AB+,Hypertension,2019-06-03,Brenda Torres MD,Inc Huynh,Medicare,31569.88,372,Elective,2019-06-04,Lipitor,Normal
DOminIqUe MartIneZ,74,Male,AB+,Arthritis,2019-09-09,Daniel Pennington,Lopez Group,Blue Cross,33538.04,318,Elective,2019-10-09,Lipitor,Inconclusive
mOnIQue caNTu,35,Male,O-,Hypertension,2022-07-27,James Osborn,Group Turner,Cigna,9856.06,165,Urgent,2022-08-21,Penicillin,Abnormal
kElsey Allen,76,Female,O+,Obesity,2021-05-14,Lauren Brown,Graham Group,Blue Cross,45420.99,308,Emergency,2021-06-02,Lipitor,Abnormal
JImMY JoHNSON,20,Female,AB+,Obesity,2022-11-15,Stacey Armstrong,Calhoun LLC,Aetna,24641.53,499,Emergency,2022-11-17,Lipitor,Inconclusive
JACob PEna,83,Male,O+,Cancer,2020-02-27,Benjamin Thomas,Ward-Jordan,Aetna,18801.51,307,Elective,2020-03-28,Penicillin,Abnormal
dwAynE cOle,37,Male,O-,Obesity,2022-03-10,John Day,Roberts-Sexton,Aetna,24500.19,410,Elective,2022-04-04,Penicillin,Inconclusive
StephanIe TApIA,37,Female,B-,Cancer,2020-04-14,Steven Ortiz,Group Powell,Aetna,16473.37,320,Urgent,2020-05-13,Paracetamol,Inconclusive
JOshUa dOYLE,82,Male,O-,Obesity,2019-06-11,Dawn Rodriguez,Rogers LLC,Medicare,24175.19,155,Urgent,2019-07-01,Ibuprofen,Inconclusive
gregOry thomas,72,Female,AB-,Cancer,2024-01-14,Lauren Lowe,"Davis Maddox Harris, and",Aetna,11064.03,212,Urgent,2024-02-08,Ibuprofen,Abnormal
jENNiFEr wEST,83,Male,A+,Asthma,2022-08-09,Scott Meyer,Wright-Walker,Aetna,50713.56,244,Emergency,2022-08-27,Ibuprofen,Inconclusive
SHANNOn key,83,Female,B-,Hypertension,2021-09-19,Evan George,"Thomas and Lambert, Young",Blue Cross,40850.92,347,Emergency,2021-09-29,Aspirin,Abnormal
kAThY wHite,49,Male,A+,Arthritis,2023-05-27,James Bray,Smith-Ewing,Cigna,6407.9,491,Elective,2023-06-21,Ibuprofen,Inconclusive
amaNDa vAUghN,27,Female,B-,Cancer,2020-08-08,Eric Bowen,LLC Hayes,Aetna,25595.07,466,Emergency,2020-09-04,Ibuprofen,Abnormal
MICHELE FeRNaNDeZ,42,Male,A+,Cancer,2022-03-08,Christine Hines,Gonzalez Ltd,Blue Cross,34566.57,386,Emergency,2022-04-02,Penicillin,Normal
PhiLiP bAiLey,56,Female,A-,Asthma,2021-06-26,Michael Miller,Travis-Watkins,Blue Cross,25784.57,369,Emergency,2021-07-15,Ibuprofen,Inconclusive
RyAn WhiTe,44,Male,AB-,Hypertension,2023-01-28,Adrian Jacobs PhD,"and Pittman Thomas, Stein",Aetna,33345.58,171,Emergency,2023-02-22,Paracetamol,Abnormal
STEPHanie HARRIs,55,Female,AB-,Arthritis,2024-03-21,Allison Roberson,"Lopez, Rodriguez Hodges and",Cigna,48615.35,329,Emergency,2024-04-09,Aspirin,Abnormal
ERIKA iRWIn,36,Female,O-,Cancer,2021-09-04,Susan Reid,Bentley Ltd,Cigna,36572.08,180,Emergency,2021-09-22,Ibuprofen,Normal
CHaRLES Daniels,25,Female,B-,Obesity,2022-03-28,Patrick Morales,"Pratt and Keller, Davis",Cigna,32086.98,104,Urgent,2022-04-08,Paracetamol,Inconclusive
DANIeL hOwArD,57,Female,O-,Asthma,2023-10-10,Michael Burns,Buck PLC,Aetna,44276.42,436,Elective,2023-11-02,Aspirin,Normal
mArK BrOWn,82,Male,B-,Asthma,2019-08-31,Mark Lawson,"Williams Evans Myers, and",Blue Cross,29846.15,173,Elective,2019-09-10,Lipitor,Abnormal
keitH WhiTE,42,Female,A-,Diabetes,2024-03-14,Cynthia Martin,Riddle LLC,Aetna,1398.88,377,Emergency,2024-04-03,Ibuprofen,Inconclusive
MiCHELLE jOhnsON,53,Female,A-,Obesity,2020-04-17,Lynn Miller,Medina-Hubbard,Medicare,9868.01,163,Emergency,2020-05-10,Ibuprofen,Normal
brADlEY jorDan,41,Female,B-,Obesity,2023-12-18,Julie Jones,Jenkins PLC,Cigna,2952.61,426,Emergency,2023-12-22,Paracetamol,Normal
holLY StUARt,61,Female,O-,Diabetes,2020-09-05,Amanda Fowler,"and Yates Serrano, Henderson",Cigna,9436.35,216,Elective,2020-09-17,Aspirin,Normal
chRIsTOPheR frYe,59,Female,AB+,Diabetes,2023-10-10,Russell Serrano,Murillo-Warner,Cigna,5664.0,480,Emergency,2023-10-22,Penicillin,Normal
JerEMiaH RIley,54,Female,O-,Hypertension,2021-11-03,Thomas White,"and Fitzgerald, Sharp Cooke",Cigna,7231.67,160,Emergency,2021-11-25,Lipitor,Inconclusive
brEnDA bELl,68,Male,A-,Arthritis,2022-01-22,Dr. Matthew Hamilton MD,Smith-Carter,Blue Cross,25344.2,223,Emergency,2022-01-29,Aspirin,Abnormal
briAN beRNARd,67,Male,AB-,Obesity,2023-02-24,Daniel Flowers,Hernandez-Patton,Blue Cross,22456.62,378,Elective,2023-03-20,Ibuprofen,Inconclusive
WiLLIAM BaKer,75,Female,O-,Cancer,2022-10-13,John Gaines,Evans-Torres,Aetna,2473.47,389,Urgent,2022-11-08,Ibuprofen,Abnormal
KEnneTH Reyes,46,Male,B+,Asthma,2019-12-28,Jennifer Gray,"and Neal Barrett, Bailey",UnitedHealthcare,10484.92,337,Urgent,2020-01-01,Aspirin,Normal
HOllY bisHop,72,Female,A-,Diabetes,2020-09-17,Erik Woods,Hernandez-Valdez,Medicare,14697.46,116,Elective,2020-09-21,Aspirin,Inconclusive
dEnNis GOnZAlEZ,56,Female,A+,Obesity,2023-05-08,Carol Moore,Smith-Nguyen,Blue Cross,13672.84,123,Emergency,2023-05-18,Ibuprofen,Normal
zachAry LYONs,53,Female,O-,Arthritis,2022-11-03,Hailey Jackson,Wilson-Torres,Aetna,41463.84,300,Elective,2022-11-13,Aspirin,Normal
cARrie black,72,Female,B+,Hypertension,2021-09-02,Joseph Miranda,"Burton and Curry, Parker",Cigna,7459.1,333,Emergency,2021-10-02,Ibuprofen,Normal
MIGUeL ngUYEN,58,Male,AB+,Cancer,2021-02-13,Jason Wallace,"Patterson Mann, Williamson and",UnitedHealthcare,28441.89,463,Urgent,2021-03-02,Ibuprofen,Abnormal
aLEXIs hICKS,69,Female,AB-,Diabetes,2022-03-08,James Thomas,"Velasquez, Bullock and Maldonado",Aetna,28180.81,380,Elective,2022-04-04,Ibuprofen,Abnormal
jILLian velasqUEz,77,Female,B+,Diabetes,2020-07-22,Amanda Allen,Spence Sons and,Blue Cross,38313.84,247,Emergency,2020-08-10,Aspirin,Inconclusive
laUrA WU,18,Male,O-,Cancer,2022-12-18,Frank Stephens,Sparks-Smith,Medicare,10706.54,357,Emergency,2023-01-14,Penicillin,Normal
tErri mURPhY,83,Female,O-,Diabetes,2022-08-06,David Walker,"Brown, and Stone Perez",Aetna,39003.99,201,Emergency,2022-08-27,Penicillin,Normal
VAneSSa kiNg,65,Female,O+,Asthma,2019-07-10,Karen Rodriguez MD,Inc Banks,Blue Cross,6444.73,453,Emergency,2019-07-30,Ibuprofen,Normal
adaM MARtINeZ,54,Female,A-,Diabetes,2019-11-15,Christine Singleton,PLC Reese,Cigna,9959.98,418,Emergency,2019-12-02,Ibuprofen,Inconclusive
cLAIre RaMIREz,35,Male,AB-,Hypertension,2023-01-26,Sarah Lawrence,"Porter, Woods Miller and",UnitedHealthcare,37053.67,378,Urgent,2023-02-08,Lipitor,Normal
ScOtt waLker,48,Male,O+,Asthma,2021-03-08,Allison Ruiz,Wagner-Sanchez,Medicare,40273.8,109,Urgent,2021-03-20,Aspirin,Inconclusive
vicToriA cRAwFOrd,34,Female,A+,Obesity,2021-01-23,Phillip Green,"Wilson and Hood, Robinson",Blue Cross,33437.45,156,Emergency,2021-02-19,Paracetamol,Normal
jEfFERy neLsOn,64,Female,AB-,Hypertension,2022-04-28,Richard Hernandez,"Smith Holland, and Hogan",Blue Cross,38938.72,361,Elective,2022-05-21,Lipitor,Normal
BRIAN LOng,79,Male,O+,Diabetes,2021-11-12,Ryan Lewis,Simpson-Jennings,UnitedHealthcare,40860.81,310,Emergency,2021-11-18,Ibuprofen,Inconclusive
kAtHrYN FeRnAnDEZ,79,Female,B+,Diabetes,2021-01-13,Kyle Johnson,Owens-Cole,Medicare,26217.09,380,Urgent,2021-01-26,Ibuprofen,Abnormal
miCHELLe wiLSOn,41,Male,A-,Diabetes,2020-08-24,Carly Johnston,"and Weaver, Lee Baxter",Medicare,37519.02,238,Elective,2020-08-28,Lipitor,Normal
miCHEllE sMith,21,Female,B-,Hypertension,2021-02-04,Kevin Harris,Walker Ltd,Cigna,36754.78,126,Urgent,2021-02-17,Ibuprofen,Normal
cYntHia CalDWELL,41,Male,B+,Diabetes,2024-02-12,John Moody,"Edwards, Daniels Garcia and",Medicare,25261.18,104,Elective,2024-02-17,Lipitor,Normal
ElIzabETh pHELPS,47,Male,AB+,Hypertension,2021-08-23,Peggy Underwood,Hernandez-Wood,UnitedHealthcare,13325.47,370,Emergency,2021-09-01,Lipitor,Abnormal
aNthOny DaVIS,30,Male,A+,Asthma,2023-12-26,Angela Taylor,Mccormick-Morales,Blue Cross,5333.25,477,Urgent,2023-12-29,Penicillin,Abnormal
conNie GomEz,33,Female,B-,Cancer,2019-06-18,Elizabeth Fields,Inc Santos,Blue Cross,22317.68,335,Emergency,2019-06-23,Lipitor,Inconclusive
kriSTy WAlKer,76,Female,A+,Cancer,2020-06-22,Michael Stone,Group Greer,Blue Cross,43686.89,420,Elective,2020-07-12,Ibuprofen,Normal
Karen moOneY,79,Male,AB-,Diabetes,2020-04-03,Daniel Ball,Gonzales-Snyder,Cigna,9274.89,313,Emergency,2020-04-26,Penicillin,Normal
pAtriCIa cHAmbERS,54,Female,AB-,Diabetes,2022-07-31,Vanessa Whitaker,Beard-Michael,Aetna,7198.04,322,Urgent,2022-08-02,Ibuprofen,Abnormal
JohN FlOres,82,Male,A+,Obesity,2021-10-01,Emily Roberson,"Leon Mcfarland Wise, and",UnitedHealthcare,26379.37,255,Emergency,2021-10-29,Paracetamol,Normal
mR. niCHOLaS HaLL,80,Female,AB-,Obesity,2020-09-13,Angel Hawkins,and Sons Bryan,Medicare,4844.98,205,Elective,2020-10-06,Ibuprofen,Inconclusive
SHIrlEy sMITH,51,Female,B+,Obesity,2023-11-11,Megan Wright,"Coleman, and Berry Davis",UnitedHealthcare,28949.17,245,Emergency,2023-12-09,Lipitor,Inconclusive
kimBeRly aRmstRoNG,79,Female,A+,Cancer,2021-05-20,Kimberly Hawkins,Reed-Gibson,UnitedHealthcare,40313.37,184,Elective,2021-05-23,Penicillin,Inconclusive
HEATher HOPKiNS,27,Female,B-,Arthritis,2021-08-21,Jamie Ortega,Rios Group,UnitedHealthcare,48115.64,481,Emergency,2021-09-04,Lipitor,Abnormal
brEnDa bURgeSs,84,Female,O+,Asthma,2021-04-14,Diane Hood,Inc Duran,UnitedHealthcare,17011.78,372,Elective,2021-04-18,Lipitor,Abnormal
robErt beLL,77,Female,B+,Arthritis,2024-04-03,Denise Hernandez,"and Patel Owens Dominguez,",Aetna,41515.26,487,Urgent,2024-04-06,Aspirin,Inconclusive
rObErt jOnES,51,Female,A+,Asthma,2023-07-29,Wendy Castillo,PLC Lewis,Cigna,28147.87,241,Urgent,2023-08-19,Paracetamol,Abnormal
vANesSa mCINToSh,27,Female,A-,Diabetes,2020-10-14,Kathryn Guerra,"Berry and Clark Shaw,",Aetna,13244.48,145,Elective,2020-10-30,Aspirin,Normal
jenNIFEr DixoN,45,Female,O+,Cancer,2023-06-12,Melissa Weeks,"Allen Parker and Estes,",Blue Cross,12448.69,198,Elective,2023-06-19,Paracetamol,Normal
valerIE rODRIguEz,65,Female,O-,Hypertension,2021-08-31,Scott Reed,"Hogan Malone, and Gray",Blue Cross,6904.11,355,Emergency,2021-09-11,Ibuprofen,Inconclusive
tAra WEST,36,Female,AB+,Obesity,2019-11-13,Alejandro Cole,Ltd Martin,UnitedHealthcare,42472.25,157,Elective,2019-12-09,Penicillin,Inconclusive
kEnNeth wilLIaMs,66,Male,B-,Cancer,2022-05-10,John White,"Contreras Myers and Young,",UnitedHealthcare,21305.52,407,Emergency,2022-06-04,Aspirin,Abnormal
GEOrGe roSS,77,Male,AB+,Diabetes,2022-07-30,Noah Moore,Inc Valenzuela,Blue Cross,20825.72,298,Elective,2022-08-04,Penicillin,Abnormal
luCAs wILsoN,39,Male,AB+,Asthma,2019-07-28,Frank Quinn DVM,Knox-Esparza,Aetna,43663.88,104,Urgent,2019-08-02,Paracetamol,Abnormal
RONALd BrowN,55,Male,B-,Arthritis,2022-05-10,Thomas Jones,"Rodriguez and Sanders, Luna",UnitedHealthcare,28478.54,109,Emergency,2022-05-12,Paracetamol,Normal
cHarlEs BArAJAs,53,Female,A+,Cancer,2023-02-04,John Long,"Miller Bailey, and Anderson",Medicare,13091.8,317,Elective,2023-02-28,Penicillin,Abnormal
LAUrEN sAnforD,45,Female,AB-,Cancer,2020-10-14,Stephanie Farmer,Hancock-Galloway,Medicare,5164.54,457,Elective,2020-11-06,Penicillin,Abnormal
petEr cOnway,25,Male,A-,Diabetes,2024-03-22,Tammy Cisneros,Vasquez-Carr,Blue Cross,20762.02,442,Emergency,2024-04-14,Ibuprofen,Abnormal
MaRY BaldwIn,78,Female,A-,Arthritis,2021-12-20,Benjamin Taylor,Gomez-Spencer,Blue Cross,35543.07,384,Elective,2021-12-22,Lipitor,Abnormal
WILLIaM matHIs,76,Male,AB-,Arthritis,2020-03-21,Nichole Rodriguez,Sweeney LLC,Blue Cross,36334.02,151,Urgent,2020-04-20,Lipitor,Abnormal
MIcHeLLe WHiTAkER,84,Female,AB-,Asthma,2023-02-24,Vincent Young,and Patton Sons,Aetna,22990.65,388,Elective,2023-03-03,Aspirin,Abnormal
gArY rEEVES,52,Male,AB-,Diabetes,2022-10-13,Roger Serrano,Lewis-Henry,Cigna,4241.39,200,Emergency,2022-10-25,Paracetamol,Abnormal
kRISTiE VASqueZ,59,Male,B-,Arthritis,2022-07-28,Jared Prince,"Rowe, Stone and Patterson",Aetna,49.45,140,Urgent,2022-08-13,Lipitor,Abnormal
ANtHoNY LopeZ,47,Female,A+,Cancer,2020-04-05,Emily Joseph,Bell-Morgan,Cigna,48848.41,130,Elective,2020-04-07,Ibuprofen,Inconclusive
rACheL bOwman,85,Male,O+,Hypertension,2021-12-06,Toni Parker,Alvarado-Martin,UnitedHealthcare,1077.17,221,Emergency,2021-12-30,Lipitor,Abnormal
mRs. JilliaN sOsa,29,Male,O-,Diabetes,2024-01-22,Jenna Larson,Thomas-Adams,Aetna,47906.01,379,Emergency,2024-01-25,Penicillin,Inconclusive
AMbEr LAWsoN,85,Male,O+,Cancer,2019-06-05,Joseph Dixon,Cortez-Cannon,UnitedHealthcare,25098.25,363,Emergency,2019-07-05,Penicillin,Inconclusive
jIll CoHen,26,Female,O+,Diabetes,2019-06-25,Adam Richard,Burch-Hernandez,Aetna,15860.36,112,Elective,2019-07-22,Aspirin,Abnormal
moLlY aLvaRAdo,35,Female,AB-,Obesity,2023-10-31,Julie Taylor,Cochran-Hart,Aetna,25442.62,188,Emergency,2023-11-05,Penicillin,Normal
baRBaRA mAY,48,Female,O-,Hypertension,2024-04-08,Derrick Martinez,Wood Ltd,Blue Cross,37989.2,203,Elective,2024-05-07,Aspirin,Inconclusive
aNGEla bROWN,21,Male,O-,Hypertension,2023-04-28,Maurice Dunn,White Group,UnitedHealthcare,671.13,267,Urgent,2023-05-12,Aspirin,Inconclusive
DArRElL jOhNStOn,80,Female,B+,Hypertension,2022-04-24,Jesus Mitchell,Jackson-Brennan,Aetna,15102.96,453,Elective,2022-05-04,Penicillin,Abnormal
GarY sAntoS,79,Male,A-,Obesity,2021-11-02,Gerald Chase,Smith Sons and,Medicare,19641.01,142,Emergency,2021-11-04,Lipitor,Normal
trAcy garciA,20,Male,AB-,Cancer,2019-05-11,Dr. Joseph Mitchell,"and Walsh, Floyd Owens",Aetna,35776.64,313,Urgent,2019-05-12,Lipitor,Abnormal
kRISTen ROWlanD,73,Male,AB-,Hypertension,2021-11-30,Denise Chase,Howard-Bates,Aetna,40841.28,302,Urgent,2021-12-01,Penicillin,Abnormal
joSEPH fiGUEroA,50,Female,B-,Hypertension,2023-10-21,Edward Burgess,"and Perez, Graham Herrera",Blue Cross,700.6,481,Urgent,2023-10-24,Aspirin,Normal
tAyLor JOnES,66,Female,A-,Arthritis,2021-12-12,Pamela Clayton,Medina-Palmer,Cigna,50404.28,375,Elective,2021-12-28,Aspirin,Normal
daVId lEwiS,36,Male,A+,Diabetes,2020-11-11,Heather Miller,and Nelson Sons,Aetna,6918.3,212,Urgent,2020-11-29,Ibuprofen,Inconclusive
RYaN HoWard,62,Female,AB-,Diabetes,2023-10-29,Sharon Perez,"Patterson Jones and Hernandez,",Blue Cross,34011.54,200,Urgent,2023-11-12,Lipitor,Abnormal
laURA HarPER,21,Male,B+,Diabetes,2024-02-07,Gail Roman,Jackson Inc,UnitedHealthcare,46772.77,128,Urgent,2024-02-16,Penicillin,Inconclusive
PAtRICk RODRiGUez,36,Male,O-,Diabetes,2022-06-15,Mary King,"Woodard, and Martin Baker",Aetna,36080.33,282,Urgent,2022-07-06,Penicillin,Abnormal
lISA FIsHER,36,Female,A-,Diabetes,2021-10-16,Jennifer Jones,"Ramsey and Malone Sanford,",Aetna,8797.41,424,Elective,2021-11-08,Aspirin,Inconclusive
bRitTney CheN,85,Male,O-,Hypertension,2020-10-08,Christian Dawson,"and Perry Leach, Alexander",Blue Cross,23502.46,104,Urgent,2020-11-07,Paracetamol,Normal
David gRAHam,26,Female,AB-,Cancer,2022-08-10,Sarah Lopez,Sons and Bowman,UnitedHealthcare,15483.39,137,Elective,2022-08-30,Paracetamol,Normal
DesIReE rOy,75,Female,B-,Hypertension,2019-11-15,Angela Ramirez,"and Garza Martin Holloway,",Medicare,18683.12,332,Emergency,2019-12-10,Penicillin,Normal
vALeRiE ChaVEZ,28,Female,A-,Arthritis,2020-06-01,James Barnes,"Holland Brown, and York",Cigna,43119.11,266,Emergency,2020-06-05,Paracetamol,Normal
TONI colLiNS,55,Male,B+,Asthma,2024-01-08,Melvin Montgomery,Ltd Weber,UnitedHealthcare,33779.26,488,Urgent,2024-01-09,Penicillin,Normal
ELIZabEtH bAKEr,32,Female,A+,Arthritis,2023-12-25,Caroline Castillo,"Tran Wright and Vasquez,",Medicare,28319.53,227,Elective,2024-01-11,Lipitor,Normal
mORgan PaCE,19,Male,O-,Asthma,2022-11-01,Cheryl Lane,Atkinson Ltd,Aetna,2914.02,119,Elective,2022-12-01,Aspirin,Inconclusive
aNtHOnY eRicksON,27,Female,O-,Asthma,2022-07-02,Brittany Harding,and Brown Sons,UnitedHealthcare,7916.09,296,Emergency,2022-07-11,Penicillin,Normal
pRisCillA sanDERS,38,Female,O-,Obesity,2021-12-08,Daniel Contreras,Simpson Inc,Aetna,30372.45,473,Emergency,2021-12-14,Paracetamol,Normal
CYNThIa hill,79,Female,A+,Hypertension,2022-01-22,Jacob Garcia,Edwards PLC,Blue Cross,45267.06,282,Urgent,2022-02-16,Aspirin,Normal
MatTHew riveRA,80,Female,AB-,Hypertension,2020-03-13,Dana Page,"Perez and Ho, Riley",Cigna,12638.05,486,Emergency,2020-04-01,Ibuprofen,Normal
TImothY ELLIoTT,19,Male,AB-,Obesity,2019-08-03,Tara Ruiz,Ltd Curry,Cigna,30789.01,322,Urgent,2019-08-15,Ibuprofen,Abnormal
TAylOr MASon,61,Female,AB-,Obesity,2019-09-13,Mitchell Franklin,Group Young,Cigna,36556.51,224,Emergency,2019-10-13,Aspirin,Inconclusive
mOrgaN peRRY Dds,64,Female,O+,Diabetes,2020-12-23,Alexander Moore,"Edwards, Fry and Lopez",UnitedHealthcare,15579.67,219,Emergency,2021-01-03,Aspirin,Normal
roGeR baRTLeTT,57,Female,O+,Arthritis,2019-07-06,Bailey Foster,Ferguson-Cole,Medicare,29672.11,500,Urgent,2019-07-24,Lipitor,Abnormal
THoMaS cRaWFOrD,49,Male,A-,Diabetes,2021-01-14,Anthony Allen,"Santos and Blake Wood,",Medicare,20548.76,285,Emergency,2021-01-30,Lipitor,Normal
courtNeY sCHrOEDER,67,Female,A+,Asthma,2020-08-02,Amy Roberts,Inc Robinson,Medicare,48503.29,149,Urgent,2020-08-17,Ibuprofen,Inconclusive
aMBER NGuyEN,78,Male,AB-,Obesity,2023-10-01,Susan Brown,Matthews-Mcbride,UnitedHealthcare,22247.44,385,Urgent,2023-10-13,Penicillin,Normal
TifFanY cooPEr,33,Female,AB+,Cancer,2022-08-11,Alexandra Pena,Wright Sons and,Blue Cross,37153.38,280,Urgent,2022-09-09,Aspirin,Abnormal
ScOtt pErRY,43,Female,O-,Asthma,2020-05-12,Andrew Alvarez,Owens-Douglas,Aetna,18620.85,217,Urgent,2020-05-24,Lipitor,Normal
CaiTlIn LaM,64,Male,AB-,Cancer,2020-06-19,Eric Shields,Sons Miller and,Medicare,13261.06,344,Urgent,2020-07-12,Aspirin,Abnormal
jOsEpH DUdlEY,46,Female,A+,Asthma,2019-09-11,Melanie Watson,Frost Inc,Blue Cross,10648.11,483,Emergency,2019-09-18,Lipitor,Normal
SHanE GarDnEr,33,Female,O+,Asthma,2022-01-15,Russell Cox,"and Baird, Simmons Peters",UnitedHealthcare,37629.03,387,Emergency,2022-02-03,Aspirin,Inconclusive
tHOMas cruz,19,Female,A-,Diabetes,2022-03-29,Brenda Chavez,Higgins Inc,Medicare,34092.48,358,Urgent,2022-04-10,Aspirin,Inconclusive
MaRIO DalTON,64,Male,O-,Diabetes,2019-11-04,Ryan Hamilton,"Gates Underwood, Coleman and",Medicare,10768.31,316,Emergency,2019-11-26,Ibuprofen,Abnormal
johN POWEll,34,Male,A+,Asthma,2022-10-28,Justin Harris,"Hobbs Schneider, and Walter",Cigna,44076.2,209,Emergency,2022-11-03,Lipitor,Inconclusive
aNDrEW marTineZ,30,Male,B-,Obesity,2023-05-17,Michelle Mcdonald,Miller-Wilson,Blue Cross,15170.34,299,Emergency,2023-06-08,Penicillin,Abnormal
MaRy cOlLINs,65,Male,B-,Asthma,2021-01-14,Pamela Williams,Brown LLC,Cigna,7703.47,487,Elective,2021-02-09,Lipitor,Inconclusive
michaEl obriEN,66,Male,B+,Arthritis,2022-12-30,Angela Sweeney,Benitez-Nguyen,Blue Cross,24768.46,310,Emergency,2023-01-15,Paracetamol,Inconclusive
ValeriE NelsoN,43,Female,A-,Hypertension,2021-10-13,Cheryl Hamilton,Terry Ltd,Cigna,671.53,310,Urgent,2021-10-17,Aspirin,Inconclusive
gAry jeNsen,37,Female,AB-,Hypertension,2021-01-30,Wendy Montgomery,"Foley Nelson, and Thompson",Medicare,49553.14,206,Emergency,2021-01-31,Aspirin,Normal
Lisa vAleNCIa,30,Male,O+,Hypertension,2021-06-21,Maurice Ramos,Long-Golden,UnitedHealthcare,28035.94,379,Emergency,2021-07-19,Penicillin,Normal
JEFFReY livIngSTON DDS,84,Female,AB-,Arthritis,2019-11-21,Kenneth Robbins,Inc Edwards,Cigna,51059.73,227,Emergency,2019-12-18,Penicillin,Abnormal
Sara BUSh,29,Male,AB-,Cancer,2022-05-11,Curtis Evans,Johnson-Stewart,Medicare,19737.2,157,Elective,2022-06-03,Ibuprofen,Normal
AutUMN sUtton,66,Female,B-,Diabetes,2023-01-05,Aaron Pace,Clark-Rivers,Blue Cross,41982.11,495,Urgent,2023-01-12,Ibuprofen,Inconclusive
WiLliAm BlAir,80,Male,A+,Cancer,2019-06-05,Jonathan White,Mccoy-Luna,Cigna,33810.04,325,Emergency,2019-06-18,Aspirin,Inconclusive
HEATher WaNG,42,Female,B+,Hypertension,2020-07-13,Joe Jacobs DVM,"and Mahoney Johnson Vasquez,",UnitedHealthcare,27620.76,347,Urgent,2020-08-10,Ibuprofen,Abnormal
alEx WHiTE,63,Male,AB+,Cancer,2021-09-15,Laura Sweeney,Smith Inc,UnitedHealthcare,16424.03,139,Emergency,2021-09-22,Paracetamol,Inconclusive
aMy oConnoR,72,Female,A-,Cancer,2020-10-18,Anita Johnson,"and Swanson Proctor Daniels,",Cigna,32786.67,302,Emergency,2020-11-12,Penicillin,Normal
juSTiN EAton,68,Female,A+,Obesity,2020-11-04,Collin Gaines,Inc Jones,Aetna,45832.84,236,Urgent,2020-11-17,Ibuprofen,Inconclusive
JOSePH berGeR,61,Female,B+,Cancer,2022-10-12,Amy Pearson,Austin-Galvan,Medicare,29441.69,352,Emergency,2022-11-07,Lipitor,Abnormal
BrEnt mcCArthY,72,Female,AB-,Obesity,2023-06-13,Mary Moore,"and Meadows, Thomas Vaughn",Cigna,17172.01,347,Emergency,2023-07-06,Lipitor,Normal
cody CummInGS,51,Male,B+,Obesity,2022-04-10,Audrey Luna,"Brown, and Perez Osborne",Cigna,21570.29,436,Emergency,2022-05-03,Ibuprofen,Abnormal
LisA GIlmORe,23,Male,A-,Arthritis,2020-09-16,Justin Perry,Larson-Townsend,Aetna,19451.78,472,Elective,2020-10-08,Paracetamol,Inconclusive
ChArles MCDOWelL,77,Male,O+,Cancer,2020-06-18,Katie Silva,"and Green Garza Ware,",UnitedHealthcare,14551.88,242,Emergency,2020-06-19,Aspirin,Inconclusive
sONYa ErICkSoN,25,Male,A+,Cancer,2020-08-28,Paige Carpenter,May-Rodriguez,UnitedHealthcare,12333.47,489,Elective,2020-09-20,Lipitor,Abnormal
emiLy owEns,74,Female,A+,Diabetes,2021-02-12,Lisa Burns,Hahn-Rollins,Cigna,4288.82,186,Elective,2021-03-14,Lipitor,Normal
aNN MIlLEr,39,Male,B+,Obesity,2022-09-07,Cody Galvan,Anderson-Oconnor,UnitedHealthcare,11904.52,160,Elective,2022-09-21,Aspirin,Abnormal
zacharY BauTista,43,Female,AB+,Cancer,2020-08-21,Scott Bell,Rodgers Inc,Medicare,9988.2,336,Urgent,2020-08-25,Aspirin,Inconclusive
Tara AdAMS,46,Male,A+,Obesity,2021-03-13,Karen Lee,Terrell-Stewart,Medicare,12060.1,397,Elective,2021-04-08,Paracetamol,Inconclusive
MELIssa MORGAN,45,Female,A-,Diabetes,2023-12-20,Julia Reyes,"Thompson, and Ruiz Vance",UnitedHealthcare,48887.06,258,Emergency,2024-01-09,Paracetamol,Inconclusive
joSHUA SMItH,44,Female,A+,Hypertension,2019-10-19,Maria Parker,Clark-Leon,Cigna,22992.31,499,Elective,2019-11-06,Paracetamol,Inconclusive
NICole HIcKS,44,Female,O+,Obesity,2021-07-27,Yvonne Santana,Burton-Hernandez,Aetna,37516.6,483,Emergency,2021-08-20,Penicillin,Abnormal
BreNDa ColLins,70,Male,O-,Obesity,2021-05-03,Ashley Johnson,Wilson Ltd,UnitedHealthcare,32798.2,120,Urgent,2021-06-02,Paracetamol,Normal
miCHAEl rILeY,46,Female,O-,Hypertension,2021-09-12,Timothy Gomez,and Brewer Sons,Aetna,34338.86,303,Emergency,2021-10-03,Lipitor,Normal
Dr. RObErT tODd,34,Female,B+,Obesity,2023-06-10,James Bryan,Randall-Castaneda,Cigna,44231.8,163,Emergency,2023-06-20,Ibuprofen,Abnormal
eriC BLACkBurn,28,Male,AB+,Arthritis,2019-08-12,Amy Mcdonald,Inc Griffin,UnitedHealthcare,35976.36,340,Emergency,2019-08-20,Lipitor,Normal
JOhN GarcIA,35,Male,O+,Asthma,2023-07-24,James Blair,"Long Riley Lewis, and",Blue Cross,31693.9,296,Emergency,2023-07-30,Paracetamol,Inconclusive
thomaS GoNZaLeS,35,Male,B+,Diabetes,2019-11-03,Destiny Hooper,"Lopez Stanley, and Perez",Aetna,31781.02,370,Urgent,2019-11-29,Penicillin,Inconclusive
JulIe broWn,50,Female,O+,Asthma,2020-05-05,Ricky Mccormick,Fry LLC,UnitedHealthcare,20713.74,102,Emergency,2020-05-11,Ibuprofen,Normal
joshuA lAwson,30,Male,B-,Diabetes,2022-02-01,William Gonzalez,Henry Inc,Blue Cross,45217.9,491,Elective,2022-02-11,Penicillin,Normal
BRenDA baiRD,48,Female,A+,Obesity,2021-11-18,Brandon Mejia,Williams Ltd,Blue Cross,49458.5,209,Urgent,2021-12-13,Aspirin,Inconclusive
WILLiE cOX,21,Male,A-,Cancer,2020-01-27,Meagan Jordan,"Wilson and Kelley, Fitzgerald",Blue Cross,32140.24,240,Elective,2020-02-18,Paracetamol,Normal
amandA gonZALeZ,77,Female,B-,Arthritis,2019-12-05,Melinda Smith,Vang Group,Cigna,17591.45,368,Emergency,2019-12-20,Lipitor,Inconclusive
megan roCHA,77,Female,B+,Arthritis,2023-03-20,Meghan Hardin,Group Alexander,Blue Cross,33999.23,296,Urgent,2023-04-04,Aspirin,Abnormal
paigE MueLleR,38,Male,O-,Obesity,2019-11-01,Alyssa Rivas,Wilson-Smith,UnitedHealthcare,28766.38,142,Elective,2019-11-27,Penicillin,Normal
KarI iBARRA,19,Female,O-,Cancer,2023-10-26,Jennifer Miller,Inc Cannon,Cigna,50437.75,108,Elective,2023-11-16,Ibuprofen,Inconclusive
SUSaN RODRiGuEZ,68,Female,O-,Arthritis,2022-09-27,Steven Parrish,"Collins Cooper Thompson, and",Aetna,43862.62,375,Emergency,2022-10-04,Penicillin,Abnormal
moNica THoMpSON Md,60,Female,B-,Obesity,2021-10-20,Kaylee Smith,"Williams, Rice Barnes and",Medicare,29373.76,218,Elective,2021-10-28,Aspirin,Inconclusive
DAVid johnSOn,38,Male,A+,Asthma,2019-09-26,David Hubbard,Lee-Brennan,Blue Cross,19201.77,145,Urgent,2019-10-23,Ibuprofen,Abnormal
RObErt GRaNt,18,Female,O-,Diabetes,2022-06-20,Sandra Gonzales,Greene-Barnett,Blue Cross,29015.93,413,Urgent,2022-06-29,Ibuprofen,Abnormal
micHaeL GARCIA,22,Female,A+,Arthritis,2023-10-21,Lisa Williams,Howard-Meyer,UnitedHealthcare,45299.98,198,Urgent,2023-10-28,Penicillin,Normal
AndreW SAncHez,57,Female,O-,Asthma,2019-05-11,Patrick Robbins,Brown LLC,Medicare,47449.62,473,Urgent,2019-05-17,Ibuprofen,Inconclusive
Hannah evERetT,72,Female,A-,Asthma,2021-01-02,Brandon Mercado,"Jones Lopez, and Ali",Medicare,30133.24,102,Emergency,2021-01-24,Aspirin,Normal
JOnAThAn mCGrAtH,22,Male,AB-,Cancer,2022-09-24,Roberta Garcia,PLC Williams,Aetna,29133.32,354,Elective,2022-09-25,Penicillin,Normal
MichaEl wilKiNs,57,Male,B+,Obesity,2023-10-17,Kevin Oliver,PLC Smith,Blue Cross,34264.87,142,Urgent,2023-10-30,Paracetamol,Inconclusive
RoBIN CAStILlo,85,Male,B+,Hypertension,2023-09-12,Sydney Mcbride,Stone Ltd,Blue Cross,21447.56,387,Urgent,2023-09-27,Lipitor,Inconclusive
jAmES bradlEy,64,Female,A+,Asthma,2021-12-22,Maria Brown PhD,"Washington, Moran and Le",Blue Cross,34508.72,389,Emergency,2022-01-13,Penicillin,Abnormal
kENNEth pErkINs,51,Male,A-,Cancer,2023-02-25,Darren Walters,Fernandez-Mahoney,Cigna,45697.78,140,Urgent,2023-03-25,Penicillin,Inconclusive
JONATHaN COOk,48,Female,O-,Cancer,2023-06-19,Shane Gates,LLC Cooley,Aetna,31415.69,458,Emergency,2023-07-05,Penicillin,Abnormal
CoURtneY AnDerson,48,Female,O-,Cancer,2019-07-13,Alex Thomas,Gonzalez Sons and,UnitedHealthcare,13690.9,433,Emergency,2019-08-12,Penicillin,Normal
rACHEl WaRE,70,Female,O+,Hypertension,2022-03-01,Heather Taylor,Group Beck,Medicare,39494.05,297,Urgent,2022-03-03,Ibuprofen,Inconclusive
ScOTT aNDErsOn,57,Male,O+,Asthma,2020-10-04,Samantha Banks,Lowe-Bruce,Aetna,34898.36,168,Urgent,2020-10-29,Penicillin,Inconclusive
Chloe CRUz,76,Male,AB+,Obesity,2021-02-25,Patricia Wagner,Best-Ramsey,Cigna,50658.53,455,Urgent,2021-03-26,Lipitor,Abnormal
MAttHew BrYANt,41,Male,AB-,Obesity,2023-12-19,Kathleen Lawrence,"Smith, Miller Rosario and",UnitedHealthcare,30881.36,377,Emergency,2023-12-25,Penicillin,Inconclusive
AngELIcA mARTIneZ,47,Male,B-,Obesity,2022-05-29,Savannah Herrera,PLC Mendez,Medicare,12635.81,483,Urgent,2022-06-18,Paracetamol,Normal
steven dUNcaN,18,Female,A+,Diabetes,2020-07-22,Erin Martinez,LLC Lee,UnitedHealthcare,19596.91,221,Emergency,2020-08-08,Aspirin,Abnormal
briTtaNY SanChEz,33,Male,A+,Cancer,2021-10-30,Seth Kennedy,Bowman-Young,Aetna,36340.43,175,Emergency,2021-11-08,Lipitor,Normal
AnGEla WalkER,41,Male,AB-,Obesity,2020-06-05,Brandon Dixon,and Sons Holmes,Blue Cross,18387.27,455,Elective,2020-06-10,Penicillin,Normal
ErIn maSoN,23,Female,A+,Obesity,2023-10-13,Elizabeth Nixon,Shaw Inc,Medicare,32731.72,289,Emergency,2023-11-06,Lipitor,Normal
howaRD morris,69,Female,AB+,Cancer,2020-06-12,Jordan Bruce,Floyd LLC,Cigna,49407.78,122,Emergency,2020-06-22,Aspirin,Abnormal
dr. KeviN HaYDen,25,Male,A-,Diabetes,2023-06-27,Amber Bailey,Morris-Rowe,Cigna,35624.97,480,Elective,2023-07-04,Paracetamol,Normal
Kenneth DavIDson,71,Female,AB-,Cancer,2020-08-29,Sheena Weaver,LLC Wood,Medicare,34162.48,255,Urgent,2020-09-02,Ibuprofen,Inconclusive
deNniS rUsSELL,74,Male,B-,Hypertension,2021-07-14,Preston Lewis,Sims-Mullins,Aetna,699.95,214,Elective,2021-07-16,Lipitor,Inconclusive
evAn KIM,78,Male,B-,Arthritis,2022-09-01,Brady Johnson,Barker and Sons,Medicare,16524.22,472,Elective,2022-09-10,Penicillin,Abnormal
dR. sIErRa mUEller,69,Male,AB-,Asthma,2019-08-06,Kyle Lucas,Ltd Wright,Blue Cross,13680.35,337,Urgent,2019-08-16,Ibuprofen,Abnormal
JUStIN eDWaRdS,34,Female,B-,Arthritis,2019-06-18,Blake Pope,"Jimenez, Green and Wright",Cigna,38122.93,460,Urgent,2019-07-16,Ibuprofen,Inconclusive
TIMoThy GeORGE,67,Male,A+,Diabetes,2022-05-01,Ashley Walters,"Rice, Thompson Williams and",Cigna,20545.94,242,Urgent,2022-05-23,Paracetamol,Normal
mIcHeLLe RObINsON MD,28,Male,A-,Arthritis,2019-11-21,Brian Taylor,Barnes-Norris,Blue Cross,40408.88,500,Urgent,2019-11-30,Penicillin,Inconclusive
sTEPhaNie CrUZ,57,Male,B+,Diabetes,2022-04-12,Christopher Green,Lee-Edwards,Cigna,14209.76,160,Urgent,2022-05-10,Aspirin,Normal
krIsTEn DuArtE,38,Male,B+,Cancer,2024-02-20,Tonya Cobb,Medina-Campos,UnitedHealthcare,46605.05,445,Urgent,2024-03-18,Paracetamol,Inconclusive
jeFFREy heaTH,58,Female,AB+,Arthritis,2023-12-07,Scott Smith,Smith Group,UnitedHealthcare,25710.74,286,Elective,2023-12-31,Aspirin,Normal
RoBerT HuBbARD,69,Male,B-,Asthma,2023-11-13,Heather Church,Davis-Freeman,Medicare,23031.25,431,Urgent,2023-11-23,Ibuprofen,Abnormal
SCOtt bOWeN,36,Female,A+,Cancer,2021-12-24,Jacqueline Bowman,Price-Keller,UnitedHealthcare,9588.95,117,Urgent,2022-01-17,Ibuprofen,Inconclusive
wIlLIam RichaRds,47,Female,AB+,Obesity,2023-06-04,Mrs. Victoria Sanchez MD,LLC Wilson,UnitedHealthcare,2538.51,389,Emergency,2023-07-01,Aspirin,Inconclusive
chELSeA CoOk,19,Male,AB-,Hypertension,2019-05-14,Linda Peterson,Fox-Campos,Aetna,26386.67,357,Elective,2019-05-21,Ibuprofen,Abnormal
CharlotTE tHOMas,85,Female,A+,Diabetes,2021-07-18,Julie Nelson,Jones-George,Cigna,35006.02,138,Urgent,2021-07-21,Lipitor,Abnormal
PatriCia HeRNaNdEz,30,Female,AB-,Diabetes,2021-12-21,Christopher Page,Hall Group,Blue Cross,49101.0,428,Urgent,2022-01-07,Penicillin,Abnormal
brIAnnA bELL,68,Male,O-,Obesity,2022-07-28,Kevin Paul,"and Merritt Turner, Sanders",Blue Cross,32474.9,256,Urgent,2022-08-07,Paracetamol,Abnormal
ALIcIA fIeLDs,20,Male,O-,Diabetes,2023-11-20,Madeline Lewis,Bennett Group,Cigna,47894.88,328,Elective,2023-11-21,Paracetamol,Abnormal
HANnaH SAnChez,44,Female,AB+,Arthritis,2023-12-18,Cassandra Cain,Johnson LLC,Medicare,48106.41,155,Elective,2024-01-10,Paracetamol,Inconclusive
Keith AlLEn,76,Male,O-,Arthritis,2020-03-31,David Simmons,"Hebert and Morgan, Wilson",Aetna,38755.11,484,Elective,2020-04-15,Paracetamol,Abnormal
ZACHARY HeRnandEz,62,Male,O-,Arthritis,2021-01-06,Dennis Gutierrez,"Wright Miller Gonzalez, and",Aetna,31269.48,331,Emergency,2021-01-18,Aspirin,Inconclusive
aNNA MILlER,25,Female,AB+,Hypertension,2023-08-21,Jack Reilly,"and Mayo Chen, Murray",Medicare,49400.21,296,Urgent,2023-08-24,Penicillin,Normal
HEctOR Clay,40,Female,B-,Arthritis,2023-02-02,Curtis Li,Bailey-Buckley,Aetna,1779.47,381,Emergency,2023-02-08,Ibuprofen,Inconclusive
BRiaN REYES,42,Male,A+,Obesity,2023-10-10,Joseph Young,Peters-Bentley,UnitedHealthcare,46237.98,107,Elective,2023-10-30,Ibuprofen,Normal
ShaNE MedinA,34,Male,AB-,Diabetes,2022-03-31,Danielle Robinson,"Martinez, Sullivan Bowers and",UnitedHealthcare,21009.2,343,Elective,2022-04-16,Penicillin,Normal
MOnicA lucerO,47,Female,O+,Cancer,2019-12-20,Melvin Harmon,Wright-Schmidt,Blue Cross,40406.87,245,Emergency,2019-12-27,Lipitor,Abnormal
REbEcCA fLoreS,22,Male,B-,Arthritis,2024-02-22,Tracy Bowman,Sons and Patton,Medicare,24490.02,342,Elective,2024-03-06,Paracetamol,Inconclusive
alyssA LittlE,38,Female,B+,Arthritis,2024-04-15,Leah Guerra,Jennings Group,Cigna,36067.82,194,Elective,2024-05-09,Paracetamol,Inconclusive
nIcOlE saNtiaGo,51,Male,AB-,Cancer,2020-11-23,Adam Perez,"Sandoval Cook and Gutierrez,",UnitedHealthcare,20274.97,303,Emergency,2020-12-07,Aspirin,Abnormal
heaTHer sCoTT,63,Male,A-,Obesity,2019-08-08,Justin Cameron,Mason-Moore,Aetna,30964.35,483,Emergency,2019-08-12,Penicillin,Normal
RhonDA WILSOn,59,Male,AB-,Cancer,2023-08-22,Eric Simpson,"Parker, and Parker Macdonald",Cigna,34318.35,319,Urgent,2023-08-27,Aspirin,Inconclusive
NicOLE HErMAN,51,Male,O+,Arthritis,2022-05-17,Joseph Price,Inc Jensen,Blue Cross,28312.94,203,Elective,2022-05-25,Aspirin,Abnormal
KIMBerLy lee,21,Male,A-,Asthma,2023-03-09,Debra Johnson,Ltd Potts,Cigna,26527.56,137,Elective,2023-03-28,Penicillin,Inconclusive
Cody gaRdnEr,31,Male,AB+,Cancer,2021-05-03,Catherine Joseph,Smith-Miller,Medicare,34830.84,220,Elective,2021-05-17,Penicillin,Abnormal
JaSOn MeLEnDEZ,50,Female,A+,Cancer,2022-09-25,Amanda Miller,"and Allen Anderson, Rivera",Cigna,23698.71,467,Urgent,2022-10-25,Ibuprofen,Normal
ThOmaS LOpeZ,54,Male,B-,Hypertension,2023-09-12,Dr. Rachel Hudson,"Logan Smith Vaughn, and",UnitedHealthcare,27139.54,332,Emergency,2023-09-15,Penicillin,Normal
LIsa keLLER,47,Male,AB-,Hypertension,2019-07-28,Gina Curry,PLC Harrison,Cigna,45079.62,255,Urgent,2019-08-04,Ibuprofen,Abnormal
BRItTANY gUTiERRez,84,Male,AB+,Arthritis,2020-07-25,Christopher Scott,"Harris Jackson Pearson, and",UnitedHealthcare,47408.58,299,Urgent,2020-08-12,Aspirin,Normal
joHNAThAn dIXon,64,Male,AB-,Obesity,2024-02-24,Pamela Harris,Bell-Hernandez,Aetna,38160.74,257,Urgent,2024-02-29,Penicillin,Abnormal
coDy MOorE,68,Female,A+,Arthritis,2023-01-25,Krystal Bowman,Chavez-Chapman,Blue Cross,8976.4,462,Emergency,2023-01-26,Aspirin,Inconclusive
paUl BRADfOrD,26,Female,A+,Hypertension,2021-09-30,Michelle Simmons,Stephens Group,Medicare,3356.48,151,Urgent,2021-10-07,Lipitor,Abnormal
juan burgess,82,Female,B-,Obesity,2022-02-07,Jeffrey Haley,Bush-Rodgers,Aetna,915.27,363,Urgent,2022-02-19,Aspirin,Normal
MAtthEw sHaw,30,Male,A-,Diabetes,2020-06-25,Joshua Jones,"Wade Savage, Harrington and",Blue Cross,26138.88,132,Emergency,2020-07-10,Paracetamol,Abnormal
patRick murPHY,25,Female,B-,Cancer,2021-01-11,Daryl Oconnor,"Butler Mathis and Mooney,",Blue Cross,9573.39,231,Emergency,2021-02-03,Penicillin,Abnormal
KEvIn gALLagher,51,Female,B-,Obesity,2024-03-16,Tyler Pearson,Burns-Smith,Medicare,5264.18,459,Emergency,2024-03-18,Lipitor,Abnormal
JoRdAn JACkSon,71,Female,A+,Cancer,2021-09-19,Katrina Martin,"Cook and Craig, Herrera",Blue Cross,804.24,190,Urgent,2021-10-18,Penicillin,Normal
cathEriNe WALl,81,Female,A-,Arthritis,2020-12-11,Sharon Morris,Serrano Group,UnitedHealthcare,13386.35,189,Urgent,2020-12-12,Lipitor,Inconclusive
lUis pATtErsoN,27,Male,AB+,Cancer,2023-02-11,Erika Gordon,"and Gentry Rich, King",Blue Cross,21528.26,180,Urgent,2023-03-02,Penicillin,Normal
JULIe tanNer,34,Female,B+,Hypertension,2024-04-06,Mike Riley,Davila-Harding,Cigna,10653.47,435,Elective,2024-04-23,Lipitor,Abnormal
LEroy priCE,42,Female,O-,Arthritis,2022-04-18,David Sims,"Ortega, Taylor Berry and",UnitedHealthcare,44407.34,192,Urgent,2022-04-22,Paracetamol,Abnormal
rEbEcca caStANeDA,26,Male,A+,Diabetes,2024-04-30,Joseph Smith,"Cabrera Barnes, Harper and",UnitedHealthcare,26686.2,156,Elective,2024-05-16,Aspirin,Normal
andreA kiRK Dds,75,Male,B-,Arthritis,2023-03-01,Sandra Key,Williams Inc,Aetna,38160.72,319,Urgent,2023-03-05,Aspirin,Normal
HOlLY nelSon,50,Male,A-,Hypertension,2022-06-20,Jessica Perez,Chen-Garrett,Medicare,35726.3,248,Urgent,2022-06-29,Paracetamol,Inconclusive
kATHY WalLer,23,Male,O-,Obesity,2020-10-30,Maria Jones,Johnson PLC,Medicare,42345.64,407,Emergency,2020-11-29,Ibuprofen,Abnormal
mattHeW GlOVer,35,Female,A-,Cancer,2021-12-11,Brianna Mccoy,Mitchell-Ryan,Cigna,10498.99,426,Elective,2021-12-17,Aspirin,Inconclusive
tinA FREY,27,Male,B-,Hypertension,2023-07-27,Robert Hampton,Ltd Todd,Medicare,14030.36,379,Urgent,2023-08-18,Lipitor,Normal
MArK Cox,44,Male,A+,Diabetes,2020-08-03,Michelle James,Johnson-Nichols,UnitedHealthcare,14558.19,121,Elective,2020-08-31,Ibuprofen,Inconclusive
BRYan JOnES,80,Male,O+,Diabetes,2022-02-27,Brandon Sutton,Dean-Smith,Aetna,3027.99,176,Elective,2022-02-28,Aspirin,Normal
KELLY WilLIAmS,75,Male,A+,Obesity,2024-03-04,Wendy Oliver,"Shaw Taylor, and Khan",Blue Cross,35294.68,131,Emergency,2024-03-18,Paracetamol,Inconclusive
AAROn wiLsON,49,Female,O+,Obesity,2020-01-19,Victor Dixon,Mercado-Brown,Blue Cross,18181.53,416,Emergency,2020-02-10,Aspirin,Inconclusive
SaMuEL phIlLIPs,58,Male,B+,Hypertension,2024-03-16,Rebecca Herring,Powell-Nelson,Cigna,29950.72,230,Urgent,2024-03-17,Lipitor,Inconclusive
sTEveN SuLLivAn,52,Male,A-,Diabetes,2020-06-25,Bill Clark,Nelson-Wilson,Cigna,13661.06,208,Urgent,2020-07-24,Lipitor,Abnormal
KeLly hARrIS,77,Female,O-,Hypertension,2024-04-21,Anthony Smith,Cooley-Howell,Medicare,32857.62,364,Urgent,2024-04-26,Ibuprofen,Normal
Eugene HOFfmaN,79,Male,A+,Cancer,2022-10-23,Justin Tapia,PLC Wright,UnitedHealthcare,15702.03,137,Emergency,2022-10-27,Aspirin,Normal
cHElSEa mEndozA,84,Female,AB+,Cancer,2023-06-17,Robyn Howard,Willis PLC,Blue Cross,41948.64,376,Urgent,2023-07-12,Aspirin,Inconclusive
phiLliP wALLAce,75,Male,A+,Hypertension,2019-11-10,William Taylor,"and Edwards Brown Murphy,",Cigna,35792.12,406,Elective,2019-12-09,Ibuprofen,Normal
BrETt GRIffin,74,Male,A+,Asthma,2020-07-02,David Perry,Nelson-Drake,Aetna,47540.28,230,Urgent,2020-07-05,Paracetamol,Inconclusive
aNtonIo BarneS,68,Male,AB+,Obesity,2020-08-01,Sarah Becker,Stewart-Daniel,Cigna,6664.53,202,Urgent,2020-08-09,Aspirin,Inconclusive
KIMBerly wILLIams,19,Female,A-,Asthma,2020-01-20,Jessica Washington,"Miller and Perez Wood,",Medicare,37765.35,352,Emergency,2020-01-30,Ibuprofen,Inconclusive
james BEnsON,79,Female,O+,Arthritis,2021-11-18,Jennifer Webster,Ltd Simmons,Aetna,25974.62,425,Urgent,2021-12-15,Paracetamol,Normal
FREdERick mCFARlanD,38,Male,B+,Asthma,2022-04-21,Carrie Li,"and Simmons Lopez Chavez,",Cigna,43630.8,207,Emergency,2022-05-03,Paracetamol,Inconclusive
JuSTin loNg,25,Male,AB-,Asthma,2022-08-11,Jay Moore,Ltd Carson,Aetna,6948.14,156,Elective,2022-08-12,Ibuprofen,Normal
ABIgAIL tucKeR,66,Male,B+,Cancer,2020-08-10,Christopher Avery,Perry and Sons,Blue Cross,1773.46,480,Elective,2020-08-26,Paracetamol,Normal
AMy POwErs,25,Female,B+,Hypertension,2022-02-11,Dr. Michael Patrick,Kelly LLC,Cigna,4525.2,493,Urgent,2022-02-28,Ibuprofen,Inconclusive
michAEl GonzALEz,20,Female,A-,Cancer,2019-09-01,Gregory Jenkins,Morris-Fox,Cigna,2250.83,497,Urgent,2019-09-06,Ibuprofen,Inconclusive
MIcHael wiLLIAms,38,Male,AB-,Cancer,2021-08-07,Kenneth Vargas,"Richmond, and Williams Cabrera",UnitedHealthcare,47511.51,327,Urgent,2021-08-14,Lipitor,Normal
DonnA MeleNdez,68,Female,O-,Hypertension,2021-02-24,Michelle Anderson,Ltd George,Blue Cross,19390.27,393,Elective,2021-02-26,Aspirin,Abnormal
ann FItzGErALD,43,Female,O+,Cancer,2022-11-12,Amber Schaefer,"Ramirez, Owens and Evans",Aetna,12377.4,203,Emergency,2022-11-24,Penicillin,Normal
KEiTh WILSoN,73,Male,AB+,Asthma,2020-12-25,Ryan Andersen,Sparks PLC,Blue Cross,23934.24,366,Urgent,2021-01-11,Penicillin,Normal
BRanDI cROss,65,Male,B+,Asthma,2024-04-22,Mr. Matthew Howell,"Ewing Carr Watson, and",Aetna,8896.02,484,Urgent,2024-05-04,Ibuprofen,Normal
aShLEY rOgeRs,80,Female,AB-,Arthritis,2023-08-27,Joshua Evans,Smith-Hoffman,Cigna,35513.77,165,Emergency,2023-09-25,Penicillin,Normal
SHAwN rAmIRez,40,Male,B+,Hypertension,2022-04-25,William Mcdonald,"Frey and Wise, Mendez",Medicare,41365.0,265,Elective,2022-04-29,Paracetamol,Inconclusive
johnNY jENKins,76,Female,A+,Diabetes,2021-02-10,Heather Lopez,Lyons PLC,Medicare,2776.78,137,Emergency,2021-03-04,Ibuprofen,Normal
regInA mitcHElL,81,Male,O+,Cancer,2022-12-29,Melanie Ortiz,Inc Pruitt,Aetna,33473.55,132,Elective,2023-01-04,Lipitor,Inconclusive
miCHaeL sTEVEnS,48,Male,A-,Arthritis,2023-02-03,Timothy Wood,"Hernandez Brown, and Norman",UnitedHealthcare,46947.04,160,Emergency,2023-02-08,Ibuprofen,Abnormal
MEgaN ReEsE,38,Female,O+,Obesity,2021-02-27,Bonnie Johnson,"Weeks, Carey Johnson and",Blue Cross,31013.92,317,Urgent,2021-03-16,Aspirin,Inconclusive
Kaitlyn vazquEZ,78,Male,AB-,Arthritis,2023-06-12,Heather Jensen,Stein-Smith,Medicare,32746.57,397,Elective,2023-07-05,Lipitor,Inconclusive
JaSoN ROss,44,Female,O-,Arthritis,2023-07-11,Cassandra Carroll,"Cole Dawson and King,",UnitedHealthcare,24668.5,441,Emergency,2023-07-25,Aspirin,Inconclusive
aNDRew BlaCk,48,Male,B+,Cancer,2019-08-06,Kelly Davis,Jordan-Combs,Cigna,15023.73,231,Emergency,2019-08-28,Penicillin,Normal
TErRENce RIChArd,58,Female,AB+,Hypertension,2023-08-12,Jeremy Vaughn,Jones-Buchanan,Aetna,41438.75,363,Urgent,2023-08-18,Lipitor,Inconclusive
sHarOn CHapmAn,38,Female,A-,Cancer,2020-08-02,Bradley Bryant,Miller PLC,Cigna,31446.97,357,Emergency,2020-08-19,Aspirin,Inconclusive
SHarOn gOodWiN,52,Male,A+,Arthritis,2023-07-14,Anthony Ramirez,"Jackson Parks, and Hickman",UnitedHealthcare,36047.17,263,Emergency,2023-07-20,Penicillin,Abnormal
MattHEw WAtts,67,Female,B+,Asthma,2021-08-06,Tiffany Dickerson,Sons Allison and,UnitedHealthcare,6186.13,434,Urgent,2021-08-31,Penicillin,Inconclusive
bRuCe LE,52,Female,O-,Obesity,2020-08-23,Brett Snyder,Hunter-Vincent,Cigna,39188.95,272,Urgent,2020-09-03,Aspirin,Normal
BenJaMIn bErnarD,76,Female,AB+,Cancer,2022-06-29,Alexis Garrison,"Chen, and Avery Green",UnitedHealthcare,8501.15,418,Elective,2022-07-13,Paracetamol,Abnormal
rObERT tucKer,67,Female,B-,Diabetes,2023-12-07,Rachel Miranda,Hunter LLC,UnitedHealthcare,32922.81,450,Urgent,2023-12-14,Lipitor,Inconclusive
SAraH MorRiS,41,Male,B-,Diabetes,2023-06-11,William Fisher,Cunningham-Stephens,Medicare,45005.55,155,Emergency,2023-06-13,Paracetamol,Normal
AdRiENnE oNeaL,73,Female,AB+,Asthma,2020-03-29,Dennis Gregory,Fox PLC,Blue Cross,20393.96,409,Urgent,2020-04-09,Aspirin,Normal
KeviN mArShalL,22,Male,AB+,Diabetes,2021-05-11,Matthew Medina,"Moore Morris Martinez, and",Aetna,20874.04,108,Elective,2021-05-16,Paracetamol,Inconclusive
jESsICA EVAnS,46,Male,A-,Diabetes,2021-03-21,Jennifer Lopez,Lyons-Hickman,Medicare,44524.64,196,Elective,2021-04-19,Paracetamol,Inconclusive
RobERt GrANT,30,Female,O-,Obesity,2019-05-11,Maria Spencer,"and Hall Little Moon,",UnitedHealthcare,6549.17,338,Elective,2019-06-01,Paracetamol,Abnormal
JONathan clarKE,55,Female,O+,Cancer,2023-04-17,Molly Rios,French Ltd,UnitedHealthcare,13964.15,146,Emergency,2023-05-06,Ibuprofen,Inconclusive
JAMEs bRyan,68,Female,AB+,Asthma,2020-08-05,Danielle Shields,"and Henderson Kline Barnett,",Cigna,35523.14,228,Urgent,2020-08-25,Ibuprofen,Inconclusive
juLiE HarVey,18,Female,B-,Asthma,2021-05-06,Tammy Wilson,Walton Inc,UnitedHealthcare,40391.33,387,Elective,2021-06-01,Aspirin,Abnormal
kEvIn gLaSS,73,Male,O-,Arthritis,2023-12-11,Tyler Henry,Hernandez PLC,UnitedHealthcare,35325.38,429,Elective,2023-12-31,Aspirin,Normal
luCAS CHaRLeS,69,Male,A-,Obesity,2021-05-17,Theresa Brown,Cruz-Fritz,Aetna,5402.66,455,Emergency,2021-05-18,Lipitor,Inconclusive
jImMy arNolD,67,Male,B-,Asthma,2023-04-20,Roger Brown,Lewis-Greene,Blue Cross,14571.42,116,Emergency,2023-05-07,Penicillin,Inconclusive
WIlLiaM HerRERA,37,Female,O-,Asthma,2019-08-30,Jennifer Paul,Perry-Hayes,UnitedHealthcare,46400.48,481,Emergency,2019-09-13,Penicillin,Inconclusive
BRADLEY PHaM,37,Male,AB+,Obesity,2023-06-11,Alexandra Ramos,Meyers-Hicks,UnitedHealthcare,10029.2,137,Urgent,2023-06-15,Ibuprofen,Normal
PaULA MonTOYA,45,Female,O+,Diabetes,2021-04-23,Michelle Gilbert,Nicholson-Perez,Aetna,38147.0,491,Urgent,2021-05-11,Aspirin,Abnormal
KAReN FeRGUSon,57,Male,O+,Obesity,2024-01-24,Teresa Carroll,Thompson-Jones,Blue Cross,39379.02,177,Urgent,2024-02-17,Paracetamol,Abnormal
kiMBERLY nElSOn,72,Male,B-,Arthritis,2021-11-27,Russell Miles,Shaw-Mullins,Blue Cross,367.99,142,Urgent,2021-12-08,Lipitor,Abnormal
joSePH BROOks,29,Female,O-,Cancer,2021-04-16,David Gonzalez,PLC Williams,Blue Cross,6006.06,113,Urgent,2021-04-30,Aspirin,Normal
CalEB BrANch,77,Female,B-,Asthma,2021-08-25,Nina Stephens,Bradshaw-Meadows,Aetna,7271.64,352,Elective,2021-08-26,Aspirin,Abnormal
ChRiSTopHEr tHoMas,43,Female,AB+,Hypertension,2021-05-19,Angela Richard,LLC Ferrell,Medicare,8590.19,350,Emergency,2021-05-30,Paracetamol,Normal
jEReMy bArRett,19,Female,A+,Cancer,2021-10-03,Andrew Collins,Weaver-Figueroa,Medicare,18563.45,242,Emergency,2021-10-15,Ibuprofen,Abnormal
rIChARd SANCHEz,57,Female,B+,Cancer,2022-05-27,Meghan Mccullough,Hill-Bowman,Blue Cross,40700.1,285,Urgent,2022-06-22,Penicillin,Abnormal
antHonY RAy,72,Male,O-,Asthma,2021-04-21,Antonio Mcdonald,Fuller-Gilbert,Medicare,27271.22,204,Emergency,2021-05-17,Aspirin,Abnormal
benjAmIN TAyLoR,71,Female,A+,Diabetes,2023-11-12,Anthony Robinson,"Davis Garcia, and Gay",Medicare,11242.74,389,Emergency,2023-11-13,Paracetamol,Normal
JAmIe laMB,30,Female,A-,Obesity,2023-09-30,Dawn Ward,Cole-Montgomery,UnitedHealthcare,23082.24,314,Urgent,2023-10-12,Aspirin,Inconclusive
DuStiN MCLaUghLiN,74,Female,A-,Asthma,2024-04-01,Sarah Patterson,Group Owens,UnitedHealthcare,11124.84,447,Elective,2024-04-17,Ibuprofen,Inconclusive
TEreSa GReEN,77,Male,O-,Asthma,2020-11-18,Daniel Livingston,PLC Brooks,Cigna,12721.9,364,Emergency,2020-12-11,Aspirin,Normal
cOdy maHOnEy,77,Female,B-,Obesity,2022-03-24,Randy Shea,"Massey, and Snyder Bell",Aetna,45956.23,111,Elective,2022-04-21,Penicillin,Abnormal
MOllY MenDEZ,70,Male,O+,Hypertension,2022-12-04,Kathryn Humphrey,Ltd Malone,Cigna,18646.95,304,Emergency,2022-12-12,Lipitor,Abnormal
AMy thOMaS,48,Female,A+,Arthritis,2024-01-06,John Cruz,Martinez-Potter,Medicare,5030.85,252,Urgent,2024-01-20,Ibuprofen,Inconclusive
wILlIam SMItH,56,Male,B+,Diabetes,2021-11-16,Amy Taylor,Mckenzie-Miller,Medicare,6860.89,302,Urgent,2021-12-10,Ibuprofen,Abnormal
RIcHard york,83,Male,O-,Obesity,2019-07-20,Steven Morales,Garcia-Farmer,Blue Cross,25857.54,339,Emergency,2019-08-07,Penicillin,Inconclusive
meGAN pauL,70,Female,O+,Arthritis,2020-08-31,Paula Anderson,PLC Richard,Aetna,13575.16,246,Elective,2020-09-09,Lipitor,Inconclusive
JoshuA DavIS,70,Male,O-,Obesity,2023-05-25,Lisa Horne,Jones-Johnson,Blue Cross,2168.17,287,Elective,2023-06-10,Ibuprofen,Inconclusive
saMuEl REeD,79,Male,AB+,Asthma,2022-09-21,Ashley Johnston,Stephenson-Cruz,Medicare,10581.43,334,Elective,2022-10-15,Penicillin,Abnormal
jOsHUa aNDeRson,82,Male,A+,Hypertension,2019-11-01,Patricia Cole,"Taylor and Scott Bowman,",Medicare,48687.01,453,Elective,2019-11-20,Penicillin,Abnormal
ANdREw mARSHaLl,70,Male,AB+,Arthritis,2021-04-04,Robert Garcia,Anderson-Cox,Blue Cross,24692.84,362,Emergency,2021-04-16,Penicillin,Abnormal
JoAn MILler,31,Male,A+,Hypertension,2020-04-04,Cynthia Wright,Inc Garcia,Blue Cross,40818.3,158,Elective,2020-04-05,Ibuprofen,Abnormal
krIsTiN frY,36,Female,B-,Hypertension,2021-09-17,Phillip Harris,Harper Ltd,Blue Cross,14854.85,314,Emergency,2021-09-25,Aspirin,Inconclusive
jASMine OLiVER,85,Female,A-,Arthritis,2023-01-03,Christopher Johnson,Smith-Mack,Blue Cross,28906.05,267,Emergency,2023-01-04,Aspirin,Abnormal
tRACY joHNSOn,54,Female,O+,Hypertension,2019-07-14,Lisa Gonzales,Inc Moore,Aetna,21439.12,363,Elective,2019-07-15,Lipitor,Inconclusive
DALToN dAvis,74,Female,A+,Obesity,2021-07-03,Jessica Page,"Jones, Walker Moore and",Blue Cross,37957.27,138,Elective,2021-07-24,Aspirin,Normal
jOHnnY galLEgoS,78,Female,B+,Diabetes,2022-10-31,Timothy Salazar,Greene-Garrett,Blue Cross,11702.12,462,Emergency,2022-11-25,Lipitor,Abnormal
chRiSTopHeR AGUiLAr,62,Male,O+,Diabetes,2019-12-22,Tamara Mckee,Simpson-Brown,Medicare,17243.7,145,Urgent,2020-01-12,Ibuprofen,Inconclusive
lauRen REeD,59,Female,A-,Diabetes,2022-04-04,Brittney Roberson,Fritz-Cox,Cigna,41851.42,331,Urgent,2022-04-13,Aspirin,Normal
KImBeRly CArpenTer,36,Female,B+,Obesity,2023-06-05,Robert Mack,Sanchez-Lopez,Blue Cross,26725.43,404,Elective,2023-06-25,Ibuprofen,Inconclusive
cHeRyl heRrera,75,Male,A-,Obesity,2020-04-05,Larry Boyd,"Cooper Gomez, and Simmons",Medicare,28518.43,149,Urgent,2020-04-11,Ibuprofen,Normal
marIA REEd,40,Male,B+,Obesity,2023-11-27,Michelle Jackson,Hodge-Thomas,Medicare,26816.71,353,Urgent,2023-12-03,Aspirin,Inconclusive
eRic HendeRson,74,Female,A-,Asthma,2020-03-08,Allison Stone,"and Wright, Coffey Eaton",Aetna,8920.64,212,Elective,2020-04-05,Aspirin,Abnormal
JenNiFeR grIMES,46,Female,O+,Asthma,2023-08-30,William Gillespie,Johnson-Gutierrez,Cigna,2951.28,130,Elective,2023-09-01,Ibuprofen,Normal
sAMantHA NguYeN,70,Female,AB+,Diabetes,2019-11-23,Wayne Morales,"Ward, and Clarke Ayala",Aetna,7003.64,428,Elective,2019-12-01,Aspirin,Abnormal
eLIZabETH wANg,74,Female,AB-,Diabetes,2021-07-05,David Johnson,"Little Moore, Ellis and",Cigna,32667.25,415,Emergency,2021-07-15,Paracetamol,Abnormal
jaSon yOung,63,Male,B-,Cancer,2020-06-23,Mark Mcknight,Inc Jackson,Aetna,47329.72,388,Emergency,2020-07-11,Ibuprofen,Abnormal
JoHn smiTH,45,Male,AB-,Diabetes,2022-06-03,Anthony Huff,and Sons Alexander,Aetna,33698.4,152,Elective,2022-06-09,Aspirin,Inconclusive
jILL frItZ,57,Female,A+,Arthritis,2022-04-21,Gregory Burke,Ltd Owens,Cigna,41796.27,376,Elective,2022-05-09,Ibuprofen,Normal
kaThRyn Rowe,68,Male,AB-,Cancer,2020-11-16,Jerry Walker,King-Powell,Cigna,46597.29,320,Elective,2020-11-18,Lipitor,Inconclusive
PauL rOss,85,Male,A-,Hypertension,2023-09-16,Deborah Kennedy,Small-Simmons,UnitedHealthcare,1041.72,387,Urgent,2023-10-04,Paracetamol,Normal
JessicA oRoZcO,85,Male,A-,Diabetes,2023-11-06,Daniel Rose,"Figueroa Gibson Hess, and",Blue Cross,39828.22,110,Emergency,2023-11-26,Lipitor,Normal
LAuRen DIxOn,42,Male,AB+,Hypertension,2023-12-21,Denise Richardson,Torres-Jones,Cigna,9994.75,370,Emergency,2024-01-03,Aspirin,Normal
jEnniFER naVArrO,70,Female,AB-,Arthritis,2021-01-30,Nicholas Wolf,Trujillo-Newman,Aetna,29254.05,446,Elective,2021-02-13,Paracetamol,Abnormal
VICToRIA AndERSOn,59,Male,B+,Cancer,2024-03-25,Sandra Hanson,"Taylor Hughes and Smith,",Aetna,20268.68,237,Urgent,2024-04-22,Aspirin,Normal
BLakE hayES,59,Female,B-,Hypertension,2023-06-23,Carrie Fisher,Friedman-Smith,Blue Cross,19904.84,262,Urgent,2023-06-26,Lipitor,Abnormal
josHUa wilLIamSon,72,Female,B-,Diabetes,2021-03-21,Wendy Ramos,"and Huff Reeves, Dennis",Blue Cross,-576.73,369,Urgent,2021-04-17,Aspirin,Abnormal
MARIe WILKINS,50,Female,O-,Hypertension,2021-12-10,Douglas Martinez,Lopez-Wilson,UnitedHealthcare,19564.11,135,Urgent,2022-01-05,Penicillin,Normal
TREvOr HaLL,70,Male,AB-,Hypertension,2021-01-13,Chad Johnson,Ltd Montes,Cigna,41755.66,104,Emergency,2021-02-04,Penicillin,Abnormal
tAmAra toDd,70,Female,O-,Obesity,2019-09-02,Johnny Reed,Bradford-Andrews,Cigna,23792.25,376,Emergency,2019-09-14,Aspirin,Normal
sTepHANie PAlmer,78,Male,B+,Obesity,2020-10-06,Clinton Edwards,Walker Ltd,UnitedHealthcare,50015.41,468,Elective,2020-10-07,Ibuprofen,Normal
ISaIaH RichaRdSON,68,Male,O+,Diabetes,2021-03-25,Steven Hubbard,Mcintyre-Beasley,UnitedHealthcare,22355.78,301,Emergency,2021-03-31,Aspirin,Inconclusive
PAuL WATkiNs,28,Male,O+,Diabetes,2021-01-10,Gary Kerr,Nelson and Sons,Blue Cross,40333.87,483,Emergency,2021-01-16,Penicillin,Inconclusive
allISON CrosBy,47,Female,O-,Cancer,2021-09-23,Anna Gallagher,"Williams, Lopez David and",Blue Cross,8982.43,460,Urgent,2021-09-25,Lipitor,Abnormal
maTthEW wiLliamsON,69,Male,A+,Cancer,2021-04-02,Christian Richardson,King-Fowler,UnitedHealthcare,10276.91,484,Emergency,2021-05-01,Aspirin,Normal
melIssa maYnaRD,77,Male,AB-,Diabetes,2022-01-03,Maria Parker,Herrera-Vance,Aetna,27741.5,491,Elective,2022-01-25,Lipitor,Inconclusive
TarA LI,37,Female,O+,Cancer,2023-01-18,Kurt Flowers,Pratt Inc,Aetna,25816.42,130,Emergency,2023-02-04,Aspirin,Inconclusive
KaylA CLArK,70,Female,B+,Obesity,2020-02-19,Chris Klein,Butler Group,Medicare,9218.64,402,Urgent,2020-03-02,Ibuprofen,Abnormal
CARLa GoNzaLEz,47,Male,AB-,Cancer,2021-09-21,Richard Mejia,"Jimenez, and Miller Perry",Cigna,36677.2,396,Urgent,2021-09-24,Paracetamol,Inconclusive
JeREmY neLson,74,Male,A-,Cancer,2023-06-13,Christopher Williams,Humphrey Ltd,Aetna,27052.75,294,Urgent,2023-07-08,Penicillin,Normal
anDrew JAMeS,38,Female,AB+,Obesity,2022-04-29,Ann Sheppard,"Rogers Chen Gordon, and",Blue Cross,17741.25,450,Urgent,2022-05-26,Lipitor,Abnormal
MeLISSa ROdrIGUeZ,58,Female,O-,Arthritis,2021-11-21,Sherry Cisneros,Green Sons and,Medicare,23025.62,422,Urgent,2021-11-28,Aspirin,Abnormal
jeREmiaH maRtInEz,28,Female,A+,Cancer,2020-08-14,Wendy Moreno,"and Johnson Perez, Hernandez",Cigna,43095.33,220,Elective,2020-08-30,Aspirin,Normal
Tyler brEwER,82,Male,O+,Hypertension,2023-12-16,Brian Farmer,Mosley Ltd,Cigna,29409.49,482,Emergency,2024-01-04,Aspirin,Inconclusive
CaRrie ObRIeN,75,Male,A-,Arthritis,2024-04-17,Jason Torres,"and Franklin Moore Campbell,",Blue Cross,10820.78,207,Urgent,2024-05-17,Penicillin,Normal
DeBorAH DAvis,47,Male,A+,Diabetes,2021-08-15,Joshua Schwartz,PLC Conner,Cigna,50063.82,449,Urgent,2021-09-04,Aspirin,Inconclusive
mICHellE lOpEZ,50,Male,O-,Cancer,2022-10-09,Shawn Hicks,and Sons Wright,Medicare,18164.71,174,Urgent,2022-10-18,Ibuprofen,Abnormal
kaTHRyN bOyd,20,Female,O+,Asthma,2021-01-24,Chelsea Hester,Harris-Farrell,Medicare,32166.97,292,Emergency,2021-02-14,Paracetamol,Abnormal
STaCEy HuFFmAn,78,Male,O+,Diabetes,2023-04-23,Caitlin Romero,Barrett PLC,Medicare,45722.07,479,Urgent,2023-05-03,Penicillin,Inconclusive
kaTHrYN yOuNg,79,Female,O+,Diabetes,2022-08-23,Todd Lowe,"Smith and Delacruz, Poole",Blue Cross,34828.81,384,Emergency,2022-09-18,Lipitor,Normal
bRIttnEy wEISS,54,Female,O-,Hypertension,2020-01-13,Brooke Hill,Newman-Martinez,Medicare,43457.08,249,Elective,2020-02-03,Paracetamol,Abnormal
JaMIE DOYle,65,Female,AB+,Cancer,2019-05-16,Brian Callahan,Floyd-Hayes,Cigna,50240.7,389,Elective,2019-06-07,Paracetamol,Abnormal
jESSE WeBer,45,Male,B+,Diabetes,2020-01-13,Paul Jones,"and Anderson, Berry Franklin",Cigna,21899.5,210,Urgent,2020-02-04,Aspirin,Inconclusive
ErIC taYlOR,77,Male,O+,Cancer,2022-11-17,Robert Jones,"Rice and Ochoa Parker,",UnitedHealthcare,6558.04,136,Elective,2022-11-26,Lipitor,Normal
coURtNey jONES,57,Male,A-,Arthritis,2022-03-30,Henry Cardenas,and Lopez Sons,Medicare,15197.3,281,Elective,2022-04-11,Penicillin,Abnormal
JameS HUdsOn,61,Male,O+,Obesity,2022-09-07,William Cohen,Sullivan Group,Aetna,32365.23,256,Elective,2022-09-09,Penicillin,Normal
ThOmAS Sharp,51,Female,B+,Arthritis,2022-06-15,Cheryl Gonzalez,LLC Mason,Blue Cross,50506.1,410,Emergency,2022-06-25,Penicillin,Inconclusive
WEslEy harRINgTON,53,Female,AB-,Asthma,2022-07-10,Jennifer Hartman,Bryan Inc,UnitedHealthcare,39201.82,346,Emergency,2022-08-05,Aspirin,Abnormal
wENdy LOng,20,Female,A+,Diabetes,2024-04-12,Susan Hansen,"and Ross, Crosby Caldwell",UnitedHealthcare,16521.9,254,Urgent,2024-04-20,Lipitor,Normal
DOUGlas faRleY,85,Male,AB-,Diabetes,2022-01-24,Dennis Torres,LLC Baker,Aetna,45206.78,320,Urgent,2022-02-13,Penicillin,Normal
dana haRdY,51,Male,A-,Hypertension,2019-07-10,Pamela Hayes,Gonzalez Sons and,Aetna,50463.98,191,Emergency,2019-08-03,Penicillin,Inconclusive
mArGARET KLeIn,83,Female,A+,Hypertension,2023-04-09,Antonio Torres,Fritz-Evans,Cigna,47405.77,267,Emergency,2023-05-06,Ibuprofen,Normal
kRISteN anDERsOn,23,Female,B+,Asthma,2023-04-20,James Parker,and May Sons,Cigna,2207.03,234,Elective,2023-05-19,Lipitor,Inconclusive
JULIa edWaRdS,57,Male,B-,Asthma,2020-12-01,Chad Newman,Dawson-Williams,Aetna,4808.31,233,Emergency,2020-12-28,Ibuprofen,Normal
KEViN pOwEll,51,Female,O+,Arthritis,2022-08-13,Raven Lewis,"Bishop, Wright and Wright",Cigna,47173.49,468,Urgent,2022-09-02,Aspirin,Abnormal
CHArlEs GOnZALEz,42,Female,O+,Asthma,2024-04-06,Olivia Hill,Reed-Guzman,Cigna,43317.62,408,Elective,2024-04-24,Aspirin,Normal
meGan bASS,24,Male,AB+,Arthritis,2019-06-17,Phillip Huff,Patrick-White,UnitedHealthcare,42201.9,213,Urgent,2019-06-19,Paracetamol,Abnormal
DR. cHristinE PatEL,27,Female,O-,Arthritis,2020-03-04,David Lynch,"Chavez Kennedy, and Hensley",Medicare,45269.41,181,Emergency,2020-03-31,Ibuprofen,Normal
ricArdO MiLLeR,59,Male,O+,Cancer,2021-05-23,Gregory Martin MD,Ltd Vaughn,Aetna,7101.97,108,Urgent,2021-06-09,Ibuprofen,Normal
DEnNis MelEnDEZ,63,Male,O+,Diabetes,2020-12-03,Kristen Woods,Hill-Rogers,Aetna,6395.25,204,Emergency,2020-12-12,Lipitor,Normal
KeLLY rIoS,65,Male,O-,Cancer,2021-02-07,Karl Bennett,"Green, Silva Singleton and",Medicare,27143.39,287,Elective,2021-02-22,Penicillin,Inconclusive
KERrI CalDWeLl,50,Male,O-,Cancer,2021-07-11,Michael Burns,PLC Dorsey,Aetna,15013.78,210,Elective,2021-07-26,Lipitor,Abnormal
DANa pOttEr,49,Female,B+,Hypertension,2022-06-14,Samuel Navarro,Jones Ltd,Cigna,9955.32,137,Urgent,2022-06-19,Paracetamol,Normal
PAuL HARRIs,51,Male,AB+,Obesity,2021-02-07,Steven Mack,Group Brown,Aetna,10871.62,231,Elective,2021-02-23,Paracetamol,Abnormal
BRIan WILsoN,62,Male,A-,Arthritis,2019-07-28,Gary Yang,Martinez-Gonzalez,UnitedHealthcare,20944.95,429,Elective,2019-08-21,Lipitor,Normal
CLAUdia gaRCIa,33,Female,B+,Obesity,2020-05-24,Travis Garcia,"Acosta Weeks Yates, and",Medicare,5036.83,296,Emergency,2020-05-26,Ibuprofen,Normal
tIMotHy SanCHEZ,27,Female,A-,Asthma,2020-03-28,Mrs. Olivia Wood DVM,"Cobb Rubio, Williamson and",Aetna,47087.83,310,Elective,2020-04-25,Ibuprofen,Inconclusive
SHARoN jeNkIns DVM,34,Male,AB+,Diabetes,2021-11-08,Jeremy Baker,Black LLC,Blue Cross,8852.59,406,Elective,2021-11-09,Penicillin,Inconclusive
kiMberlY COntreraS,50,Female,B+,Obesity,2021-01-16,Glenda Delgado,Clayton LLC,UnitedHealthcare,10283.18,386,Urgent,2021-01-27,Ibuprofen,Normal
LEaH mErCER,26,Female,B-,Diabetes,2021-07-13,Margaret Peterson,"and Fleming, Brown Short",Medicare,37500.87,452,Urgent,2021-07-16,Penicillin,Inconclusive
jAMIE DUraN,47,Male,O-,Asthma,2021-05-30,Richard Rodriguez,Sons and Dominguez,Blue Cross,18465.92,381,Emergency,2021-06-23,Penicillin,Normal
DenIse mCgUIRE,40,Female,AB-,Arthritis,2023-02-14,Thomas Hamilton,Monroe-Morris,UnitedHealthcare,37657.55,442,Urgent,2023-02-23,Ibuprofen,Inconclusive
KEVin kIm,84,Male,A+,Cancer,2020-01-23,Mackenzie Hammond,"Brown, Stevens Tran and",Medicare,39156.12,146,Elective,2020-02-21,Aspirin,Inconclusive
jUlIe wHITE,72,Female,O-,Asthma,2023-09-23,Miranda Fry,Gibson Ltd,Cigna,40460.0,455,Urgent,2023-09-26,Ibuprofen,Normal
ANTHoNY hOusE,18,Female,O+,Hypertension,2020-09-02,Michael Brown,Miller-Robinson,Aetna,46334.88,338,Elective,2020-09-16,Paracetamol,Normal
mArY FloRes,18,Female,A-,Obesity,2023-08-14,Diana Willis,"Ferguson and Benton, Moore",Medicare,19359.61,150,Urgent,2023-09-11,Ibuprofen,Abnormal
MIcHaeL rObiNSON,40,Female,O+,Arthritis,2021-09-23,James Crawford,PLC Brooks,Blue Cross,5621.47,129,Emergency,2021-09-30,Ibuprofen,Normal
OScAR browN,62,Female,AB-,Hypertension,2020-06-11,Heidi Estrada,"Brown Cochran and Murphy,",Medicare,20619.89,281,Emergency,2020-07-06,Aspirin,Abnormal
mIChael jEnSen,33,Male,A+,Diabetes,2020-06-26,Eric Colon,Rangel-Barton,UnitedHealthcare,48607.42,118,Elective,2020-07-17,Penicillin,Inconclusive
eRICA ANDErsoN,80,Male,AB-,Cancer,2021-05-14,Wendy Flores,"Andrade, Johnson Watts and",Medicare,18153.82,391,Emergency,2021-05-22,Ibuprofen,Inconclusive
Ryan HoFFman,76,Male,O+,Arthritis,2020-05-27,Danielle Lee,"Reynolds and Ward, Wise",UnitedHealthcare,26862.52,212,Urgent,2020-06-01,Ibuprofen,Inconclusive
sHaNnon GAY,53,Female,O-,Asthma,2022-01-11,Lucas Lewis,Clark-Stewart,Cigna,29864.24,493,Urgent,2022-01-14,Aspirin,Normal
ANDrEW morgan,37,Female,B+,Asthma,2022-11-12,Anna Chapman,Smith-Prince,UnitedHealthcare,33211.68,392,Urgent,2022-11-21,Penicillin,Normal
mIcHAEL RicE,80,Female,A-,Diabetes,2023-10-23,Gabriel Booker,Inc Navarro,Aetna,26760.94,309,Urgent,2023-11-15,Paracetamol,Normal
cHaRLes Knapp,56,Male,A+,Asthma,2020-03-25,Andrew Whitehead,Mcclure-Sparks,Medicare,7334.59,267,Elective,2020-04-05,Aspirin,Abnormal
amaNdA SWaNsoN,43,Male,AB+,Hypertension,2023-08-24,Suzanne Butler,Reyes-Gutierrez,UnitedHealthcare,23483.59,146,Elective,2023-09-13,Paracetamol,Normal
barbarA KhaN,41,Male,O+,Hypertension,2020-10-06,Julie Henderson,"Stevens, Hudson and Simmons",Medicare,12502.75,197,Emergency,2020-10-12,Penicillin,Abnormal
MIchAEl WIlsOn,55,Male,O+,Asthma,2022-05-12,Linda Rogers,Fowler Ltd,Cigna,7602.57,244,Urgent,2022-05-15,Aspirin,Abnormal
ELIzabEth morAn,37,Male,A+,Asthma,2022-12-15,Jeffrey Chandler,"Powers Wyatt and Underwood,",Medicare,40831.05,297,Urgent,2023-01-13,Penicillin,Inconclusive
JEFFErY IbARrA,61,Female,B-,Hypertension,2022-04-02,Melissa Shields,and Lawson Sons,Aetna,25447.58,248,Emergency,2022-04-09,Penicillin,Inconclusive
AlYSSA meNDoZA,49,Female,AB+,Hypertension,2021-06-13,Renee Wilson,"and Huang, Alvarez Gray",Cigna,16666.1,447,Urgent,2021-07-11,Ibuprofen,Normal
niCOle jAcKSoN,58,Male,A-,Cancer,2020-06-03,Joshua Gill,LLC Miller,Blue Cross,20402.05,414,Elective,2020-06-05,Lipitor,Inconclusive
DAvId NELsoN,20,Male,O+,Hypertension,2021-02-09,Stephanie Smith,Brown-Zimmerman,Blue Cross,30140.93,314,Urgent,2021-03-06,Paracetamol,Normal
howaRd tAyLOR,59,Female,O-,Hypertension,2021-03-11,Patricia Munoz,Thomas-Schneider,Medicare,8267.94,390,Elective,2021-03-14,Paracetamol,Abnormal
MR. BRANdon beRnARd,18,Male,B-,Asthma,2020-02-24,Amanda Richardson,Hayden-Day,Medicare,12204.23,260,Elective,2020-03-03,Paracetamol,Abnormal
pAtRICk WhItE,84,Female,A-,Obesity,2020-07-03,Samantha Baker,"Perkins and Gomez Collins,",Cigna,5228.63,342,Elective,2020-07-27,Paracetamol,Inconclusive
MadiSON Lee,53,Female,AB-,Cancer,2019-11-12,Jeffrey Nguyen,Sons and Drake,UnitedHealthcare,43886.6,431,Urgent,2019-12-04,Paracetamol,Inconclusive
roBin lOPEZ,22,Male,O+,Asthma,2020-07-31,Mary Gordon,"and Lopez Dean, Rowland",Medicare,17869.43,332,Urgent,2020-08-14,Ibuprofen,Abnormal
maRcUs kINg,54,Male,A-,Diabetes,2023-09-01,Brian Nelson,Hays Inc,Medicare,2748.55,286,Urgent,2023-09-20,Lipitor,Abnormal
bIll cuNningHam,79,Female,AB+,Cancer,2022-10-14,Erica Mckay,Bridges-Anthony,Aetna,3028.83,157,Emergency,2022-10-28,Penicillin,Normal
jaSOn GoNZalEs,63,Male,A+,Arthritis,2019-11-02,Jessica Cox,Sons Wood and,Blue Cross,16762.41,114,Emergency,2019-11-08,Lipitor,Normal
THoMAs DAvIs,70,Female,B-,Diabetes,2022-07-17,Philip Rhodes,"Carter Lowe Benitez, and",Aetna,15689.9,429,Emergency,2022-07-28,Aspirin,Normal
aprIl DEAN,27,Female,AB+,Obesity,2021-08-03,Kenneth Jackson,"Floyd, and Johnson Miller",Aetna,22579.84,169,Urgent,2021-08-27,Penicillin,Abnormal
davID BaRnett,81,Female,O+,Asthma,2021-09-19,Deanna Kim,"Willis Stewart, and Warner",Medicare,7701.04,438,Emergency,2021-10-07,Penicillin,Normal
RhONDA GRiffIn,58,Female,A+,Obesity,2023-06-04,David Hardin,Haas Ltd,Blue Cross,3163.79,438,Elective,2023-06-05,Lipitor,Inconclusive
rACHEL LEwiS,80,Female,O+,Hypertension,2022-01-28,Adrian Swanson,"and Gonzalez Smith, Arnold",Cigna,38026.85,455,Elective,2022-02-21,Penicillin,Abnormal
mICHaeL arnoLD,69,Female,AB-,Obesity,2020-05-10,Cole Young,Bennett-Wheeler,Medicare,44878.64,292,Emergency,2020-06-05,Ibuprofen,Inconclusive
AnDRew ngUyeN,61,Female,AB+,Cancer,2020-02-27,Jennifer Sims,Cox-Johnson,Medicare,42665.27,122,Elective,2020-03-05,Ibuprofen,Inconclusive
JUliE WIlLiAMs,30,Male,A-,Asthma,2022-04-18,April Noble,Bruce-Preston,Cigna,29270.44,230,Elective,2022-05-12,Aspirin,Abnormal
rObert weST,71,Female,O-,Diabetes,2021-04-17,Jeffrey Caldwell,Walton-Thomas,Blue Cross,18259.58,404,Urgent,2021-05-13,Penicillin,Inconclusive
Ryan gIlL,28,Male,B+,Diabetes,2020-03-29,Andrew Moore,Bishop Ltd,Aetna,4009.19,136,Elective,2020-04-03,Aspirin,Abnormal
DAvId sMiTh,40,Female,B+,Obesity,2022-10-08,Michael Garcia,Moore-Walker,Blue Cross,22741.66,180,Urgent,2022-10-25,Ibuprofen,Abnormal
TyleR austin,57,Female,AB+,Arthritis,2019-10-10,Allison Mullen,"Davis Petersen, and Colon",Cigna,30281.64,161,Emergency,2019-11-01,Aspirin,Abnormal
dougLAS RIVAs,72,Male,B-,Cancer,2021-12-28,Rachel Underwood,Pace-Peterson,Medicare,1475.96,177,Elective,2022-01-23,Lipitor,Normal
juliA LLoyD,63,Male,AB+,Obesity,2022-01-07,Tony Casey,"Beck, Malone Braun and",Cigna,7812.26,147,Elective,2022-01-12,Aspirin,Normal
mArY WatKins,32,Female,A-,Asthma,2021-02-08,Sean Avila,Boyle PLC,Blue Cross,38896.4,121,Elective,2021-02-19,Penicillin,Abnormal
lucAS jonES,61,Female,O-,Hypertension,2021-12-30,Erin Thomas,and Tate Sons,UnitedHealthcare,27764.23,172,Urgent,2022-01-20,Aspirin,Inconclusive
JoShUA ROdriguez,42,Male,O+,Asthma,2021-02-17,Sarah Porter,"Alexander Simmons and Martinez,",Blue Cross,14648.17,188,Emergency,2021-03-10,Penicillin,Inconclusive
EDwArd rEed,72,Female,AB-,Asthma,2022-06-25,Luis Pierce,Johnson PLC,Cigna,20216.37,209,Emergency,2022-07-02,Penicillin,Inconclusive
liNdSay eLLiott,32,Female,B-,Asthma,2019-11-11,Jessica Williams,"Byrd Moore, and Norton",Aetna,33762.13,151,Emergency,2019-11-14,Penicillin,Inconclusive
branDI sUlLIvAn,26,Male,O+,Asthma,2019-10-27,Vanessa Smith,Padilla Sons and,Blue Cross,20831.03,452,Urgent,2019-11-07,Aspirin,Abnormal
sUsaN COleMAN,83,Female,O+,Arthritis,2021-01-09,Lisa Williams,"and Lane Jones, Hill",UnitedHealthcare,27927.09,422,Emergency,2021-01-11,Ibuprofen,Normal
KElly JoHnSoN,27,Female,O+,Asthma,2021-11-17,Anthony Brown,Carlson-Delacruz,Blue Cross,46267.99,183,Urgent,2021-12-14,Paracetamol,Inconclusive
viCTORIA fOrD,22,Male,AB+,Diabetes,2024-03-11,Ronald Dawson,Joseph Inc,UnitedHealthcare,13294.12,110,Elective,2024-03-23,Aspirin,Normal
mAria balLarD,84,Female,AB-,Diabetes,2019-11-01,Rose Sanders,and Martin Sons,Medicare,23876.42,202,Emergency,2019-11-27,Lipitor,Abnormal
BenjAmin CHaNDler,77,Male,AB+,Cancer,2022-11-04,Kristine Buchanan,Ramirez Inc,UnitedHealthcare,43873.39,119,Elective,2022-11-28,Lipitor,Abnormal
AndreA moODY,84,Male,AB-,Asthma,2023-06-18,Michelle Lam,"Williams and Nunez Mccullough,",Blue Cross,46533.54,490,Urgent,2023-06-28,Paracetamol,Inconclusive
mICHeLE sMiTh,64,Male,O-,Hypertension,2020-01-07,Kayla Acosta,"and Orozco Henry Harris,",Cigna,29549.52,366,Urgent,2020-01-30,Ibuprofen,Normal
ClintON BauEr,42,Male,B+,Arthritis,2023-06-30,Wayne Robbins,Ruiz-Schroeder,Blue Cross,39115.31,172,Emergency,2023-07-05,Paracetamol,Normal
merEdith ROSS,54,Female,AB-,Obesity,2021-03-23,Jessica Kelly,Williams PLC,Medicare,45884.32,307,Urgent,2021-04-22,Aspirin,Normal
steVen AlLEn,47,Male,B+,Hypertension,2020-10-09,Catherine Dunn,"and Wilson Swanson, Griffin",Cigna,6157.97,126,Urgent,2020-11-03,Aspirin,Abnormal
andREW TRan,59,Female,O-,Arthritis,2021-06-10,Lucas Rodriguez,"and Ryan, Browning Vargas",Aetna,11299.56,234,Emergency,2021-06-18,Aspirin,Normal
CHaRLES oLSEN,54,Female,AB-,Obesity,2021-01-16,Jessica Snyder,Hensley-Ward,Medicare,25629.33,264,Urgent,2021-02-03,Paracetamol,Abnormal
ANdRew gONZALEz,33,Female,B+,Obesity,2022-01-22,Kimberly Rogers,Carlson-Perry,Cigna,15870.73,378,Emergency,2022-02-14,Ibuprofen,Abnormal
nICoLE caRPeNter,43,Female,B-,Arthritis,2024-01-31,Elizabeth James,Sanchez Group,Medicare,2431.84,278,Emergency,2024-02-04,Ibuprofen,Abnormal
GeOrgE lArSen,72,Female,A-,Hypertension,2020-10-03,Juan Kelley,"Wilson and Thomas, Anderson",Cigna,10023.49,361,Elective,2020-10-13,Ibuprofen,Abnormal
COLleeN hArRIs,41,Male,O-,Hypertension,2021-10-04,Morgan Douglas,and Robinson Sons,Cigna,14028.62,112,Elective,2021-10-28,Aspirin,Abnormal
stevEn beck,72,Male,B-,Obesity,2022-06-15,Erica Fields,Adams-Bass,Medicare,27850.55,436,Urgent,2022-06-22,Aspirin,Abnormal
AnDrew smith,48,Male,A+,Cancer,2021-12-14,Robert Griffin,"Wright and Hart Brown,",Aetna,41044.13,203,Elective,2022-01-10,Paracetamol,Inconclusive
jOSepH WaNg,32,Female,O+,Asthma,2020-01-13,Jennifer Davis,Ltd Jackson,Blue Cross,41929.22,174,Elective,2020-01-27,Aspirin,Abnormal
mOniCA sIlvA,63,Female,AB-,Obesity,2020-12-04,Lisa Jones,"Hall Sullivan and Hernandez,",Blue Cross,8547.57,276,Elective,2020-12-06,Penicillin,Abnormal
cARriE PetersON,75,Female,B-,Hypertension,2022-04-29,Eric Bean,Camacho PLC,Blue Cross,45116.79,179,Urgent,2022-05-04,Ibuprofen,Abnormal
LEoN smitH,43,Male,A+,Diabetes,2024-03-01,Janice Smith,"Duran Navarro Torres, and",UnitedHealthcare,36045.06,263,Elective,2024-03-15,Penicillin,Normal
rICHArd JuaRez,64,Female,AB-,Hypertension,2020-08-10,Robert Ray,Inc Miller,Blue Cross,22120.41,181,Emergency,2020-08-31,Paracetamol,Normal
nATaLie vElEz,57,Male,A+,Diabetes,2020-09-24,Brian Pennington,Morris-Taylor,Medicare,9629.32,457,Urgent,2020-10-20,Lipitor,Normal
bRendA Rogers,55,Female,B+,Asthma,2023-06-07,Cody Hernandez,Ross-Coleman,UnitedHealthcare,11908.08,180,Emergency,2023-06-24,Lipitor,Abnormal
MAriA rAMiReZ,42,Male,AB-,Hypertension,2022-08-30,Ashley Lynch,"Moses Nunez, Gray and",UnitedHealthcare,27538.84,314,Elective,2022-09-20,Ibuprofen,Inconclusive
KELlY CLAY,62,Female,AB-,Hypertension,2019-12-10,James Ryan,Cohen LLC,Medicare,23061.2,311,Elective,2019-12-16,Aspirin,Inconclusive
mIchELlE veGA,43,Male,A-,Arthritis,2020-05-20,Dr. Thomas Chan Jr.,"Webb Daniel, Turner and",Medicare,13564.72,282,Elective,2020-06-15,Ibuprofen,Inconclusive
MISTY taTe,40,Male,A+,Cancer,2021-07-04,John Rivera,"Hawkins Davidson Oliver, and",Aetna,43396.85,231,Urgent,2021-07-25,Lipitor,Inconclusive
WilLIAM FErReLL,34,Female,A-,Asthma,2020-06-04,Jose Page,"and Foley, Jones Harris",UnitedHealthcare,29500.47,299,Emergency,2020-06-08,Ibuprofen,Normal
DOnNa turner,32,Female,AB-,Arthritis,2021-07-20,Amber Thomas,"Berger Sanford and Dennis,",Medicare,20833.17,162,Elective,2021-08-03,Lipitor,Inconclusive
GArrEtt staNLEy,29,Female,AB-,Diabetes,2021-10-08,Kenneth Sweeney,Martin Inc,Blue Cross,28324.9,333,Emergency,2021-10-22,Ibuprofen,Inconclusive
RobErt CameRon,19,Male,AB-,Arthritis,2023-06-15,Toni Gonzalez,Fitzgerald and Sons,Blue Cross,40236.82,206,Elective,2023-06-23,Ibuprofen,Abnormal
eMIly BrOWn,61,Female,B-,Diabetes,2022-04-24,Sarah Chan,Ltd Fisher,Medicare,38749.43,421,Urgent,2022-05-23,Lipitor,Abnormal
sUSan YOuNG,49,Male,B-,Arthritis,2023-01-12,Lindsay Castaneda,"Jackson Robinson and Walsh,",Blue Cross,29249.67,132,Elective,2023-02-06,Aspirin,Inconclusive
WIlLIAm BrewER,80,Male,B+,Obesity,2022-09-07,Brittany Diaz,"Hunter and White, Campos",Aetna,44882.52,116,Urgent,2022-09-23,Penicillin,Inconclusive
daVId bEcKeR,24,Male,O-,Arthritis,2024-04-17,Connie Larsen,"Smith, Sanchez Zuniga and",Cigna,38265.07,260,Emergency,2024-05-17,Penicillin,Abnormal
MATTHEw sMITh,81,Female,AB-,Hypertension,2022-06-25,Lee Colon,Martinez-Sellers,Aetna,43550.08,212,Emergency,2022-06-30,Aspirin,Inconclusive
RICHArd MoORe,66,Female,B+,Hypertension,2021-11-17,Dr. Jacob Aguilar,Blevins Group,Aetna,47649.7,304,Emergency,2021-12-09,Penicillin,Abnormal
robert HAhn,78,Female,AB+,Diabetes,2024-01-13,Charles Oconnell,"Kim Hodge Hansen, and",Medicare,27101.87,102,Elective,2024-01-26,Lipitor,Abnormal
chRIsToPHeR CLArK,27,Male,O-,Asthma,2022-06-18,James Thomas,"Wu, Carey Sexton and",Medicare,20593.46,490,Urgent,2022-07-16,Lipitor,Normal
KIM RoGERs,42,Male,O-,Cancer,2023-05-02,Carla Davis,Conner-Hayes,UnitedHealthcare,49188.65,381,Emergency,2023-05-09,Lipitor,Abnormal
DeAnNA fitzgERaLD,52,Female,AB+,Obesity,2020-02-13,Leslie Hernandez,"Wright, Friedman and Franklin",UnitedHealthcare,41022.4,253,Emergency,2020-03-13,Aspirin,Abnormal
CHRiStInA MooRE,55,Female,AB-,Arthritis,2019-07-26,William Howe,Schultz-Sloan,Cigna,35542.6,500,Elective,2019-08-21,Paracetamol,Normal
AlLeN sAnDerS,38,Female,A-,Arthritis,2020-12-04,Daniel Davenport,Mejia-Beard,Medicare,30043.79,431,Emergency,2020-12-10,Lipitor,Normal
reNEe MYers,32,Female,B+,Diabetes,2019-10-05,Michael Taylor,"Long, and Richards Nelson",Aetna,43090.66,172,Emergency,2019-10-17,Aspirin,Inconclusive
sYDney PRice,37,Male,AB+,Asthma,2019-09-05,Arthur White,Zimmerman-Smith,Blue Cross,18773.29,355,Elective,2019-09-16,Aspirin,Abnormal
JOhn moOre,48,Female,AB+,Diabetes,2024-02-06,Bryan Goodman,Miller LLC,Blue Cross,43726.58,150,Urgent,2024-02-27,Paracetamol,Abnormal
kaTELYn ARMSTrONg,79,Male,AB+,Diabetes,2022-08-09,Michael Schultz,Ali PLC,Blue Cross,28903.44,306,Urgent,2022-09-07,Penicillin,Inconclusive
KrISTin MARTiNEZ,76,Female,AB-,Obesity,2019-09-29,Anna Moody,"and Blackburn Huff, Rios",Aetna,38860.56,474,Emergency,2019-10-14,Penicillin,Normal
EdWArD MItchELL,78,Male,B+,Arthritis,2020-04-13,Charles Webb,"Roberts Hale and Wilson,",Aetna,22072.37,229,Emergency,2020-05-02,Penicillin,Inconclusive
StepHAniE gArrEtt,61,Female,B-,Arthritis,2024-02-29,Christopher Lynn,Inc Harper,Aetna,18853.15,440,Emergency,2024-03-16,Penicillin,Abnormal
nICOLe gaY,22,Female,O-,Arthritis,2021-01-09,Diane Cobb,George-Smith,Cigna,23532.24,346,Emergency,2021-02-06,Penicillin,Normal
COURtNeY EDWaRds,68,Male,B+,Asthma,2022-10-27,Kimberly Woodward,Cooper-Bishop,Blue Cross,14070.32,249,Elective,2022-11-21,Lipitor,Abnormal
PHillIP aLvarEZ,65,Female,A-,Hypertension,2021-05-16,Crystal Williams,Daugherty Group,UnitedHealthcare,6020.55,168,Elective,2021-05-20,Paracetamol,Inconclusive
Mr. BRenT nGuYeN,58,Male,A-,Obesity,2021-07-30,John Williams,Ltd Stephens,UnitedHealthcare,5160.38,373,Elective,2021-08-10,Paracetamol,Normal
BaRBaRA WebB,36,Male,O+,Diabetes,2024-01-23,Lisa Moreno PhD,Sanchez-Lewis,Aetna,23882.14,257,Emergency,2024-02-09,Penicillin,Normal
eLIzABeTh HILl,77,Male,O+,Cancer,2022-02-14,Steven Nicholson,Haney-Nielsen,Medicare,6297.69,304,Elective,2022-02-18,Aspirin,Normal
mAUrICe CArPentEr,73,Female,B-,Diabetes,2020-09-20,Jonathan Morris,Sims-Crawford,Blue Cross,12874.82,174,Emergency,2020-09-24,Lipitor,Normal
carOlYn roBbInS,71,Male,O-,Arthritis,2023-05-09,Crystal Carrillo,Mccormick-Rodriguez,Blue Cross,40306.68,390,Urgent,2023-05-11,Aspirin,Normal
amANda BEcK,23,Female,O+,Cancer,2020-08-29,Cindy Gibson,Group Thornton,Blue Cross,28070.47,390,Emergency,2020-09-13,Lipitor,Inconclusive
aarOn tReviNo,31,Male,O-,Arthritis,2019-09-29,Rita Rivera,Hill Group,UnitedHealthcare,6624.36,354,Emergency,2019-10-24,Lipitor,Inconclusive
JaMES gOod,50,Male,B+,Cancer,2023-03-24,Maxwell Andrews,Nguyen-Johnson,UnitedHealthcare,2626.52,458,Elective,2023-04-03,Penicillin,Normal
brEnt nElson,55,Male,AB-,Hypertension,2023-10-22,Lisa Foster,"Foster and Sharp, Silva",Cigna,20218.57,482,Emergency,2023-10-30,Aspirin,Abnormal
DOrOthy dOYLe,75,Female,A+,Asthma,2022-11-28,Bryan Ross,Group Bradley,Blue Cross,24500.13,121,Elective,2022-12-24,Lipitor,Inconclusive
lYnN moore,64,Male,AB+,Asthma,2023-08-29,John King,Mcmillan-Black,Medicare,33152.35,361,Emergency,2023-09-11,Aspirin,Inconclusive
PaTrICK cANnon,38,Male,B+,Cancer,2019-06-24,Patrick Gibson,Adkins Inc,UnitedHealthcare,45899.81,205,Elective,2019-07-24,Penicillin,Inconclusive
pAUla BrYan,46,Female,O-,Arthritis,2022-06-29,Nancy Martinez,"White and Gutierrez Castillo,",Aetna,46361.96,456,Urgent,2022-07-06,Penicillin,Normal
BRITTaNy watSoN,70,Male,O+,Hypertension,2019-10-06,Ebony Mayer,"Byrd, White Garcia and",Cigna,27679.35,230,Urgent,2019-10-15,Ibuprofen,Normal
MiCHaeL aNdERsoN,57,Female,AB-,Arthritis,2019-08-31,Shari Miller,Carter Group,Cigna,24838.28,169,Emergency,2019-09-09,Ibuprofen,Normal
chARLes WhItAker,55,Male,O-,Obesity,2021-07-06,Tracy Miller,Cervantes-Cooper,Blue Cross,44045.05,136,Urgent,2021-08-05,Lipitor,Abnormal
CINdY dAViS,32,Female,O-,Hypertension,2023-11-08,Thomas Jackson,Rodriguez-Baker,Cigna,7913.64,255,Elective,2023-12-04,Lipitor,Normal
jAmiE GARcIa,26,Male,A+,Cancer,2024-03-06,Ryan Callahan,"Jackson, Byrd Wilkerson and",UnitedHealthcare,43281.6,253,Elective,2024-03-14,Aspirin,Inconclusive
MeGaN MARtin,29,Male,B+,Cancer,2019-08-10,Bradley Henderson,Smith Group,Cigna,18548.76,297,Urgent,2019-09-04,Penicillin,Abnormal
SaRA NElSON,53,Male,A+,Asthma,2022-10-24,Teresa Bryant MD,"Young Downs, Russell and",Medicare,9301.51,222,Elective,2022-11-11,Penicillin,Inconclusive
catHy SchMiTt,81,Male,O+,Cancer,2023-06-23,Bryan Simmons,West-Thompson,Medicare,43315.68,488,Urgent,2023-07-03,Aspirin,Abnormal
janICe bRiggS,71,Female,O-,Arthritis,2019-09-20,Mason Santana,Nelson-Cooke,Blue Cross,48327.05,216,Urgent,2019-10-14,Paracetamol,Normal
MR. jAmES BLAnChARd,80,Female,AB+,Arthritis,2023-02-01,Sarah Martin,Miller-Garza,Medicare,49926.71,189,Urgent,2023-02-24,Paracetamol,Inconclusive
miCHellE CALlAHan,78,Male,B+,Hypertension,2022-01-26,Amanda Fletcher,Williams-Tucker,UnitedHealthcare,34697.35,391,Elective,2022-02-11,Lipitor,Normal
Sara PatTErSON,34,Male,A-,Asthma,2020-02-15,Stephen Sweeney,"Patrick Huffman, and Lowery",Blue Cross,2190.56,367,Urgent,2020-02-17,Lipitor,Normal
ROse LEWiS,47,Male,AB+,Hypertension,2024-01-14,Kent Randolph,"and Schmidt Black, Wells",Medicare,24617.97,485,Elective,2024-02-08,Paracetamol,Normal
amY kirK,32,Female,AB+,Cancer,2023-03-06,William Ryan,"Eaton Gentry Henry, and",Medicare,32385.77,152,Emergency,2023-03-30,Paracetamol,Normal
dr. LEAh gIbSON DDS,25,Female,A+,Obesity,2021-02-08,Joshua Murphy,Schaefer and Sons,UnitedHealthcare,13063.77,354,Emergency,2021-03-07,Aspirin,Inconclusive
jonaThan haMILtoN,85,Female,O+,Hypertension,2022-06-03,Alan Little,"Rodriguez, Campbell and Moore",Blue Cross,7340.62,284,Urgent,2022-06-27,Penicillin,Normal
RIchaRD sUlLIvaN,56,Male,AB-,Arthritis,2020-10-31,Jean Newman,Inc Washington,Cigna,3397.89,363,Emergency,2020-11-01,Ibuprofen,Normal
leon wAlTEr,79,Female,O-,Diabetes,2019-05-17,Toni Frazier,Lara-Paul,Medicare,12020.72,425,Elective,2019-06-01,Lipitor,Inconclusive
JoHN McbridE,60,Male,AB-,Arthritis,2020-06-13,Lori Kelley,Mcintosh-Neal,Medicare,16810.28,115,Urgent,2020-07-04,Aspirin,Abnormal
kaTHeRiNe anDErSON,64,Male,O+,Obesity,2019-11-28,Beth Moore,Robinson Inc,Blue Cross,17820.25,163,Emergency,2019-12-22,Paracetamol,Abnormal
chARlES OlseN,50,Male,O-,Asthma,2019-06-13,Travis Chavez,and Evans Sons,Aetna,17769.64,189,Elective,2019-06-14,Penicillin,Normal
cody WatsOn,30,Male,O+,Asthma,2024-02-16,David Swanson,Moses LLC,Medicare,15500.84,468,Elective,2024-02-24,Aspirin,Normal
HoLly DUNn,45,Male,O+,Obesity,2022-10-31,Carmen Johnson,PLC Glass,Aetna,19667.0,395,Elective,2022-11-29,Penicillin,Inconclusive
dana SCOTT,22,Female,B-,Arthritis,2019-12-31,Sean Scott,Ochoa-Edwards,Medicare,9585.07,424,Emergency,2020-01-21,Ibuprofen,Normal
brYAN kelLY,40,Female,B-,Hypertension,2023-11-21,Eric Crawford,"and Patel Russo Foster,",Medicare,45918.41,203,Elective,2023-12-19,Ibuprofen,Normal
SheRRY QuiNn,52,Female,O+,Diabetes,2024-02-14,Susan Anderson,Ltd Jones,Aetna,13907.32,153,Elective,2024-03-11,Ibuprofen,Normal
sHArOn hERRerA,18,Female,O-,Asthma,2023-03-21,Michael Kelley,Williams-Smith,UnitedHealthcare,36063.78,211,Elective,2023-04-07,Penicillin,Normal
PAtriCK coX,30,Female,B-,Asthma,2022-04-30,Jamie Reed,Smith-Fields,Cigna,4875.1,402,Emergency,2022-05-08,Paracetamol,Abnormal
joshua houSE,71,Female,AB-,Hypertension,2022-05-27,Nancy Briggs,Inc Kramer,UnitedHealthcare,28536.87,450,Urgent,2022-06-26,Aspirin,Abnormal
dALE petErsOn,81,Male,O-,Arthritis,2023-02-04,Angela Armstrong,Rodriguez Sons and,Aetna,33756.61,449,Emergency,2023-02-18,Ibuprofen,Abnormal
MATThEw ScOTt,81,Male,B-,Hypertension,2020-05-15,Stanley Berry,Cowan LLC,Blue Cross,28935.13,225,Elective,2020-05-18,Lipitor,Inconclusive
AUdREY tAYLoR,72,Female,O-,Hypertension,2023-09-29,Teresa Reed,Hull-Murphy,Medicare,49723.61,493,Emergency,2023-10-28,Ibuprofen,Abnormal
john cuRTIs,25,Male,AB-,Asthma,2019-12-17,Matthew Gonzalez,Larsen-Vega,Aetna,15526.46,201,Elective,2020-01-05,Paracetamol,Inconclusive
robeRT PHilLIPs,59,Male,B-,Cancer,2019-09-02,Lauren Hogan,Fernandez LLC,UnitedHealthcare,14880.6,164,Emergency,2019-09-25,Lipitor,Normal
rACHEl buSh,61,Female,O-,Hypertension,2020-03-27,Adrian Vaughn,"Lopez Ingram, and Barber",Cigna,26163.99,409,Urgent,2020-04-15,Lipitor,Inconclusive
eDWarD clArK,72,Male,B+,Asthma,2022-05-17,Michael Mccarthy,"Wood Boyd Bowman, and",Blue Cross,24744.11,393,Elective,2022-06-12,Paracetamol,Inconclusive
cathy rodRIGUEz,39,Male,A-,Hypertension,2023-08-13,Heather Griffith,"Harris, Nguyen Alvarez and",Aetna,33510.32,407,Emergency,2023-08-14,Paracetamol,Abnormal
JOhN Bauer,51,Female,O-,Obesity,2024-04-24,Michael Riley,Carlson-Holland,UnitedHealthcare,7381.42,306,Elective,2024-05-03,Paracetamol,Normal
sTEpHaNIE MAthEws,28,Female,AB-,Diabetes,2019-10-12,Shawn Campbell,Jones-Holden,Blue Cross,13893.53,472,Elective,2019-11-09,Lipitor,Normal
lIsa williamS,52,Male,B-,Hypertension,2020-05-13,Xavier Jones,Wang-Jones,Aetna,33207.14,169,Urgent,2020-06-03,Lipitor,Inconclusive
tAmMY jOHnsOn,20,Male,AB+,Arthritis,2023-01-19,Debra Phillips,PLC Potter,UnitedHealthcare,20269.15,477,Elective,2023-01-27,Ibuprofen,Normal
BraNdON DIxON,82,Male,AB-,Diabetes,2019-11-04,Catherine Miller,and Sons Torres,UnitedHealthcare,21224.01,404,Elective,2019-11-06,Ibuprofen,Normal
riChard tayLoR,66,Male,AB-,Cancer,2022-02-19,Jonathan Harris,Inc King,UnitedHealthcare,28185.07,458,Urgent,2022-03-05,Aspirin,Abnormal
GInA BroOkS,34,Male,B-,Cancer,2022-04-14,Pamela Bartlett,Garrison PLC,Cigna,39507.86,179,Elective,2022-04-27,Lipitor,Normal
ISaBellA jaMEs,85,Male,A+,Diabetes,2019-12-09,Nicolas Russell,Inc Mcdaniel,Blue Cross,28696.25,467,Urgent,2019-12-11,Lipitor,Inconclusive
vICtOria johNsOn,25,Female,AB-,Cancer,2021-08-26,Ethan Li,"Ramos, and Lee Griffin",Cigna,7753.11,241,Emergency,2021-09-23,Aspirin,Abnormal
RiCHaRD AlLISon,75,Female,A-,Asthma,2021-10-06,Jessica Neal,LLC Lopez,UnitedHealthcare,32353.02,304,Elective,2021-10-19,Penicillin,Normal
rIcharD TAYLoR,26,Male,A-,Cancer,2022-05-19,Emma Morrison DDS,"Hubbard Edwards, Romero and",Aetna,20145.93,341,Emergency,2022-06-16,Lipitor,Normal
TIfFany DukE,82,Male,O+,Arthritis,2020-08-18,Brandon Middleton,"Ross, and Chambers Webb",UnitedHealthcare,43834.15,404,Emergency,2020-09-03,Lipitor,Inconclusive
JessicA MAloNE,45,Male,O+,Hypertension,2021-08-15,Jessica Jones,Johnson Group,Aetna,46064.44,393,Urgent,2021-09-14,Lipitor,Abnormal
MICHAEL dawson,47,Male,O+,Obesity,2022-10-05,Angel Smith,Robinson Inc,Blue Cross,35202.44,323,Emergency,2022-10-14,Ibuprofen,Normal
matTHEW loPez,59,Male,A-,Arthritis,2022-12-01,Jessica Carr,Myers-Crawford,UnitedHealthcare,45910.54,379,Urgent,2022-12-15,Paracetamol,Abnormal
raYmond MORrIS,68,Male,O+,Cancer,2021-01-05,Michelle Torres,Stewart Inc,Aetna,17413.01,345,Emergency,2021-01-17,Penicillin,Abnormal
vIrGIniA StRicklaNd,38,Male,B-,Cancer,2021-04-04,Erik Stewart,Mccormick-Marshall,Medicare,41335.69,316,Elective,2021-04-08,Ibuprofen,Abnormal
lyNn FeRnANdEZ,24,Female,AB+,Hypertension,2023-12-01,Shannon David,Richardson-Bryant,UnitedHealthcare,39004.17,127,Urgent,2023-12-08,Aspirin,Normal
kIMBeRLY eVans,70,Female,A+,Hypertension,2020-08-13,Jason Davis,Kirk-Martin,Blue Cross,7771.54,103,Emergency,2020-09-03,Paracetamol,Normal
rObeRT nOlan PHd,36,Female,AB+,Asthma,2024-01-10,Brittany Rogers,"Nelson, and Wilson Ashley",Aetna,5432.02,161,Urgent,2024-01-15,Ibuprofen,Abnormal
dAVID warrEN,60,Female,B-,Obesity,2021-07-16,Stephanie Dillon,Wilson-Hernandez,Blue Cross,6890.12,406,Elective,2021-07-20,Paracetamol,Abnormal
DAviD NGUyEn,76,Female,A-,Diabetes,2021-02-21,Manuel Moore,"and Parker Wright, Miles",Medicare,7068.27,406,Emergency,2021-02-26,Penicillin,Normal
DAwN WArd,40,Female,AB-,Obesity,2023-02-15,Jessica Miller,Martinez-Mccormick,Blue Cross,41184.23,131,Emergency,2023-03-02,Ibuprofen,Normal
BrOoKe gROSs,42,Male,B-,Asthma,2023-10-15,Diane Blair,Smith-Bailey,Blue Cross,28169.76,278,Emergency,2023-10-26,Ibuprofen,Abnormal
AndREw mooRe,35,Male,AB-,Asthma,2021-04-27,Mary Anderson,Walker-Wu,UnitedHealthcare,33057.66,104,Emergency,2021-04-28,Lipitor,Normal
CYNTHIa rosALes,49,Male,O+,Diabetes,2020-10-18,Jennifer Guerra,George-Peck,Cigna,17104.78,431,Elective,2020-10-31,Penicillin,Abnormal
niCHolE rOSE,78,Male,AB+,Cancer,2023-02-24,Maria Hernandez,"Velazquez Schmidt and Douglas,",Cigna,9000.22,274,Urgent,2023-03-19,Aspirin,Normal
amY tayLoR,78,Female,O+,Obesity,2020-03-10,Terry Norris,Inc Parker,Cigna,962.24,346,Elective,2020-03-25,Aspirin,Inconclusive
sHeRi hOuston,38,Female,O+,Cancer,2020-07-31,Lindsay Singleton,Group Roberts,Cigna,25483.52,241,Elective,2020-08-08,Paracetamol,Normal
MichElE MoNtoYa,62,Female,B-,Cancer,2023-07-05,Miss Sandra Tyler DVM,"Edwards Williams, Finley and",Cigna,42214.96,217,Urgent,2023-07-18,Aspirin,Inconclusive
jANiCE tHoMAS,75,Female,O-,Diabetes,2022-09-04,Amy Young,Chavez Inc,Aetna,45722.42,271,Urgent,2022-09-11,Penicillin,Inconclusive
jACqUEliNe WaTKIns,59,Male,B+,Obesity,2022-10-01,Megan Becker,Benson Ltd,Blue Cross,43400.8,376,Urgent,2022-10-02,Lipitor,Inconclusive
VALERiE lANg,57,Male,AB-,Arthritis,2019-08-02,Megan Davis,"Smith Mcgrath, Burgess and",Aetna,25618.41,282,Urgent,2019-08-11,Penicillin,Abnormal
mIchaEL DecKeR,41,Male,B-,Asthma,2019-06-26,Carrie Carpenter,Parker Sons and,Blue Cross,11195.24,483,Urgent,2019-07-10,Paracetamol,Abnormal
JEnNifer MOntGoMeRY,85,Male,B-,Hypertension,2024-03-10,Timothy Morrison,Martinez Inc,UnitedHealthcare,24166.14,224,Emergency,2024-03-14,Aspirin,Abnormal
JUstin pEARsOn,57,Female,AB-,Hypertension,2021-06-02,Jeffrey Jacobs,"Myers and Brooks, Flores",Cigna,3553.74,238,Elective,2021-06-14,Aspirin,Inconclusive
mIChaEl baRTlett,28,Male,B-,Hypertension,2023-01-20,Jesse Russell,"Hernandez Anderson, and Rush",Cigna,32156.99,481,Elective,2023-02-11,Lipitor,Inconclusive
KELLy SiMPSon,35,Female,AB-,Arthritis,2021-02-24,Amber Mayo,"and Wright, Fletcher King",Cigna,7284.74,152,Urgent,2021-03-07,Lipitor,Abnormal
tHomAs WILLiAmS,41,Female,AB+,Asthma,2020-12-09,Steve Johnson,"and Vargas Sampson Young,",Aetna,15801.69,378,Elective,2021-01-02,Paracetamol,Inconclusive
MIChAEL wILsON,46,Female,B-,Hypertension,2019-08-21,Karen Parker,Miller-Santiago,UnitedHealthcare,41030.24,135,Emergency,2019-09-16,Lipitor,Normal
lArrY joHnStON,78,Female,AB+,Diabetes,2023-12-12,Heather Jordan,Stuart-Robertson,Cigna,43236.42,212,Emergency,2024-01-05,Aspirin,Normal
CHAd RoDgERs,69,Male,AB-,Arthritis,2019-08-10,Taylor Love,Suarez Group,UnitedHealthcare,22132.68,202,Elective,2019-08-18,Aspirin,Normal
jaSOn chUNg,63,Male,B+,Diabetes,2022-12-22,Linda Anderson,PLC Ortiz,Aetna,25297.76,451,Elective,2023-01-04,Paracetamol,Abnormal
Dr. JENNifer WArD,35,Male,A-,Asthma,2020-03-19,Matthew Edwards,Marks-Stark,Blue Cross,3579.15,438,Urgent,2020-03-28,Lipitor,Abnormal
miChElLE CuMMINGS,77,Male,B-,Asthma,2021-06-21,Jennifer Ward,"and Wilkins Davis Silva,",Medicare,46615.4,463,Elective,2021-07-20,Lipitor,Normal
saNDRa PAcHecO,82,Male,O+,Cancer,2023-10-31,Philip Baker,"and Chavez Freeman, Smith",Blue Cross,3466.05,145,Urgent,2023-11-05,Paracetamol,Inconclusive
MarK knigHt,45,Female,B+,Obesity,2022-02-15,Dale Ford,Garner Inc,UnitedHealthcare,33203.49,457,Elective,2022-02-16,Aspirin,Normal
jeSsiCa SulLiVAN,67,Female,B+,Obesity,2020-05-13,Joshua Miller,Inc Harris,Aetna,10785.82,110,Urgent,2020-05-24,Lipitor,Normal
cindy MENdOZa,45,Female,A-,Cancer,2019-10-31,Jack Haney,"Thompson White, and Miller",Aetna,23450.78,366,Emergency,2019-11-25,Aspirin,Normal
tOMMy gaInes,29,Male,B-,Diabetes,2019-09-24,Kathleen Diaz,Thomas-Nielsen,Aetna,19536.96,128,Elective,2019-10-05,Penicillin,Inconclusive
THOmAs GonZaLes,32,Female,AB+,Diabetes,2023-05-29,Nicole Patel,Hart LLC,Aetna,662.61,415,Emergency,2023-06-08,Paracetamol,Normal
Valerie CoLlIns,66,Female,B-,Obesity,2021-03-23,Danielle Roberts,Ltd Patel,Medicare,32664.89,191,Urgent,2021-04-04,Ibuprofen,Abnormal
jOhn BOWEN,71,Female,AB+,Hypertension,2022-01-07,Jesse Thompson,Smith-Smith,Medicare,38449.53,213,Emergency,2022-01-26,Paracetamol,Abnormal
danIel WhEELeR,18,Female,AB+,Obesity,2019-10-12,Emily Ware,Blackwell-Cooper,Cigna,8082.54,293,Urgent,2019-10-28,Lipitor,Normal
JennIFEr JoNes,50,Female,A+,Diabetes,2021-10-15,Amanda Williams,Powell-Brown,Cigna,24184.49,282,Elective,2021-11-11,Lipitor,Inconclusive
WalTEr BenNetT,37,Female,B-,Arthritis,2022-05-18,Monica Sanders,Cook LLC,Medicare,17157.23,189,Urgent,2022-06-11,Penicillin,Inconclusive
wIllIam DiAz,45,Female,B-,Asthma,2023-06-13,Dennis Cole,Lewis-Mcdonald,Aetna,30040.21,447,Emergency,2023-06-21,Ibuprofen,Normal
EMIly CUMmiNGS,45,Male,O+,Asthma,2022-01-06,Joe Gallagher,Bishop-Bautista,Blue Cross,18768.43,110,Urgent,2022-01-13,Ibuprofen,Inconclusive
vAlErIe klein,71,Female,O-,Asthma,2021-01-20,Allen Ford,"Thomas Price Reeves, and",Aetna,48261.26,384,Urgent,2021-02-04,Aspirin,Inconclusive
BrANDOn menDeZ,83,Female,B+,Diabetes,2022-06-29,Jason Thompson,Wade-Sellers,Blue Cross,38530.6,313,Urgent,2022-07-06,Aspirin,Inconclusive
ASHLEy SuLlIVan,21,Female,B-,Cancer,2023-09-14,Dr. Pamela Ramos,"and Mcclain, Ramos Salas",UnitedHealthcare,4536.95,313,Elective,2023-10-09,Penicillin,Abnormal
anDREa RIvEra,62,Female,O-,Arthritis,2023-07-19,Paul Le,"Baker Andrade, and Johnson",UnitedHealthcare,28531.77,305,Emergency,2023-07-22,Lipitor,Normal
pATRiCIA alLEN,80,Male,A-,Hypertension,2024-01-22,Debra Perkins,Anderson Group,UnitedHealthcare,2348.44,463,Emergency,2024-02-04,Lipitor,Abnormal
DoNNa BerRy,27,Female,B-,Diabetes,2023-08-15,Hannah Love,"Shelton Nelson and Adams,",Medicare,46402.33,130,Elective,2023-09-08,Paracetamol,Inconclusive
CAtHERinE FernAndEz,28,Male,B+,Hypertension,2023-07-27,Victoria Joseph,Dunn-Miller,UnitedHealthcare,29047.52,171,Elective,2023-07-30,Ibuprofen,Abnormal
SAmUel LaNDry,49,Female,A+,Cancer,2022-08-28,Kara Wilson,White-Leon,Aetna,34740.22,182,Elective,2022-09-19,Penicillin,Normal
DilLon joHnson,49,Female,O+,Diabetes,2023-05-05,Anthony Robinson,"Taylor, and Garner Lee",Blue Cross,32801.72,381,Emergency,2023-05-06,Penicillin,Abnormal
marY JAmeS,33,Female,B+,Diabetes,2021-07-24,Jennifer Henry,"Kelly Scott, Brown and",Medicare,24792.17,107,Urgent,2021-08-04,Penicillin,Normal
TaMMy Hall,54,Female,O-,Cancer,2024-02-02,Kendra Pierce,"and Morris Wallace Duncan,",UnitedHealthcare,1474.18,204,Emergency,2024-02-10,Paracetamol,Abnormal
cHriStiNe EVANS,42,Male,AB-,Asthma,2022-01-11,Chelsea Wilson,"Kirby Ryan, Andrade and",Medicare,43378.35,199,Elective,2022-01-29,Aspirin,Normal
mARK sERRaNo,29,Female,B-,Cancer,2022-07-24,Kyle Hancock,"and Chandler, Conner Miller",Blue Cross,26873.01,271,Emergency,2022-07-31,Lipitor,Inconclusive
kATHleEn roBERTS,85,Female,A+,Cancer,2023-05-21,Heather Rowe,"Graham Knight, and Griffin",Cigna,21230.53,358,Urgent,2023-05-28,Aspirin,Abnormal
wENdy bLAnCHaRD,53,Male,AB-,Hypertension,2019-08-11,Andrew Jackson,PLC Smith,Medicare,44685.29,124,Emergency,2019-08-18,Paracetamol,Abnormal
lisA ClaRk,18,Female,B+,Diabetes,2020-11-20,Samantha Spencer,Perez-Wang,Aetna,24815.04,193,Emergency,2020-11-25,Paracetamol,Inconclusive
BRIan SmaLL,66,Female,B-,Hypertension,2020-12-25,Nicole Petersen,"Wright and Greene, Arnold",UnitedHealthcare,36402.61,377,Urgent,2021-01-08,Ibuprofen,Inconclusive
jOSHUa PORTEr,64,Male,B-,Cancer,2022-10-16,Maureen Torres,Mason-Collins,Medicare,28946.8,412,Elective,2022-11-12,Ibuprofen,Inconclusive
shELbY suLLiVaN,63,Female,A-,Obesity,2019-12-17,Xavier Guzman,Wolf Ltd,Cigna,9646.27,331,Urgent,2020-01-11,Ibuprofen,Abnormal
MIChElE GoNZalES,69,Female,O+,Asthma,2020-08-23,Nancy Douglas,Boyd-Diaz,Cigna,48947.65,363,Emergency,2020-09-18,Penicillin,Abnormal
doUglas CerVantes,41,Male,O+,Obesity,2020-01-02,Brian Glover,"Hawkins Keller and Morris,",Medicare,32179.29,306,Urgent,2020-01-27,Lipitor,Abnormal
wAlTer BrAdlEy,19,Male,B-,Arthritis,2023-08-11,Matthew Butler,Houston-Walsh,Medicare,8237.94,153,Elective,2023-09-02,Ibuprofen,Abnormal
LaURa SMith,73,Female,B-,Cancer,2021-10-21,Lisa Joseph,"Lynch Woodard, Andrade and",Blue Cross,13543.55,309,Elective,2021-11-16,Penicillin,Abnormal
dARyL noBle,47,Male,A+,Diabetes,2022-08-20,Beth Porter,"Mendoza, Thomas Choi and",Blue Cross,18023.21,275,Emergency,2022-09-06,Aspirin,Abnormal
eric weLls,51,Female,B-,Asthma,2023-07-18,Hunter Sparks,"Walton and Strickland Yates,",Aetna,32656.97,129,Emergency,2023-08-09,Ibuprofen,Abnormal
TimoThy GarReTt,84,Male,AB+,Arthritis,2022-05-12,Eric Johnson,"and Escobar Hamilton, Strickland",Medicare,47811.36,358,Elective,2022-05-16,Ibuprofen,Normal
jeSSICa foRd,53,Male,B+,Cancer,2021-08-08,Amy Stafford,Smith-Espinoza,UnitedHealthcare,9148.56,387,Elective,2021-09-04,Penicillin,Inconclusive
teresA teRRy,43,Male,O+,Hypertension,2019-07-01,Bob Lopez,Ltd Wilkins,Aetna,49980.48,367,Elective,2019-07-04,Penicillin,Abnormal
thomAS JOHNSoN,39,Female,B-,Hypertension,2022-06-16,Cathy Mccoy,"Freeman and Fletcher Patton,",UnitedHealthcare,21182.13,245,Elective,2022-07-08,Paracetamol,Normal
TraceY cHaSE,60,Male,AB-,Asthma,2022-07-21,Alexis Gonzales,Delacruz-Watson,Medicare,46157.43,419,Urgent,2022-08-11,Lipitor,Abnormal
cOLlEEn gIBBS,59,Female,AB+,Diabetes,2019-07-19,Kenneth Johnson,"Fisher, Moore Jackson and",UnitedHealthcare,35041.22,461,Elective,2019-08-01,Lipitor,Normal
taMi Baker,67,Male,O+,Arthritis,2020-11-29,Amanda Murray,PLC Nunez,Blue Cross,23595.35,419,Urgent,2020-12-05,Ibuprofen,Inconclusive
jefFreY BAker,82,Male,AB-,Asthma,2022-01-22,Nicole Hall,Ltd Rodgers,Blue Cross,20157.9,397,Emergency,2022-02-05,Paracetamol,Inconclusive
cYNTHIa berrY,65,Male,AB+,Diabetes,2022-12-10,Amy Ross,Hancock Group,Blue Cross,51199.74,147,Emergency,2022-12-29,Ibuprofen,Normal
rOBeRT YAtES,65,Female,O+,Cancer,2020-01-24,Sarah Lawson,"Bailey and Wilson, Scott",Blue Cross,23845.79,349,Urgent,2020-02-23,Penicillin,Normal
wiLLiAm baRr,61,Female,A-,Cancer,2022-12-31,Jennifer Evans,"Kim, Curry and Hensley",Blue Cross,22176.6,231,Elective,2023-01-09,Lipitor,Normal
mARk rOdRIGUEZ,52,Male,AB+,Asthma,2023-08-22,Andrea Sweeney,"and Hernandez Riggs, Diaz",Aetna,46672.8,436,Emergency,2023-09-07,Ibuprofen,Abnormal
KIM RoDrIGUEZ,48,Female,A+,Hypertension,2021-03-09,Harold Griffin,Spears Group,Aetna,27151.44,321,Urgent,2021-03-15,Aspirin,Inconclusive
joycE LOWerY,78,Female,O+,Obesity,2024-03-01,Ashley Parker,"and Rice Wheeler, Jennings",Cigna,24655.23,213,Elective,2024-03-08,Aspirin,Normal
AnTHonY FLyNn,40,Male,A-,Asthma,2019-05-15,Vanessa Roberts,Glenn-Lane,Medicare,21619.42,135,Urgent,2019-06-01,Lipitor,Abnormal
mIChelE sToNe,80,Female,A+,Asthma,2024-02-10,Cameron Campbell,"Carlson Hicks, Fitzgerald and",Medicare,30317.26,252,Urgent,2024-02-19,Ibuprofen,Abnormal
BrAnDI maRtin,71,Female,O+,Asthma,2022-12-24,Cheryl Montoya,LLC Morales,Aetna,23378.01,129,Emergency,2023-01-05,Lipitor,Abnormal
DAvid HeRnandEZ,60,Female,AB+,Cancer,2022-09-17,Denise Gardner,"Thompson, Cole and Johnson",UnitedHealthcare,12624.84,196,Urgent,2022-09-30,Lipitor,Inconclusive
gregORy bRoWn,24,Male,B+,Asthma,2023-02-20,Stacy White,Mills-Bryant,Blue Cross,11829.92,401,Emergency,2023-03-04,Paracetamol,Abnormal
EVan MiLLER,81,Male,O+,Obesity,2022-05-18,Jessica Thomas,"Alvarado Sullivan Miller, and",Blue Cross,33378.64,233,Urgent,2022-06-04,Aspirin,Normal
MeGAn ARmstronG,18,Male,AB-,Asthma,2024-01-27,Jon Harding,"Gomez, and Monroe Walter",Cigna,30405.73,421,Emergency,2024-02-05,Penicillin,Abnormal
rEbECCA rOss,82,Male,A+,Hypertension,2021-01-01,Tonya Barker,"Freeman Gonzalez Swanson, and",UnitedHealthcare,8377.4,184,Elective,2021-01-26,Aspirin,Normal
CHRiSTOPhER RiVErS,78,Female,O+,Hypertension,2023-07-09,Regina Davis,Ltd Jones,UnitedHealthcare,44265.86,376,Elective,2023-07-10,Ibuprofen,Normal
cHArLes LEwIS,50,Male,AB-,Obesity,2024-02-18,Shawn Hill,Lewis-Thompson,Cigna,36861.21,354,Urgent,2024-02-27,Lipitor,Abnormal
OLivIA roWe,36,Male,O+,Asthma,2022-03-06,Lindsey Hale DDS,Gallagher-Johnson,Blue Cross,20379.29,225,Emergency,2022-04-01,Aspirin,Inconclusive
MRs. SheryL WIleY,72,Female,O-,Hypertension,2021-06-19,Edward Dunlap,Knight PLC,Cigna,16729.59,345,Emergency,2021-07-18,Lipitor,Normal
RoBeRt MiranDA,46,Male,AB-,Asthma,2020-07-21,Sonya Gonzalez,"Johnson and Maldonado, Lee",Cigna,6995.9,160,Elective,2020-07-26,Paracetamol,Inconclusive
SamUeL FrANCo,70,Male,O-,Asthma,2019-06-07,Seth Rivers,Ferguson Sons and,Blue Cross,36923.59,287,Urgent,2019-06-12,Ibuprofen,Abnormal
ROBErT mARTinez,37,Female,A+,Hypertension,2022-05-22,Ronald Black,Sons Wright and,Medicare,34996.49,110,Emergency,2022-06-20,Paracetamol,Abnormal
vICkiE mcLaUgHlin,25,Male,B-,Diabetes,2021-06-13,Hayden Silva,Moss Ltd,UnitedHealthcare,49464.97,401,Elective,2021-07-09,Penicillin,Inconclusive
mAry rodrIGUEZ,26,Male,A-,Cancer,2019-05-26,Tyler Steele,Wilson-Wilson,UnitedHealthcare,22120.6,340,Elective,2019-06-13,Lipitor,Abnormal
CHRistOPHeR wIlsON DDS,65,Male,AB-,Arthritis,2020-08-05,Matthew Armstrong,Perez-Martinez,Aetna,22459.04,447,Urgent,2020-08-08,Lipitor,Abnormal
caMeRON MooRe,58,Female,AB+,Diabetes,2022-08-07,Christine Morris,Walters-Bonilla,Cigna,28774.58,481,Urgent,2022-08-30,Lipitor,Normal
maRy HiLL,65,Female,O+,Cancer,2021-07-06,Tyrone Ramos,Williams LLC,UnitedHealthcare,26081.33,104,Urgent,2021-07-10,Aspirin,Inconclusive
MIchElLE castILlO,39,Male,A+,Obesity,2020-01-03,Jeffery Banks,"and Lynch Rodriguez Clark,",Cigna,39878.39,298,Urgent,2020-02-02,Lipitor,Inconclusive
dANiEL dAvis,55,Male,O-,Asthma,2022-11-16,Molly Meyer,Moore-Butler,Medicare,44396.73,477,Emergency,2022-12-08,Penicillin,Inconclusive
elIZAbetH hAWKiNs,45,Male,B-,Hypertension,2020-09-02,Nicole Roman,"Hughes and Wong, Tanner",Medicare,32893.81,120,Urgent,2020-09-10,Aspirin,Normal
stePHanIe hALl,84,Female,B-,Obesity,2023-08-21,Larry Walker,PLC Dixon,Aetna,22567.73,228,Emergency,2023-08-30,Penicillin,Abnormal
caLVIN SToKes,81,Female,A-,Diabetes,2022-05-14,Jeffrey Edwards,"Franklin Gentry and Kennedy,",Aetna,43279.73,309,Emergency,2022-05-22,Paracetamol,Normal
dANIel NElSOn,59,Male,B+,Diabetes,2022-03-24,Evan Russell,Strong PLC,UnitedHealthcare,28120.58,339,Urgent,2022-04-12,Ibuprofen,Abnormal
BIlLY crOSS,63,Male,AB-,Arthritis,2019-08-10,Joanne Johnson,PLC Chavez,Aetna,17280.56,435,Urgent,2019-09-04,Ibuprofen,Inconclusive
mIcHAeL PhaM,31,Female,AB+,Diabetes,2021-11-10,Lauren Bell,Keith-Romero,Cigna,2134.99,149,Emergency,2021-11-13,Aspirin,Abnormal
davID WHIte,72,Male,O-,Hypertension,2023-08-31,Elizabeth Gutierrez,Gordon Inc,Aetna,34752.29,309,Urgent,2023-09-17,Penicillin,Normal
wILLIAm sIlVA,36,Female,AB+,Asthma,2023-11-27,Margaret Boone,Mitchell and Sons,Medicare,5854.76,500,Elective,2023-12-10,Paracetamol,Abnormal
peNny HOwELl,53,Female,AB-,Arthritis,2020-11-15,April Wilson,Hodge-Morgan,Medicare,13362.79,387,Emergency,2020-11-22,Ibuprofen,Abnormal
MR. phIllIp hEss pHd,79,Male,B+,Obesity,2020-03-08,John Brooks,Yoder-Carlson,Cigna,19292.54,327,Elective,2020-03-28,Penicillin,Normal
tarA casTIlLo,49,Female,B-,Diabetes,2022-12-10,Eric Brock,Ramos LLC,Blue Cross,12250.17,489,Emergency,2022-12-19,Ibuprofen,Inconclusive
AmandA BELl,64,Female,AB-,Arthritis,2020-04-07,Gregory Juarez,"Dixon Tran Larson, and",Blue Cross,14305.5,310,Elective,2020-04-12,Penicillin,Inconclusive
EDdIe PERRY,61,Male,A-,Asthma,2020-03-08,Timothy Carter,Ruiz-Williams,Blue Cross,35534.83,439,Elective,2020-04-04,Ibuprofen,Inconclusive
joshuA HARdy,77,Male,A-,Diabetes,2021-10-01,Garrett Beltran,"and Newton Campbell Sullivan,",Aetna,45247.0,360,Emergency,2021-10-13,Penicillin,Abnormal
NiCHOlAS PERry,22,Male,O-,Diabetes,2021-05-29,Gwendolyn Clayton,LLC Martin,Blue Cross,27954.43,484,Elective,2021-05-31,Lipitor,Abnormal
tamAra CLAYTOn,65,Female,AB-,Diabetes,2023-07-28,James Bailey,"Scott, and Peters Burns",Blue Cross,46417.35,284,Emergency,2023-08-05,Ibuprofen,Normal
bENjAMin HaWKINs,51,Male,AB-,Obesity,2021-06-11,Lauren Hahn,"and Harrison Galvan, Shields",Blue Cross,39741.5,448,Emergency,2021-06-17,Paracetamol,Normal
LIsa bRoWn,50,Male,A-,Cancer,2023-05-21,Nicole Cardenas,"Lopez Bowman, and Combs",UnitedHealthcare,20827.51,127,Urgent,2023-05-29,Ibuprofen,Inconclusive
AllIsON RamIReZ,26,Male,B+,Diabetes,2023-02-24,James Fields,Garcia-Jackson,Aetna,41586.54,302,Elective,2023-03-12,Lipitor,Inconclusive
eLaINe PeterSON,72,Male,B-,Arthritis,2022-12-01,Dr. Alexander Lynch,Group Farley,Medicare,48103.43,487,Emergency,2022-12-05,Ibuprofen,Inconclusive
crySTaL bErRY,29,Male,AB-,Asthma,2024-02-21,Meagan Zhang,"Cole and Nelson, Davies",UnitedHealthcare,38907.68,374,Urgent,2024-03-19,Ibuprofen,Normal
rOBErt MorrIs,31,Female,B+,Cancer,2021-10-29,Allison Morales,Tucker-Lewis,Blue Cross,50489.2,290,Emergency,2021-11-22,Ibuprofen,Abnormal
ShARon wALTErS,82,Male,O+,Obesity,2022-04-03,Lynn Hunter,Walker-Smith,UnitedHealthcare,44049.0,335,Elective,2022-04-05,Penicillin,Abnormal
GreGory GonZALEz,85,Female,AB+,Hypertension,2019-12-02,William Moore,Campbell LLC,Blue Cross,18088.96,210,Elective,2019-12-11,Paracetamol,Inconclusive
joEl rIchARdS,70,Female,B+,Diabetes,2022-03-16,Jonathan Berry,Suarez Ltd,Blue Cross,47628.63,454,Urgent,2022-03-22,Lipitor,Inconclusive
geORGE cAMPbEll,72,Female,B-,Asthma,2021-06-18,Lindsey Craig,White-Thompson,Cigna,43588.85,244,Emergency,2021-06-21,Ibuprofen,Inconclusive
WilLIAM sMitH,46,Female,A-,Arthritis,2019-07-05,David Thompson,"May, and Wagner Cooley",Aetna,19479.55,181,Urgent,2019-07-09,Aspirin,Inconclusive
SHAroN EdWaRDS,68,Male,A+,Cancer,2020-05-26,Meredith Blair,"Mejia Austin, and Davis",Cigna,4005.69,173,Urgent,2020-05-31,Paracetamol,Normal
JESSIcA RicHarD,20,Male,B+,Asthma,2020-11-25,Mr. Jorge Marshall,and Burnett Sons,Cigna,32405.47,365,Urgent,2020-12-17,Aspirin,Inconclusive
hoLly cONRAD,50,Female,AB+,Hypertension,2023-11-13,Emily Foley,Sons Bennett and,Medicare,25195.84,231,Emergency,2023-12-12,Lipitor,Normal
jAcQuElINE HAMilton,65,Female,O+,Asthma,2020-10-26,Kaylee Glenn,PLC Torres,Aetna,35818.9,269,Emergency,2020-11-15,Penicillin,Abnormal
TODd HENDErSON,18,Female,AB+,Arthritis,2020-06-09,William Patel,Davidson-Shaw,Blue Cross,28513.18,416,Elective,2020-06-13,Aspirin,Inconclusive
COUrTneY luNA,54,Female,A-,Asthma,2022-08-15,Brianna Wong,LLC Williams,Aetna,33307.71,151,Emergency,2022-08-30,Lipitor,Abnormal
apRiL LOpeZ,40,Male,A-,Arthritis,2020-07-15,Jeffrey Thomas,and Sons Lane,Medicare,44218.04,164,Urgent,2020-07-24,Penicillin,Abnormal
coNNor GonZAlez,56,Female,O-,Asthma,2022-03-20,Connie Lucas,Hampton-Collins,Aetna,5655.41,488,Urgent,2022-04-08,Lipitor,Normal
KeNneth CrAWFORd DdS,30,Female,B-,Diabetes,2022-06-08,Bethany Anderson,"Baker Elliott and Miller,",UnitedHealthcare,42230.59,176,Elective,2022-06-16,Penicillin,Normal
ERIca joneS,31,Female,AB+,Obesity,2023-02-20,Sarah Hernandez,"Santana Brock Morris, and",Cigna,47484.27,284,Emergency,2023-03-05,Ibuprofen,Inconclusive
carmeN caMPBeLL,67,Female,AB-,Diabetes,2022-07-13,Jessica Montoya,Andrade-Stone,Medicare,40495.81,250,Emergency,2022-07-17,Ibuprofen,Inconclusive
KAtiE WilLIAmS,59,Female,B+,Arthritis,2023-03-02,Gabrielle Johnson,Johnston Group,Aetna,20109.59,399,Elective,2023-03-24,Lipitor,Normal
ARIaNA CLarK,85,Female,AB+,Hypertension,2024-01-16,Casey Long,Levy-Smith,Cigna,24217.32,255,Elective,2024-02-03,Penicillin,Abnormal
MeLiSSa CRuZ,44,Male,A+,Diabetes,2024-04-30,Jonathan Duran,King Ltd,Aetna,9043.85,471,Emergency,2024-05-17,Lipitor,Inconclusive
thomas zUniGA,58,Male,AB-,Diabetes,2021-04-04,Erin Powell,Garcia-Davis,UnitedHealthcare,3722.79,113,Emergency,2021-04-16,Aspirin,Inconclusive
AMy MALDOnAdO,59,Female,AB-,Asthma,2019-10-25,Kenneth Kaufman,Inc Wright,Aetna,38441.51,282,Elective,2019-10-27,Penicillin,Abnormal
JOse COLLINs,63,Female,A-,Asthma,2022-06-08,Travis Noble,"Garcia, King Chan and",Aetna,12688.85,412,Elective,2022-06-25,Paracetamol,Abnormal
SHeRRy SChuLtz,36,Male,O+,Obesity,2020-03-13,Benjamin Anthony,"Wyatt and Kramer Porter,",Cigna,47873.97,253,Elective,2020-03-28,Lipitor,Normal
MAttHeW aDAMs,85,Female,AB+,Cancer,2024-04-30,Shane Sanchez,Hicks-Salas,Medicare,23390.36,229,Urgent,2024-05-17,Paracetamol,Inconclusive
gRAce sALaZar,36,Female,B-,Arthritis,2024-03-28,Raymond Roberts,Clarke-King,Blue Cross,30735.48,166,Elective,2024-04-26,Penicillin,Normal
dana CarEy,70,Male,A-,Cancer,2020-03-09,Marilyn Jones,Wang-Barker,UnitedHealthcare,35810.1,388,Urgent,2020-03-30,Penicillin,Normal
NICOLe AlLEN,68,Male,AB+,Asthma,2019-08-25,Micheal Coleman,"Jackson Roberts, and Randolph",Medicare,32015.0,216,Urgent,2019-09-08,Penicillin,Normal
AMY WheeLer,83,Male,O-,Hypertension,2024-02-27,Eddie Hughes,"Jackson Collier and Delacruz,",Cigna,644.37,240,Urgent,2024-03-07,Penicillin,Abnormal
nATHAn ScOTt,70,Female,A+,Asthma,2019-08-19,Patrick Moran,"Holmes Reed and Johnson,",Blue Cross,9492.23,439,Elective,2019-09-11,Ibuprofen,Normal
cHaRlES GaRDnEr,23,Female,O+,Cancer,2023-06-10,Aaron Esparza,Clark Inc,Blue Cross,41655.82,421,Emergency,2023-06-13,Aspirin,Inconclusive
micHelle alLEn,74,Female,O-,Arthritis,2021-07-20,Michael Schroeder,"Parker, Kirk and Martin",Medicare,4653.83,431,Urgent,2021-08-09,Ibuprofen,Inconclusive
hEaThER RAnDoLpH,64,Female,A-,Hypertension,2022-06-01,Susan Terry,Love PLC,Aetna,46387.62,271,Elective,2022-06-07,Penicillin,Normal
JUlIa pERRy,58,Female,A+,Hypertension,2020-09-30,Sonya Costa,Mcdaniel PLC,Medicare,35726.73,300,Emergency,2020-10-03,Aspirin,Normal
eDDiE woODS,64,Male,A+,Diabetes,2021-03-26,Robert Lara,LLC Kerr,Medicare,38842.28,432,Urgent,2021-03-29,Penicillin,Inconclusive
DANa sTEPHEnS,72,Male,O-,Arthritis,2022-01-15,Sarah Ross,"Marshall Holden and Small,",UnitedHealthcare,22249.96,214,Elective,2022-01-25,Ibuprofen,Normal
jUlIE RODriGueZ,73,Female,AB+,Cancer,2022-10-30,Timothy Garcia,Ltd Brown,UnitedHealthcare,28459.11,331,Emergency,2022-11-10,Lipitor,Abnormal
VicTORiA olson,82,Female,B+,Arthritis,2024-01-31,Teresa Harris,PLC Ritter,Blue Cross,29245.59,260,Elective,2024-02-15,Penicillin,Inconclusive
DAvId muNoZ,31,Male,AB+,Diabetes,2022-12-20,Maurice Davis,Wall-Weaver,Medicare,25773.33,406,Elective,2023-01-09,Penicillin,Inconclusive
ANgEla foSTer,77,Female,B-,Asthma,2020-07-24,Richard Ritter,Williams-Kim,UnitedHealthcare,22421.25,236,Emergency,2020-08-04,Ibuprofen,Normal
jOY SChROedER,82,Male,O-,Diabetes,2020-08-16,Ashley Vincent,LLC Ramos,Aetna,16385.47,237,Urgent,2020-08-20,Ibuprofen,Abnormal
AnNA MerrItt,58,Male,O+,Asthma,2020-11-06,Andrew Jackson,West-Mcdonald,Blue Cross,2671.24,139,Elective,2020-11-18,Ibuprofen,Inconclusive
karEN zAmOrA,52,Female,AB+,Asthma,2024-03-14,Elizabeth Foster,Brown-Young,Cigna,40494.09,352,Emergency,2024-04-04,Aspirin,Normal
jAmes gaRcIa,32,Female,AB+,Diabetes,2023-12-30,Michelle Davis,PLC Owens,Medicare,22056.68,126,Urgent,2024-01-11,Lipitor,Abnormal
sara bAIlEY,20,Male,B+,Cancer,2020-08-10,Keith Carter,LLC Bates,Cigna,9638.9,308,Elective,2020-08-27,Aspirin,Abnormal
aaRoN WrIghT,84,Male,A-,Hypertension,2021-07-06,Cynthia Robinson,"and Brown Martinez Johnson,",Aetna,47660.95,452,Elective,2021-07-24,Aspirin,Normal
LaNce WillIaMs,75,Male,O+,Asthma,2019-09-27,Brittany Howard,"Reyes Edwards, Mullen and",Medicare,2765.83,377,Urgent,2019-10-05,Aspirin,Normal
STEven HALL,71,Male,B+,Obesity,2024-02-26,Kimberly Sanders,"Lane Evans and Cooper,",Cigna,4088.45,421,Elective,2024-02-28,Lipitor,Abnormal
JaSoN jOhNsON,47,Female,AB+,Diabetes,2020-11-05,Linda Diaz,"and Montgomery Day Pierce,",Blue Cross,34468.36,279,Emergency,2020-11-30,Lipitor,Abnormal
aShleY GArciA,59,Male,O-,Cancer,2022-08-20,Jessica Evans DDS,Booth-Moore,Blue Cross,26795.69,182,Emergency,2022-09-01,Lipitor,Abnormal
Lance reid,76,Female,O-,Hypertension,2022-11-11,Ashley Wilson,Martin-Martinez,Blue Cross,23370.75,467,Elective,2022-12-06,Ibuprofen,Inconclusive
MiChaEL pRICe,20,Female,O+,Diabetes,2019-05-24,Annette Holt,"Dixon Smith, and Navarro",Aetna,34688.85,361,Emergency,2019-06-02,Aspirin,Normal
jeremy LOZAnO,85,Male,O-,Diabetes,2023-12-01,Cynthia Stark,Serrano Sons and,Medicare,28882.9,273,Emergency,2023-12-12,Aspirin,Normal
chRisTY NielsEN,42,Male,O+,Cancer,2020-04-22,Jessica Smith,"Thomas Jones and Hill,",UnitedHealthcare,31914.05,304,Elective,2020-05-15,Paracetamol,Inconclusive
HeAthEr DAvis,73,Female,A+,Cancer,2023-06-07,Steven Sutton,Mendoza-Wilson,Medicare,19391.54,466,Elective,2023-06-19,Penicillin,Abnormal
Mrs. LOri PerEZ,19,Female,B+,Cancer,2024-04-05,Sara Jimenez,"and Stone Booth, Garcia",Cigna,5954.73,408,Urgent,2024-04-09,Penicillin,Abnormal
BeTh PAdILla,29,Male,A+,Hypertension,2022-08-03,Jennifer Ray,Johnson-Nash,Blue Cross,10783.81,146,Elective,2022-08-15,Ibuprofen,Abnormal
anGElICA NAVarrO,71,Male,A-,Obesity,2020-03-29,Steven Watts,Nguyen-White,UnitedHealthcare,44706.98,167,Urgent,2020-04-02,Penicillin,Normal
sAMUel YAng,32,Female,O+,Hypertension,2019-12-31,Joshua Franklin,Serrano-Griffin,Medicare,50173.25,183,Elective,2020-01-20,Ibuprofen,Inconclusive
MELISsA MaRTin,65,Female,B-,Diabetes,2019-05-30,Timothy Sanders,Garcia-Warren,UnitedHealthcare,15263.69,415,Emergency,2019-06-16,Lipitor,Inconclusive
SAndrA boYeR,20,Male,AB+,Diabetes,2022-11-05,Joshua Garcia,Martinez-Solomon,Cigna,2120.44,224,Urgent,2022-11-17,Penicillin,Abnormal
nEil FLoReS,24,Female,A-,Hypertension,2024-01-03,Gabriella Castro,PLC Thomas,Cigna,31758.54,385,Urgent,2024-01-20,Penicillin,Abnormal
DIanE Nixon,26,Male,O-,Hypertension,2019-12-17,Lori Miller,Long-Jenkins,UnitedHealthcare,43673.73,134,Elective,2020-01-11,Lipitor,Inconclusive
brIAnnA LAM,29,Female,O+,Obesity,2019-12-30,Adam Richardson,"Hart and Winters, Giles",Cigna,34517.82,204,Emergency,2020-01-18,Penicillin,Inconclusive
janice BErGer,81,Female,O-,Hypertension,2022-10-13,Rachel Jackson,"and Cox Ibarra Perry,",Medicare,32827.62,176,Emergency,2022-10-27,Penicillin,Inconclusive
aMY HoWArd,55,Male,A+,Cancer,2020-01-24,Daniel Byrd,"and Rogers, Scott Ortega",Cigna,22334.07,428,Emergency,2020-02-08,Paracetamol,Normal
JAy WerNER,80,Female,AB-,Obesity,2022-08-31,Natasha Sutton,Collins-Tyler,Blue Cross,6971.63,161,Elective,2022-09-09,Ibuprofen,Inconclusive
jAson willIaMS,65,Male,O+,Hypertension,2019-08-14,Krista Peterson,Shaw-Blair,Blue Cross,43577.68,396,Elective,2019-09-11,Aspirin,Normal
SARah heRNAndeZ,38,Female,B+,Hypertension,2022-01-19,Timothy Hendricks,Whitaker-Wright,Aetna,27755.63,468,Elective,2022-01-23,Lipitor,Inconclusive
dOnAlD JOhnSON,45,Male,O-,Diabetes,2024-05-01,Nancy Thomas,"Smith, and Lowe Gross",Blue Cross,20257.98,134,Emergency,2024-05-30,Lipitor,Inconclusive
caRLA NEAl,21,Female,AB-,Obesity,2021-05-08,Kyle Martinez,Kelly-Williams,Blue Cross,47234.09,203,Urgent,2021-05-23,Ibuprofen,Inconclusive
JOCElyn MELENDeZ,53,Female,AB+,Arthritis,2019-12-28,Victoria Johnson,Ltd Reed,Cigna,30015.39,262,Elective,2019-12-29,Penicillin,Inconclusive
JAcQuELIne hAlL,33,Female,A-,Cancer,2023-08-12,Katherine Brown,"Santiago, and Keith Johnson",Aetna,6788.42,363,Emergency,2023-08-30,Paracetamol,Abnormal
lInDA ROMeRO,20,Female,AB+,Obesity,2024-02-24,Timothy Chan,Roth-Stephenson,Medicare,39493.67,262,Emergency,2024-03-04,Ibuprofen,Normal
JessICA nOrtoN,64,Female,AB+,Asthma,2019-09-05,Sheena Farley,LLC Hall,Medicare,23269.84,499,Urgent,2019-09-22,Penicillin,Abnormal
ScotT tATE,41,Male,O+,Arthritis,2024-01-13,William Burch,Rose-Brown,UnitedHealthcare,26028.64,415,Elective,2024-02-03,Ibuprofen,Normal
mITcHELl Stone,18,Female,B-,Hypertension,2023-03-08,Shawn Peters,Carter-Johnson,Cigna,10381.48,438,Emergency,2023-03-09,Lipitor,Inconclusive
BRaDLEY cOX,44,Female,A-,Arthritis,2023-07-24,Katherine Huerta,"and White, Martin Strickland",Medicare,41989.2,449,Elective,2023-08-16,Aspirin,Abnormal
nOAh lOwe,84,Male,AB-,Cancer,2023-09-06,Christopher Gonzalez,Carter-Estrada,Blue Cross,2091.77,159,Emergency,2023-09-24,Penicillin,Inconclusive
KeitH roDRigUEz,70,Male,A-,Diabetes,2023-08-13,Nicholas Carey,Weaver-Parker,Cigna,10614.89,360,Elective,2023-08-18,Aspirin,Normal
chrisTiNe marTinEZ,76,Female,A+,Arthritis,2024-04-05,Nicole Moses,Group Roberts,UnitedHealthcare,43022.49,155,Urgent,2024-04-16,Aspirin,Normal
DaVid LeviNE,59,Female,AB+,Asthma,2023-03-30,Mary Brown,Williams-Garcia,UnitedHealthcare,40998.76,163,Elective,2023-04-06,Aspirin,Abnormal
SHAwN WATson,83,Female,B-,Diabetes,2024-03-03,Trevor Hickman,Martinez-Gonzalez,UnitedHealthcare,3754.01,239,Elective,2024-03-21,Ibuprofen,Normal
rObyn gOoDman,74,Male,O-,Arthritis,2021-05-16,Craig Hamilton,Clark-Riley,Blue Cross,37012.87,211,Emergency,2021-05-21,Penicillin,Inconclusive
oLIVia joHNSon,63,Male,A-,Diabetes,2020-03-08,Michael Lyons,Stone Ltd,UnitedHealthcare,38142.4,202,Urgent,2020-03-13,Lipitor,Normal
TraVIS GaRreTT,30,Male,AB-,Hypertension,2023-03-22,David Johnson,White Inc,Cigna,29578.21,259,Urgent,2023-03-23,Aspirin,Abnormal
RyaN veGA,53,Male,A-,Hypertension,2020-10-08,Kelsey Dunn,Sons Acosta and,Medicare,41793.48,181,Elective,2020-10-29,Aspirin,Normal
KiMBerLY sMiTh,66,Female,A-,Obesity,2022-02-08,Kimberly Oliver,and Sons Meadows,Medicare,25823.1,416,Elective,2022-03-09,Paracetamol,Abnormal
chRiSTOpher Oliver,54,Male,O+,Diabetes,2023-10-15,Monica Santana,and Wilson Sons,Medicare,5104.71,205,Urgent,2023-11-09,Paracetamol,Normal
mArtha MoRrIS,30,Male,A-,Asthma,2022-11-03,Vickie Garcia,Herring-Watts,Medicare,38654.74,173,Elective,2022-11-13,Paracetamol,Abnormal
mELISSa hood,67,Male,O-,Hypertension,2023-01-18,Amanda Mcdaniel,"Kelly, Combs and White",Blue Cross,18728.76,279,Emergency,2023-01-29,Penicillin,Abnormal
DusTIn cOX,39,Male,AB+,Obesity,2019-09-26,Blake Garcia,"and Rogers Powell Bennett,",Aetna,21398.34,154,Elective,2019-10-02,Lipitor,Abnormal
JeNNIFEr rObERTs,83,Male,AB-,Obesity,2022-03-31,Timothy Bryant,Evans-Moses,Medicare,37424.91,338,Urgent,2022-04-04,Ibuprofen,Normal
KYle MORris,21,Male,B+,Diabetes,2022-12-19,Robert Jordan,Gutierrez-Medina,Blue Cross,9995.72,291,Elective,2023-01-02,Paracetamol,Normal
KAylA frederICk,39,Female,AB-,Cancer,2024-01-27,Holly Mitchell,"and Mejia Johnson Clark,",UnitedHealthcare,36973.34,270,Elective,2024-02-26,Paracetamol,Inconclusive
JAMes BaRrON,67,Male,AB-,Diabetes,2019-06-24,Gabriel Sanchez,Garcia-Ramos,Aetna,41216.62,325,Urgent,2019-07-03,Penicillin,Abnormal
lARrY watTS,77,Male,B-,Cancer,2023-02-07,Emily Miller,Newman-Barrera,Cigna,38466.65,312,Emergency,2023-02-19,Paracetamol,Normal
AlBeRT HEnSlEy Md,72,Female,A-,Hypertension,2022-11-20,Brandon Evans,"Martinez Leon, Washington and",Medicare,50066.07,278,Urgent,2022-12-02,Ibuprofen,Normal
aMAndA DurAN,45,Female,A+,Obesity,2020-02-08,David Cook,Ward-Gregory,UnitedHealthcare,43622.67,317,Urgent,2020-02-28,Penicillin,Inconclusive
jOSepH MASon,20,Female,A-,Hypertension,2024-03-12,Charles Ramirez,Lee-Bridges,Medicare,14779.84,310,Emergency,2024-03-26,Penicillin,Normal
KeNnetH torRes,68,Female,AB+,Obesity,2022-02-22,James George,Reese-Benjamin,Medicare,39205.29,110,Urgent,2022-03-04,Ibuprofen,Normal
ALiSOn PattErSoN,47,Male,O-,Hypertension,2021-08-20,William Johnston,"Wilson Hill and Ellison,",Cigna,28273.01,260,Emergency,2021-09-18,Paracetamol,Inconclusive
BRyaN SMith,40,Female,AB-,Asthma,2024-03-15,Laura Carter,PLC Wong,Blue Cross,8031.51,362,Elective,2024-03-24,Paracetamol,Inconclusive
JeRmaINe STEphEnS,60,Female,B+,Asthma,2020-02-15,Nicole Maldonado,Koch-Simpson,Aetna,8927.67,420,Urgent,2020-03-10,Aspirin,Inconclusive
JAmEs oconnELL,26,Male,B+,Cancer,2020-03-30,Kayla Cook,Jones Inc,UnitedHealthcare,18079.07,367,Elective,2020-04-29,Lipitor,Normal
jilL joRdAN,32,Male,B+,Hypertension,2022-11-21,Justin Evans,Williams-Pena,Aetna,21977.82,212,Emergency,2022-12-19,Ibuprofen,Abnormal
sARah maRTIneZ,45,Male,O-,Diabetes,2022-04-19,Molly Andrade,Fernandez-Parrish,Medicare,12781.96,298,Elective,2022-04-30,Paracetamol,Abnormal
dR. VaNEssa taYlOr Md,70,Male,AB-,Arthritis,2022-03-10,Anthony Hall,Harris Inc,Cigna,38445.86,392,Emergency,2022-03-18,Aspirin,Normal
saRah AlvAREz,64,Female,O-,Asthma,2020-01-28,Jessica Brown,"and Houston, Mitchell Davenport",Medicare,34977.28,176,Urgent,2020-02-03,Lipitor,Normal
anGelA mOOrE,30,Female,B-,Hypertension,2022-11-21,Jason Graves,Smith-Obrien,Aetna,41900.6,495,Elective,2022-11-30,Lipitor,Abnormal
dAVID GaRcIa,80,Female,O+,Asthma,2024-04-17,Emily Thompson,White-Terry,Cigna,21091.2,437,Urgent,2024-05-16,Aspirin,Inconclusive
dAVId GUErrA,25,Male,AB+,Hypertension,2021-01-05,Tanya Johnson,Marks Ltd,Cigna,43210.06,472,Elective,2021-01-23,Paracetamol,Abnormal
VALERIE tAylOr,25,Male,A-,Arthritis,2023-07-13,Angela Bullock,Warner-Ochoa,Blue Cross,44444.84,287,Urgent,2023-08-08,Penicillin,Inconclusive
cRistiNA le,70,Male,A-,Cancer,2023-08-17,Emily Blake,Ltd Ortega,Cigna,38686.99,408,Emergency,2023-08-19,Lipitor,Abnormal
rOBERT lONG,84,Male,A+,Arthritis,2022-05-24,Derek Fuentes,"Davis, and Foster Stanley",UnitedHealthcare,17826.61,276,Urgent,2022-06-23,Lipitor,Normal
jEsUS walKer,66,Female,AB-,Diabetes,2022-06-02,Mercedes Williams,Daniel Group,Cigna,22930.79,175,Urgent,2022-06-30,Ibuprofen,Abnormal
kEnnEtH SaNCHeZ,69,Male,B-,Obesity,2019-06-12,Dylan Reyes,"and Fitzgerald Wells Campbell,",Blue Cross,47313.71,116,Urgent,2019-07-04,Lipitor,Abnormal
sTePhaNIe coNTRerAs,70,Female,AB+,Asthma,2020-07-19,Kenneth Nichols,Jimenez-Shaw,Aetna,11002.0,348,Urgent,2020-08-11,Aspirin,Inconclusive
jonATHAn grEen,81,Female,A+,Arthritis,2024-05-02,Jason Hart,"Nelson, Rush and Moore",Aetna,1518.44,102,Urgent,2024-05-13,Lipitor,Abnormal
tARA ColLIns,73,Male,B+,Diabetes,2023-04-03,Brian Griffin,Jones Group,Aetna,32243.22,486,Emergency,2023-04-07,Aspirin,Inconclusive
KeNneth meJIa,72,Female,O+,Cancer,2023-09-24,Sue Zimmerman,Bennett Inc,Blue Cross,9293.88,283,Elective,2023-09-28,Paracetamol,Normal
dAvId lArsOn,43,Female,O-,Obesity,2024-04-01,Dan Perez,"and Phillips Thomas Richardson,",Aetna,21484.45,376,Elective,2024-04-15,Lipitor,Normal
edDIe loNG,39,Male,B-,Arthritis,2020-07-12,Juan Brown,Sims-Hudson,Aetna,5689.6,203,Urgent,2020-08-10,Ibuprofen,Normal
ANTONiO aYaLa,45,Female,A+,Cancer,2021-08-03,Jason Taylor,Ltd Burton,Cigna,9899.85,439,Elective,2021-08-20,Ibuprofen,Normal
Mary NguYen,39,Female,A+,Obesity,2021-03-04,Ashley Mcfarland,"Young and Barrera, English",Cigna,26105.49,112,Elective,2021-03-10,Lipitor,Inconclusive
nataLIe PETErSON,58,Male,A-,Arthritis,2024-01-04,Sarah Costa,LLC Delgado,Blue Cross,5136.3,268,Emergency,2024-01-30,Penicillin,Normal
mIcHAEL SuTTON,56,Male,O-,Asthma,2020-06-07,Sara Carroll,Taylor-Jarvis,Medicare,26570.72,318,Urgent,2020-07-01,Paracetamol,Inconclusive
rAY tAYlor,45,Male,AB+,Hypertension,2022-12-29,Jason Barrett,Cervantes-Sanchez,Aetna,10892.65,122,Urgent,2023-01-22,Penicillin,Inconclusive
jiLl TOwnseNd,76,Male,B+,Hypertension,2023-04-21,Laura Williams,LLC Craig,Blue Cross,8524.5,304,Urgent,2023-04-30,Lipitor,Normal
amy JohnsOn,85,Male,O-,Arthritis,2019-11-09,Ronald Phillips,Harvey-Cook,Cigna,45773.95,441,Elective,2019-12-09,Paracetamol,Inconclusive
bArRy REyNoLds,23,Male,AB+,Arthritis,2024-02-26,Mariah Lyons,Peterson LLC,Medicare,46866.74,345,Urgent,2024-03-16,Aspirin,Abnormal
KAiTlyn mckNIght,55,Male,B+,Hypertension,2021-02-13,Blake Perez,Gonzalez-Logan,Medicare,27214.39,377,Emergency,2021-03-04,Ibuprofen,Abnormal
tAnNEr rAYMOND,80,Female,B-,Cancer,2022-10-05,Michael Obrien,Inc Scott,Medicare,45074.49,319,Emergency,2022-10-16,Lipitor,Abnormal
jOhN trAvIs,66,Male,B-,Obesity,2019-11-17,Claire Gill,"Greene and Garcia, Wilson",Blue Cross,40929.59,397,Emergency,2019-12-07,Penicillin,Abnormal
cassaNDRA vASQuEZ,47,Male,AB+,Asthma,2023-07-10,Jerry Payne,Odonnell-Martin,Medicare,1371.18,169,Elective,2023-07-29,Paracetamol,Inconclusive
KeIth hUNT,22,Male,AB+,Asthma,2022-07-21,Chad Mcguire,Kelly-Smith,Cigna,31003.89,201,Urgent,2022-07-30,Paracetamol,Inconclusive
mArk colEMAN,77,Female,A+,Obesity,2022-10-31,Karla Miller,Lopez PLC,Blue Cross,26996.21,203,Elective,2022-11-17,Penicillin,Abnormal
SARah FRAZier,39,Male,A-,Diabetes,2020-02-18,Elizabeth Rodriguez MD,"Smith and Fisher, Gonzalez",Blue Cross,25197.8,141,Emergency,2020-03-14,Lipitor,Abnormal
ChRIsTiNE WALker,84,Female,AB-,Arthritis,2024-03-09,Valerie Lang,Inc Williams,UnitedHealthcare,44447.64,405,Emergency,2024-03-25,Aspirin,Inconclusive
Evan LOGAN,49,Male,B-,Cancer,2023-10-01,Darius Silva,White-Jackson,Cigna,19748.38,153,Elective,2023-10-16,Lipitor,Abnormal
vIctoRIA JACKson,41,Female,B-,Hypertension,2023-09-26,Evan Davis,Edwards-Johnson,Aetna,38244.86,131,Emergency,2023-10-23,Paracetamol,Abnormal
beNJAmIN HerrErA,23,Male,AB+,Obesity,2019-07-12,John Dickson,Chavez-Webster,Blue Cross,22022.02,284,Urgent,2019-07-31,Aspirin,Abnormal
MICHAEl hOlMeS,77,Female,B-,Arthritis,2019-05-28,April Williams,LLC Long,Cigna,18672.77,352,Elective,2019-06-16,Aspirin,Inconclusive
sTAceY cLARK,69,Male,A-,Asthma,2022-10-19,Michelle Rose,"Pitts Austin, Johnson and",Cigna,40928.1,419,Elective,2022-10-31,Ibuprofen,Inconclusive
MARc MilleR,77,Female,O-,Arthritis,2020-04-10,Samantha Woodward,"Reese, Diaz and Johnson",Blue Cross,12499.37,202,Urgent,2020-04-11,Paracetamol,Abnormal
anGElA tHOmpsOn,69,Female,B+,Hypertension,2020-01-15,Michelle Dunn,Kirk-Carlson,Aetna,8843.25,349,Emergency,2020-01-26,Lipitor,Normal
mEliSsa WIlsOn,69,Male,A-,Diabetes,2021-09-05,Diana Hartman,"Patrick, Munoz and Banks",Medicare,47263.32,256,Elective,2021-09-14,Aspirin,Abnormal
juLIE riChArdSOn,73,Male,AB-,Diabetes,2023-01-30,Stacy Pierce,"and Moore, Larson Moore",Blue Cross,21705.28,368,Urgent,2023-02-21,Ibuprofen,Abnormal
JENnIFer gRiffIn,53,Female,O+,Arthritis,2023-02-08,Rebekah Prince,"and Lamb, Fernandez Gomez",UnitedHealthcare,27779.5,402,Urgent,2023-02-26,Ibuprofen,Abnormal
james WILKINson,51,Female,O-,Asthma,2021-01-22,Christopher Mitchell,Bryant-Page,Medicare,21208.02,352,Elective,2021-02-17,Aspirin,Abnormal
saNDra oNeaL,21,Male,A-,Arthritis,2020-02-07,Shannon Crawford,PLC Fischer,Cigna,44455.98,120,Emergency,2020-02-09,Penicillin,Inconclusive
ERica malonE,36,Female,A+,Arthritis,2023-05-02,Noah Collier,"and Monroe, Murphy Deleon",Blue Cross,34994.3,319,Elective,2023-05-29,Penicillin,Normal
Laura stricKlAnd,49,Female,A-,Diabetes,2022-03-08,Anne Clayton,Kemp Sons and,UnitedHealthcare,47716.94,231,Emergency,2022-03-23,Penicillin,Inconclusive
JENNIFER COlLINs,43,Female,O-,Cancer,2023-10-28,Amy Fernandez,Davila Ltd,Blue Cross,5005.78,460,Elective,2023-11-17,Aspirin,Inconclusive
yvETTE bARNEtt,23,Female,AB+,Diabetes,2021-02-04,Latoya White,Johnson LLC,UnitedHealthcare,33117.97,254,Emergency,2021-02-09,Paracetamol,Abnormal
AnTHoNY lopeZ,70,Female,A-,Arthritis,2022-05-05,Rachel Johns,Stone Ltd,Aetna,27715.29,261,Emergency,2022-05-06,Lipitor,Abnormal
aLExIS McDoWeLl,67,Male,O+,Asthma,2023-08-31,Jeff Lyons,Nichols-Collins,Blue Cross,13810.84,341,Elective,2023-09-26,Lipitor,Abnormal
STEVen guzmaN,53,Male,O-,Hypertension,2021-02-21,Emma Le,Inc Green,UnitedHealthcare,13106.72,215,Elective,2021-03-13,Aspirin,Abnormal
AnTHONY CArrILLO,83,Female,AB-,Hypertension,2021-05-25,Jacob Harris,Sons Hunt and,Blue Cross,26435.26,131,Urgent,2021-06-23,Penicillin,Inconclusive
AShley hANeY,25,Male,A+,Arthritis,2019-09-30,Judith Stark,Miller PLC,UnitedHealthcare,9161.43,319,Elective,2019-10-09,Penicillin,Abnormal
BreNda GuErreRo,63,Female,AB+,Asthma,2020-04-21,Gabriel Sampson,"Parker and Stokes Jimenez,",UnitedHealthcare,28210.99,209,Elective,2020-04-22,Penicillin,Inconclusive
JustiN rHodES,57,Female,AB+,Obesity,2022-06-23,Julie Smith,Inc Park,UnitedHealthcare,27292.28,140,Urgent,2022-07-08,Lipitor,Normal
kATRIna bLaNKEnSHIp,73,Female,A+,Arthritis,2021-11-13,Jenna Dominguez,"White, Wallace Thompson and",Aetna,35101.36,227,Urgent,2021-11-21,Aspirin,Inconclusive
jOhnnY CArLSon,21,Female,A-,Diabetes,2024-03-14,Billy Kelley,Moses-Randall,Aetna,8690.27,232,Urgent,2024-04-11,Ibuprofen,Inconclusive
keLly bRown,36,Male,O+,Asthma,2020-09-16,Kayla Sutton,"Copeland, and Crawford Stark",UnitedHealthcare,17625.27,392,Elective,2020-09-27,Aspirin,Abnormal
NANCy lopez,50,Male,O-,Arthritis,2023-10-22,Dr. Denise Diaz,Ltd Shelton,Aetna,7161.52,244,Elective,2023-11-13,Penicillin,Inconclusive
stEveN roDrigUeZ,67,Female,A+,Hypertension,2019-10-25,Richard Whitaker,Bishop-Taylor,Blue Cross,29614.06,251,Emergency,2019-10-26,Lipitor,Normal
JENNIfEr kNighT,74,Female,O+,Obesity,2019-05-10,Wendy Nichols,Young-Humphrey,Blue Cross,45466.56,487,Urgent,2019-05-11,Ibuprofen,Inconclusive
sHERrY JaMEs,31,Female,B+,Asthma,2021-09-20,Sean Chambers,Gilbert-Morales,Blue Cross,30108.94,158,Urgent,2021-10-11,Lipitor,Normal
JoEl MOrGAN,75,Female,AB+,Arthritis,2022-03-19,John Walker,Kim-Smith,Medicare,263.3,189,Elective,2022-04-06,Penicillin,Normal
JaNiCe RoY,67,Male,A+,Diabetes,2023-07-12,Kristine Lozano,"Carr Lewis, Robertson and",Medicare,37910.88,367,Elective,2023-07-28,Penicillin,Inconclusive
dENNis clArK,53,Female,A+,Hypertension,2021-05-19,Olivia Bradshaw,"Perry Mills Anderson, and",Medicare,48811.13,334,Emergency,2021-06-05,Aspirin,Inconclusive
vanessa lE,52,Male,A+,Arthritis,2022-12-16,Michelle Serrano,Hale-Livingston,Blue Cross,31287.04,116,Urgent,2022-12-26,Penicillin,Abnormal
SANdRa dANiELs,83,Male,O+,Hypertension,2019-06-17,Tina Graham,Benjamin Inc,Cigna,34217.65,423,Urgent,2019-07-10,Penicillin,Abnormal
kATrinA mILLer,70,Male,AB+,Obesity,2021-01-13,Brian Smith,Burns-Smith,Blue Cross,27968.37,296,Urgent,2021-01-20,Aspirin,Abnormal
toNYa OnEal,68,Male,AB-,Cancer,2023-04-25,Paul Stevenson,LLC Blanchard,Aetna,9540.68,222,Emergency,2023-05-22,Lipitor,Inconclusive
breNDa RoBERsoN,49,Female,B+,Diabetes,2019-11-24,Leslie Kennedy,Day-Barrett,Medicare,40130.26,447,Emergency,2019-12-18,Lipitor,Abnormal
emmA CoRtez,66,Male,O-,Diabetes,2022-09-07,Adam Green,Rodriguez Inc,Blue Cross,30107.94,173,Elective,2022-10-04,Ibuprofen,Abnormal
SAMANthA wHeeLer,82,Male,AB+,Arthritis,2021-06-03,Casey Wilson,Sanchez-Bailey,Cigna,3464.4,161,Emergency,2021-07-03,Paracetamol,Inconclusive
Stacey RodrIguEZ,50,Male,O-,Cancer,2024-03-02,Dorothy Burke,PLC Davis,Aetna,9434.76,372,Elective,2024-03-19,Aspirin,Inconclusive
THOMaS osboRn,36,Male,B-,Asthma,2021-03-27,Abigail Wright,Mclean-Levy,UnitedHealthcare,9177.02,239,Urgent,2021-04-02,Ibuprofen,Normal
KEVin rose,84,Male,O+,Cancer,2021-04-12,Caleb Hernandez,Ltd Henry,Medicare,36198.32,406,Urgent,2021-04-22,Penicillin,Abnormal
andrEa ColliNs,37,Female,B+,Diabetes,2021-05-09,David Young,Horne Ltd,Cigna,15433.39,162,Urgent,2021-06-06,Penicillin,Abnormal
hEAThER PARsoNS,73,Female,B+,Asthma,2021-04-02,Jorge Carlson,Green PLC,UnitedHealthcare,6829.55,168,Elective,2021-04-07,Aspirin,Inconclusive
doNaLD mcINTYRe,72,Male,AB-,Hypertension,2021-01-19,Linda Carter,White-Phillips,Cigna,48820.48,107,Elective,2021-02-17,Lipitor,Inconclusive
dAviD MArtINEZ,44,Male,O-,Obesity,2020-12-29,Alicia Smith,"and Solis Fisher Davidson,",Aetna,47560.09,450,Urgent,2021-01-17,Lipitor,Abnormal
KEVIn bRowN,30,Male,AB+,Cancer,2021-05-14,Oscar Gibson,"Robbins and Morales Fry,",Aetna,42141.56,297,Urgent,2021-05-19,Aspirin,Abnormal
asHLeE DaNIEl mD,69,Male,A-,Asthma,2020-11-17,Kristin Hernandez,"Garcia and Stone Hamilton,",Cigna,46067.27,297,Emergency,2020-12-06,Paracetamol,Normal
samanTHA SMIth,68,Female,B-,Cancer,2022-04-11,Sean Lawson,"Camacho, and Jones Young",Medicare,22442.44,172,Elective,2022-05-05,Ibuprofen,Normal
DianE MOrRiSon,72,Male,AB-,Obesity,2022-12-23,Michael Romero,"Rodriguez and Taylor Sanchez,",UnitedHealthcare,32679.28,382,Elective,2023-01-10,Aspirin,Normal
vIcToR BENJAmiN,82,Male,B+,Cancer,2022-07-02,Derek Meza,Brandt PLC,Aetna,9432.99,493,Elective,2022-07-06,Penicillin,Normal
DEniSe thOmAs,32,Female,B+,Obesity,2020-09-12,Alexandria Bridges,Ltd Jackson,Blue Cross,23392.21,318,Emergency,2020-09-19,Lipitor,Normal
joRDAn ClarK,83,Female,B+,Cancer,2022-08-31,Dana Allison,Mcneil-Fernandez,UnitedHealthcare,40703.58,206,Elective,2022-09-12,Paracetamol,Normal
MaKAyLA aRcher,36,Male,AB+,Asthma,2020-11-28,Jennifer White,Dorsey-Black,Cigna,38630.96,173,Urgent,2020-12-06,Penicillin,Abnormal
thOMaS sAmpSoN,84,Male,O+,Asthma,2021-08-26,Vanessa Perez,"Ward Mcdaniel, and Cowan",Blue Cross,27094.32,427,Urgent,2021-09-21,Lipitor,Abnormal
ChrIStopheR MaSON,78,Female,O-,Obesity,2021-04-07,Pam Hensley,Fernandez-Vasquez,Aetna,19336.59,231,Emergency,2021-04-20,Ibuprofen,Abnormal
FERNanDo PeReZ,62,Male,O+,Diabetes,2024-02-04,Jason Weaver,"and Ramirez Richards, Lyons",Blue Cross,23079.89,164,Elective,2024-02-22,Aspirin,Abnormal
bRenT mcLeAN,22,Female,B+,Diabetes,2019-12-28,Karl Diaz,"Sheppard Roberts, Dougherty and",Cigna,33146.92,259,Elective,2020-01-08,Lipitor,Inconclusive
CRaIg MuLLins,55,Female,AB+,Diabetes,2020-07-21,Jennifer May,Thompson-Ritter,Aetna,1631.55,336,Urgent,2020-07-29,Penicillin,Inconclusive
michAel heRNandez,39,Male,B-,Cancer,2022-03-25,Derek Phillips,Simpson and Sons,Cigna,8052.83,233,Emergency,2022-04-15,Penicillin,Inconclusive
dUStIN PERry,79,Male,O+,Cancer,2020-12-12,Diana Jimenez,"Kane Stevens, and Harris",Medicare,40396.59,132,Elective,2021-01-04,Lipitor,Abnormal
KEVIN WiLsON,28,Male,B-,Cancer,2022-05-18,Christian Rocha,Johnson PLC,Aetna,42769.33,157,Urgent,2022-06-08,Ibuprofen,Abnormal
MckEnzIE peRRY,44,Male,O-,Cancer,2020-09-24,Randy Daniel,"Hartman, Shaffer Thomas and",Blue Cross,13556.96,313,Emergency,2020-10-19,Lipitor,Normal
joHn CasTrO,62,Male,AB-,Arthritis,2019-07-29,Brandy Burns,LLC Gardner,Aetna,9938.82,138,Emergency,2019-08-19,Ibuprofen,Abnormal
AshLEY ZiMmeRmAn,28,Male,O-,Diabetes,2022-12-31,Kevin Mcclure,Butler-Taylor,Cigna,14120.18,263,Elective,2023-01-28,Penicillin,Inconclusive
MichELle BROWn,53,Male,O-,Hypertension,2023-04-06,Mike Smith,Wallace Ltd,Blue Cross,29993.49,111,Elective,2023-05-02,Paracetamol,Abnormal
STEVEn tURNEr,49,Male,O+,Diabetes,2023-11-23,Michael Brown,Ward-Mccall,Blue Cross,9270.67,158,Emergency,2023-12-17,Penicillin,Abnormal
chErYL ClaRK,22,Male,B-,Obesity,2023-02-12,Shawn Hanna,"and Collins Mcdaniel Morgan,",Blue Cross,37874.62,146,Urgent,2023-02-25,Paracetamol,Normal
aLYSsa HArpeR,30,Male,A-,Hypertension,2022-07-26,Alexandra Hayes,Watson-Pugh,Aetna,40606.79,244,Emergency,2022-07-28,Aspirin,Abnormal
CARmEN GrEenE,78,Female,AB-,Hypertension,2020-10-08,Krista Porter,Johnson-Banks,Blue Cross,17933.84,420,Elective,2020-10-27,Ibuprofen,Inconclusive
dorIS mIlLeR,50,Female,O-,Obesity,2022-12-16,Jennifer May,Noble-Rivera,Medicare,48574.84,108,Urgent,2022-12-26,Ibuprofen,Abnormal
kARen dixON,65,Female,B+,Arthritis,2019-10-11,Anthony Dennis,Mills-Smith,Blue Cross,34220.97,394,Elective,2019-10-15,Paracetamol,Abnormal
RObERT daWsoN,57,Female,A+,Diabetes,2023-02-06,Jennifer Hunt,Huber-Martin,UnitedHealthcare,40234.98,234,Elective,2023-02-27,Ibuprofen,Inconclusive
JaMiE ChaNDlEr,73,Male,A-,Hypertension,2020-02-09,Craig Cox,Blake-Davis,Medicare,13445.56,410,Urgent,2020-02-16,Ibuprofen,Abnormal
SheILA joRdan,75,Female,O+,Cancer,2020-10-12,Darlene Poole,"Harrison Johnson Miller, and",Medicare,7556.51,174,Emergency,2020-11-03,Lipitor,Abnormal
MAttHEW RodrIGuez,37,Male,B+,Cancer,2019-06-13,Emily Jensen,Haley PLC,Blue Cross,30150.04,224,Elective,2019-07-05,Ibuprofen,Inconclusive
dUsTIN GuTiErrEZ,83,Female,AB-,Asthma,2019-11-27,Daniel Campos,Lin-Herrera,Blue Cross,42476.53,130,Urgent,2019-12-05,Lipitor,Abnormal
gARREtt MAXWeLl,62,Female,AB-,Cancer,2022-10-11,Kevin Martin,"and Hopkins Holland Murphy,",Aetna,34403.72,259,Elective,2022-10-28,Penicillin,Abnormal
brAD brOWN,24,Male,A+,Arthritis,2019-08-10,Paula Miller,Jackson LLC,Blue Cross,21189.44,304,Elective,2019-08-18,Penicillin,Inconclusive
AlisON RoSE,81,Female,B+,Diabetes,2020-06-22,Robert Wright,"Young and Conway, Ross",Aetna,20225.62,234,Emergency,2020-06-28,Penicillin,Abnormal
cAtheRinE peTERSON,42,Female,A+,Arthritis,2022-06-24,Rachel Smith,Ltd Peterson,UnitedHealthcare,41829.49,229,Urgent,2022-07-07,Lipitor,Abnormal
KAtHleEn CHen,34,Male,AB-,Asthma,2019-08-31,Louis Scott II,Jackson-Webb,Cigna,12780.26,313,Emergency,2019-09-17,Ibuprofen,Normal
christOPHer kElLer,80,Male,B-,Obesity,2019-07-10,Todd White,"and Kim, Kennedy Brennan",Cigna,50496.83,136,Emergency,2019-07-31,Aspirin,Abnormal
Latoya JEnsEN,74,Male,AB+,Arthritis,2022-01-02,Natalie Little,Williams-Peterson,Cigna,14522.55,384,Urgent,2022-01-10,Ibuprofen,Normal
erIn BLAir,38,Male,O+,Cancer,2022-04-07,Christian Todd,"Preston and Wilson Arnold,",UnitedHealthcare,33999.27,104,Emergency,2022-04-16,Aspirin,Normal
stACY GIlberT,82,Female,AB+,Arthritis,2023-07-22,David Allen,PLC Zamora,Blue Cross,33006.16,118,Urgent,2023-08-07,Lipitor,Normal
briAn mILLEr,36,Male,O+,Asthma,2022-05-11,Timothy White,Tran-Bryant,Medicare,3953.43,388,Elective,2022-05-26,Penicillin,Abnormal
JennIfEr gLAsS,34,Female,AB+,Cancer,2023-05-14,Christopher Williams,Fitzgerald-Miller,Blue Cross,41577.52,133,Emergency,2023-05-31,Lipitor,Inconclusive
beth MArtin,83,Female,AB-,Cancer,2021-03-22,Anthony Jones,Webster-Flores,UnitedHealthcare,26084.51,493,Urgent,2021-04-18,Lipitor,Abnormal
AlejaNDrO lopez,82,Male,AB+,Obesity,2019-09-12,Christina Wolf,Ortiz-Smith,Cigna,36980.88,278,Elective,2019-10-10,Ibuprofen,Normal
MRS. haNnaH WHItE,61,Male,B+,Obesity,2021-03-28,Kimberly Williams,"Gray Snyder and Perez,",Aetna,21854.13,166,Urgent,2021-04-11,Penicillin,Normal
DeNIse jOHNsOn,63,Female,A-,Diabetes,2023-06-12,Lee Scott,"Jordan, Franklin and Jackson",Blue Cross,9837.44,342,Urgent,2023-06-13,Ibuprofen,Normal
dEbrA pErRY,49,Female,B-,Hypertension,2022-04-06,Jacob Fowler,"and Howard Fuller, Friedman",Cigna,5809.53,476,Elective,2022-05-03,Penicillin,Abnormal
anDrea MillER,77,Female,O-,Hypertension,2024-05-03,Michael Fuentes,"Thomas, and Hatfield Wright",Cigna,15571.17,340,Emergency,2024-05-25,Lipitor,Abnormal
SAmaNTHa mURPHy,44,Female,O+,Asthma,2021-10-11,Kevin Chambers III,Palmer Group,Blue Cross,31585.61,478,Elective,2021-10-15,Ibuprofen,Abnormal
kRIStEn JOhnsOn,78,Female,B+,Hypertension,2020-04-01,Edward Webster,Dudley-King,Aetna,50017.37,480,Urgent,2020-04-14,Aspirin,Normal
rObeRt halL PHD,72,Female,B-,Hypertension,2021-08-06,Jackson Simpson,Martin and Sons,Blue Cross,27711.78,451,Elective,2021-08-24,Penicillin,Inconclusive
alEXandrA ZiMmErmaN,64,Male,A+,Cancer,2019-05-20,Joseph Anderson,Webb Inc,Cigna,24657.34,433,Emergency,2019-05-21,Penicillin,Inconclusive
MicheLle JoHNSon,41,Male,AB+,Cancer,2021-09-30,Bobby Mejia,"Sandoval Roberts, Moore and",Aetna,32312.02,232,Urgent,2021-10-21,Penicillin,Normal
NicHOLAS ManniNG,52,Female,AB-,Obesity,2021-08-02,Joseph Davis,Johnston-Sharp,Medicare,40929.69,464,Elective,2021-08-10,Ibuprofen,Normal
ShirLEY SMiTh,80,Male,O+,Diabetes,2019-09-12,Kimberly Mitchell,Harris-Hooper,Aetna,35913.87,320,Urgent,2019-10-05,Penicillin,Normal
roBErt aDaMS,50,Female,AB+,Arthritis,2022-06-30,Matthew Hendricks,"and Brown Bennett Watson,",Medicare,44396.42,389,Elective,2022-07-22,Penicillin,Normal
LaUrEN HIll,22,Female,O+,Cancer,2023-08-08,Tony Simmons,Clark PLC,Cigna,32607.3,426,Elective,2023-08-09,Ibuprofen,Abnormal
Scott VaZqUEz,74,Male,B+,Diabetes,2023-04-12,Edward Yates,James Ltd,Medicare,-135.99,445,Elective,2023-05-03,Ibuprofen,Abnormal
sArAH BRYAnT,23,Male,AB+,Diabetes,2022-12-06,Joseph Robbins,"Bell, and Rodriguez Gutierrez",Cigna,48558.88,220,Emergency,2022-12-08,Ibuprofen,Inconclusive
antHoNY hOlmEs,36,Male,AB-,Cancer,2022-05-12,Paul Hardy,Bates Inc,Aetna,45905.66,112,Elective,2022-06-11,Lipitor,Abnormal
ShElBy DIcKERSoN Dvm,65,Male,B+,Arthritis,2021-01-29,Douglas Murphy,and West Sons,Blue Cross,33875.66,425,Urgent,2021-02-10,Ibuprofen,Abnormal
CaTHERiNe jOsEPH,46,Female,AB-,Obesity,2019-06-04,Eric Martin,Rodgers Ltd,Cigna,39261.38,455,Urgent,2019-06-11,Penicillin,Inconclusive
chaRlES reEd,23,Male,O+,Obesity,2019-06-26,Angelica Davis,"and Browning, Dawson George",Cigna,42862.28,282,Emergency,2019-07-16,Ibuprofen,Inconclusive
BReNDA MILLER,74,Male,A-,Diabetes,2019-09-11,Shannon Silva,Roberts Ltd,Blue Cross,38354.78,406,Urgent,2019-09-12,Aspirin,Abnormal
ThomaS bLANkenSHiP,42,Female,B+,Asthma,2023-01-14,William Miller,"Torres Williams Roberts, and",Blue Cross,24503.27,285,Urgent,2023-01-25,Paracetamol,Normal
ChriStIAN MEyEr,58,Male,A-,Diabetes,2021-04-06,Jonathan Crawford,"Booth, and Johnson Smith",Cigna,25665.34,221,Emergency,2021-04-19,Paracetamol,Normal
pAUL mYers,40,Female,A-,Obesity,2021-09-07,Steven Little,Johnson Inc,Cigna,30134.5,173,Urgent,2021-10-01,Paracetamol,Abnormal
wEslEY LEvY,63,Female,AB+,Asthma,2020-11-14,Shane Lyons,Obrien-Gallagher,UnitedHealthcare,2530.24,468,Elective,2020-11-21,Ibuprofen,Inconclusive
dyLan aCOsTA,25,Male,A-,Obesity,2024-02-16,Ethan Lewis,"Wright Torres, Murray and",Aetna,33025.4,255,Urgent,2024-02-21,Paracetamol,Inconclusive
CoRy SANToS,29,Female,O-,Asthma,2023-02-22,Travis Irwin,LLC Jimenez,Blue Cross,1038.34,484,Elective,2023-03-24,Aspirin,Inconclusive
DwaynE LOWE,80,Female,B-,Diabetes,2024-02-12,Justin Bush,Long-Gonzales,Aetna,7249.42,151,Emergency,2024-03-04,Paracetamol,Normal
KatIE turNeR,20,Female,O+,Arthritis,2019-05-22,Charles Hines,"and King Greene Lang,",Aetna,21761.03,373,Elective,2019-06-10,Aspirin,Abnormal
Ashley wIllIAMs,25,Male,B+,Asthma,2023-03-18,Sydney Smith,Pearson-Allen,Cigna,48297.09,346,Elective,2023-04-03,Paracetamol,Normal
JIlLiAn SteWART,78,Male,O-,Hypertension,2024-01-16,Steve Adams,"Sellers Woods Burgess, and",UnitedHealthcare,40104.84,449,Elective,2024-01-28,Aspirin,Inconclusive
deAN lAmBERt,58,Female,AB-,Obesity,2023-08-11,Tara Rhodes,Inc Brown,UnitedHealthcare,45076.44,337,Emergency,2023-09-01,Ibuprofen,Inconclusive
MEGAN maTHeWS,53,Male,A-,Obesity,2023-01-30,Mary Vargas MD,Hill-Duran,UnitedHealthcare,29618.89,491,Urgent,2023-02-16,Lipitor,Abnormal
NiCOLe NOvaK,67,Male,O+,Asthma,2020-06-17,Autumn Smith,"Smith, Zamora Graham and",Blue Cross,33365.22,130,Elective,2020-07-13,Penicillin,Abnormal
kElLy dAvIDSOn,20,Female,AB+,Diabetes,2020-03-05,Alejandra Palmer,Kelly-Clark,Blue Cross,3626.06,376,Elective,2020-03-21,Ibuprofen,Abnormal
bRiaNA WilLiams,34,Male,AB-,Diabetes,2020-09-23,Tonya Johnson,Wilson-George,Blue Cross,6737.38,213,Elective,2020-10-08,Ibuprofen,Inconclusive
niCOlE rUiz,38,Male,B+,Arthritis,2024-04-29,Brian Chavez,Perkins-Chang,Blue Cross,41733.73,438,Emergency,2024-05-21,Aspirin,Inconclusive
MIcHAeL BowmAN,62,Male,O+,Diabetes,2023-05-31,Ms. Ashley Johnson MD,"Ramirez and Baker Cox,",Medicare,48577.09,327,Elective,2023-06-21,Ibuprofen,Inconclusive
Tina GRifFiN,49,Male,B+,Obesity,2023-06-07,Miss Mary Russell,"Vazquez, Coleman and Wallace",Cigna,44117.42,461,Emergency,2023-06-14,Lipitor,Normal
thOmAS pereZ,22,Female,B+,Hypertension,2019-08-03,Tracy Santos,"Weeks and Robinson, King",Blue Cross,32329.44,202,Urgent,2019-08-18,Penicillin,Normal
ALiSHA cantreLl,39,Male,B-,Obesity,2023-01-11,Catherine Mora,Quinn LLC,Cigna,44470.46,480,Urgent,2023-02-03,Aspirin,Normal
eDgAR Bailey,65,Male,AB+,Asthma,2022-06-19,Christine King,"and Graham Higgins, Bell",Blue Cross,22281.77,317,Emergency,2022-06-29,Ibuprofen,Normal
nIcolAS ramIreZ,54,Male,O+,Obesity,2019-11-16,Daniel Miller,"Jordan Gallagher, and Reid",Medicare,33442.02,144,Emergency,2019-11-26,Paracetamol,Inconclusive
JefFRey BROwn,80,Male,B-,Cancer,2019-10-24,Jose Davenport,Reed-Ray,UnitedHealthcare,30363.64,413,Emergency,2019-11-14,Paracetamol,Inconclusive
sCOTT walsH,50,Male,AB+,Asthma,2023-09-14,Mrs. Ashley Miller,"and Patterson, Lam Coleman",Aetna,14194.19,471,Urgent,2023-10-09,Aspirin,Inconclusive
SEAN steWarT,47,Male,B-,Hypertension,2022-12-23,James Lozano,King Inc,Medicare,37188.61,500,Elective,2023-01-01,Lipitor,Inconclusive
KEnNeth hart,50,Male,A-,Asthma,2020-01-05,Maria Norton,Rivera-Scott,Cigna,6571.05,391,Urgent,2020-01-14,Aspirin,Abnormal
YveTTE MaNN,78,Female,O+,Asthma,2021-10-24,Steven Mason,Schultz-Mccullough,UnitedHealthcare,23109.87,268,Elective,2021-10-29,Paracetamol,Inconclusive
dR. MICHAEl eriCKson,71,Male,AB+,Diabetes,2021-10-10,Julie Boyd,PLC Todd,Aetna,5430.03,196,Emergency,2021-10-22,Aspirin,Inconclusive
KriStINa BartOn,57,Female,AB-,Asthma,2019-10-09,Lisa Henderson,"and Martinez, Shaw Abbott",Medicare,12825.91,415,Elective,2019-10-23,Lipitor,Inconclusive
JOHN LOPeZ,36,Male,AB+,Cancer,2023-02-12,James Myers,Brown-Taylor,Medicare,44089.55,273,Emergency,2023-02-15,Paracetamol,Abnormal
MEgAn jONEs,40,Female,B-,Asthma,2024-03-12,John Gray,LLC Nguyen,Aetna,4814.92,435,Urgent,2024-04-08,Paracetamol,Inconclusive
domINIque benneTT,76,Male,B-,Cancer,2020-09-06,Christopher Mccann,"and Blankenship Robbins Turner,",Blue Cross,9729.33,413,Elective,2020-09-18,Aspirin,Inconclusive
chrIStOPheR bARtoN,78,Female,AB+,Obesity,2024-01-29,Sandra Ferguson,Wolfe Sons and,Medicare,29356.89,425,Urgent,2024-02-24,Ibuprofen,Abnormal
JESSe fORD,24,Female,AB+,Diabetes,2021-04-02,Kelly Chang,Inc Rodriguez,Blue Cross,3244.19,425,Emergency,2021-04-13,Paracetamol,Normal
aNNa COLeMaN,84,Female,O-,Asthma,2022-07-12,Amy Bullock,Robertson-Kaiser,Blue Cross,47750.02,443,Urgent,2022-08-06,Aspirin,Normal
ZaCHARy mCCARtY,76,Female,O+,Cancer,2022-03-03,Marcus Strong,"Moore, Gallegos and Smith",UnitedHealthcare,14023.1,355,Elective,2022-03-16,Penicillin,Inconclusive
weNdY pEnNiNgtON,49,Male,AB-,Arthritis,2021-04-05,Michael Rhodes,David-Sellers,Medicare,14735.41,398,Emergency,2021-04-07,Lipitor,Normal
elLen cASEy,84,Male,AB+,Obesity,2023-07-13,Casey Hodges,Edwards Ltd,Aetna,3960.75,162,Urgent,2023-08-10,Aspirin,Abnormal
WiLlIam gonzALES,63,Female,B-,Diabetes,2021-08-22,Rachel Brennan,Rivera-Holland,Cigna,4520.48,243,Elective,2021-09-11,Ibuprofen,Abnormal
ANgeLiCa Hall,62,Male,A-,Arthritis,2022-09-14,John Carr,Inc Price,Medicare,47279.47,234,Elective,2022-09-30,Lipitor,Inconclusive
KAITlyN cRUZ,61,Male,A+,Obesity,2022-07-24,Holly Martin,"and Marshall Harris Marks,",Cigna,34840.94,109,Emergency,2022-08-08,Penicillin,Abnormal
PAuLA flOrEs,65,Male,A+,Arthritis,2020-02-02,Kristen Chambers,Villegas-Mccoy,Blue Cross,7693.31,470,Elective,2020-02-12,Ibuprofen,Normal
mICHaEl mCCoY,48,Female,AB+,Obesity,2021-11-12,Chelsea Woods,"Gregory Hudson, Romero and",Medicare,21810.83,337,Urgent,2021-12-05,Ibuprofen,Inconclusive
AntHoNy SMItH,80,Male,AB-,Arthritis,2022-02-04,Carrie Stokes,Hernandez-Webster,Aetna,33289.82,338,Elective,2022-02-05,Lipitor,Abnormal
DavId MAtThewS,25,Male,AB+,Diabetes,2020-11-25,Stephanie Butler,Group Walker,Blue Cross,9629.72,496,Elective,2020-12-14,Penicillin,Normal
laUrA muRpHY,41,Male,A-,Cancer,2020-01-20,Bradley Cook,"and Small, Crane Hill",Medicare,23337.39,485,Elective,2020-01-31,Ibuprofen,Normal
cOurtNeY pETerS,72,Female,A+,Asthma,2021-07-31,Michael Rollins,Hansen-Travis,Aetna,28834.07,487,Elective,2021-08-11,Penicillin,Abnormal
megHAn ADAMS,39,Male,O-,Diabetes,2019-05-15,Daniel Reed,Harris-Snyder,Medicare,18832.77,458,Elective,2019-06-14,Paracetamol,Inconclusive
MITchell OrtEga,31,Male,O-,Hypertension,2023-12-12,Mr. John Gonzales,"Lee Rodriguez Hobbs, and",Aetna,34215.37,450,Elective,2023-12-16,Lipitor,Abnormal
REbeCCa wEsT,42,Female,B-,Obesity,2021-01-15,Miss Kristen Valdez,Sons Parker and,Medicare,33587.37,232,Elective,2021-02-01,Paracetamol,Inconclusive
ChRisTOpHeR leonArD,22,Female,O-,Cancer,2022-10-20,Laura Reed,"and Reed Williams, Hernandez",Aetna,49693.37,191,Emergency,2022-10-27,Lipitor,Abnormal
Todd NeAL,85,Female,AB+,Hypertension,2023-04-12,Brittany Beltran,"Peters, and Olson Herman",Aetna,3594.22,156,Emergency,2023-04-21,Aspirin,Inconclusive
TiMotHY garcia,80,Male,A+,Obesity,2021-03-26,Thomas Hammond,Inc Castro,UnitedHealthcare,8603.23,202,Urgent,2021-04-06,Penicillin,Abnormal
Vanessa fIeLDs,35,Female,AB+,Hypertension,2023-09-08,Aaron Williams,Wong-Ho,Blue Cross,42819.65,109,Urgent,2023-09-30,Paracetamol,Abnormal
RObeRt smiTh,80,Female,A-,Hypertension,2022-01-27,Rachel Smith,and Sons Mcclain,Aetna,6302.46,270,Elective,2022-02-24,Lipitor,Normal
KaitLin adAMs,58,Male,B-,Asthma,2022-03-08,Donna Green,PLC Kim,Blue Cross,24122.02,166,Emergency,2022-03-15,Paracetamol,Normal
zAchARy JeFFERSOn,37,Female,O-,Hypertension,2019-08-19,Heather Luna,Aguilar-Silva,UnitedHealthcare,9169.67,303,Urgent,2019-09-05,Ibuprofen,Normal
jaCOB prIcE,78,Female,A-,Hypertension,2022-06-29,Kimberly Williams,Brown-Blair,Medicare,15782.14,481,Emergency,2022-07-01,Penicillin,Inconclusive
RosS baker,82,Male,AB+,Obesity,2024-04-18,Christopher Clements,Miller LLC,UnitedHealthcare,27382.51,214,Urgent,2024-05-10,Ibuprofen,Abnormal
scOtT BOyle,37,Male,AB+,Cancer,2023-08-17,Brian Larson,"and Howard Ward, Jordan",Cigna,47806.0,266,Elective,2023-09-16,Paracetamol,Abnormal
DESTInY TaYlor,52,Male,A-,Diabetes,2023-06-05,Scott Baker,Bailey Inc,Aetna,3813.73,267,Elective,2023-06-21,Penicillin,Inconclusive
SanDRa waSHINGtON,82,Female,B+,Arthritis,2019-06-09,John Arellano,Stone-Horn,Blue Cross,4669.14,389,Urgent,2019-07-01,Paracetamol,Normal
robErt sImon,20,Female,O-,Arthritis,2022-05-03,Noah Valdez,"and Murphy Williams, Reyes",Aetna,12499.52,455,Urgent,2022-05-16,Aspirin,Abnormal
SUsaN NiChOlS,45,Male,B-,Asthma,2021-09-27,Micheal Graham,Inc Franco,Medicare,34615.88,142,Urgent,2021-09-28,Penicillin,Abnormal
ChelSey wilSon,85,Male,A+,Asthma,2020-07-19,Michele Mcintyre,Simpson-Martinez,Blue Cross,15383.27,196,Elective,2020-07-21,Aspirin,Inconclusive
jaSon ANDREWs,32,Female,A+,Cancer,2020-09-22,John Reynolds,Vance PLC,Cigna,25995.23,308,Elective,2020-10-19,Lipitor,Normal
maRISsa milLer,27,Male,B-,Hypertension,2022-10-26,Melissa Sanders,"Anderson James, Miller and",Cigna,44688.53,399,Emergency,2022-11-15,Lipitor,Inconclusive
victoriA bUTlER,66,Female,A+,Hypertension,2023-01-19,Yolanda Terry,Osborne Group,Cigna,17095.43,324,Elective,2023-02-17,Lipitor,Inconclusive
dANieLlE garcia,63,Male,O+,Hypertension,2020-11-14,Evan Campbell,Newton-Lawrence,Cigna,36613.26,137,Urgent,2020-12-12,Aspirin,Abnormal
hENry FReemAn,18,Male,AB+,Diabetes,2020-12-09,Catherine Stewart,Barnes-Alexander,Blue Cross,38979.38,236,Elective,2021-01-02,Lipitor,Inconclusive
bEVERLY GOMEZ,32,Male,O-,Obesity,2023-05-21,Alan Martinez,"Martin Taylor Johnson, and",Aetna,8196.57,321,Urgent,2023-06-11,Paracetamol,Normal
pAul COlLinS,74,Female,A+,Arthritis,2020-12-29,Jennifer Thomas,Ltd Francis,Blue Cross,19603.54,218,Urgent,2021-01-14,Paracetamol,Normal
JamiE YoRk,77,Female,O+,Cancer,2020-03-03,Julie Hughes,Thompson-Dorsey,Medicare,11489.97,144,Emergency,2020-03-22,Aspirin,Inconclusive
COurtNEy aUStIN,80,Female,O-,Asthma,2019-12-26,Curtis Davenport,"Rodriguez Oconnor, Snyder and",Blue Cross,16923.74,494,Urgent,2020-01-15,Lipitor,Inconclusive
Mary smith,58,Female,A-,Asthma,2022-10-18,Jason Patel,"Johnson Thompson and Crawford,",UnitedHealthcare,9579.86,284,Elective,2022-11-09,Ibuprofen,Abnormal
mAttHEw WEAveR,37,Male,AB+,Cancer,2021-12-18,Eileen Carlson,"Evans and Ryan Phillips,",UnitedHealthcare,32617.35,103,Elective,2021-12-31,Penicillin,Normal
JaSon pATtERSoN,80,Male,O-,Hypertension,2022-05-11,Claudia Martinez,"and Butler, King Morton",Cigna,26395.44,304,Emergency,2022-05-16,Ibuprofen,Inconclusive
BAilEY RomAn,37,Female,AB+,Asthma,2020-07-02,Ariana Ruiz,PLC Ward,Cigna,26789.87,220,Elective,2020-07-06,Penicillin,Normal
BRYAn boyd,52,Female,AB+,Arthritis,2024-05-07,Eric Keith,Little PLC,Aetna,14755.33,374,Urgent,2024-05-12,Paracetamol,Inconclusive
tiMOThY HeRMAn,27,Female,B+,Cancer,2019-11-16,Ryan Nelson,Ltd Richard,Medicare,22284.06,289,Emergency,2019-12-16,Penicillin,Inconclusive
NIcOLe brOWn,65,Male,B-,Cancer,2024-03-15,Joel Bennett,"Gonzalez and Meyers, Johnson",Medicare,40356.95,115,Urgent,2024-03-21,Lipitor,Abnormal
rEBeCCa brOWn,33,Male,O+,Arthritis,2023-04-02,Karen Smith,PLC Rodriguez,Blue Cross,15663.99,496,Elective,2023-04-13,Aspirin,Inconclusive
DAvId BarRett,49,Female,A-,Obesity,2019-08-06,Dr. Melanie Taylor,"and Cruz, Thompson Martinez",UnitedHealthcare,21265.31,182,Emergency,2019-08-28,Paracetamol,Abnormal
dANIel ToRres,80,Male,B+,Diabetes,2020-09-29,Anthony Jensen,Inc Meadows,Medicare,47581.42,134,Emergency,2020-10-11,Paracetamol,Abnormal
JohNNy EVans,70,Female,A-,Asthma,2020-08-01,Arthur Greene,Inc Adkins,Aetna,8937.52,150,Elective,2020-08-28,Aspirin,Abnormal
KimBeRly mOrEnO,82,Male,AB+,Arthritis,2023-03-20,Christine Castillo,"and Osborne Lopez, Castillo",Aetna,38807.96,330,Urgent,2023-03-28,Ibuprofen,Normal
rObErT shAW,81,Female,AB+,Arthritis,2019-06-13,Stephen Welch,"Clark Blair, and Miller",UnitedHealthcare,15722.52,415,Emergency,2019-07-13,Lipitor,Inconclusive
eRic JIMenEz,73,Male,O+,Arthritis,2023-04-18,Taylor Moore,"Mcgee Nguyen, and Hatfield",Aetna,34257.89,313,Elective,2023-05-09,Aspirin,Inconclusive
taYLor EnGLISh,66,Male,A+,Asthma,2024-02-15,Matthew Williams,"Watson Mitchell Garcia, and",Medicare,42744.31,244,Elective,2024-02-23,Paracetamol,Abnormal
THoMaS feRguSOn,85,Male,AB+,Asthma,2021-12-25,Logan Kaiser,Bennett Inc,Aetna,48253.73,289,Elective,2022-01-12,Penicillin,Normal
caTHeriNE FowLer,85,Female,AB-,Arthritis,2023-06-23,Vanessa Hawkins,Ibarra Group,Aetna,42250.29,256,Elective,2023-07-18,Aspirin,Abnormal
RoDNey WIlliaMs,82,Female,AB+,Hypertension,2020-11-10,David Haynes,Johns-Patel,Aetna,37089.58,430,Urgent,2020-12-02,Aspirin,Abnormal
bRandoN lEwis,72,Female,O+,Diabetes,2020-12-26,Glenn Newman,Thompson-Barnett,Aetna,17734.26,393,Elective,2021-01-14,Ibuprofen,Normal
micHAEL GRIFfIN,35,Male,B-,Asthma,2022-06-22,Autumn Rogers,Ltd Mills,UnitedHealthcare,36387.3,428,Elective,2022-07-10,Penicillin,Abnormal
KatHrYN HerMaN,20,Male,O+,Cancer,2020-06-01,Michael Fisher,Pham LLC,Cigna,25145.58,232,Urgent,2020-06-22,Penicillin,Inconclusive
jacQueLInE sAncHEZ,40,Male,B+,Cancer,2021-12-16,Connie Caldwell MD,"Townsend, and Kent Garcia",UnitedHealthcare,10366.32,375,Emergency,2021-12-21,Aspirin,Inconclusive
DEbORAH wrigHt,75,Male,AB+,Hypertension,2022-02-07,Mr. Ernest Stanley MD,"Campbell Chavez and Smith,",Blue Cross,5074.59,430,Elective,2022-02-22,Aspirin,Inconclusive
pAtRick mYErs,36,Female,A-,Hypertension,2021-04-03,Allison Clayton,Ltd Rivera,Cigna,16037.02,252,Urgent,2021-04-04,Lipitor,Normal
BRAdLEy bAkeR,32,Male,O+,Hypertension,2021-02-02,Danny Parks,LLC Shah,Aetna,45483.11,364,Urgent,2021-02-22,Aspirin,Inconclusive
sANdRA mOODy,49,Female,B-,Obesity,2022-09-28,Kimberly Costa,"Nguyen and Anderson Diaz,",Cigna,41477.92,123,Emergency,2022-10-04,Aspirin,Abnormal
RObIn vElASQuEz,31,Male,A+,Arthritis,2023-12-12,Katrina Fleming,"Smith, and Davis Cain",Blue Cross,49727.67,259,Urgent,2023-12-13,Lipitor,Inconclusive
MonICA FiElDS,24,Male,AB+,Obesity,2024-03-27,James Taylor,LLC Mendoza,Cigna,25341.35,246,Emergency,2024-04-26,Ibuprofen,Abnormal
Sean BeNjAmin,31,Female,O-,Asthma,2019-07-15,Shannon Clarke,Andersen-Jones,Medicare,9613.69,184,Emergency,2019-08-07,Lipitor,Abnormal
SarAH ShORT,23,Female,O+,Obesity,2021-02-26,Jessica Reed,Pearson-Nguyen,Cigna,19953.04,184,Urgent,2021-03-24,Aspirin,Inconclusive
jenNifeR huFF,85,Male,B+,Diabetes,2022-05-27,Angela Guerrero,"Woods and Myers, Smith",Medicare,25706.75,270,Elective,2022-06-11,Lipitor,Inconclusive
Amanda cHAPMaN,27,Female,O-,Obesity,2023-10-18,Willie Mccall,"and Brown Hughes, Avery",Cigna,39341.56,497,Urgent,2023-11-01,Aspirin,Abnormal
PaTRiCIa aLeXanDEr,21,Female,AB-,Arthritis,2022-02-01,Robert Williams,Stein-Campbell,Cigna,7731.51,368,Urgent,2022-02-17,Penicillin,Inconclusive
ALiCia RUsSElL,20,Male,AB+,Asthma,2020-09-07,Shelby Johnson,"Hicks, Moon and Ayala",UnitedHealthcare,34364.05,298,Elective,2020-09-25,Paracetamol,Inconclusive
aLlIsoN BOWerS,81,Female,B-,Obesity,2024-03-29,Tony Ross,Carson-Johnson,Blue Cross,13351.43,448,Urgent,2024-04-12,Aspirin,Inconclusive
rHOnda mIlLER,49,Male,A+,Cancer,2022-01-26,Latoya Sullivan,Macdonald-Johnson,Medicare,50218.09,196,Urgent,2022-02-17,Ibuprofen,Abnormal
lIsa sUAreZ,22,Male,A-,Arthritis,2023-02-11,Adam Alexander,"Collins Small, and Crawford",UnitedHealthcare,49339.88,426,Urgent,2023-02-12,Penicillin,Abnormal
RYAn larsEn,50,Male,O+,Cancer,2022-05-24,April Jones,"Lindsey Valdez, and Snyder",Aetna,29135.49,262,Emergency,2022-06-16,Lipitor,Abnormal
reNEE rilEY,40,Male,B+,Hypertension,2023-08-30,Jacob Thompson,Riddle Inc,UnitedHealthcare,46049.17,359,Urgent,2023-09-20,Aspirin,Inconclusive
mATtheW vALdEZ,78,Female,B+,Arthritis,2021-10-10,Terry Nelson,Jordan-Bell,Medicare,1579.92,210,Urgent,2021-11-01,Paracetamol,Abnormal
JOhN SancheZ,63,Male,AB-,Asthma,2019-06-21,Nicole Castro,Tanner-Cox,UnitedHealthcare,4933.22,449,Emergency,2019-07-04,Paracetamol,Normal
AUdREy AYALA,42,Female,A-,Diabetes,2022-02-09,Michelle Kelly,"and Burke Clark, Johnson",UnitedHealthcare,28478.45,120,Elective,2022-02-11,Paracetamol,Inconclusive
rOBERT BaiLEy,73,Female,B+,Cancer,2024-04-21,Austin Lyons,"Russo Mahoney Edwards, and",Medicare,27000.18,101,Elective,2024-05-10,Paracetamol,Inconclusive
naTaSha BAiLEy,42,Male,AB-,Cancer,2020-04-07,Courtney Lee,West-Wise,UnitedHealthcare,8655.5,271,Urgent,2020-04-21,Lipitor,Normal
MaRIo jOneS,56,Male,AB+,Hypertension,2022-06-03,Edward Hanson,"and Khan, Foster Beard",Cigna,3099.4,276,Urgent,2022-06-12,Lipitor,Normal
anthoNy nGUyen,38,Female,A-,Asthma,2019-10-24,Brian Jones,"Hernandez, Jones Garrett and",Cigna,4577.47,469,Emergency,2019-10-25,Lipitor,Inconclusive
carOlyN SMITh,30,Male,AB-,Arthritis,2023-08-12,Victoria Fletcher,"Mann Allen and Bush,",Cigna,26691.17,485,Urgent,2023-08-23,Penicillin,Inconclusive
AMANda MCclaIN,79,Male,AB-,Cancer,2021-08-14,Kevin Craig,Miller-Rodriguez,Cigna,8804.35,451,Emergency,2021-08-19,Aspirin,Normal
kELly maRSHALl,19,Male,A+,Arthritis,2021-05-24,Carmen Moody,Martinez-Martin,Medicare,23088.43,104,Urgent,2021-05-31,Aspirin,Normal
cAMerON VaLeNzueLa,57,Male,O+,Arthritis,2023-05-24,Colleen Parker,Marsh PLC,Blue Cross,22251.99,183,Urgent,2023-06-09,Penicillin,Inconclusive
mattHEW WeLCh,38,Female,B+,Asthma,2020-02-08,Thomas Sandoval,"Jackson Stewart, Ramos and",UnitedHealthcare,33945.91,238,Elective,2020-02-21,Penicillin,Abnormal
jOHn StepHenS,31,Female,O-,Asthma,2023-05-09,Susan Wang,"Potts Harris and Ortiz,",Medicare,32161.66,293,Elective,2023-06-04,Ibuprofen,Abnormal
rYAN chRiSTIAN,85,Female,A+,Obesity,2021-11-18,David Christian,Villarreal-Rivera,Blue Cross,38568.64,132,Emergency,2021-12-16,Ibuprofen,Normal
RobIn jOneS,20,Male,A+,Asthma,2021-09-27,Wesley Tucker,Skinner-Sanford,Blue Cross,10768.5,112,Emergency,2021-10-18,Lipitor,Abnormal
bRanDon sOTO,75,Female,A+,Hypertension,2024-04-08,Daniel Valenzuela,Rowe-Harrison,Blue Cross,7840.16,297,Emergency,2024-04-09,Aspirin,Inconclusive
CHRiSTian gonZALEs,62,Female,A+,Hypertension,2020-08-03,Victoria Jackson,Fletcher Group,Aetna,44050.5,242,Elective,2020-08-15,Lipitor,Abnormal
MERcEDeS fraNCO,80,Female,B-,Cancer,2021-10-04,Janet Christensen,Boone-Graham,UnitedHealthcare,15181.07,395,Elective,2021-10-17,Paracetamol,Normal
JIlL MUnoz,78,Female,B+,Obesity,2020-07-01,Dennis Carter,"Harris, White Benson and",Aetna,7953.36,232,Elective,2020-07-22,Penicillin,Inconclusive
jEaNETte MaRtIN,63,Male,A+,Diabetes,2021-04-01,Erica Becker,Group Cunningham,Cigna,20530.59,486,Urgent,2021-04-27,Aspirin,Inconclusive
niCHOlas mENdOza,39,Male,AB+,Hypertension,2023-09-01,Rachel Gibson,Lewis Ltd,Blue Cross,42799.78,321,Elective,2023-09-03,Lipitor,Normal
eRIc rODrIgUEZ,52,Female,A-,Cancer,2019-06-12,Jacqueline Anderson,"and Torres Wilson, Moreno",Medicare,43448.42,494,Urgent,2019-06-29,Ibuprofen,Normal
KImbeRly LaMb,44,Female,O-,Obesity,2020-02-27,Shawn Simon,"Sandoval, and Payne Newton",Cigna,19316.26,337,Elective,2020-03-05,Penicillin,Inconclusive
lIsa gOOdmAN,64,Female,AB-,Obesity,2021-09-10,Ryan Travis,Mckinney LLC,Cigna,9258.73,129,Urgent,2021-09-19,Ibuprofen,Normal
KEVIN VazQueZ,18,Female,AB+,Asthma,2021-01-20,Jason Ramsey,Gonzalez-Tucker,Aetna,24098.16,114,Emergency,2021-02-15,Paracetamol,Inconclusive
lorI hunteR,73,Male,O-,Cancer,2022-06-08,Peter Garcia,Phillips-Walker,Aetna,4189.3,303,Emergency,2022-06-12,Lipitor,Abnormal
desIree STeVEnSoN,60,Female,O-,Cancer,2019-12-02,Benjamin Collier,Adams-Garza,Aetna,24312.49,154,Emergency,2019-12-26,Ibuprofen,Abnormal
waNda pAYnE,76,Female,O-,Cancer,2021-04-08,Matthew Nelson,"Bowman Carr and Garcia,",Aetna,29628.36,481,Emergency,2021-05-04,Penicillin,Abnormal
HEiDI HIgGInS,21,Female,O+,Diabetes,2021-06-12,Brett Howard,Mcguire Group,Aetna,3647.99,252,Elective,2021-07-09,Ibuprofen,Normal
lUiS THomAs,77,Male,A-,Cancer,2019-10-06,Victor Keller,"Sosa Morris and Baker,",Blue Cross,32440.29,275,Emergency,2019-10-29,Penicillin,Inconclusive
grEgorY BRown ii,30,Male,O+,Arthritis,2020-05-19,Kristen Hansen,Inc Lewis,Blue Cross,15941.35,236,Elective,2020-06-12,Ibuprofen,Inconclusive
jACQuelINe HAWKINs,76,Male,O-,Obesity,2023-07-18,Ariana Benson,Inc Martinez,Aetna,15631.65,433,Elective,2023-08-14,Ibuprofen,Normal
MArk french,72,Female,A-,Hypertension,2020-12-08,Rachel Shaw,"Burgess, Massey Osborne and",Blue Cross,39166.46,121,Urgent,2020-12-28,Aspirin,Abnormal
sHAUN JenkiNs,76,Female,A-,Diabetes,2022-01-19,Chelsea Yang,Johnson Inc,UnitedHealthcare,3739.18,236,Elective,2022-01-25,Lipitor,Abnormal
gAry allen,53,Female,B-,Obesity,2020-08-08,Dr. Monica Wallace,PLC Johnson,Medicare,46774.83,396,Emergency,2020-09-07,Ibuprofen,Abnormal
kRisteN HALl,44,Female,A-,Asthma,2023-02-20,Nicholas Sandoval,and Sons Pham,Cigna,43779.92,209,Urgent,2023-03-07,Aspirin,Abnormal
kelLY loZAnO,76,Male,O+,Obesity,2022-11-24,Tina Lewis,Stewart Sons and,UnitedHealthcare,49002.65,363,Elective,2022-11-28,Paracetamol,Abnormal
JOhN WooD,28,Female,O+,Cancer,2022-09-13,Michael Taylor,Stewart PLC,UnitedHealthcare,20269.82,477,Urgent,2022-10-04,Penicillin,Normal
ANdReW bUrNett,39,Male,AB-,Asthma,2023-02-01,Jonathan Smith,Hughes Ltd,Aetna,24654.96,222,Emergency,2023-02-06,Penicillin,Normal
CaROl aNDErSoN,39,Female,B-,Hypertension,2020-04-03,Dr. Patrick Hines,"Carter Carter, and Patterson",Blue Cross,-370.98,203,Elective,2020-04-10,Ibuprofen,Abnormal
Marc HAYnEs,72,Female,A-,Cancer,2021-03-24,Dr. Lance Guzman,Schmidt-Hood,Blue Cross,45461.63,354,Urgent,2021-03-26,Aspirin,Inconclusive
janet wiSe,68,Male,B-,Cancer,2020-05-15,Jennifer Hart,"Wallace, Wu and Macias",Aetna,29086.83,468,Emergency,2020-05-30,Paracetamol,Abnormal
joHNatHAN SHELTon,35,Male,A-,Diabetes,2020-11-04,Mark Coffey,Parker-Martinez,UnitedHealthcare,9178.4,319,Emergency,2020-11-10,Penicillin,Normal
AmANDa BALL MD,27,Female,A-,Arthritis,2020-06-04,Mr. Derek Pena,Rodriguez-Schmidt,UnitedHealthcare,24578.94,200,Urgent,2020-06-26,Aspirin,Inconclusive
nAtAsha cOoK,30,Male,O-,Cancer,2020-06-08,Kelly Simmons,Sons Rogers and,Aetna,31326.19,264,Urgent,2020-06-20,Paracetamol,Inconclusive
jASON GarCia,78,Female,O+,Diabetes,2021-03-28,Amy Williams,"Young and Reyes Collins,",Medicare,47603.84,409,Emergency,2021-04-06,Aspirin,Normal
joSe SIMon,68,Male,AB+,Obesity,2020-10-31,Melody Montgomery,PLC Drake,Cigna,6363.75,484,Urgent,2020-11-07,Lipitor,Abnormal
JeNnIfeR fiShEr,72,Female,O+,Asthma,2021-04-19,Steven Mcmillan,Williams-Valdez,Blue Cross,47798.15,210,Emergency,2021-05-13,Paracetamol,Normal
dakOtA philliPS,38,Female,B+,Asthma,2024-01-23,Felicia Adams,"Mcclure Castro, and Bonilla",Cigna,44753.73,211,Urgent,2024-01-30,Paracetamol,Abnormal
AnNa bowen,41,Male,B-,Asthma,2021-01-11,Kevin Vaughn,Munoz-Meadows,Medicare,46120.82,107,Elective,2021-02-05,Lipitor,Abnormal
deboraH AllEN,35,Female,O+,Asthma,2022-12-31,Eric Johnston,"King, Smith and Little",UnitedHealthcare,48125.81,240,Urgent,2023-01-27,Lipitor,Abnormal
LaUra DAVis,30,Male,B+,Obesity,2023-05-26,Sean Davis,"Lawrence, Lopez Dunlap and",Aetna,26176.09,328,Urgent,2023-06-01,Paracetamol,Abnormal
bEth baiLEY,27,Male,A-,Cancer,2020-08-09,Kathy Davis,"Howell Thompson, Garza and",Blue Cross,3216.42,114,Urgent,2020-09-08,Lipitor,Inconclusive
RicK berRY,55,Female,A+,Cancer,2019-12-10,Tiffany Alvarez,Weiss PLC,Blue Cross,19179.28,126,Emergency,2020-01-06,Paracetamol,Normal
rOBIN MAnniNg,56,Female,AB+,Hypertension,2023-05-31,Yvonne Harper,"Allen Campbell, and Hurst",UnitedHealthcare,1583.38,268,Elective,2023-06-02,Aspirin,Abnormal
jenNiFEr wood,63,Female,A-,Obesity,2024-02-05,Brenda Morgan MD,"and Cummings Rowe, Mathews",UnitedHealthcare,35819.24,453,Urgent,2024-02-21,Ibuprofen,Abnormal
bElINDa kING,65,Female,AB-,Cancer,2023-06-23,Linda Nguyen,"Frazier Brooks Sheppard, and",Blue Cross,31360.07,484,Elective,2023-06-30,Ibuprofen,Abnormal
jEnnIFeR jOnES,69,Male,A-,Obesity,2022-01-15,Katherine Wells,Group Ortega,Medicare,18299.33,197,Elective,2022-01-22,Lipitor,Normal
TEResA GomEZ,51,Male,O-,Obesity,2020-05-08,David Diaz,"Saunders Curry, Jones and",Medicare,35103.89,423,Urgent,2020-05-18,Aspirin,Abnormal
laURIE broWn,39,Female,AB+,Asthma,2023-09-18,Jeffrey Davis,"Patrick, and Tyler Arnold",Cigna,16436.79,499,Elective,2023-09-24,Paracetamol,Normal
aMANDa sTevEnS,75,Female,O-,Asthma,2019-06-11,Jessica Ramirez,Sims-Henderson,Cigna,45597.48,164,Urgent,2019-06-22,Ibuprofen,Inconclusive
EVAN GraNt,42,Female,B-,Arthritis,2023-05-25,Paul Mcneil,LLC Smith,UnitedHealthcare,5743.6,186,Urgent,2023-06-12,Penicillin,Abnormal
MIChaEl WEaveR,38,Male,A+,Obesity,2023-02-12,Andrea Ross,Mays Inc,Blue Cross,6787.94,319,Urgent,2023-02-22,Penicillin,Inconclusive
AlIcIa adAmS,84,Male,O+,Asthma,2022-11-17,Christina Fox,Daniel Ltd,Aetna,7196.75,186,Elective,2022-11-23,Paracetamol,Inconclusive
roBeRtA baSs,19,Male,B-,Cancer,2022-06-24,John Preston,"Silva Schroeder, Finley and",Blue Cross,23307.27,331,Emergency,2022-07-02,Aspirin,Inconclusive
erIc WOlFe,69,Male,AB+,Obesity,2023-11-12,Tiffany Green,Inc Cox,UnitedHealthcare,40447.11,400,Urgent,2023-11-16,Penicillin,Abnormal
jEffrEY heRnANdeZ,38,Female,A+,Cancer,2022-03-25,Bryce Mason,LLC Bennett,UnitedHealthcare,45291.42,211,Emergency,2022-04-02,Lipitor,Abnormal
caRoLyN lewIs,29,Male,O+,Diabetes,2019-10-22,Angel Clark,Inc Wood,Cigna,12065.44,266,Urgent,2019-11-16,Penicillin,Normal
JaMEs thOmAS,30,Female,O+,Asthma,2024-02-07,Michael Kemp,PLC Marquez,Aetna,42777.21,196,Emergency,2024-02-20,Lipitor,Abnormal
reneE gRaY,69,Male,AB-,Hypertension,2022-07-10,Joshua Francis DDS,Brown-Haley,Blue Cross,4557.24,351,Elective,2022-07-30,Aspirin,Normal
ANN MATHIS,37,Female,A+,Obesity,2022-05-29,Kathryn Henson,Inc Taylor,Medicare,22091.59,472,Emergency,2022-05-30,Lipitor,Abnormal
kimBErLy JoHNson,50,Female,B+,Asthma,2020-08-29,Mr. Caleb Torres,Hickman-Briggs,Blue Cross,33713.1,397,Urgent,2020-09-23,Lipitor,Abnormal
jOHnny ToWNsend,21,Female,AB-,Cancer,2019-10-29,Kimberly Cross,Hawkins-Watkins,UnitedHealthcare,22266.81,218,Emergency,2019-11-26,Penicillin,Normal
regiNa smITH,41,Male,A+,Arthritis,2023-10-28,Maria Martinez,"Ruiz, Goodwin and Dominguez",UnitedHealthcare,44765.12,201,Emergency,2023-11-26,Aspirin,Normal
jaSMiNE brOWn,22,Male,A+,Obesity,2023-02-13,Deanna Thomas,"Hayden and Miller, Schneider",UnitedHealthcare,23900.3,209,Elective,2023-02-23,Ibuprofen,Inconclusive
maRie gaRRETt,83,Male,AB+,Obesity,2022-08-29,Mary Perry,"Daniels, Nguyen Alvarez and",Medicare,13489.46,354,Elective,2022-09-28,Penicillin,Normal
CynTHIa ScotT,78,Female,B+,Asthma,2023-09-08,Roger Palmer,Morton-Johnson,UnitedHealthcare,10505.42,257,Emergency,2023-09-20,Lipitor,Normal
BryAn AreLLaNo,85,Female,B+,Cancer,2023-12-04,Mary Weiss,Wiggins Inc,Blue Cross,48833.26,455,Urgent,2023-12-28,Lipitor,Abnormal
CodY BlaCKWEll,63,Female,A-,Hypertension,2023-10-03,Veronica Gilbert,Bentley Inc,UnitedHealthcare,21101.78,140,Elective,2023-10-24,Aspirin,Normal
scOTT WILSON,75,Female,AB+,Obesity,2023-10-01,Veronica Crawford,Watts-Thompson,Medicare,40913.01,288,Urgent,2023-10-08,Paracetamol,Inconclusive
stAcEY aCeVEDO,39,Male,O+,Diabetes,2022-03-05,Dawn Martinez,"Hardy and Mason, Caldwell",Cigna,19656.0,200,Emergency,2022-03-14,Penicillin,Inconclusive
SuSaN clark,78,Male,A-,Arthritis,2022-01-25,Matthew Howard,and Sons Evans,Blue Cross,16473.89,365,Urgent,2022-02-22,Aspirin,Abnormal
EdGAR WiLSoN,64,Female,O-,Diabetes,2022-05-25,David Stevenson,Jackson-Smith,Medicare,37931.66,479,Urgent,2022-06-04,Paracetamol,Abnormal
Debra BROwN,38,Male,O-,Diabetes,2019-08-28,Ryan Vargas,Washington Inc,UnitedHealthcare,47647.5,360,Elective,2019-09-05,Aspirin,Normal
AnDReW reyeS,62,Female,A-,Hypertension,2023-02-21,Cheyenne Garcia,Molina-Bowman,UnitedHealthcare,31804.49,116,Urgent,2023-03-02,Ibuprofen,Inconclusive
KimbeRLy larSen,31,Male,AB+,Diabetes,2021-01-17,Danny Wells,"and Hunt, Andrews Watson",Blue Cross,1496.24,433,Emergency,2021-01-24,Ibuprofen,Normal
JACOB SCHWARtz,64,Male,AB+,Hypertension,2022-04-03,James Perez,Inc Henderson,UnitedHealthcare,30050.32,416,Emergency,2022-04-12,Lipitor,Inconclusive
josE cHAN,66,Male,O+,Hypertension,2022-03-27,Stanley Smith,Rowe PLC,UnitedHealthcare,11402.0,203,Emergency,2022-04-20,Lipitor,Normal
jasoN HEnSoN,71,Male,AB-,Obesity,2020-05-21,John Fernandez,Acevedo-Henderson,UnitedHealthcare,13030.31,263,Emergency,2020-05-24,Paracetamol,Normal
iSAac cLEMentS,28,Male,A-,Obesity,2021-03-12,Jennifer Terrell,"Miller Blake Davis, and",Cigna,1687.36,180,Urgent,2021-03-21,Aspirin,Abnormal
joHN petErS,54,Male,AB+,Obesity,2021-08-02,Meagan Rodriguez,Foster-Herring,Medicare,2081.67,307,Emergency,2021-08-19,Penicillin,Normal
JoEL monroE,50,Female,B-,Asthma,2021-05-31,Jesse Thompson,Moore-Brewer,Cigna,29330.12,261,Emergency,2021-06-20,Lipitor,Normal
BryAn oweNS,27,Female,AB-,Asthma,2020-08-21,John Graham,Trevino Ltd,Cigna,29926.76,483,Urgent,2020-09-11,Aspirin,Normal
mEgan Crane,65,Male,B+,Cancer,2019-11-22,Elizabeth Zuniga,Butler-Hines,Medicare,47293.53,406,Urgent,2019-11-29,Ibuprofen,Inconclusive
RoBIn RICHaRdson,75,Female,O-,Cancer,2019-06-23,Eric King,Inc Smith,Cigna,7733.79,224,Elective,2019-06-24,Penicillin,Abnormal
TIMothy BarBer,78,Male,B-,Hypertension,2020-01-15,Nathaniel Dodson,"and Bradley, Bean Coleman",Aetna,30546.4,216,Urgent,2020-01-23,Ibuprofen,Normal
pAtrICiA WaTkINS,19,Male,AB-,Hypertension,2019-10-05,Vanessa Cruz,"Murphy Nguyen and Thompson,",Medicare,9973.32,260,Elective,2019-11-04,Paracetamol,Inconclusive
DR. jeNnifER garza,47,Male,B+,Arthritis,2019-07-10,Michael Fisher,Carpenter-Dorsey,Aetna,43776.49,357,Urgent,2019-08-07,Lipitor,Inconclusive
PAUl Wood,76,Male,B-,Cancer,2020-12-23,Jennifer Brown,Wright Group,Medicare,22428.62,496,Urgent,2021-01-02,Lipitor,Inconclusive
ZAChary cOoK,84,Female,AB-,Obesity,2022-11-21,Jonathan Wheeler,"Johnson and Bruce Nelson,",Blue Cross,48436.28,417,Emergency,2022-12-21,Paracetamol,Normal
JIll eWInG,63,Female,B-,Arthritis,2021-01-27,Stephen Bond,"Fleming Garza, Davis and",Medicare,32625.86,228,Elective,2021-02-19,Paracetamol,Inconclusive
micHael FernanDez,82,Male,AB-,Hypertension,2022-03-16,Nicholas Miller,Copeland-Martin,Blue Cross,18994.19,311,Elective,2022-04-01,Penicillin,Inconclusive
MRS. raChEL cOlliNs,60,Male,O-,Obesity,2021-12-22,Virginia Berg,Bennett-Perry,Aetna,43508.34,240,Emergency,2022-01-14,Paracetamol,Abnormal
SHIrLEY ward,37,Female,AB+,Diabetes,2023-07-08,Joseph Hill,Roberts-White,Aetna,20521.54,327,Urgent,2023-07-17,Paracetamol,Abnormal
WiLliAM dAvIs,38,Male,B-,Arthritis,2020-03-06,Melanie Wilson,"Flynn, and Lee Mcclain",Blue Cross,26255.92,352,Urgent,2020-03-25,Lipitor,Abnormal
HaNNAH ANdERSON,24,Female,O-,Arthritis,2020-12-25,Victoria Palmer,Inc Harper,Aetna,40370.95,198,Urgent,2021-01-23,Aspirin,Normal
jONAtHAN wILLiams,26,Female,AB+,Arthritis,2023-10-27,Judith Gross,Morgan-Obrien,Aetna,44653.29,491,Urgent,2023-10-29,Aspirin,Inconclusive
AMbEr oChoA,65,Male,AB-,Asthma,2023-05-18,Jerry Clarke,"Harris David Reed, and",UnitedHealthcare,48728.53,318,Elective,2023-06-16,Lipitor,Abnormal
tyleR shEPPARD,44,Male,B+,Cancer,2020-08-20,Dominic Vincent,Henderson-Nixon,Aetna,47270.93,244,Elective,2020-09-04,Aspirin,Inconclusive
Mr. pHIlIP jAcKSon V,29,Female,AB-,Asthma,2023-01-06,Jordan Greene,Rogers Inc,UnitedHealthcare,9019.84,454,Elective,2023-01-16,Penicillin,Inconclusive
calViN petErsoN,56,Female,AB+,Diabetes,2021-06-26,Dr. Rebecca Koch,"Larson Mayer Smith, and",Blue Cross,40371.16,438,Elective,2021-07-02,Ibuprofen,Inconclusive
kAthRyn WiLLiAms,66,Male,O-,Asthma,2021-01-07,Eric Jones,"Jackson Gonzales, Giles and",Cigna,32678.49,192,Emergency,2021-02-04,Lipitor,Normal
kEitH siMmOns,28,Male,AB-,Obesity,2019-10-24,Madison Wright,Adams-Valencia,Aetna,20264.21,274,Elective,2019-10-27,Lipitor,Inconclusive
sarah BrYANT,74,Female,AB+,Asthma,2023-10-06,Kaitlyn Sandoval,"and Little Tanner, Gonzalez",Medicare,40074.43,347,Emergency,2023-10-24,Ibuprofen,Normal
georGe sancHez,48,Female,AB-,Cancer,2023-06-18,Matthew Miller,Willis-Murphy,UnitedHealthcare,46633.78,435,Urgent,2023-06-27,Aspirin,Inconclusive
MISTy cAMaCHo,51,Female,A+,Cancer,2022-02-27,Roberta Shaw,Reynolds-Valencia,Blue Cross,41906.24,209,Urgent,2022-03-01,Ibuprofen,Inconclusive
ThOmAS bentLEY,57,Male,B+,Arthritis,2023-01-25,Eric Hurley,Brown Ltd,Blue Cross,46191.94,298,Emergency,2023-02-24,Paracetamol,Normal
MRs. DebORAH ALleN,72,Male,AB+,Asthma,2022-09-19,Laura Wilson,and Sons Sanders,UnitedHealthcare,23379.15,418,Urgent,2022-10-09,Lipitor,Abnormal
bRIaN MCdoNALd,36,Male,B+,Cancer,2022-01-02,Michael Hubbard,Wilson-White,UnitedHealthcare,2962.92,339,Urgent,2022-01-23,Paracetamol,Normal
tammY hALL,26,Female,AB-,Asthma,2023-11-30,Mary Hart,Gould-Lyons,Aetna,15107.33,217,Emergency,2023-12-22,Ibuprofen,Inconclusive
ScOtT wEllS,58,Male,B+,Asthma,2023-06-10,Briana Dominguez,"and Farmer Jones Phillips,",UnitedHealthcare,26527.68,340,Emergency,2023-06-28,Penicillin,Normal
JamEs mCmAhON,56,Female,O+,Arthritis,2021-09-14,Wendy Schroeder,Curtis PLC,UnitedHealthcare,15311.27,320,Urgent,2021-09-20,Aspirin,Inconclusive
kevIN YoUNg,34,Male,AB+,Hypertension,2023-02-04,Guy Schaefer,"Young Baker, Frank and",Blue Cross,19493.42,361,Urgent,2023-02-06,Penicillin,Normal
maRcIa cArdenAS,31,Female,A+,Hypertension,2020-05-30,Anthony Pollard,Reynolds Group,UnitedHealthcare,28551.83,147,Elective,2020-06-14,Lipitor,Inconclusive
ErIN lEE,78,Male,B+,Arthritis,2022-12-01,Amanda Orozco,Martin-Thompson,Aetna,6704.75,191,Urgent,2022-12-21,Penicillin,Abnormal
katHeriNe BEnNeTT,51,Male,AB-,Obesity,2020-04-10,Daniel Mcneil,Jackson-Ross,Blue Cross,48190.69,159,Urgent,2020-05-05,Aspirin,Inconclusive
elIZABeTH CurtiS,65,Male,O+,Diabetes,2024-04-08,Sarah Farley,Foley-Marsh,UnitedHealthcare,11215.87,236,Elective,2024-04-21,Ibuprofen,Normal
DONalD ChaSe,34,Male,B+,Asthma,2020-06-28,Jeremy Rodriguez,Faulkner-Jones,Aetna,29306.75,179,Elective,2020-07-26,Penicillin,Inconclusive
mELANIE gONZALez,80,Female,O-,Diabetes,2020-09-11,Nicholas Murray,Spencer-Rhodes,Medicare,14517.13,234,Emergency,2020-09-28,Aspirin,Normal
taMMY GEorge,77,Male,A+,Arthritis,2020-01-10,Jose Moore,"Walker and Ross Washington,",Aetna,37524.96,303,Urgent,2020-01-13,Paracetamol,Inconclusive
RaCHel RoBERTs,79,Male,A+,Cancer,2024-04-08,Gregory Johnston,Padilla-Craig,UnitedHealthcare,7447.05,449,Urgent,2024-05-07,Paracetamol,Abnormal
thOmaS cOBb,60,Female,AB-,Cancer,2023-04-02,Nicholas Smith,Ayala-Townsend,Medicare,45133.72,295,Elective,2023-04-12,Aspirin,Normal
wiLLiam BaRKeR,45,Male,A-,Arthritis,2020-10-17,Nicholas Hogan,PLC Cummings,Cigna,19233.46,280,Urgent,2020-11-06,Ibuprofen,Inconclusive
ALexaNdeR rODrigUeZ,52,Female,AB-,Diabetes,2023-04-18,Garrett Campbell,Pugh-Bryan,UnitedHealthcare,11641.01,374,Emergency,2023-04-23,Penicillin,Inconclusive
bEnjaMin jOhNsoN,42,Male,B-,Cancer,2023-07-29,Patricia Mcmahon,Young-Williams,Cigna,9965.96,370,Elective,2023-08-04,Aspirin,Inconclusive
kathlEeN hULl,49,Male,A-,Diabetes,2022-07-14,Gloria Burns,"Carroll Lewis Weiss, and",Aetna,25462.71,394,Elective,2022-07-20,Aspirin,Normal
AshLEY HARTmAN,55,Female,AB-,Hypertension,2023-07-10,Katrina Clay,"Tran Williams Morgan, and",Blue Cross,15337.93,312,Elective,2023-07-18,Lipitor,Normal
BRADLEy MoRGAN,21,Female,B+,Arthritis,2021-10-08,Mario Gonzalez,Silva-Nelson,Blue Cross,11800.84,259,Emergency,2021-10-31,Penicillin,Inconclusive
KristeN cONWAy,72,Male,O-,Obesity,2020-05-12,Brandon Smith,"Mills Martinez, and Rodriguez",Medicare,28361.16,475,Elective,2020-05-20,Aspirin,Abnormal
DANa DAVIS,37,Female,AB+,Asthma,2022-09-20,Howard Tate,Mccarty-Martin,UnitedHealthcare,15477.45,152,Emergency,2022-10-07,Paracetamol,Normal
krIsta MitchEll,52,Female,A-,Hypertension,2024-02-11,Kathy Shelton,Sons and Contreras,UnitedHealthcare,8201.64,208,Elective,2024-02-16,Aspirin,Normal
bREnDan lEWiS,84,Female,O-,Cancer,2022-04-22,Gabriel Cooper,Walker and Sons,Medicare,19346.29,220,Emergency,2022-04-25,Paracetamol,Normal
erIc DELeon,29,Male,A-,Diabetes,2021-04-01,Randy Jackson,"and Williams Brown, Hayes",Cigna,24369.17,304,Emergency,2021-04-13,Ibuprofen,Abnormal
stephEn YAnG,32,Male,AB-,Diabetes,2019-09-29,Melissa Rice,Stevens-Davies,Blue Cross,1993.7,257,Emergency,2019-10-07,Lipitor,Normal
ScOTt HaNCOCk,60,Male,O+,Arthritis,2023-12-20,Brendan Gutierrez,"Martin, Rodriguez Osborne and",Medicare,8602.9,490,Elective,2024-01-04,Penicillin,Abnormal
PaIgE NewmaN,43,Female,B-,Obesity,2021-02-01,Julie Smith,"and Hale, Long Khan",Blue Cross,27519.86,180,Urgent,2021-02-21,Ibuprofen,Normal
JOhn gONZalEZ,18,Male,B+,Diabetes,2022-01-16,Rebecca Gregory,Sons and Mitchell,Aetna,30897.43,250,Elective,2022-01-31,Paracetamol,Abnormal
JenNIFeR DavEnPorT,81,Male,AB+,Hypertension,2024-02-06,Jennifer Young,Barnes-Alexander,Blue Cross,37842.68,400,Urgent,2024-02-28,Aspirin,Normal
steven aLI,44,Female,A-,Hypertension,2020-07-15,Kelly Harrison,and Keller Sons,Aetna,10993.96,270,Urgent,2020-08-13,Penicillin,Inconclusive
kIMbErlY JOnes,55,Male,O-,Asthma,2020-04-28,Christina Rosales,"and Wilson Miller Wagner,",Medicare,27856.76,417,Elective,2020-05-20,Paracetamol,Inconclusive
Scott mahOney,81,Female,B+,Diabetes,2020-01-21,Cynthia Morales,"Johnson and Hale Durham,",Blue Cross,13461.81,220,Emergency,2020-02-01,Aspirin,Normal
SaNdra SMIth,79,Male,B-,Asthma,2024-03-09,Eric Montes,"Sanford and Jones, Martinez",Aetna,18704.23,236,Urgent,2024-03-10,Penicillin,Abnormal
ANdrew ReeSE,74,Female,B-,Asthma,2023-01-04,Brandi Kirby,Boyd LLC,UnitedHealthcare,40557.83,113,Emergency,2023-01-19,Ibuprofen,Normal
SaMAntHa sHarP,59,Male,A-,Arthritis,2021-01-18,Debra Weaver,Henderson-Cole,Cigna,27038.2,251,Elective,2021-02-06,Aspirin,Normal
DR. TIMOtHY beNITez,85,Male,B-,Hypertension,2022-10-29,Rita Arias,Daugherty-Small,Medicare,35847.44,256,Urgent,2022-11-23,Penicillin,Abnormal
chad hArT,76,Female,A-,Arthritis,2021-10-20,Joseph Haley,"Ortiz Lam, Vasquez and",UnitedHealthcare,41091.01,206,Elective,2021-11-18,Penicillin,Normal
robert PoWeLl,78,Female,B-,Arthritis,2021-08-09,Marvin Allen,Baker-Pineda,Medicare,38856.18,365,Elective,2021-08-22,Paracetamol,Inconclusive
JanET tORrES,23,Female,AB+,Cancer,2022-04-27,Glenda Perez,"Elliott, Sanders and Hooper",UnitedHealthcare,37759.77,139,Emergency,2022-05-15,Paracetamol,Inconclusive
pAuL jOhnsOn,31,Male,A-,Obesity,2023-10-27,Thomas Russell,"and Adams Russo, Sexton",UnitedHealthcare,17631.81,323,Emergency,2023-11-07,Ibuprofen,Normal
cAsSAndRa goNzalES,28,Male,B+,Diabetes,2023-03-03,Tina Lynn,"and Abbott Campbell Palmer,",Blue Cross,171.9,271,Urgent,2023-03-24,Penicillin,Normal
pATricIa gRIfFiN,78,Male,AB+,Arthritis,2021-08-11,Kayla Bridges,"Jones Walters Cannon, and",Medicare,6328.08,478,Emergency,2021-09-05,Lipitor,Normal
STACEY rIvErA,74,Female,O+,Arthritis,2023-06-08,Ryan Horne,Ltd Clark,Aetna,28388.79,134,Urgent,2023-06-26,Paracetamol,Abnormal
aAroN woNg,33,Female,AB-,Asthma,2024-02-11,Mark Gallagher,Barrett LLC,Medicare,19214.95,159,Urgent,2024-02-15,Lipitor,Abnormal
DAVid STaFfoRD,26,Female,A-,Asthma,2020-05-02,Sean Davis,and Sims Sons,UnitedHealthcare,29319.34,413,Elective,2020-05-30,Paracetamol,Normal
kaRA maRTIN,58,Male,B-,Diabetes,2023-11-05,Jack Glenn,"Perez, and Williams Hernandez",Blue Cross,28320.84,190,Elective,2023-11-06,Penicillin,Inconclusive
miCHAEl gaRcIa,49,Male,O-,Arthritis,2020-09-26,Lorraine Bryant,"Holmes Contreras Boone, and",Blue Cross,3102.08,491,Urgent,2020-10-19,Ibuprofen,Normal
SAmaNtHa WIlLiaMS,42,Female,O+,Asthma,2022-11-20,Albert Smith DVM,Dorsey-Mcguire,Cigna,7667.19,459,Emergency,2022-11-21,Aspirin,Normal
miCHaEL willIAms,50,Female,O+,Cancer,2020-05-11,Jason Sanchez,Randall-Juarez,Cigna,2953.36,234,Emergency,2020-06-07,Ibuprofen,Normal
roBERt VargAS,36,Female,O+,Hypertension,2022-10-01,Ann Baldwin,Glass-Taylor,Blue Cross,13972.9,288,Elective,2022-10-16,Aspirin,Abnormal
lesLiE wArd,82,Male,O+,Arthritis,2019-06-22,James Hamilton,Group Velasquez,Blue Cross,1793.24,317,Emergency,2019-07-11,Ibuprofen,Normal
kIMBERLy garcIa,81,Female,O-,Diabetes,2021-03-17,Stephanie Ingram,PLC Hill,Blue Cross,22382.61,295,Elective,2021-03-27,Paracetamol,Inconclusive
amanDA OrTiz,47,Male,B-,Cancer,2020-04-16,Megan Smith,Inc Elliott,Blue Cross,46310.22,365,Elective,2020-05-14,Aspirin,Normal
tRAcy dAVis,47,Female,O-,Hypertension,2020-04-25,Daniel Ramirez,PLC Mendoza,Aetna,24177.0,304,Emergency,2020-04-29,Penicillin,Inconclusive
JAViEr aLVARez,48,Male,B-,Diabetes,2019-10-13,Christopher Crawford,and Stanley Sons,Cigna,9614.25,286,Emergency,2019-10-23,Lipitor,Abnormal
aNGEla HErRinG,52,Female,A+,Asthma,2023-11-07,Alicia Rose,Perez Inc,Cigna,4407.77,241,Emergency,2023-11-08,Aspirin,Normal
BevERlY MCcoy,74,Male,A-,Arthritis,2023-03-11,Joshua Mccoy,"Everett, Higgins and Roach",UnitedHealthcare,19523.0,439,Elective,2023-03-22,Aspirin,Inconclusive
heATHEr rAy,76,Female,AB-,Cancer,2021-03-08,Virginia Good,Gomez-Taylor,Aetna,30546.25,489,Emergency,2021-03-31,Paracetamol,Abnormal
MeLISSA gOnZalEs,32,Male,A+,Hypertension,2024-03-14,Edward Dillon,Johnson-Williams,Cigna,33603.07,134,Emergency,2024-03-24,Lipitor,Abnormal
tImothY COMpton,75,Male,A-,Asthma,2020-01-26,Lindsey Torres,"Brown and Gillespie, Long",UnitedHealthcare,41500.42,222,Urgent,2020-02-10,Penicillin,Abnormal
JAnET cERvAntEs,23,Female,B+,Arthritis,2019-08-26,Wendy Miller,Hernandez LLC,UnitedHealthcare,19100.41,278,Elective,2019-09-12,Aspirin,Normal
daNIel traN,59,Female,A+,Hypertension,2023-03-21,Justin Adkins,Williams Group,Cigna,7633.14,459,Elective,2023-04-14,Aspirin,Normal
mIchAEl LewiS,57,Male,B-,Obesity,2021-10-06,Catherine Gonzalez,Adams LLC,UnitedHealthcare,12766.19,387,Emergency,2021-11-05,Ibuprofen,Normal
daVId moRgAn,24,Male,AB-,Arthritis,2023-06-24,Bryan Miller,"and Peterson Rodriguez, Daniel",Cigna,14017.62,170,Urgent,2023-07-24,Ibuprofen,Inconclusive
MArk McPhERsON,27,Female,B+,Obesity,2023-03-13,Krystal Wilson,Mitchell-Garcia,Cigna,22957.0,197,Emergency,2023-04-10,Aspirin,Inconclusive
KIm COlEMan,81,Female,AB-,Cancer,2021-03-13,Wayne Lucas,Harding-Fisher,Cigna,15220.72,237,Emergency,2021-03-19,Lipitor,Abnormal
ANGeLA maY,47,Female,AB-,Diabetes,2021-07-05,Angela Graves,LLC Butler,Blue Cross,29220.49,478,Emergency,2021-07-17,Ibuprofen,Abnormal
KaRen HickS,72,Male,A-,Diabetes,2022-07-30,Ricky Patel,Inc Barnes,UnitedHealthcare,3072.13,425,Urgent,2022-08-25,Aspirin,Abnormal
MorgAN hAYnes,37,Male,B-,Hypertension,2019-10-06,Danielle Pitts,Russo-Thompson,Medicare,33151.58,120,Emergency,2019-10-09,Ibuprofen,Normal
mIChaEl adams,85,Female,O+,Asthma,2021-08-15,William Burns,"and Kelly Hancock, Fitzgerald",Blue Cross,35404.57,233,Urgent,2021-08-23,Penicillin,Abnormal
Ian miLLer,72,Male,AB-,Obesity,2022-01-23,Cynthia Smith,"Walker, and Bass Estrada",Aetna,35028.94,354,Elective,2022-01-29,Lipitor,Normal
roBERT sTokEs,82,Male,A-,Asthma,2023-03-21,James Palmer,Jones-Hill,Cigna,28518.6,165,Elective,2023-04-14,Paracetamol,Abnormal
JoSeph hugHeS,77,Female,AB-,Obesity,2022-10-31,Samantha Leblanc,"Sanchez, Willis and Sanchez",Blue Cross,34665.81,164,Elective,2022-11-12,Aspirin,Normal
ShANNOn SMItH md,80,Female,AB-,Hypertension,2020-12-28,Richard Welch,Floyd-Neal,Aetna,22518.9,382,Emergency,2021-01-21,Paracetamol,Abnormal
cARoL BrOWN,48,Female,A-,Hypertension,2023-08-29,Stephanie Wallace,Parks PLC,Aetna,14153.75,116,Elective,2023-09-20,Aspirin,Normal
liSa mOrales,76,Female,O-,Asthma,2021-11-04,Edward Montgomery,Inc Watkins,Aetna,7309.74,300,Emergency,2021-11-13,Lipitor,Abnormal
robERt oSbOrnE,21,Male,AB-,Diabetes,2022-07-04,Molly Lopez,"Taylor Cooper, Stewart and",Blue Cross,2999.15,216,Urgent,2022-07-18,Aspirin,Inconclusive
dAVid THoMas,71,Female,O+,Asthma,2020-07-04,Brian Harris,PLC Campbell,Cigna,10207.05,434,Urgent,2020-07-18,Penicillin,Inconclusive
amAnDa gRAY,43,Male,A-,Cancer,2019-09-26,Gary Sanders,Malone-Lee,Medicare,23701.14,240,Emergency,2019-10-20,Penicillin,Abnormal
mARTHa PittS,39,Female,AB+,Diabetes,2021-12-11,Michelle Monroe,"Bishop, Wong Brown and",UnitedHealthcare,35127.93,366,Elective,2021-12-29,Ibuprofen,Abnormal
VanESSa EvanS,83,Female,O+,Hypertension,2020-06-28,Anthony Wade,Brown-Lynch,Blue Cross,39701.18,353,Elective,2020-07-05,Lipitor,Abnormal
StACey OrteGa,29,Male,O+,Hypertension,2022-03-17,Victoria Simmons,Cameron Inc,Cigna,33506.66,272,Elective,2022-04-09,Lipitor,Normal
krIsty MeyER,37,Male,AB-,Diabetes,2020-06-06,Juan Davidson,"Crawford, and Bird Moore",UnitedHealthcare,34953.48,138,Emergency,2020-06-25,Aspirin,Normal
TEReSa allen,81,Male,O+,Cancer,2020-02-27,Keith King,Li-Mcneil,Aetna,17519.0,113,Urgent,2020-03-12,Paracetamol,Inconclusive
ChrISToPHeR mOOrE,19,Male,O+,Diabetes,2023-12-26,Sandra Young,Ltd May,Blue Cross,14637.83,124,Urgent,2024-01-02,Lipitor,Abnormal
CheryL SCOtt,42,Male,O-,Cancer,2021-04-16,Nicholas Morgan,Bernard-Martin,Cigna,17199.6,375,Emergency,2021-05-13,Aspirin,Normal
MICHaeL FRanKlIn,85,Female,O+,Obesity,2020-06-03,Carlos Ford,Blankenship-Moore,Blue Cross,44125.33,423,Emergency,2020-06-25,Aspirin,Normal
Erica wagNER,45,Male,B-,Diabetes,2019-11-08,Shelly Fowler,LLC Garner,UnitedHealthcare,12288.79,376,Urgent,2019-11-23,Penicillin,Inconclusive
susaN watTs,74,Male,O+,Obesity,2020-06-27,Bobby Moses,"Bell, Levine and Reeves",Cigna,40290.98,494,Elective,2020-07-19,Aspirin,Normal
ROBERt smiTh,61,Male,O+,Asthma,2019-10-19,Paul Smith,Weaver Sons and,Blue Cross,47819.49,475,Urgent,2019-10-30,Paracetamol,Abnormal
JUsTin MoyER,80,Male,A+,Cancer,2021-07-28,Mariah Pham,Robertson-Cohen,Cigna,47578.62,201,Elective,2021-08-15,Ibuprofen,Inconclusive
nOrman cROSS,84,Female,B-,Asthma,2022-07-11,Jonathan White,Sanchez-Cunningham,Aetna,44137.81,118,Elective,2022-07-15,Aspirin,Inconclusive
ROBiN HoRTON,23,Female,B-,Asthma,2021-01-01,Matthew Walker,Garza-King,Cigna,43767.82,298,Emergency,2021-01-10,Paracetamol,Abnormal
RoBErT FIsheR,52,Male,O-,Cancer,2022-04-25,Kelly Smith,Norris-Matthews,Cigna,25711.7,127,Emergency,2022-05-02,Paracetamol,Normal
MRS. lAuREN ruIZ md,41,Female,O+,Cancer,2020-06-01,Theodore Stewart,Hawkins-Smith,Medicare,42322.58,272,Emergency,2020-06-30,Paracetamol,Normal
vICtORiA rObErtS,36,Male,O-,Arthritis,2023-02-26,John Hahn,"Reeves, Jones and Martin",Cigna,36998.19,427,Elective,2023-03-09,Penicillin,Abnormal
bRIan DiCkersOn,39,Female,B+,Hypertension,2022-06-19,Mallory Jones,Inc James,Aetna,37856.49,278,Urgent,2022-06-23,Aspirin,Abnormal
CAtHerIne bARron,66,Female,B-,Arthritis,2024-04-10,Anthony Robinson,Dawson-Mendoza,Aetna,8910.11,362,Elective,2024-05-10,Aspirin,Normal
JEffREy ROBInSon,51,Female,A+,Asthma,2022-01-20,Andrea Gutierrez,"Russell and Moss Moreno,",Aetna,43878.19,473,Elective,2022-01-31,Paracetamol,Abnormal
brendan kEnnedy,69,Female,B-,Asthma,2021-02-22,Tabitha Norris,"Norris, Matthews and Khan",Aetna,20329.95,227,Elective,2021-03-18,Penicillin,Normal
kATHRYN STEWART,27,Male,A+,Arthritis,2020-04-20,Mark Walls,Gill Group,Cigna,36611.23,197,Elective,2020-04-30,Ibuprofen,Inconclusive
jAMIE huyNh,50,Female,AB+,Arthritis,2022-04-26,Brent Lee,"Walker and Wells, Caldwell",Aetna,30267.47,217,Elective,2022-05-16,Paracetamol,Normal
TODd rOSS,50,Female,AB+,Asthma,2020-12-01,Chad Strong,"Williams and Payne Burke,",UnitedHealthcare,20969.93,245,Urgent,2020-12-09,Penicillin,Inconclusive
aLLISON StEIn,20,Female,B-,Asthma,2022-06-24,Christopher Horn,Ryan Ltd,Aetna,43943.41,383,Elective,2022-06-28,Lipitor,Abnormal
daNieL ball,50,Female,AB+,Hypertension,2019-12-18,Ronald Burch,Evans-Powell,Aetna,33728.29,167,Elective,2020-01-09,Lipitor,Inconclusive
AAron ArCHER,47,Female,B-,Cancer,2021-01-10,Cynthia Villanueva,"Montes Case and Mendez,",Medicare,10602.08,108,Urgent,2021-01-17,Paracetamol,Inconclusive
CRYsTAL sOTO,50,Female,A-,Obesity,2020-11-04,David Mendoza,"Franklin Dixon and Chen,",Cigna,17044.15,132,Elective,2020-11-22,Aspirin,Abnormal
bRIan CAmaCho,60,Male,AB+,Diabetes,2023-06-14,Anna Weber,"Pitts, and Rogers Jenkins",Cigna,20678.48,261,Urgent,2023-06-26,Aspirin,Normal
MAtthew WaLker,55,Male,O-,Diabetes,2022-05-02,Tara Bender,Brewer Ltd,Cigna,30239.4,321,Elective,2022-05-26,Ibuprofen,Inconclusive
JERrY marTIn,71,Male,A+,Asthma,2020-01-02,Katrina Davila,"Carter and Green Watkins,",Medicare,3523.6,445,Elective,2020-01-20,Paracetamol,Abnormal
laUrEn pAtTErsON,25,Female,O-,Asthma,2023-07-10,Victoria Hudson,Gonzalez-Salazar,Cigna,11741.04,470,Emergency,2023-07-30,Ibuprofen,Normal
KEvIN oWEn,75,Male,A-,Hypertension,2020-11-09,William Aguilar,"Sandoval, and Green Downs",Medicare,37116.36,189,Elective,2020-12-04,Lipitor,Normal
DavId lUCAs,81,Female,O+,Obesity,2022-05-16,Susan Hernandez,"James Turner, and Yu",Blue Cross,14292.52,484,Emergency,2022-05-27,Lipitor,Abnormal
dALe PEtERS,33,Female,A+,Obesity,2022-09-22,Kelly Jenkins,"Obrien Lewis Anderson, and",Blue Cross,12631.49,454,Emergency,2022-09-30,Penicillin,Inconclusive
PatRIck bOwEn,21,Female,B+,Arthritis,2023-05-31,Danielle Tucker,Wright-Frederick,Cigna,8816.87,342,Elective,2023-06-17,Paracetamol,Normal
ZaCharY white,35,Male,A-,Diabetes,2022-08-07,Robin Cortez,"and West Wilkerson, Foster",Blue Cross,26706.75,106,Elective,2022-08-28,Lipitor,Abnormal
caRolinE peTersOn,29,Female,O-,Arthritis,2023-01-17,William Johnson,Nichols-Vazquez,UnitedHealthcare,28181.8,149,Urgent,2023-02-12,Aspirin,Normal
sTEPHEN dAvIS,46,Male,O+,Hypertension,2023-11-07,Tyler Smith,"Walker, Mckee and Hurst",Medicare,47280.59,162,Elective,2023-11-26,Penicillin,Inconclusive
eric gaRNEr,66,Male,O-,Hypertension,2020-07-22,Matthew Roy,"Horne, Butler and Mcgee",Blue Cross,38465.57,201,Emergency,2020-08-02,Aspirin,Normal
JESSIca HoweLL,27,Male,A+,Asthma,2019-12-28,Steven Paul,LLC Neal,Medicare,33130.55,161,Urgent,2020-01-02,Aspirin,Normal
lAURa WIllIAmS,33,Female,A+,Hypertension,2019-05-16,Vincent Ramirez,Hood-Reed,UnitedHealthcare,6094.12,168,Elective,2019-06-15,Penicillin,Normal
JesuS LOpeZ,83,Male,O-,Hypertension,2020-05-22,Jennifer Garcia,Moore-Lewis,UnitedHealthcare,17248.23,394,Emergency,2020-05-30,Aspirin,Abnormal
RAyMoNd RObERTS,42,Male,AB-,Cancer,2023-11-12,Holly Hogan,"and Davis Bennett, Burgess",Aetna,22521.03,384,Urgent,2023-12-10,Lipitor,Normal
bRaNdon whiTE,46,Male,B+,Diabetes,2020-01-28,Latoya Smith,"and Morrison Wright, Mcfarland",Cigna,48882.9,107,Elective,2020-02-23,Paracetamol,Abnormal
BriaNa bErRY,49,Male,AB-,Asthma,2021-10-29,Stanley Mckenzie,"and Henderson, Rivera Barker",Cigna,42445.93,260,Urgent,2021-10-31,Penicillin,Abnormal
SArAH mCdoNaLD,30,Female,O+,Diabetes,2023-11-24,Ann Rodriguez,Martinez-Alexander,Cigna,44320.56,380,Urgent,2023-11-27,Penicillin,Normal
matTHEw WAllACe,68,Female,O+,Cancer,2020-06-09,Amy Evans,Armstrong-Baker,UnitedHealthcare,17160.04,221,Urgent,2020-06-28,Aspirin,Normal
STephEN ShEpARd,34,Female,A-,Diabetes,2019-10-13,Chad Robinson,Austin LLC,Medicare,22462.8,316,Emergency,2019-11-10,Penicillin,Inconclusive
FrEDeriCk mendeZ,38,Female,B+,Cancer,2024-01-09,James Boyle,Inc Mccoy,Aetna,9731.23,497,Emergency,2024-02-06,Aspirin,Normal
alExAnDRiA BraDLeY,53,Male,O-,Hypertension,2023-07-09,Christopher Cunningham,"Morrow Bennett, Higgins and",Medicare,43728.18,381,Elective,2023-07-27,Aspirin,Inconclusive
ShERRy feRgusoN,61,Female,O-,Hypertension,2022-03-09,Jessica Williams,"Mathews Cruz and Roth,",Blue Cross,46441.58,188,Emergency,2022-03-10,Lipitor,Abnormal
shArOn TAYLor,63,Male,A-,Cancer,2022-05-13,Caroline Lozano,Sons Mcdaniel and,Medicare,48188.34,428,Emergency,2022-05-27,Ibuprofen,Inconclusive
aNnA RodRiguez,25,Male,A-,Asthma,2023-11-27,Jeffery Wilson,"Fitzgerald, Cummings Reed and",Cigna,23529.17,306,Urgent,2023-12-25,Ibuprofen,Normal
NichOLAS wAteRs,19,Female,A+,Diabetes,2022-04-05,Victoria Miller,Jordan Group,Blue Cross,20355.64,451,Urgent,2022-04-17,Penicillin,Normal
maRy mahonEy,29,Male,O+,Cancer,2023-10-17,Rachel Donovan,Branch-Lopez,Aetna,31190.19,270,Elective,2023-10-22,Aspirin,Normal
dEvIN ACEVEdO,27,Male,A+,Diabetes,2021-02-16,Bethany Jones,Flores-Davis,Blue Cross,28523.3,427,Elective,2021-02-28,Lipitor,Abnormal
EliZabeth vArGAs,60,Female,AB+,Arthritis,2023-09-30,Jerome Townsend,PLC Daniel,Cigna,46307.85,198,Urgent,2023-10-19,Ibuprofen,Normal
PHiLip SmItH,47,Female,AB+,Arthritis,2022-08-25,William Sharp,Blair LLC,UnitedHealthcare,22713.77,165,Urgent,2022-09-07,Penicillin,Abnormal
LinDsAy sanDerS,80,Male,O-,Cancer,2022-01-07,Joe Beasley,Anderson-Edwards,Cigna,41555.95,425,Elective,2022-01-19,Ibuprofen,Inconclusive
AmBEr MOSs,63,Male,A-,Arthritis,2021-11-07,Sharon Crawford,"Franco Anderson, Davidson and",Blue Cross,27976.67,381,Emergency,2021-11-21,Aspirin,Normal
NiColE lEe,52,Female,B+,Cancer,2023-07-24,Christian Olson,Inc Jackson,Blue Cross,17896.52,191,Urgent,2023-07-30,Lipitor,Inconclusive
DAwn bARretT,27,Female,AB-,Asthma,2023-09-27,Hannah Hayden,Ray-Flores,Cigna,39041.34,381,Elective,2023-10-19,Penicillin,Normal
mIChAel pORteR,20,Male,A+,Cancer,2023-03-21,Paul Decker,Henry-Buchanan,Cigna,31750.13,271,Emergency,2023-04-09,Ibuprofen,Normal
MAURiCe Cox,41,Male,AB+,Asthma,2021-04-18,Cameron Atkins,Ltd Freeman,Medicare,3879.22,206,Urgent,2021-05-16,Penicillin,Normal
dENNIs bRadLey,42,Male,AB+,Asthma,2022-08-10,Antonio Taylor,"and King Carter Kaufman,",Medicare,19716.35,386,Emergency,2022-08-21,Lipitor,Abnormal
CHriSTOPher CLaRk,56,Male,O+,Cancer,2021-07-13,Andrea Escobar MD,PLC Wood,Medicare,11118.02,429,Emergency,2021-07-17,Aspirin,Abnormal
dAVID fLYnn,57,Male,O+,Asthma,2024-03-01,Kendra Wilson,Jenkins-James,Aetna,31813.98,239,Elective,2024-03-19,Lipitor,Normal
adAM MaRTIn,65,Female,A+,Diabetes,2023-11-21,Michelle Warren DVM,Contreras-Sanchez,Aetna,21241.56,118,Emergency,2023-12-07,Ibuprofen,Inconclusive
emiLY SparkS,77,Male,O-,Diabetes,2021-08-18,Bradley Walker,"Miller, Stein Hicks and",Cigna,22218.78,184,Elective,2021-08-29,Lipitor,Inconclusive
SARA rUSSO,84,Female,A+,Arthritis,2019-10-06,Virginia Waters,LLC Frank,Blue Cross,19875.95,125,Elective,2019-10-27,Paracetamol,Abnormal
DyLAN hardy,81,Female,B-,Cancer,2023-05-03,Brett Jones,Dunn-Burns,Medicare,4423.77,422,Emergency,2023-05-11,Aspirin,Abnormal
SAnDra CamACho,47,Male,AB-,Obesity,2022-03-10,Angela Boyer MD,Key-Nguyen,Blue Cross,23614.67,345,Emergency,2022-03-27,Lipitor,Normal
shaNNON ayaLA,61,Female,B-,Arthritis,2020-07-21,William Ramirez,"and Skinner, Simmons Scott",Blue Cross,21717.02,291,Emergency,2020-08-15,Penicillin,Abnormal
rAnDY liTTLe,20,Male,B-,Asthma,2020-01-06,Ryan Allen,"and Graves, Roth Jackson",UnitedHealthcare,24037.87,383,Elective,2020-01-20,Ibuprofen,Normal
BARBara reYEs,74,Female,A-,Hypertension,2020-01-13,Derek Clark,"Lawrence and Valenzuela, Jones",Aetna,49082.47,404,Elective,2020-01-17,Lipitor,Inconclusive
LauRa HogAn,58,Male,O+,Asthma,2022-06-12,Robert Arroyo,"and Wilson, Bradley Mccoy",Blue Cross,25486.68,322,Elective,2022-07-12,Penicillin,Inconclusive
tIffANy jaCKsON,42,Male,O-,Asthma,2022-02-24,Patricia Reed,Parker LLC,Medicare,41262.61,261,Emergency,2022-03-05,Paracetamol,Abnormal
ZAcHary DaviS,43,Male,A-,Cancer,2021-08-18,Sydney Holmes,Pitts-Taylor,Medicare,50097.32,325,Urgent,2021-08-21,Paracetamol,Inconclusive
joHN wiLLIAmsoN,82,Male,B-,Asthma,2023-02-07,Christina Lawrence,Ltd Rangel,Medicare,34747.42,151,Emergency,2023-03-05,Penicillin,Normal
cODy HILL,76,Female,A-,Hypertension,2023-12-11,Meredith Brown,"and Wilson Madden Jimenez,",Medicare,19560.52,329,Urgent,2023-12-31,Penicillin,Normal
DaniEl WANg,46,Female,AB+,Arthritis,2022-11-19,Jose Schultz,"Myers Williams and Mcdaniel,",Medicare,21523.06,172,Urgent,2022-12-04,Ibuprofen,Abnormal
andrEw WiLsoN,25,Female,A-,Arthritis,2023-08-06,Thomas Solomon,Ltd Callahan,Aetna,8671.18,279,Emergency,2023-08-25,Ibuprofen,Normal
JasON yOung,84,Female,AB-,Cancer,2023-05-21,Deborah Cisneros,"James, Moore Hawkins and",Aetna,3122.33,264,Elective,2023-06-11,Lipitor,Abnormal
daVID WiLSON,44,Female,A-,Arthritis,2020-06-15,Kevin Davis,"Dickerson and Duncan, Wright",Aetna,2918.35,366,Elective,2020-06-27,Paracetamol,Normal
TiMotHy MOoRe,31,Female,B-,Arthritis,2022-03-08,Arthur Bailey,"Perry Larson and Berger,",UnitedHealthcare,21058.15,144,Urgent,2022-04-01,Ibuprofen,Normal
MIcheLle VAzquEZ,53,Male,A-,Asthma,2024-03-03,Douglas Moore,"Alvarez Clark, and Francis",Blue Cross,29585.99,389,Elective,2024-03-14,Aspirin,Abnormal
juLian roBiNson,21,Female,AB+,Cancer,2020-04-28,Carrie Brown,"and Weber, West Deleon",UnitedHealthcare,7316.34,300,Elective,2020-05-15,Penicillin,Abnormal
PAulA BUtlEr,55,Male,O-,Hypertension,2020-08-26,Lisa Mckay,"Reynolds, and Hall Ross",UnitedHealthcare,26344.03,366,Elective,2020-09-21,Lipitor,Normal
lAURA HARris,49,Female,O-,Hypertension,2022-10-13,Kyle Robinson,"and Morrison Christensen, Kent",Medicare,16826.01,225,Urgent,2022-11-03,Lipitor,Abnormal
CArMen ReEd,44,Female,A+,Asthma,2019-08-22,Monique Miller,Pope-Turner,UnitedHealthcare,9009.25,206,Elective,2019-09-07,Aspirin,Inconclusive
daVID aLLEN,80,Female,O+,Hypertension,2023-11-26,Jennifer Taylor,Ltd Fox,Cigna,32757.84,147,Urgent,2023-12-09,Paracetamol,Normal
emILY WILLIAMS,28,Female,B+,Diabetes,2019-12-11,Sharon Campbell,Howard-Davis,Aetna,50325.56,244,Elective,2020-01-10,Aspirin,Abnormal
tHOMas Preston,59,Female,O+,Diabetes,2021-01-31,Miss Tammy Robinson MD,Martin-Schmidt,Cigna,39384.15,333,Emergency,2021-02-17,Ibuprofen,Abnormal
SamanthA WilLiAmS,20,Male,O+,Arthritis,2021-08-08,William Dillon,Garcia-Joseph,UnitedHealthcare,38759.83,275,Urgent,2021-09-01,Ibuprofen,Inconclusive
Daniel JohNson,61,Female,AB+,Hypertension,2019-09-14,David Bartlett,Cruz PLC,Blue Cross,32423.72,119,Emergency,2019-10-03,Penicillin,Abnormal
eRiK hoWArd,76,Female,B+,Diabetes,2023-07-24,Darlene Austin,"Schwartz Poole Mills, and",Blue Cross,46100.53,471,Elective,2023-08-05,Penicillin,Abnormal
ALLiSOn aNdErson,83,Male,B-,Diabetes,2019-11-16,Mark Williams,Johnston-Jones,Medicare,43275.23,287,Emergency,2019-11-28,Ibuprofen,Abnormal
JennifEr wiLLiams,26,Male,AB-,Hypertension,2020-04-04,Paula Hall,Inc Gibbs,Medicare,23707.66,254,Emergency,2020-04-19,Paracetamol,Inconclusive
TAMARa SuLLIVAn,76,Male,AB+,Obesity,2022-08-31,Taylor Townsend Jr.,Inc Gutierrez,UnitedHealthcare,30126.97,309,Urgent,2022-09-21,Aspirin,Inconclusive
iSaaC wILLiamS,80,Female,O-,Obesity,2020-08-11,Cynthia Carrillo,Klein Ltd,Cigna,23247.46,205,Elective,2020-08-24,Penicillin,Abnormal
CAtHeriNe knox,40,Female,O-,Obesity,2019-06-06,Robert Jackson,Inc Key,Cigna,12664.23,464,Emergency,2019-06-25,Paracetamol,Inconclusive
PaTRIcIA fletchER,79,Female,O-,Asthma,2021-03-03,Jennifer Reese,Miller-Vega,Cigna,22394.69,495,Elective,2021-03-06,Paracetamol,Normal
paTrICK QuiNN,33,Female,AB+,Diabetes,2022-05-07,Lauren Greene,Johnson-Sanchez,UnitedHealthcare,2701.8,124,Urgent,2022-05-14,Penicillin,Abnormal
aliCIa moRris,24,Male,A+,Arthritis,2019-06-24,Emily Wood,Sanchez-Campos,Aetna,11082.9,435,Elective,2019-07-13,Penicillin,Inconclusive
JEnnIFer cOokE,60,Female,O-,Asthma,2021-06-07,John Parsons,Davis-Mcpherson,Aetna,46469.86,468,Emergency,2021-07-01,Penicillin,Inconclusive
maTtheW JENSeN,65,Male,AB-,Obesity,2020-05-02,Crystal Sullivan,"and Kelly Johnson Nielsen,",UnitedHealthcare,19734.58,280,Elective,2020-05-30,Penicillin,Inconclusive
JOHn hALL,77,Male,O-,Asthma,2023-10-18,Michael Washington,Hunt-Rodriguez,Aetna,36568.08,486,Elective,2023-11-07,Lipitor,Abnormal
wILliam broWN,35,Female,O-,Obesity,2024-01-18,Ronald Henderson,Ltd Crawford,Aetna,9095.58,309,Emergency,2024-01-27,Ibuprofen,Inconclusive
aAROn MiRaNdA,23,Female,A+,Arthritis,2022-08-31,Loretta Sosa,Ltd Estrada,Blue Cross,27416.55,236,Urgent,2022-09-03,Penicillin,Inconclusive
jason weLch,66,Female,O-,Obesity,2021-07-28,Brian Wilson,"Lawson, Li and Hensley",Medicare,40622.3,160,Emergency,2021-08-18,Aspirin,Abnormal
cHarlES JOHnSon,39,Male,O-,Cancer,2024-01-31,Lisa Bailey,Combs Sons and,Blue Cross,6566.83,214,Emergency,2024-02-10,Aspirin,Normal
NiCole gAY,54,Male,A+,Arthritis,2023-08-15,Christopher Thomas,"and Moran, Wallace Quinn",UnitedHealthcare,3180.36,295,Elective,2023-08-19,Aspirin,Abnormal
brYan weAvER,79,Male,O+,Hypertension,2022-08-29,Matthew Lozano,"Hall and Ray, Johnson",Medicare,24944.88,283,Emergency,2022-09-12,Penicillin,Normal
Barbara taYloR,23,Male,AB+,Obesity,2023-05-04,Robert Lester,Armstrong-Fox,UnitedHealthcare,41130.19,268,Urgent,2023-05-14,Ibuprofen,Abnormal
BRiAn bROwn,64,Male,O-,Arthritis,2020-03-14,Danielle Boyd,and Mccoy Sons,Blue Cross,38950.29,258,Elective,2020-03-17,Paracetamol,Normal
april YoUNG,23,Female,AB+,Hypertension,2021-05-07,Brooke Booth,"Miller and Greene, Patel",Cigna,4878.42,214,Emergency,2021-05-22,Penicillin,Abnormal
STePHeN ONeal,54,Male,B+,Hypertension,2022-06-27,Curtis Mckay,"White Berry, Palmer and",Aetna,7649.15,457,Urgent,2022-07-09,Paracetamol,Abnormal
sAmueL FOsTER,51,Female,AB-,Hypertension,2023-05-20,Linda Brady,Fisher-Fitzgerald,Blue Cross,45727.03,119,Elective,2023-05-26,Paracetamol,Inconclusive
PatriCIa sMITH,54,Male,AB+,Cancer,2022-06-14,Mr. Jason Alvarado,"Myers Estrada, Perez and",Cigna,50162.33,150,Emergency,2022-06-20,Aspirin,Abnormal
HEaThEr oWen,78,Male,B+,Hypertension,2022-05-25,Rodney Johnson,Martin Group,Medicare,834.33,245,Elective,2022-06-20,Lipitor,Abnormal
ELizabeTh brOWn,56,Female,A-,Obesity,2024-02-28,Kimberly Nunez,Sons Butler and,UnitedHealthcare,14189.17,384,Urgent,2024-03-12,Aspirin,Inconclusive
DAnieL CASey,29,Male,A+,Arthritis,2020-02-01,Charles Johnson,"Jennings Jensen and Waters,",Aetna,38273.07,382,Elective,2020-02-06,Penicillin,Inconclusive
JOSeph NOble,85,Male,AB-,Arthritis,2020-10-10,Tyler Morales,Johnson-Thomas,Aetna,36349.15,134,Emergency,2020-10-18,Ibuprofen,Abnormal
tonYA SanDERS,56,Male,B+,Obesity,2024-05-05,Gerald Miller,"Miller, Foster and Evans",Cigna,14646.72,225,Emergency,2024-05-09,Ibuprofen,Normal
tYLER cARnEy,38,Female,AB+,Arthritis,2022-04-23,Michael Friedman,Lane-Pitts,Aetna,49948.99,244,Elective,2022-04-24,Paracetamol,Inconclusive
MaUREen fRiTZ,58,Female,O-,Asthma,2021-05-19,Adam Hayes,Ltd Nelson,Medicare,9122.69,395,Elective,2021-05-24,Penicillin,Abnormal
PATRIcIa heRnANdez,22,Male,AB-,Hypertension,2023-02-23,Brian Mendez,Walsh LLC,Cigna,6688.32,125,Emergency,2023-03-25,Aspirin,Inconclusive
ChRISTINE GoMEz,82,Female,AB+,Arthritis,2022-05-04,James Andersen,Owen-Powell,Medicare,44933.19,256,Elective,2022-05-18,Paracetamol,Inconclusive
debORaH wArREN DdS,71,Male,AB-,Diabetes,2023-05-12,Michelle Schwartz,Rogers-Davidson,Medicare,26932.6,320,Emergency,2023-05-14,Paracetamol,Normal
wHITNEy smITH,77,Male,A-,Hypertension,2021-01-16,Brad Crawford,Rodriguez-Miller,Cigna,45222.59,179,Emergency,2021-02-15,Ibuprofen,Normal
eRIK MAson,85,Female,O+,Arthritis,2022-05-09,Jillian Bauer,Gomez-Gilbert,Aetna,46039.75,318,Urgent,2022-05-18,Ibuprofen,Inconclusive
NICHoLAS StEwart,57,Female,AB+,Obesity,2023-07-27,Andrew Newton,Rojas-Rodriguez,Blue Cross,40315.47,319,Emergency,2023-08-04,Lipitor,Inconclusive
SHeIlA AdaMS,27,Male,A+,Asthma,2024-01-17,John Henderson,Newman-Jackson,Medicare,35845.83,270,Elective,2024-01-22,Ibuprofen,Normal
aMy BYrd,48,Female,O+,Diabetes,2023-01-27,Victor Hood,"and Smith Dickerson Hart,",Cigna,43520.2,399,Urgent,2023-01-31,Lipitor,Normal
AArON GOoDmAN,26,Female,AB-,Diabetes,2020-11-11,Brandon Jones,Moore-Freeman,Blue Cross,30631.13,177,Emergency,2020-11-29,Ibuprofen,Inconclusive
CHRIsTOPHER gILberT,18,Female,AB+,Obesity,2023-06-24,Victor Moore,Leon-Barajas,Blue Cross,29611.04,463,Elective,2023-07-10,Aspirin,Normal
MichaEl MONTgomErY,18,Male,A+,Obesity,2023-11-28,Samuel Finley,Collins-Esparza,UnitedHealthcare,18179.4,474,Elective,2023-12-15,Aspirin,Abnormal
COuRtNey laRson,21,Female,AB-,Arthritis,2023-05-16,Joshua Reese,"Clarke, Roberts Simmons and",Cigna,20065.36,466,Emergency,2023-05-24,Lipitor,Inconclusive
ChRisty SChMIdt,25,Male,O-,Obesity,2023-11-18,Jason Martinez,Ltd Wells,Medicare,169.02,186,Emergency,2023-12-16,Ibuprofen,Inconclusive
MIchAEl MAcDONAlD,33,Female,A+,Hypertension,2022-07-25,Jonathan Monroe,Group Obrien,Blue Cross,33055.94,420,Emergency,2022-07-28,Penicillin,Abnormal
BOBby HAMIlTon,73,Male,O+,Obesity,2021-06-01,Erik Andrade,LLC Knight,Cigna,33863.79,303,Elective,2021-06-29,Ibuprofen,Abnormal
jaMEs quINN MD,22,Female,B+,Diabetes,2021-04-12,Leslie Lewis,Parker-Flores,Cigna,33468.75,204,Emergency,2021-04-21,Ibuprofen,Abnormal
riChArD GreeN,19,Male,AB+,Diabetes,2022-07-10,Diane Pratt,Group Hall,UnitedHealthcare,5413.99,474,Urgent,2022-07-29,Paracetamol,Inconclusive
gaiL JONEs,61,Male,B+,Obesity,2019-10-02,Christian Hall,Mann-Soto,UnitedHealthcare,32825.42,383,Urgent,2019-10-07,Penicillin,Inconclusive
KARInA adams,28,Female,A-,Hypertension,2021-08-22,Jacob Barton,Inc Williams,Cigna,39744.89,276,Urgent,2021-09-19,Penicillin,Inconclusive
zACHarY wYATT DDS,84,Male,AB-,Hypertension,2024-02-18,Nathan Murphy,Caldwell-Velez,Blue Cross,40374.19,243,Emergency,2024-03-07,Aspirin,Normal
bREtt gUTiERRez,56,Female,O-,Asthma,2024-04-07,Kristen Barrera,Stevens-Mcdonald,Blue Cross,35560.04,433,Elective,2024-04-27,Paracetamol,Inconclusive
jennifeR BenNEtt,32,Male,A+,Arthritis,2020-10-20,Matthew Alexander,Inc Jackson,Cigna,2270.51,218,Urgent,2020-10-23,Lipitor,Normal
sEan BarTOn,30,Male,B+,Arthritis,2019-06-24,Andrea Nguyen,Taylor-Hart,Medicare,8760.17,489,Urgent,2019-07-15,Aspirin,Inconclusive
dAniEl smiTH,25,Female,AB-,Asthma,2019-10-08,Melissa Jensen,Guzman-Stanton,Medicare,6768.16,475,Urgent,2019-11-02,Lipitor,Inconclusive
cHerYL fiGUeroA,70,Male,AB-,Cancer,2022-03-09,Tracy Woods,Sons and Brown,Blue Cross,10410.85,434,Elective,2022-04-06,Lipitor,Inconclusive
BRaDLeY buRKE,37,Female,B+,Cancer,2023-08-29,Alvin Young,Inc Clark,UnitedHealthcare,40195.47,436,Elective,2023-09-28,Aspirin,Abnormal
mIcHaEl daViS,37,Male,AB+,Diabetes,2020-04-23,Andrew Green,Lopez-Flowers,Medicare,38693.99,230,Emergency,2020-05-07,Lipitor,Abnormal
deboRah chAPMaN,23,Male,AB-,Hypertension,2023-04-10,Joseph Davis,Sons and Powell,UnitedHealthcare,43013.51,281,Urgent,2023-04-26,Aspirin,Abnormal
ANnA HaNCocK,19,Female,B+,Hypertension,2023-11-12,Sara Wood DDS,Ltd Simpson,Medicare,12890.33,420,Emergency,2023-12-03,Penicillin,Normal
DEBrA RuSSeLl,78,Male,AB+,Obesity,2019-12-16,Carrie Silva,PLC Thomas,Blue Cross,37226.24,402,Urgent,2019-12-22,Penicillin,Abnormal
seth hARRIS,75,Male,AB+,Arthritis,2024-04-05,Joseph Deleon,Ltd Wright,UnitedHealthcare,15295.87,400,Emergency,2024-04-28,Paracetamol,Inconclusive
VEroNiCa wILliAMs,80,Male,B+,Diabetes,2019-08-16,Carl Hudson,Cline Ltd,Blue Cross,42891.7,336,Urgent,2019-09-08,Aspirin,Abnormal
anDrew SAnTiAGO,44,Male,AB-,Diabetes,2021-03-31,Brian Hartman,Russell-Torres,Medicare,36327.52,458,Elective,2021-04-06,Ibuprofen,Abnormal
anA DAvIs,44,Male,B-,Diabetes,2021-05-13,Cheryl Morris,"Sanders White, and Hutchinson",Aetna,35963.34,408,Elective,2021-05-18,Lipitor,Abnormal
chrISTophEr gonZalEz jR.,38,Male,A-,Obesity,2022-07-19,Janet Powell,LLC Moran,UnitedHealthcare,40850.07,296,Emergency,2022-08-11,Lipitor,Inconclusive
jILl MONRoE,44,Male,A+,Obesity,2023-12-23,Linda Moyer,Meyers Ltd,Aetna,2409.13,102,Urgent,2024-01-10,Paracetamol,Normal
Julie geORge,50,Female,O+,Cancer,2020-02-15,Joanne Hines,Lewis LLC,UnitedHealthcare,22289.61,455,Emergency,2020-02-20,Paracetamol,Abnormal
cHasE LEE,20,Male,AB-,Arthritis,2021-06-25,Jaime Jackson,Levy-Watson,Medicare,10207.83,461,Elective,2021-06-28,Lipitor,Inconclusive
nICOle raY,26,Male,O+,Cancer,2023-05-02,Eric Harris,"Boyer Hudson Sanchez, and",Medicare,2396.69,145,Urgent,2023-05-12,Aspirin,Normal
beLINdA GARcIA,67,Male,A-,Asthma,2021-04-23,Robert Wood,Kelley LLC,Aetna,21011.66,387,Urgent,2021-05-11,Aspirin,Abnormal
KaTHRYN HUnTeR,54,Male,B+,Asthma,2022-04-08,Veronica Washington,Thomas-Smith,UnitedHealthcare,47948.26,126,Urgent,2022-05-06,Ibuprofen,Inconclusive
jonaTHAn cARPEnTeR,47,Male,O+,Cancer,2021-03-23,Susan Berg,and Elliott Sons,Cigna,20425.71,393,Elective,2021-04-19,Aspirin,Abnormal
BriaN rAYMond,76,Female,B+,Asthma,2022-03-25,Ethan Bowman,Greer-Rodriguez,UnitedHealthcare,15592.46,347,Urgent,2022-04-05,Lipitor,Abnormal
stevEn pErez,75,Female,B-,Arthritis,2021-08-26,Mitchell Marshall,Simmons-Lloyd,Medicare,42687.58,263,Urgent,2021-09-21,Lipitor,Abnormal
viRGiNiA fisHeR,36,Male,O-,Cancer,2022-10-21,Katherine Cooper,"Lee Reid Santiago, and",UnitedHealthcare,2425.01,483,Emergency,2022-11-20,Ibuprofen,Normal
mR. mIchaEL simON MD,24,Female,AB-,Asthma,2023-11-02,Jason Costa,Davis-Rivera,Blue Cross,30721.13,256,Emergency,2023-11-06,Paracetamol,Inconclusive
carl sTEWART,36,Male,O-,Hypertension,2020-07-29,Darrell Riley,Henry-Osborne,Blue Cross,24629.48,399,Emergency,2020-08-16,Ibuprofen,Abnormal
SEaN BRown,79,Female,AB+,Arthritis,2021-06-16,Michael Chang,Lopez-Cook,Cigna,51354.58,142,Elective,2021-07-09,Aspirin,Normal
bRyaN rEynoldS,75,Male,A-,Arthritis,2023-08-27,Brandon Hart,"and Becker Baker Owens,",UnitedHealthcare,34821.14,340,Emergency,2023-08-28,Lipitor,Normal
VICToRIA HeRnandez,64,Male,O-,Asthma,2021-06-28,Christopher Phelps,"and Ward Foster, Wagner",Blue Cross,6798.9,268,Emergency,2021-07-02,Paracetamol,Inconclusive
CArl brOwn,70,Male,AB+,Cancer,2019-07-29,Laura Wells,Lewis-Gallegos,Blue Cross,45805.1,420,Emergency,2019-08-09,Aspirin,Abnormal
Perry browN,28,Female,A-,Hypertension,2020-12-10,Mary Oliver,Torres Inc,Blue Cross,19579.33,206,Emergency,2021-01-08,Ibuprofen,Normal
kAReN bRIGgs,70,Male,A+,Diabetes,2022-10-25,Dale Lang,"Gutierrez, Taylor and Mason",Blue Cross,9539.26,392,Emergency,2022-11-01,Ibuprofen,Abnormal
AnDREA AnDeRSon,25,Male,O+,Cancer,2020-04-24,Scott Gibson,Oneill-Sharp,UnitedHealthcare,31329.48,279,Urgent,2020-04-30,Ibuprofen,Normal
kELLY FInLey,41,Female,A+,Hypertension,2021-02-04,Amy Martinez,Mckee Ltd,Medicare,5525.07,271,Emergency,2021-02-14,Ibuprofen,Abnormal
mr. fRANKLIN cOllInS,84,Female,A+,Hypertension,2023-04-07,Alyssa Lawrence,LLC Hancock,Blue Cross,44655.54,321,Elective,2023-05-04,Lipitor,Inconclusive
gINa QUInN,43,Female,O-,Asthma,2024-04-27,William Henry,Jones LLC,Aetna,23704.82,352,Emergency,2024-05-26,Paracetamol,Abnormal
SARah CrAiG,30,Female,O+,Obesity,2020-08-25,Philip Calhoun,PLC Cruz,UnitedHealthcare,22454.11,469,Emergency,2020-09-15,Penicillin,Abnormal
NIcolE PerRy,83,Female,O-,Asthma,2020-02-08,Susan Miranda,Inc Soto,Cigna,33497.38,264,Urgent,2020-02-20,Lipitor,Inconclusive
mR. dAvId pRaTT,72,Male,B-,Diabetes,2022-02-19,James Farrell,"Woodard and Ellis Casey,",UnitedHealthcare,11034.37,139,Elective,2022-03-13,Lipitor,Inconclusive
arthur GOMEZ,79,Female,B+,Cancer,2023-03-26,Alexis Robbins,Sullivan-Gibson,UnitedHealthcare,48929.15,208,Emergency,2023-03-30,Aspirin,Normal
Dr. aMy TrAN,33,Female,B+,Obesity,2020-01-03,James Buchanan,Ltd Meyers,Aetna,15426.33,494,Urgent,2020-01-09,Penicillin,Normal
RaLPh GRiFfIn,82,Male,O+,Cancer,2024-03-06,Mrs. Claire Stark,"and Flores Sharp, Ross",UnitedHealthcare,39689.83,362,Emergency,2024-04-05,Penicillin,Abnormal
jOhNny wADe,68,Female,AB+,Cancer,2022-08-30,Barbara Garner,and Friedman Sons,UnitedHealthcare,13811.93,370,Urgent,2022-09-10,Ibuprofen,Inconclusive
GregOrY chrIStEnseN,40,Male,B+,Diabetes,2021-12-31,Daniel Allen,"Myers Edwards, and Chandler",UnitedHealthcare,17563.41,122,Elective,2022-01-01,Aspirin,Normal
Ashley nGuyeN,73,Female,AB+,Diabetes,2023-11-28,Michael Phillips,Gordon-Baker,Aetna,32103.46,106,Elective,2023-12-24,Ibuprofen,Normal
PATrIcIa muRPhY,43,Female,AB+,Asthma,2023-05-06,Barbara Gamble,Aguilar-Howard,Cigna,24049.26,444,Elective,2023-05-09,Aspirin,Abnormal
CoDY CHAsE,41,Female,O-,Obesity,2023-12-31,Robert Burns,"Smith and Neal Jones,",UnitedHealthcare,28715.88,150,Elective,2024-01-09,Paracetamol,Inconclusive
jOsHua HIll,52,Female,B-,Diabetes,2023-11-08,Shannon Baker,"and Tran Fields, Harris",Medicare,32842.75,424,Elective,2023-11-29,Lipitor,Normal
COdy BRADLeY,56,Male,A+,Asthma,2020-05-14,Amy Gonzalez,"Wright and Le Marshall,",Blue Cross,22530.85,142,Emergency,2020-06-10,Ibuprofen,Abnormal
DaVID CamaCho,26,Female,AB-,Arthritis,2019-05-12,Carolyn Valenzuela,King PLC,UnitedHealthcare,21520.77,102,Urgent,2019-05-19,Penicillin,Abnormal
PAuL PuGH,19,Male,O+,Cancer,2020-02-05,Alex Carroll,"Townsend Taylor Khan, and",Blue Cross,42444.67,346,Emergency,2020-02-16,Ibuprofen,Abnormal
aARon GoodMAN,37,Female,AB+,Hypertension,2020-06-10,John Henderson DDS,Garcia-Williams,Aetna,48566.81,363,Elective,2020-07-06,Ibuprofen,Normal
josHUa bUrNETt,22,Male,B+,Asthma,2019-11-11,Kenneth Daniel,and Sons Dawson,Aetna,34099.59,267,Elective,2019-11-17,Ibuprofen,Normal
mR. WIlLIAM lOGAN,79,Male,B-,Cancer,2024-04-22,Bonnie Cook,"Walter Robinson Jackson, and",UnitedHealthcare,46146.82,457,Emergency,2024-05-17,Aspirin,Normal
TayLOr wHEELEr,22,Male,O-,Hypertension,2021-06-24,Julie Jones,"and Ward Smith, Villanueva",UnitedHealthcare,46188.62,234,Urgent,2021-07-20,Paracetamol,Abnormal
miCHAEl nIcHOls,28,Female,A-,Diabetes,2023-01-06,James Tyler,Jones-Gray,UnitedHealthcare,17800.8,297,Elective,2023-01-27,Penicillin,Normal
ronAlD DavIS,62,Female,AB+,Diabetes,2021-03-05,Patrick Lopez,Brown LLC,UnitedHealthcare,6957.78,494,Urgent,2021-03-30,Ibuprofen,Inconclusive
JACk sANToS,33,Male,B+,Arthritis,2023-02-26,Marissa Small,"and Martin, Simpson Hall",Aetna,2570.48,247,Elective,2023-03-17,Lipitor,Inconclusive
phIlIp sMItH,70,Female,AB-,Diabetes,2021-08-29,Manuel Gonzales,Diaz Group,Aetna,39897.37,340,Urgent,2021-09-19,Lipitor,Inconclusive
BEnJAMiN noRriS,71,Female,A-,Obesity,2021-10-24,Benjamin Sanchez,"King Kelly Lewis, and",Cigna,16569.36,450,Emergency,2021-11-12,Aspirin,Normal
trAcy HahN,34,Female,O-,Diabetes,2022-01-07,Tony Lopez,"Avila Hernandez, Jones and",Blue Cross,17529.52,326,Emergency,2022-01-09,Aspirin,Inconclusive
feLIciA LittLe,59,Male,AB+,Hypertension,2022-01-30,Darren Jacobson,Gilbert-Jones,Cigna,34967.12,418,Emergency,2022-02-14,Aspirin,Abnormal
kaYla SmiTH,23,Male,A-,Asthma,2023-05-10,Danielle Johnson,"Prince Hoffman and Wilson,",Medicare,28654.26,303,Emergency,2023-06-04,Paracetamol,Inconclusive
WaLTER JENNiNgS,41,Male,O-,Asthma,2022-01-07,Amanda Bentley,Sons Ford and,UnitedHealthcare,31225.73,352,Urgent,2022-01-14,Lipitor,Normal
ARieL WILLIaMs,18,Male,B-,Asthma,2022-06-24,Deborah Frederick,Alexander-Austin,UnitedHealthcare,16375.8,333,Elective,2022-07-13,Aspirin,Normal
KAREN DUNCAn,67,Male,O-,Cancer,2019-06-25,Jamie Jensen,Schmitt Ltd,Aetna,35833.53,335,Elective,2019-07-16,Penicillin,Inconclusive
erIn PetTY,35,Female,AB+,Obesity,2023-01-30,Julia Mcbride,Cruz Inc,Blue Cross,28144.72,127,Urgent,2023-02-19,Aspirin,Abnormal
laURa PARRish,52,Female,A-,Asthma,2022-05-27,Mitchell Thomas,"Murray, and Robinson Torres",Blue Cross,14160.03,190,Urgent,2022-06-12,Aspirin,Abnormal
tIfFaNy GARDnEr,29,Male,AB-,Hypertension,2019-05-26,Evan White,"Mckenzie Maldonado, Acosta and",Medicare,37425.12,202,Elective,2019-06-22,Lipitor,Abnormal
CRyStAl GOnzAlEZ,37,Female,B+,Cancer,2021-10-05,Mary Roman,"Peterson May Henry, and",Medicare,29473.65,360,Elective,2021-10-16,Lipitor,Inconclusive
NAtAlIe grEEN,84,Male,AB+,Hypertension,2019-09-02,Jackson Gonzales,"Jones, Landry Mcknight and",UnitedHealthcare,11265.52,445,Urgent,2019-09-30,Aspirin,Inconclusive
nANCy rAmIrez,19,Female,A-,Diabetes,2022-12-17,Elijah Rivera,Smith-Wilson,Aetna,14680.38,318,Emergency,2022-12-20,Paracetamol,Abnormal
ALYsSA gONZaLEs,39,Female,AB-,Cancer,2023-08-28,Sharon Freeman,"Carr Smith, and Smith",UnitedHealthcare,31588.53,431,Elective,2023-09-16,Aspirin,Inconclusive
tINA davis,46,Female,B-,Arthritis,2021-07-18,Alicia Harris,"Smith, Williams Wilkins and",Blue Cross,15118.95,211,Urgent,2021-07-21,Paracetamol,Inconclusive
ChRisTIna tuRnER,36,Male,O+,Arthritis,2019-08-21,Natalie Elliott,Ltd Thomas,UnitedHealthcare,11077.24,416,Urgent,2019-09-15,Ibuprofen,Abnormal
sEtH hALL,77,Male,A-,Asthma,2021-08-19,Lisa Smith,"and Williams Rodriguez Johnson,",Cigna,34968.71,207,Emergency,2021-09-10,Aspirin,Abnormal
sAmANThA CRawFoRD,61,Female,A+,Asthma,2021-05-20,Dr. Ashley Roman,"Webster, Daniels Lowery and",Cigna,2515.96,362,Emergency,2021-05-30,Paracetamol,Normal
BraNdoN CaMpBelL,20,Female,O-,Arthritis,2024-01-02,Earl Johnson,Sons Hanson and,Cigna,29874.11,389,Elective,2024-02-01,Penicillin,Normal
GaiL robertS,58,Male,A-,Arthritis,2023-09-30,Lori Martinez,Taylor-Small,Medicare,28894.09,277,Urgent,2023-10-21,Aspirin,Normal
jAMEs hErnAndEz,29,Female,AB+,Asthma,2019-10-28,Karl Grant,Calderon-Rodriguez,Cigna,19954.13,324,Urgent,2019-11-19,Lipitor,Abnormal
jAy hOOvER,78,Male,A-,Cancer,2024-03-25,Walter Adams,Parsons-Martinez,Cigna,21888.47,455,Emergency,2024-04-19,Aspirin,Abnormal
JeromE rOY,83,Male,O-,Asthma,2021-08-07,Matthew Stewart,Malone-Khan,Cigna,44682.94,348,Elective,2021-08-10,Aspirin,Normal
jAsoN bArReTt,54,Female,AB+,Asthma,2024-04-19,Dr. Christopher Ramirez,Bradley-Beck,Blue Cross,2983.43,191,Emergency,2024-05-04,Aspirin,Abnormal
jEREmY wESt,18,Female,A-,Asthma,2021-09-20,Phillip Brown,"Brown Baker, Phillips and",Aetna,18813.8,171,Elective,2021-10-06,Penicillin,Inconclusive
maTthEW LAmb,33,Male,B+,Arthritis,2021-10-31,Richard Sanchez,Miller Inc,Blue Cross,39895.72,309,Emergency,2021-11-13,Ibuprofen,Inconclusive
roBeRT pHiLlipS,83,Male,O-,Arthritis,2024-04-28,William Thompson,Stafford-Johnson,Cigna,23365.1,170,Urgent,2024-05-12,Ibuprofen,Normal
sARAH HintOn,37,Female,B-,Asthma,2023-04-07,Brian Castro,"Terry and Diaz Ward,",Medicare,36633.81,272,Elective,2023-05-04,Ibuprofen,Inconclusive
breNDA LEe,59,Male,B-,Diabetes,2023-01-05,Keith Gutierrez,Freeman LLC,Blue Cross,32336.54,276,Urgent,2023-01-25,Penicillin,Abnormal
daNIeLlE aLlen,65,Female,O-,Arthritis,2023-06-28,Christine Cline,Banks-Johnson,UnitedHealthcare,9338.23,432,Urgent,2023-06-30,Ibuprofen,Normal
ANdReW steele,72,Male,O-,Cancer,2023-04-11,Donald Dixon,"Dixon, and Davies Carpenter",UnitedHealthcare,16019.05,118,Emergency,2023-04-24,Paracetamol,Inconclusive
MIcHAeL MAson mD,49,Female,O-,Arthritis,2022-05-14,Mark Smith,Taylor-Jones,Aetna,17085.92,186,Urgent,2022-06-02,Paracetamol,Inconclusive
AnDREW Perry,70,Female,A+,Diabetes,2022-04-05,James Mccarthy,Smith-Mayo,Blue Cross,26432.96,464,Urgent,2022-04-21,Ibuprofen,Abnormal
RObERt bOYD,78,Male,A+,Diabetes,2023-12-08,Joshua Adams,"Hernandez Montoya, and Escobar",Medicare,11872.83,113,Elective,2024-01-07,Lipitor,Normal
TiNA CRaWFOrd,30,Female,A+,Cancer,2023-05-13,Annette Williams,"White and Smith Villegas,",Blue Cross,20270.53,270,Urgent,2023-05-25,Ibuprofen,Abnormal
GarY MOoRE,44,Female,B+,Hypertension,2021-05-20,Heather Norman,Parker-Austin,Aetna,25876.43,222,Emergency,2021-05-25,Lipitor,Inconclusive
austIn fOSTEr,73,Female,B-,Hypertension,2021-01-12,Jill King,Ware Inc,Cigna,44614.03,453,Elective,2021-01-22,Penicillin,Abnormal
aUstIn SmItH,81,Male,B+,Hypertension,2023-10-24,Ronald Edwards,Copeland-Gibson,Aetna,44667.97,347,Emergency,2023-10-31,Ibuprofen,Inconclusive
jenNIfEr BradLeY,78,Female,A+,Diabetes,2023-09-14,Jennifer Carter,Bates-Flores,Medicare,21445.37,319,Elective,2023-10-12,Aspirin,Abnormal
CaROLyn kElLER,80,Male,B+,Cancer,2023-03-17,Jacqueline Fry,"Hernandez, and Taylor Smith",Aetna,9715.94,142,Urgent,2023-04-01,Aspirin,Normal
GArY CollinS,34,Female,B-,Cancer,2022-07-12,Frank Williams,Inc Gomez,UnitedHealthcare,20410.12,350,Elective,2022-07-24,Aspirin,Inconclusive
SaNdRA milLeR,74,Male,B+,Diabetes,2023-12-03,Deanna Wade,"and Hoover Long, Johnson",UnitedHealthcare,3086.86,226,Elective,2023-12-30,Penicillin,Inconclusive
brIAnnA WilliaMS,74,Female,A+,Obesity,2020-03-15,Stephanie Cox,Sons and Johnson,UnitedHealthcare,34676.27,477,Elective,2020-04-13,Penicillin,Normal
BRUCE KIM,64,Female,B+,Arthritis,2021-08-25,Zoe Alexander,Sons and Diaz,UnitedHealthcare,44785.27,197,Elective,2021-09-13,Paracetamol,Abnormal
donAld WhITE,45,Male,A+,Obesity,2020-08-19,Justin Ayala,Sons and Garcia,Blue Cross,14559.33,228,Emergency,2020-08-28,Lipitor,Normal
mArk rYaN,31,Male,A+,Arthritis,2019-10-04,Gregory Harvey,"Griffin Espinoza, Berg and",Aetna,29129.22,164,Urgent,2019-10-14,Aspirin,Inconclusive
casEy PArkeR,39,Male,A-,Obesity,2023-10-10,Rose Malone,Lyons-Wiley,Medicare,4085.81,239,Urgent,2023-10-15,Aspirin,Inconclusive
rYaN PATTersON,46,Female,AB-,Hypertension,2024-01-08,Sara Sutton,White-Phillips,Blue Cross,11858.0,366,Urgent,2024-01-16,Lipitor,Abnormal
TheodORe martIn,64,Male,B-,Cancer,2023-11-10,Lee Beck,"Trujillo Thompson, and Hoffman",Aetna,40746.28,284,Urgent,2023-11-12,Aspirin,Abnormal
mariA halEY,60,Female,A+,Arthritis,2021-09-12,Jerry Hinton,Christian Inc,Aetna,51396.76,486,Urgent,2021-09-26,Aspirin,Normal
jaSON sAnDerS,30,Female,O+,Diabetes,2019-11-01,Diana Jones,Rogers-Garcia,Blue Cross,6981.47,463,Urgent,2019-11-15,Ibuprofen,Abnormal
JOrgE siNgletoN,26,Female,AB-,Diabetes,2022-09-30,Donna Carr,Rosales-Haynes,UnitedHealthcare,41322.63,493,Emergency,2022-10-03,Aspirin,Abnormal
ThOMas KrameR,33,Male,A+,Arthritis,2021-07-20,Kathleen Wang,Beasley-Cain,Aetna,16803.22,454,Elective,2021-07-26,Lipitor,Abnormal
eLIZaBEtH JamES,65,Female,O-,Cancer,2021-01-13,Mrs. Ruth Sheppard,"Myers Alvarez and Marshall,",UnitedHealthcare,40333.78,127,Emergency,2021-01-24,Aspirin,Abnormal
BREtt CoBb,61,Male,B-,Hypertension,2022-11-10,Erika Bright,Erickson and Sons,Blue Cross,36078.39,342,Emergency,2022-11-29,Lipitor,Normal
BRett GAlLEGOS,80,Female,A+,Diabetes,2024-04-03,Elizabeth Hall,Gutierrez PLC,Aetna,22715.01,273,Elective,2024-04-09,Ibuprofen,Inconclusive
LISa DeAn,69,Male,B+,Hypertension,2020-07-26,Jennifer Jones,Benson-Johnson,Medicare,23061.35,327,Urgent,2020-08-08,Paracetamol,Abnormal
CUrtIs dIAZ,39,Female,A-,Hypertension,2020-05-30,Connie Hurst,"and Flores Smith Williams,",Cigna,3376.18,178,Elective,2020-06-07,Paracetamol,Inconclusive
alexaNdER MOrgAN,28,Female,A-,Arthritis,2019-09-26,Taylor Pace,"Baker Armstrong, and Schneider",UnitedHealthcare,20807.4,289,Urgent,2019-10-25,Lipitor,Inconclusive
stACy WrIgHt,52,Male,AB+,Arthritis,2022-05-01,Karen Wolf,Browning-Moore,Medicare,11011.07,148,Elective,2022-05-27,Penicillin,Normal
BriAn MCDaNIEL,39,Male,B+,Asthma,2019-05-09,Brian George,Bates-Torres,Medicare,25359.41,269,Emergency,2019-05-13,Ibuprofen,Abnormal
saMUEl bARToN,64,Male,O+,Obesity,2022-12-10,Robert Levine,Group Hunt,Blue Cross,47563.51,392,Emergency,2022-12-26,Penicillin,Abnormal
tomMY farRELL,29,Male,O+,Cancer,2022-03-06,Penny Hill,"Weaver and Parks, Odom",Blue Cross,20714.35,432,Urgent,2022-03-08,Lipitor,Abnormal
thOmas HamiLTON,29,Male,O-,Obesity,2021-05-22,Laura Wheeler,Russo LLC,Blue Cross,12242.33,371,Emergency,2021-05-23,Penicillin,Inconclusive
JOaN glover,45,Male,A-,Diabetes,2021-10-09,Erik Lambert DVM,"Hester, Thomas Richards and",Aetna,47122.78,194,Urgent,2021-10-31,Aspirin,Abnormal
dr. JULIA waTSOn,85,Female,A+,Obesity,2020-02-22,Sherry Vazquez,Ltd Torres,Aetna,4208.71,394,Urgent,2020-03-07,Penicillin,Normal
CHELSEA ReED,42,Female,O+,Obesity,2023-03-24,Summer Gonzalez,"Garcia White, and Cobb",Medicare,20921.65,456,Elective,2023-03-25,Penicillin,Inconclusive
jaSON roMerO,29,Female,A+,Diabetes,2024-05-03,Ashley Washington,"and Stephens Ortiz Campbell,",Medicare,9472.9,480,Elective,2024-05-06,Penicillin,Normal
AlEXANdrA CArlsON,41,Female,O-,Cancer,2023-06-12,Meredith King,Stevenson Ltd,Medicare,7864.79,303,Urgent,2023-06-20,Ibuprofen,Abnormal
mARiA dorSeY,26,Female,AB+,Asthma,2021-11-03,Deborah Yoder,Chandler-Ballard,Medicare,29688.36,350,Elective,2021-11-27,Lipitor,Normal
JOy MACK,30,Male,B+,Obesity,2020-02-29,Jack Hale,Sons and Hernandez,Cigna,47810.72,114,Emergency,2020-03-06,Lipitor,Inconclusive
kImberLY Haney,63,Female,AB-,Asthma,2019-10-10,Stephanie Suarez,PLC Chavez,UnitedHealthcare,14170.94,288,Urgent,2019-10-28,Paracetamol,Inconclusive
Donald MAttHews,45,Female,B-,Arthritis,2023-01-01,Raymond Duncan,Escobar-Briggs,Cigna,29345.88,150,Emergency,2023-01-29,Penicillin,Normal
joshUA MeyerS,47,Male,AB+,Diabetes,2020-08-14,Johnny Nash,Santiago-Sloan,Blue Cross,19217.72,256,Emergency,2020-08-17,Aspirin,Normal
sABRiNA MiLLER,35,Male,O-,Asthma,2022-11-14,Bryan Hill,Sampson and Sons,Blue Cross,42816.26,267,Emergency,2022-12-03,Penicillin,Normal
MELisSa MonTgomerY,22,Male,AB+,Asthma,2022-08-02,Anthony Howell,"and Lee Rodriguez Morris,",Medicare,18047.55,251,Urgent,2022-08-17,Penicillin,Normal
ReGiNald JOhNsoN,26,Male,AB+,Diabetes,2023-10-27,Sarah Smith,Gonzalez-Maldonado,Aetna,14472.1,360,Elective,2023-11-20,Penicillin,Abnormal
amy NGuyEN,47,Male,B+,Arthritis,2021-01-04,Benjamin Ritter,Thompson-Hays,Blue Cross,47202.94,466,Emergency,2021-01-30,Ibuprofen,Inconclusive
SCott DAlTOn,20,Male,A+,Cancer,2022-01-14,Benjamin Turner,"David and Byrd Alexander,",Cigna,6293.25,159,Elective,2022-01-16,Ibuprofen,Abnormal
fraNk mEnDEz,69,Male,AB-,Hypertension,2019-06-26,Martha Palmer,and Dixon Sons,Blue Cross,33004.57,332,Urgent,2019-07-03,Penicillin,Abnormal
daWN LuTz,56,Female,A+,Hypertension,2023-08-31,Thomas Martinez,Group Martinez,Aetna,29190.79,263,Urgent,2023-09-16,Lipitor,Inconclusive
jaMEs MIller,49,Male,O+,Cancer,2019-12-26,Maureen Mcknight,Lawson-Williams,Medicare,13366.95,329,Elective,2020-01-18,Aspirin,Normal
GREGOry ShanNon,38,Male,B+,Asthma,2019-07-07,Leslie Smith,"Diaz Chaney Russell, and",Cigna,3503.11,166,Emergency,2019-08-04,Aspirin,Abnormal
Dale RUssELL,62,Male,O+,Diabetes,2020-02-24,Brian Friedman,Guzman-Griffin,UnitedHealthcare,15845.21,492,Urgent,2020-03-05,Lipitor,Inconclusive
ALBerT wALteRs,80,Female,A+,Arthritis,2019-05-11,Shelby Walters,"Cox Stone, and Merritt",Medicare,4699.31,108,Elective,2019-06-09,Penicillin,Abnormal
kiMberlY fERREll,26,Male,AB-,Asthma,2020-11-16,Angela Jones,Ltd Trujillo,Blue Cross,35841.24,299,Urgent,2020-12-02,Penicillin,Inconclusive
eRicA PETers,80,Female,AB+,Asthma,2020-07-03,Mrs. Mary Brown,"and Williams Schmidt, Jennings",Medicare,4903.13,371,Elective,2020-07-26,Penicillin,Abnormal
bArbarA PoOlE,38,Female,A+,Asthma,2020-08-20,Joseph Wallace,Frazier-White,UnitedHealthcare,1914.65,367,Emergency,2020-08-27,Lipitor,Abnormal
ErIN rOsE,55,Female,A+,Obesity,2021-01-09,Danielle Davis,Romero-Sanchez,Blue Cross,41535.52,126,Elective,2021-01-27,Aspirin,Inconclusive
ErIK Walker,37,Female,A-,Obesity,2023-10-02,Sherry Williamson,Ltd Cline,UnitedHealthcare,31443.08,486,Elective,2023-10-25,Paracetamol,Inconclusive
aLEXANdRiA williaMs,23,Female,O+,Arthritis,2021-04-13,Joseph Brooks,"and Melton, Lee Williams",Cigna,47504.71,463,Urgent,2021-04-23,Aspirin,Inconclusive
mAry RAMoS,29,Female,AB-,Asthma,2020-03-17,Diane Sellers,LLC Thompson,Blue Cross,40558.09,491,Elective,2020-03-29,Penicillin,Inconclusive
joHN joHnsON,76,Male,AB-,Hypertension,2022-08-27,Mary Armstrong,Johnson PLC,Aetna,21377.0,454,Urgent,2022-09-18,Ibuprofen,Normal
GREgory fReDeRIcK,66,Male,A+,Arthritis,2021-01-25,Megan Olson,Sanchez Group,UnitedHealthcare,16600.48,180,Urgent,2021-02-12,Penicillin,Abnormal
LuIS lOPeZ,27,Male,A+,Asthma,2021-01-25,Michael Nguyen,Barnes-Floyd,Medicare,8807.93,129,Emergency,2021-02-03,Paracetamol,Normal
aNita wArren,35,Female,O-,Diabetes,2023-01-25,Jennifer Kaiser,"and Davies, Wilson Ortiz",Blue Cross,20081.95,138,Elective,2023-02-22,Paracetamol,Inconclusive
TAshA DAWSoN,43,Male,AB+,Arthritis,2019-09-16,Douglas Barnes,"Duffy and Hull, Wright",UnitedHealthcare,29903.72,123,Urgent,2019-10-08,Paracetamol,Normal
michAeL DoUGlAS,41,Male,O-,Obesity,2024-03-10,Terry Gibson,Sons and Flores,UnitedHealthcare,8207.19,323,Emergency,2024-03-11,Aspirin,Normal
TAMmy MErRItt,39,Male,A-,Hypertension,2022-12-04,Glenn Martinez,Thomas-Martin,Blue Cross,8230.66,474,Urgent,2022-12-14,Lipitor,Normal
ELIZAbeth reEd,73,Male,B-,Diabetes,2022-12-05,Carla Curtis,Davis-Lee,UnitedHealthcare,8572.07,166,Urgent,2022-12-25,Ibuprofen,Abnormal
mr. aUstin maldoNADO,80,Female,B+,Cancer,2020-01-21,Jared Henderson,"Hardy Flynn, and Park",Blue Cross,29229.79,407,Urgent,2020-01-27,Paracetamol,Inconclusive
kAthlEEn greEn,54,Female,AB-,Cancer,2019-06-30,Clarence Harrington,Inc Smith,UnitedHealthcare,45734.35,347,Urgent,2019-07-17,Aspirin,Inconclusive
jOdy shAW,38,Female,O-,Diabetes,2021-06-14,Patty Morrison,"Williams Scott Melton, and",Cigna,4795.25,286,Elective,2021-07-04,Paracetamol,Inconclusive
jeROmE jorDaN,29,Female,B-,Arthritis,2020-05-31,Lori Chapman,Green-Sweeney,Aetna,42496.77,127,Elective,2020-06-03,Ibuprofen,Normal
AlEXaNDra cOLLINS,53,Male,B-,Arthritis,2019-09-30,Robert Mata,"and Reid, Williams Hernandez",Cigna,34614.65,471,Emergency,2019-10-15,Paracetamol,Abnormal
ryAn trAN,39,Female,A+,Asthma,2023-12-30,Jesse Wiley,Martinez-Ortega,Medicare,41503.86,353,Elective,2024-01-23,Penicillin,Abnormal
wILlIAM AlLeN,49,Male,B-,Diabetes,2021-10-25,Sarah Campbell,Hawkins-Delacruz,Aetna,16231.27,413,Urgent,2021-11-11,Paracetamol,Normal
DAnIEl Dean,30,Female,A+,Cancer,2022-12-09,Sharon Adkins,Smith-Copeland,Cigna,3038.11,372,Emergency,2022-12-16,Paracetamol,Abnormal
JOHn ESPInOZa,46,Male,O+,Diabetes,2023-01-06,Kristen King,Reid LLC,UnitedHealthcare,28972.14,430,Emergency,2023-01-13,Aspirin,Abnormal
deniSe COlEman,56,Male,B-,Asthma,2023-09-28,Allen Salas,Hawkins-Campbell,Aetna,24821.52,262,Elective,2023-10-08,Lipitor,Abnormal
tAmMY heRNandez,26,Male,A-,Asthma,2019-11-17,Madison Campos,"and Park Burke, Weber",Medicare,24010.11,309,Urgent,2019-12-08,Penicillin,Normal
seaN bRADlEy,53,Male,AB+,Arthritis,2023-07-22,Timothy Rodriguez,"Maldonado Kelly Lewis, and",Blue Cross,13905.2,370,Urgent,2023-07-25,Penicillin,Normal
shELbY maRTiNez,63,Female,B+,Diabetes,2023-09-21,Victoria Evans,"Bass and Hudson, Pittman",Blue Cross,8361.72,326,Elective,2023-10-18,Penicillin,Normal
AntOnIO JeNKINS,69,Male,AB-,Asthma,2023-07-16,Justin Martinez,Aguirre-Williams,UnitedHealthcare,17139.19,215,Elective,2023-07-19,Ibuprofen,Inconclusive
jAmes curtIS,38,Male,B+,Arthritis,2021-11-18,Matthew Sellers,Watson-Gillespie,Blue Cross,10974.88,230,Urgent,2021-12-04,Paracetamol,Inconclusive
juLiE YOUNg,22,Male,O-,Cancer,2019-10-08,Jeffrey Wilson,Taylor LLC,Cigna,16450.85,236,Elective,2019-11-02,Paracetamol,Normal
RaYMoND NeLsON,69,Male,O+,Obesity,2021-08-05,Stephen Mills,"Graham Nelson Shelton, and",Medicare,7109.58,205,Elective,2021-08-31,Aspirin,Abnormal
JILl sMIth,74,Female,O-,Obesity,2020-03-04,Michelle Sanchez,Boyd-King,Cigna,43558.33,303,Urgent,2020-03-12,Ibuprofen,Normal
AdRiaN mcBRiDe,50,Female,B+,Diabetes,2022-05-25,Jasmine Hernandez,"Smith and Gomez, Cook",Blue Cross,49224.12,451,Emergency,2022-05-31,Ibuprofen,Inconclusive
JeFFREy fARLey,22,Female,AB+,Obesity,2021-09-07,Olivia Martin,Thomas-Logan,Cigna,8893.81,183,Urgent,2021-09-20,Paracetamol,Abnormal
BrEanNA gaRCIa,77,Female,B+,Asthma,2023-10-07,Jason West,"Swanson Robinson, and Sanchez",UnitedHealthcare,4275.17,338,Emergency,2023-10-27,Lipitor,Abnormal
amy dyer,70,Male,O+,Cancer,2021-10-10,Daniel King,"and Mccormick Nelson, Parker",UnitedHealthcare,1130.06,495,Emergency,2021-10-31,Paracetamol,Normal
KRISteN gArciA,44,Male,A-,Asthma,2021-07-28,Kelly Fowler,Ltd Reed,Cigna,33594.82,243,Urgent,2021-08-22,Lipitor,Inconclusive
mR. gREgOry joRDaN,19,Female,B-,Obesity,2023-12-02,Carol West,Inc Taylor,Cigna,21859.54,269,Urgent,2023-12-18,Lipitor,Inconclusive
JENnIFEr mOrgAN,52,Female,A+,Hypertension,2022-12-25,Kevin Sanford,and Mclaughlin Sons,UnitedHealthcare,46028.3,418,Urgent,2023-01-16,Lipitor,Normal
alExANdrIA STepheNs,25,Female,AB+,Hypertension,2021-02-24,Michael Bean,Day LLC,Aetna,41526.41,357,Emergency,2021-03-13,Paracetamol,Inconclusive
Dr. jOrdan HARtMan,56,Female,AB-,Asthma,2021-10-20,Eric Santiago,Jordan-Allen,Blue Cross,17952.74,464,Emergency,2021-10-21,Penicillin,Abnormal
eLizABEtH mCgeE,84,Male,AB-,Asthma,2021-08-19,Charles Nixon,PLC Stone,UnitedHealthcare,25450.46,280,Elective,2021-08-22,Aspirin,Abnormal
ANDrew JOHNsoN,23,Female,A+,Cancer,2022-02-26,David Edwards,"Klein Johnson and Lopez,",Aetna,15192.49,388,Emergency,2022-03-15,Ibuprofen,Abnormal
shARoN SCHmIdt,77,Male,O-,Hypertension,2020-07-15,Steven Bailey,Henson-Smith,Cigna,38641.81,440,Elective,2020-08-12,Aspirin,Normal
MICHAel PHiLlIPs,30,Female,AB+,Cancer,2022-09-17,Jesse Welch,Morrison-Thomas,Blue Cross,11204.04,372,Urgent,2022-10-07,Penicillin,Inconclusive
jENniFeR BeNNEtT,43,Male,A+,Hypertension,2023-12-10,Sandy Green,"Ross Gibson and Rios,",Medicare,28971.65,339,Emergency,2023-12-19,Paracetamol,Inconclusive
CHARlEs MEyeRS,45,Male,A-,Asthma,2022-03-02,Richard Gonzalez,Garcia-Newman,UnitedHealthcare,20408.8,306,Elective,2022-03-20,Ibuprofen,Normal
JOnAThAN bAkEr,33,Male,A-,Cancer,2020-06-13,Emily Gross,LLC Buchanan,UnitedHealthcare,31267.51,412,Elective,2020-06-15,Penicillin,Inconclusive
LiSA HOLdEr,53,Female,O-,Obesity,2023-05-11,James Navarro,Miller-Lambert,Medicare,4611.51,281,Urgent,2023-05-25,Paracetamol,Inconclusive
NicOlE sMItH,52,Female,AB+,Diabetes,2019-10-13,Jennifer Mendez,Wheeler-Richards,Medicare,30870.6,274,Urgent,2019-11-04,Ibuprofen,Abnormal
KRiSTEN CoPElAnD,80,Male,B+,Diabetes,2023-07-12,Jennifer Smith,Davis-Young,Medicare,4543.0,268,Emergency,2023-07-26,Aspirin,Normal
kAtHy morALES,59,Male,B+,Obesity,2022-11-04,Angela King,Knight-Thomas,Blue Cross,11681.85,491,Urgent,2022-11-05,Ibuprofen,Abnormal
RAndaLL FItzgERAlD,24,Male,B+,Asthma,2023-02-15,Stephanie Chan,LLC Brewer,Aetna,33989.54,133,Elective,2023-03-14,Ibuprofen,Normal
mONIQUE ALExanDeR,64,Female,AB+,Hypertension,2021-02-27,Hector Pena,LLC Jones,Medicare,29653.02,160,Urgent,2021-03-19,Penicillin,Inconclusive
HEIdI HARMoN,30,Male,AB+,Arthritis,2020-05-10,Chad Kelley,Madden-Pope,Cigna,45342.05,460,Urgent,2020-06-01,Penicillin,Normal
BRIaN jOHNS,60,Female,B+,Hypertension,2023-02-07,Madison Phillips,PLC Hunt,Blue Cross,3088.71,429,Emergency,2023-02-18,Aspirin,Normal
ryAN WOLFe,52,Male,O-,Cancer,2022-09-21,Kevin Maldonado,Inc Hernandez,Aetna,46812.0,263,Urgent,2022-09-25,Aspirin,Abnormal
robIN LOPEz,34,Female,B+,Arthritis,2020-05-30,Elizabeth Phillips,"Fernandez, Robertson Maxwell and",Blue Cross,37484.95,116,Emergency,2020-06-24,Paracetamol,Normal
dEBRa DOwNS,65,Male,B-,Asthma,2019-06-06,John Crawford,"Miller and Riley, Gillespie",Aetna,7921.66,229,Urgent,2019-06-08,Ibuprofen,Normal
BENJamiN TowNSEnD,77,Male,AB-,Cancer,2020-08-20,Laura Jenkins,Group Herman,Medicare,32227.91,185,Emergency,2020-09-06,Lipitor,Inconclusive
mAUriCe booNE,82,Female,O-,Arthritis,2023-09-01,Abigail Salas,Jones-Patel,Aetna,13310.82,181,Urgent,2023-09-10,Lipitor,Inconclusive
bRIAn maYER,85,Male,B-,Diabetes,2021-02-15,Holly Smith,"Garcia Obrien, Casey and",Aetna,17860.21,374,Emergency,2021-02-24,Lipitor,Normal
TrAcY HAMMond,65,Female,A-,Hypertension,2022-05-25,Stacy Knight,Nolan PLC,Blue Cross,11343.92,400,Emergency,2022-05-28,Ibuprofen,Inconclusive
mAtTHew RObERTs,23,Male,B-,Diabetes,2022-08-29,Amber Olsen,Miller-Guzman,Cigna,2231.59,489,Emergency,2022-08-30,Ibuprofen,Inconclusive
RIcHArd WEst,75,Female,O-,Asthma,2020-02-08,Brooke Hernandez,Davidson-Keith,UnitedHealthcare,21432.18,239,Emergency,2020-02-28,Penicillin,Abnormal
kRistINE mOnTOYa,60,Male,O+,Diabetes,2020-04-14,Eric Calderon,Sons and Gray,Cigna,16165.16,117,Urgent,2020-04-15,Penicillin,Normal
EriC MACK,46,Female,A+,Obesity,2023-06-30,Matthew Hayes,"Campbell Murray and Anderson,",Medicare,24028.51,367,Emergency,2023-07-08,Paracetamol,Inconclusive
GaRy aDKINS,34,Female,B+,Cancer,2021-08-31,Karen Robinson,Kelly-Owens,Blue Cross,50506.63,338,Urgent,2021-09-02,Aspirin,Normal
chRIsToPHER RussEll,85,Male,O-,Cancer,2022-11-08,Susan Brandt,Paul Ltd,Cigna,41036.37,276,Elective,2022-11-20,Lipitor,Inconclusive
niCOle PollaRd,33,Male,A-,Obesity,2024-02-26,Jaime Blair,Harris Inc,Blue Cross,5101.75,234,Urgent,2024-03-04,Lipitor,Normal
AMbeR rodRIgueZ,84,Female,AB+,Asthma,2020-04-10,Eddie Hall,Ltd Moore,Cigna,15404.13,102,Emergency,2020-04-22,Aspirin,Normal
LIsA ThOmpSOn,28,Female,O-,Hypertension,2023-01-05,Jared Leon,Taylor-Valenzuela,Medicare,47125.14,498,Elective,2023-01-31,Ibuprofen,Normal
DANIeL huAng,34,Female,B+,Obesity,2020-08-19,Craig Cordova,Jackson-Morton,UnitedHealthcare,34965.19,134,Urgent,2020-08-26,Ibuprofen,Inconclusive
kelLy Simon,30,Female,AB-,Asthma,2020-11-11,Juan Evans,"and Williams Aguilar Jones,",Medicare,22466.89,416,Urgent,2020-11-26,Aspirin,Inconclusive
mr. MicHaEl LeE,52,Male,AB+,Hypertension,2022-08-03,John Butler,Patrick-Levine,UnitedHealthcare,24186.81,106,Urgent,2022-08-14,Aspirin,Normal
JOhN STEwart,83,Female,O+,Asthma,2022-01-13,Isaac Cabrera,Patel PLC,Blue Cross,18863.55,256,Urgent,2022-01-27,Paracetamol,Abnormal
kaReN gOnZalez,25,Female,O-,Asthma,2020-09-14,Andre Young,"Griffin, Ali and Mckinney",Medicare,24491.19,111,Elective,2020-09-28,Penicillin,Abnormal
cuRtiS hursT,62,Male,O+,Asthma,2024-04-17,Jennifer Mullins,"George Vasquez, Russell and",Cigna,38397.83,474,Urgent,2024-05-03,Lipitor,Normal
kEVin CobB,45,Female,AB-,Cancer,2019-08-08,Kelly Morales,Ward-Vega,Cigna,5020.54,125,Emergency,2019-08-26,Penicillin,Abnormal
GRegoRY HendeRSON,37,Male,A-,Cancer,2019-05-30,Lauren Bowman,Brown-Warner,Cigna,49579.49,115,Emergency,2019-06-21,Lipitor,Normal
saMUel humPhrEy,43,Female,AB+,Asthma,2023-07-19,Shawn Townsend,Daugherty-Smith,Cigna,34698.29,205,Elective,2023-08-04,Aspirin,Abnormal
JessicA MedInA,32,Male,B+,Asthma,2020-05-05,Deanna Riggs,"Richards Edwards and Taylor,",Medicare,38753.82,327,Emergency,2020-05-16,Ibuprofen,Inconclusive
rileY StanleY,27,Female,A+,Obesity,2022-10-24,Shelley Martinez,Mcclure-Williams,Aetna,32656.77,306,Emergency,2022-11-17,Lipitor,Inconclusive
jenNIfEr tAYLOR,51,Female,B+,Asthma,2019-08-17,Kimberly Gonzalez,English Ltd,Medicare,38582.51,156,Emergency,2019-08-19,Lipitor,Normal
juLIe BUck,36,Female,O+,Cancer,2022-05-04,Katie Fletcher,Sanchez-Wilson,Medicare,20433.96,265,Urgent,2022-05-20,Ibuprofen,Abnormal
AManDA cruZ,50,Female,B+,Cancer,2022-09-16,Paula Murray,"Patterson and Hall, Kidd",Medicare,49095.71,254,Emergency,2022-10-09,Penicillin,Normal
CHAD mORgaN,26,Female,O-,Diabetes,2021-09-18,Bradley Smith,"Mitchell Sanders, and Beasley",UnitedHealthcare,43000.47,412,Urgent,2021-09-19,Penicillin,Abnormal
ricHARd trAN,63,Female,A+,Cancer,2023-12-02,Brandi Houston,"Palmer and Fisher Baker,",UnitedHealthcare,21496.36,450,Urgent,2023-12-31,Paracetamol,Inconclusive
vICTOria durhaM,41,Female,A+,Arthritis,2020-06-21,Roberta Carter,"and Morris Davis, Soto",UnitedHealthcare,46057.54,225,Emergency,2020-06-27,Paracetamol,Abnormal
jEsSicA COX,74,Female,AB-,Asthma,2022-09-24,Stephanie Williams,"May Shepherd, and Mathis",UnitedHealthcare,44808.09,279,Emergency,2022-09-30,Aspirin,Normal
amy FoWLEr,81,Female,B-,Asthma,2022-04-22,John Macdonald,Ltd Page,UnitedHealthcare,37516.1,360,Elective,2022-05-04,Lipitor,Normal
CoDY wiLsON,28,Female,O+,Diabetes,2020-08-01,William Matthews,"and Schneider, Scott Jackson",UnitedHealthcare,8385.12,432,Emergency,2020-08-04,Aspirin,Inconclusive
PAtriCia boWMAN,48,Female,B-,Arthritis,2023-08-21,Andrea Campbell,Ltd Reed,Aetna,14003.26,145,Emergency,2023-08-22,Lipitor,Normal
katElYN case,26,Male,O-,Cancer,2022-09-28,James Clark,Inc Brewer,Blue Cross,30935.64,367,Elective,2022-10-26,Penicillin,Inconclusive
StuArT hERnanDeZ,73,Male,A+,Arthritis,2023-05-12,Sandra Brooks,"Ramos Anderson and Sanchez,",Medicare,32270.62,397,Urgent,2023-06-11,Ibuprofen,Normal
curtIs HILl,77,Female,AB-,Asthma,2022-08-07,Jose Bautista,Pollard-Burton,Cigna,24282.46,489,Emergency,2022-09-06,Lipitor,Normal
MeLvIn croSs,19,Male,B+,Cancer,2021-08-08,Mrs. Stephanie Galvan MD,Davis-Ingram,Blue Cross,14098.32,260,Emergency,2021-09-03,Ibuprofen,Normal
vinCEnT bASS,22,Male,AB+,Obesity,2022-08-04,Brian Drake,"and Allen Conley Rhodes,",Medicare,10749.77,234,Elective,2022-08-19,Penicillin,Inconclusive
TAYlor LanG,60,Male,A+,Cancer,2020-09-13,Joseph Grant,Nunez-Lyons,Blue Cross,15749.66,178,Elective,2020-10-10,Aspirin,Inconclusive
keVin garcIA,71,Female,O-,Obesity,2022-10-24,Sandra Murray,Gilmore-Washington,Aetna,30359.82,149,Emergency,2022-11-02,Ibuprofen,Inconclusive
MIChaEL NIcHOlsON,37,Male,A-,Hypertension,2021-03-25,Caitlin Wyatt,"Schwartz, and Hansen Kim",Blue Cross,13284.49,165,Elective,2021-04-23,Lipitor,Abnormal
VALErIe JOneS,22,Female,O+,Obesity,2019-08-29,Doris Allen,"Palmer Barnes and Turner,",Cigna,32235.04,434,Urgent,2019-09-18,Paracetamol,Normal
lindsAy NelsoN,39,Female,B-,Diabetes,2020-12-19,Jamie West,"Walker, Smith and Aguilar",Blue Cross,33520.74,210,Urgent,2020-12-25,Ibuprofen,Normal
ScoTt gilbert,73,Female,A-,Arthritis,2020-05-22,Bradley Byrd,"Lee and Miranda, Watson",Medicare,32401.7,197,Urgent,2020-06-10,Aspirin,Abnormal
cHriStopher BRoWN,76,Male,B+,Diabetes,2022-05-08,Christina Estrada,"Delacruz Ruiz, Haynes and",Cigna,19730.64,156,Emergency,2022-05-28,Ibuprofen,Abnormal
davID GREGoRY,44,Male,AB-,Asthma,2020-07-22,Susan Wade,"Sims and Vazquez, Wilson",UnitedHealthcare,37056.31,491,Emergency,2020-08-03,Lipitor,Normal
CHrIstopheR LAm,53,Female,AB-,Arthritis,2022-12-15,John Johns,PLC Moore,Medicare,50234.24,310,Elective,2022-12-27,Penicillin,Abnormal
eRIc caRTER,41,Male,O+,Hypertension,2020-11-03,Kathryn Jackson,"and Farley Ball, Myers",Aetna,48431.43,176,Urgent,2020-11-22,Aspirin,Abnormal
elIZAbeTh sPenCE,45,Female,B+,Cancer,2020-04-09,Adam Velez,Walter-Holmes,Cigna,18170.9,415,Urgent,2020-04-17,Lipitor,Normal
cAndaCE SMITH,22,Male,AB+,Obesity,2020-01-19,Tiffany Jennings,"Morrow and Bauer Oconnor,",UnitedHealthcare,35517.27,180,Emergency,2020-02-05,Penicillin,Normal
aLExIs loPEz,57,Female,O+,Hypertension,2022-12-04,John Mathis,PLC Harrison,Aetna,21695.89,222,Elective,2022-12-21,Penicillin,Inconclusive
RiChard WaRD,25,Female,A+,Hypertension,2022-11-29,Daniel Peters,PLC Marshall,Cigna,3745.45,362,Elective,2022-12-22,Aspirin,Inconclusive
aMbEr Jones,69,Male,O-,Asthma,2024-03-08,Benjamin Mcconnell,Williams-Cruz,Blue Cross,35617.81,346,Emergency,2024-04-05,Ibuprofen,Inconclusive
mARiaH OLIVEr,55,Male,B-,Asthma,2019-10-26,Savannah Harrell,Castro-Pierce,Cigna,8687.89,301,Emergency,2019-11-18,Paracetamol,Normal
DonalD GArdNer,40,Male,B-,Arthritis,2023-07-08,Rebecca Evans,Walker-Maxwell,UnitedHealthcare,13683.95,151,Emergency,2023-07-16,Ibuprofen,Abnormal
JoSEpH ButlEr,55,Female,A-,Obesity,2019-12-03,Brittany Dixon,"Wilkinson Stark Smith, and",UnitedHealthcare,39882.58,162,Elective,2019-12-05,Ibuprofen,Abnormal
kEvIn OCHOA,40,Male,A+,Cancer,2020-02-07,Glenda Alexander,"Dean Webster and Gibson,",UnitedHealthcare,47717.14,270,Elective,2020-02-11,Lipitor,Abnormal
kellY mcdOnAld,36,Female,AB+,Diabetes,2020-03-06,Bradley Knight,Colon-Mckenzie,Cigna,44923.19,182,Urgent,2020-03-07,Lipitor,Inconclusive
aAroN stuART,18,Female,O+,Cancer,2023-07-30,Jennifer Bailey,Garcia Sons and,Medicare,21898.96,160,Urgent,2023-08-01,Lipitor,Normal
TAMmY WILlIaMS,34,Female,AB+,Diabetes,2024-01-05,Teresa Wood,Decker-Cardenas,Blue Cross,3588.93,142,Elective,2024-01-28,Ibuprofen,Normal
cATHeRinE lawREncE,27,Male,B+,Cancer,2021-03-20,Colleen Jimenez,"Martinez Garrison and Kim,",Cigna,46059.93,185,Elective,2021-04-05,Aspirin,Inconclusive
heIDI gOnZAleS,58,Male,O+,Cancer,2020-10-12,Zachary Cuevas,"Torres, Parker Gibson and",Medicare,41369.92,123,Emergency,2020-11-03,Aspirin,Normal
brENt TAyLoR,76,Female,O+,Asthma,2021-05-19,Catherine Nelson,James-Simon,Blue Cross,4005.7,281,Emergency,2021-05-24,Aspirin,Inconclusive
THerEsa whitE,30,Female,B+,Arthritis,2022-04-09,Rose Meyers,King LLC,Blue Cross,10684.93,403,Urgent,2022-04-21,Penicillin,Normal
dANiel Byrd,21,Male,AB-,Diabetes,2019-08-02,David Taylor,Jacobson Ltd,Cigna,42439.44,433,Urgent,2019-08-21,Ibuprofen,Inconclusive
daNieLlE cRUz dvM,24,Female,AB-,Obesity,2023-03-24,Dr. Steven Vasquez,"Galvan, Moore Alexander and",Medicare,27225.25,386,Elective,2023-04-22,Penicillin,Normal
HeaTHer peTErSEN,51,Male,A+,Arthritis,2022-02-09,Amy Brown,Mitchell-Murphy,Blue Cross,9596.09,395,Emergency,2022-03-01,Lipitor,Normal
DIAna gRoSS,36,Female,B-,Obesity,2024-03-26,Amy Davenport,Campbell-Bridges,Cigna,49611.46,187,Elective,2024-04-18,Aspirin,Inconclusive
BrEnda browniNG,18,Male,B-,Cancer,2023-05-05,Hannah Gray,Wilson-Mcconnell,Cigna,34849.85,491,Urgent,2023-05-11,Paracetamol,Inconclusive
BRYAn MeNDoZA,35,Male,AB+,Hypertension,2023-09-09,Miss Sharon Martinez,PLC Lopez,Aetna,1880.91,354,Emergency,2023-10-07,Lipitor,Inconclusive
jordAn bOYd,45,Female,AB-,Arthritis,2022-01-14,Alison Joyce,Smith-Roberts,UnitedHealthcare,32764.47,408,Elective,2022-02-04,Paracetamol,Normal
AMANDA COX,84,Female,B-,Hypertension,2023-12-20,Lisa Colon,"and Watkins, Shaw Nguyen",UnitedHealthcare,10715.51,137,Emergency,2023-12-26,Ibuprofen,Abnormal
tiFFany bEnJamIN,67,Female,O+,Diabetes,2022-01-12,Jeffrey Bruce,Group Harris,Medicare,48094.25,370,Elective,2022-02-08,Penicillin,Normal
kAtHY OLsOn,85,Female,O+,Diabetes,2021-03-10,Dennis French,Bass-Hunt,Aetna,1248.84,466,Urgent,2021-03-23,Aspirin,Inconclusive
wIlLIaM MAtthews,40,Female,A+,Hypertension,2022-01-27,James Mcguire,Inc Frazier,Cigna,18329.66,346,Urgent,2022-02-23,Lipitor,Inconclusive
mAtthEW HIggInS,31,Male,A+,Arthritis,2023-12-03,Kari Foster,"Martin Olson, and Johnson",Medicare,33310.61,288,Elective,2023-12-24,Lipitor,Abnormal
chRiStina DOuGlas,31,Female,AB-,Asthma,2019-07-14,Michelle Torres,"and Jones Phillips Garner,",Cigna,43655.03,486,Emergency,2019-08-04,Lipitor,Abnormal
KareN WAtKINs,67,Male,AB+,Cancer,2019-05-21,Amy Palmer,"Campbell, Thomas Irwin and",Blue Cross,17107.74,338,Elective,2019-05-25,Ibuprofen,Inconclusive
MelAnIE cHaRleS Dvm,46,Female,A+,Diabetes,2020-02-27,Krystal Lindsey,"Obrien and Snyder, Rodriguez",Aetna,45441.79,310,Urgent,2020-03-10,Paracetamol,Abnormal
HaYlEy GArCiA,37,Female,AB-,Diabetes,2023-09-15,Kim Miller,Jones LLC,Medicare,32521.06,376,Elective,2023-10-03,Paracetamol,Abnormal
MAriSSA JOnEs,46,Male,AB+,Cancer,2021-01-23,Hannah Wright,Ali-Adams,Cigna,48015.58,244,Urgent,2021-02-03,Lipitor,Normal
JOHN eDwaRdS,75,Male,B+,Diabetes,2020-07-10,Sean Garcia,Alvarez-Zamora,Cigna,17938.89,174,Elective,2020-08-01,Ibuprofen,Inconclusive
Mrs. cARLa BONiLlA,80,Female,O-,Arthritis,2022-01-09,Jeffrey Miller,"Tran Ruiz Sexton, and",Aetna,39646.02,234,Emergency,2022-01-24,Lipitor,Normal
CHARLES BRIgGS,28,Male,AB-,Hypertension,2021-07-25,Abigail Williams,"Martin, and Robinson Graham",UnitedHealthcare,36671.4,332,Elective,2021-07-28,Aspirin,Inconclusive
jOHN Luna,50,Male,A-,Obesity,2021-02-15,Heidi Juarez,Ltd Phillips,Cigna,34777.94,465,Elective,2021-03-01,Penicillin,Inconclusive
JoSEPh crUz,70,Male,A-,Cancer,2019-12-01,Tiffany Moore,Group Cook,Aetna,19551.83,380,Emergency,2019-12-30,Lipitor,Inconclusive
DerEK SMItH,78,Male,AB+,Arthritis,2021-07-04,David Gross,Bridges-Lynch,Medicare,7241.31,273,Emergency,2021-07-25,Ibuprofen,Normal
deBORAh sCHroEDER,64,Male,AB+,Hypertension,2023-06-22,Darlene Shaw,"Miles Williams Kaufman, and",UnitedHealthcare,21834.31,172,Elective,2023-07-19,Paracetamol,Inconclusive
MatThew WhiTE,27,Female,AB-,Cancer,2020-02-06,Kevin Jones,Banks-Smith,UnitedHealthcare,40213.16,276,Urgent,2020-02-11,Paracetamol,Inconclusive
Adam mArQUEz,34,Male,B-,Cancer,2021-02-19,Brian Davis,LLC Ross,Cigna,35156.94,291,Elective,2021-03-02,Paracetamol,Inconclusive
stevEn sTevENS,29,Male,AB+,Arthritis,2020-02-21,Travis Ross,Castro-Moore,Blue Cross,46996.4,479,Emergency,2020-03-08,Lipitor,Abnormal
mRs. amy wISe,69,Female,O-,Obesity,2024-03-26,Jerry Jimenez,"and Lewis Thomas Carter,",UnitedHealthcare,5957.19,285,Emergency,2024-04-03,Paracetamol,Normal
rEbEcCA JeNkInS,48,Male,AB+,Obesity,2021-09-24,Tracy Wells,Brown LLC,Blue Cross,25092.55,263,Elective,2021-10-18,Aspirin,Abnormal
kEViN ThOmas,37,Male,AB-,Diabetes,2023-12-10,Elizabeth Carter,"Fritz Gonzalez, Rodgers and",Medicare,36334.23,450,Urgent,2023-12-25,Lipitor,Normal
dusTin GUzmAN,50,Male,B-,Diabetes,2021-05-21,Michele Haynes,Moon Inc,UnitedHealthcare,5297.67,210,Elective,2021-05-31,Lipitor,Normal
LauRA cOPElAnD,21,Male,B-,Arthritis,2019-08-27,Tyler Weiss,Myers-Ryan,Cigna,31006.67,374,Elective,2019-09-07,Ibuprofen,Normal
cAroLYn MAnnInG,69,Male,AB+,Arthritis,2022-08-06,Lisa Rodriguez,"Austin and Lowery, Robinson",Cigna,13470.03,125,Urgent,2022-08-20,Paracetamol,Abnormal
sCOtt NElson,30,Male,B-,Diabetes,2023-01-21,Alejandra Ruiz,Hill-Velez,Cigna,13362.76,269,Elective,2023-01-22,Penicillin,Normal
kIm MORgan,66,Female,O-,Cancer,2020-09-14,Jessica Brown,"Hayden, Zamora Riley and",Blue Cross,40326.86,199,Emergency,2020-09-30,Paracetamol,Inconclusive
MiCHAEl chrIStIAN,67,Female,A+,Diabetes,2019-11-29,Ronald Smith,"Graham Williams, Brooks and",Aetna,20310.43,244,Emergency,2019-12-10,Lipitor,Normal
EDwArD ramIrEz,29,Male,AB+,Obesity,2023-02-03,Barry Walker,Hogan-Ho,UnitedHealthcare,34260.47,257,Elective,2023-02-25,Aspirin,Normal
ERIn RioS,26,Female,B-,Diabetes,2020-09-18,Morgan Smith,"Gray, and Carr Martin",Medicare,37349.15,184,Emergency,2020-09-25,Ibuprofen,Inconclusive
MeGAn whitE,42,Male,O+,Cancer,2021-08-01,Yvonne Hernandez,Harris-Dominguez,Medicare,25962.98,298,Urgent,2021-08-26,Lipitor,Normal
ShAWN DIAz,19,Female,B+,Hypertension,2021-10-18,John Gregory,"Haynes and Navarro, Jackson",Aetna,17896.82,466,Emergency,2021-10-24,Aspirin,Normal
lIsA PErRY,40,Female,AB+,Cancer,2022-04-26,Eduardo Valenzuela,Inc Leonard,Cigna,9431.12,420,Emergency,2022-05-10,Ibuprofen,Normal
amY elLis,81,Female,O-,Cancer,2021-07-20,Thomas Riley,Jones-Griffin,Cigna,8626.79,270,Emergency,2021-08-02,Ibuprofen,Normal
SArah peTERson,72,Female,AB+,Arthritis,2019-11-08,Adam Parker,Harris-Melendez,UnitedHealthcare,15558.25,197,Urgent,2019-11-18,Ibuprofen,Inconclusive
edWaRd FoSTeR,26,Female,O+,Arthritis,2023-06-10,Matthew Wallace,"Morgan Thomas, Baker and",Blue Cross,31631.46,195,Emergency,2023-06-26,Lipitor,Abnormal
mATTHew yOunG,41,Male,O+,Obesity,2023-08-12,Mark Brown,Clark-Stewart,Cigna,39909.9,176,Urgent,2023-09-01,Penicillin,Abnormal
reBecCa GArciA,45,Male,B+,Arthritis,2022-02-28,Lisa Garcia,Group Gonzalez,Medicare,41520.59,394,Elective,2022-03-03,Aspirin,Abnormal
alExis johnSoN,38,Male,B+,Diabetes,2022-03-22,Willie Smith,Bell-Kelly,UnitedHealthcare,24313.96,341,Urgent,2022-04-18,Ibuprofen,Normal
dAViD smiTh,76,Male,B+,Cancer,2020-03-30,Juan Robertson,Sons and Hernandez,Aetna,5699.87,245,Elective,2020-04-14,Ibuprofen,Normal
TIffaNy wARD,29,Female,O+,Cancer,2023-01-14,Mary Mckay,"Hernandez Anderson Owens, and",Aetna,40108.83,442,Elective,2023-02-12,Paracetamol,Normal
jaMIE HAyNeS,81,Female,O-,Arthritis,2023-06-21,Tamara Miles,"Avila Washington, Burton and",Blue Cross,36156.67,387,Emergency,2023-07-09,Penicillin,Inconclusive
JONAthan SotO,41,Male,O+,Cancer,2020-04-11,Brianna Tucker,Ltd Martinez,Medicare,34723.99,466,Elective,2020-05-07,Aspirin,Normal
apRIl foRD,75,Female,A+,Hypertension,2019-08-21,Brent Nguyen,Romero-Murphy,UnitedHealthcare,4468.64,193,Urgent,2019-09-14,Penicillin,Abnormal
daVid bURtoN,38,Female,A+,Hypertension,2021-10-27,Terry Lopez MD,Clark-Weber,UnitedHealthcare,21783.74,318,Urgent,2021-11-20,Paracetamol,Inconclusive
kimbErly clARK,46,Female,A+,Cancer,2019-11-27,Kenneth Richardson,"Kane and Sandoval, Hall",Blue Cross,49587.47,127,Elective,2019-12-18,Penicillin,Normal
bRAnDi wAGNER,22,Male,AB+,Hypertension,2022-03-29,Krystal Brown,Johnson PLC,Blue Cross,33625.46,105,Elective,2022-04-23,Paracetamol,Inconclusive
Mr. KennetH WILliAms DdS,72,Female,A-,Asthma,2023-03-20,George Santiago,and Sons Richardson,UnitedHealthcare,47237.69,156,Elective,2023-04-09,Ibuprofen,Inconclusive
MiSs Olivia peTty Md,66,Male,AB+,Diabetes,2020-06-27,Richard Smith,"and White Malone Crawford,",Aetna,31212.57,325,Emergency,2020-06-29,Penicillin,Normal
chrIStOpHER ROBERTSoN,75,Female,O-,Asthma,2023-06-26,Gary Jones,"Smith, and Davis Warner",UnitedHealthcare,36848.83,236,Elective,2023-06-29,Paracetamol,Inconclusive
mIcHAeL bRown,79,Male,B+,Cancer,2021-07-26,Rachel House,Ltd Herring,UnitedHealthcare,6575.94,346,Emergency,2021-08-02,Paracetamol,Normal
jAmeS cUrrY,65,Female,AB+,Obesity,2022-10-17,Kristi Jones,Burton-Davenport,Cigna,21914.03,232,Emergency,2022-11-09,Ibuprofen,Abnormal
mATTHEw PaYne,49,Male,O+,Diabetes,2022-06-28,Austin Thompson,Dickerson-Gordon,Medicare,36144.21,181,Urgent,2022-07-10,Aspirin,Abnormal
tayloR walKER,85,Male,A+,Asthma,2023-07-02,Theresa Harris,Rowe-Hayden,UnitedHealthcare,11651.08,493,Emergency,2023-07-15,Aspirin,Inconclusive
jULIE STEeLe,49,Male,AB+,Obesity,2022-08-19,Laura Luna,Inc Lopez,Aetna,10272.1,354,Urgent,2022-08-22,Aspirin,Normal
Pamela BakeR,55,Male,O-,Asthma,2020-02-21,Walter Leon,Group Gonzales,Blue Cross,31411.97,340,Emergency,2020-03-16,Penicillin,Inconclusive
YveTte MccONNell,48,Female,B-,Hypertension,2019-07-04,Terrence James,LLC Woods,Medicare,26112.28,106,Elective,2019-08-03,Aspirin,Normal
SarA wILliAMS,50,Female,B-,Asthma,2022-06-13,Stacy Rodriguez,Valenzuela Group,Blue Cross,50420.52,415,Urgent,2022-06-20,Penicillin,Abnormal
yolanDA hall,20,Female,A-,Hypertension,2024-03-15,Kyle Valdez,"Kelley, Harris and Welch",UnitedHealthcare,5623.41,382,Urgent,2024-03-30,Ibuprofen,Normal
KeLSey JaMES,38,Female,A-,Cancer,2022-09-03,Jack Hicks,"Taylor Morales, and Stewart",Aetna,31737.55,176,Elective,2022-09-18,Aspirin,Normal
MalLoRy cORdoVA,35,Male,A-,Arthritis,2022-09-19,Eric Maddox,Inc Jones,Cigna,26063.44,487,Emergency,2022-10-01,Aspirin,Inconclusive
glenn CoOK,81,Male,A-,Obesity,2020-12-19,Joshua Moran,Moore LLC,UnitedHealthcare,15453.67,317,Emergency,2021-01-10,Aspirin,Normal
brIANNa tAtE,40,Male,O-,Hypertension,2022-04-11,Diana Morales,Barton-Phillips,Cigna,37592.95,217,Elective,2022-04-26,Aspirin,Normal
DoNNA WRigHt,49,Female,O+,Asthma,2022-05-04,Terri Baker,"Watkins, and Young Perry",Medicare,41838.22,120,Elective,2022-05-18,Aspirin,Inconclusive
DR. sTaCY simpsON,49,Male,O+,Arthritis,2020-03-24,Edward Garza,Group Morales,Aetna,37613.32,186,Elective,2020-04-06,Aspirin,Inconclusive
jErOMe JenkiNs,27,Female,AB+,Asthma,2020-05-16,Patricia Wilson,LLC Ramirez,Aetna,32697.19,471,Emergency,2020-05-25,Lipitor,Inconclusive
AmANDa vasqueZ,81,Male,A+,Cancer,2020-12-03,John Butler,"and Boyer Boone, Nelson",Medicare,44697.1,104,Elective,2020-12-22,Lipitor,Normal
MitCHElL weLLS,63,Male,B-,Obesity,2019-06-08,Jennifer Sullivan,Hunter-Kelly,Cigna,32273.13,174,Emergency,2019-06-30,Ibuprofen,Abnormal
ErIc caRnEY,21,Male,O+,Arthritis,2020-08-26,Charles Bishop,"and Alvarez, Choi Jackson",UnitedHealthcare,9230.72,283,Elective,2020-08-29,Penicillin,Inconclusive
VAlErIe mARquez,50,Male,O+,Hypertension,2023-08-09,Brenda Munoz,LLC Martin,UnitedHealthcare,24688.31,221,Emergency,2023-08-27,Aspirin,Normal
RobIn oRTiz,49,Male,B+,Arthritis,2022-05-01,Eugene Cabrera,"Strong and Bell, Ortiz",Cigna,13330.27,161,Elective,2022-05-20,Paracetamol,Inconclusive
angEla cAmPbelL,56,Female,A+,Obesity,2020-04-06,Rachel Parrish,Thornton Inc,Aetna,30313.16,269,Emergency,2020-04-24,Lipitor,Abnormal
mIcHAEL LeE,30,Male,B+,Hypertension,2020-08-06,Laura Harmon,Martinez-Gentry,Cigna,34142.19,332,Urgent,2020-08-24,Penicillin,Abnormal
theRESa WATErS,37,Male,AB+,Hypertension,2020-07-24,Tracy Shelton,Sons and Dunn,Blue Cross,28625.23,203,Elective,2020-08-12,Paracetamol,Abnormal
paUL pauL,29,Male,B-,Asthma,2024-04-01,Robert Harmon,Wright-Orr,UnitedHealthcare,40782.44,148,Urgent,2024-04-08,Penicillin,Normal
jOShuA tUrNEr,29,Male,B-,Obesity,2020-12-31,Chad Nolan,Sons and Ramos,Blue Cross,11439.83,340,Urgent,2021-01-02,Aspirin,Inconclusive
THOMas rOwe,31,Female,AB+,Diabetes,2019-07-11,Adrienne Stevens,Cruz-Smith,UnitedHealthcare,32503.3,182,Elective,2019-08-06,Ibuprofen,Normal
jEssIca maLone,66,Male,B+,Arthritis,2019-12-31,Carrie Hernandez,Inc Wyatt,Aetna,27812.67,440,Elective,2020-01-28,Penicillin,Inconclusive
sTEpHanie petTY,44,Male,A+,Obesity,2023-04-10,Kim Castillo,Knight-Rhodes,Medicare,16142.98,285,Urgent,2023-04-16,Penicillin,Normal
anThoNY moREno,54,Male,O+,Asthma,2020-10-18,Regina Ramirez,"Jackson Contreras and Byrd,",UnitedHealthcare,16958.23,214,Elective,2020-10-28,Penicillin,Abnormal
arTHUr YoRK,56,Female,A+,Hypertension,2022-03-01,Scott Burton,Group Stein,Blue Cross,3925.84,324,Urgent,2022-03-23,Penicillin,Normal
caSsanDra WiLLiAms,64,Female,O+,Cancer,2021-03-09,John Allen,Nunez-Hamilton,Cigna,40446.09,344,Elective,2021-04-06,Penicillin,Normal
NIChoLaS heRnaNDEz,43,Female,A-,Diabetes,2019-05-10,Andrea Browning,"Adams Odonnell and Cook,",Cigna,34444.12,200,Elective,2019-06-08,Ibuprofen,Abnormal
JeSsE ThomAs,23,Male,B+,Hypertension,2020-02-11,Randy Robinson,"Price Duarte and Ferguson,",Aetna,36600.14,249,Elective,2020-02-23,Paracetamol,Normal
GrEGOry PHiLLIPS,65,Male,A-,Arthritis,2023-07-03,Zoe Avery,"Parker and Walter Cook,",Blue Cross,15229.69,209,Emergency,2023-07-12,Ibuprofen,Inconclusive
JESSICa JohnSon PHd,45,Male,A+,Diabetes,2023-06-16,John Taylor,Group Sandoval,Blue Cross,9367.02,218,Elective,2023-07-14,Paracetamol,Abnormal
mr. rICHard FERReLl,21,Male,AB+,Hypertension,2022-06-29,Loretta Davis,and Parks Sons,Cigna,40721.46,337,Urgent,2022-07-11,Aspirin,Abnormal
apRIl Gomez,55,Male,O+,Cancer,2022-04-22,Adam Torres DDS,"and Rodriguez Anderson, Kennedy",Blue Cross,6812.17,423,Elective,2022-04-24,Aspirin,Normal
AnTHONY rivera,38,Male,AB-,Asthma,2019-06-20,Stephanie Harrison,"Morgan, Levy and Mitchell",Medicare,40744.69,354,Urgent,2019-07-17,Paracetamol,Normal
nathaN CAMPBeLL,36,Male,A-,Asthma,2020-07-27,Michelle Cruz,"Ellis and Thompson Nunez,",Aetna,12582.58,250,Emergency,2020-08-26,Lipitor,Abnormal
CHRisTopHer bIShOp,56,Female,AB+,Diabetes,2019-06-03,Joan Valenzuela,and Sons Lindsey,Aetna,48414.66,454,Urgent,2019-07-01,Penicillin,Abnormal
joSEPH jaCOBs,20,Male,B+,Diabetes,2021-10-09,Jason Elliott,"Martin, Porter Perry and",Blue Cross,34340.82,431,Elective,2021-10-23,Paracetamol,Abnormal
LOrI PRICE,23,Male,B-,Cancer,2022-07-07,Michael Anderson,LLC Sullivan,Cigna,39109.32,212,Emergency,2022-08-04,Paracetamol,Abnormal
elIJAH HansON,21,Male,O+,Cancer,2019-09-09,Joshua Anderson,Lindsey Ltd,UnitedHealthcare,2888.5,423,Elective,2019-09-25,Penicillin,Abnormal
miCHELLe WallACE,41,Female,A-,Obesity,2022-09-11,Natalie Banks,Nolan-Kelley,Blue Cross,45259.85,175,Urgent,2022-09-16,Aspirin,Abnormal
lINDa LOPEz,51,Male,O+,Hypertension,2020-02-03,Blake Orr,"and Watkins, Benson Wilson",Blue Cross,5036.92,431,Elective,2020-02-21,Penicillin,Inconclusive
STephEn OBrIeN,48,Female,B-,Diabetes,2019-09-22,Edgar Ryan,"Murray, Guzman and James",UnitedHealthcare,46052.97,458,Emergency,2019-09-29,Lipitor,Inconclusive
mark niCHolSoN,28,Female,B-,Hypertension,2020-10-28,Stephanie Vazquez,Robinson-Stevens,Blue Cross,18808.62,489,Emergency,2020-11-16,Penicillin,Inconclusive
PAul brenNaN,56,Female,AB-,Cancer,2022-06-02,Tina Young,PLC Williams,Blue Cross,45359.24,220,Elective,2022-06-26,Ibuprofen,Inconclusive
ErIN PateL,31,Male,B+,Asthma,2023-04-17,Kristin Gilbert,Moore-Fields,UnitedHealthcare,12506.45,440,Urgent,2023-05-11,Aspirin,Inconclusive
eMiLy walKeR,71,Male,AB-,Arthritis,2023-04-04,Brenda Davis,"Martin Curry, Jordan and",Blue Cross,46561.99,379,Emergency,2023-04-09,Paracetamol,Inconclusive
GabRIeLLe mONToyA,83,Male,B+,Cancer,2021-02-04,Felicia Khan,Johnson-Zamora,Medicare,12987.18,129,Elective,2021-02-16,Lipitor,Inconclusive
noAh RObErTS,19,Female,A+,Cancer,2022-02-20,Keith Henry,Sons and Heath,Medicare,40052.41,413,Emergency,2022-03-01,Paracetamol,Normal
joSEPH ChristiAN,41,Male,A+,Cancer,2020-12-22,David Duran,Clark-Everett,Medicare,45739.36,154,Elective,2020-12-27,Paracetamol,Inconclusive
tHEReSa MitChEll,57,Male,A+,Obesity,2021-07-11,Aaron Moore,Hall LLC,UnitedHealthcare,19081.96,469,Urgent,2021-08-01,Aspirin,Abnormal
SaMaNthA GoNzaleS,83,Female,AB+,Asthma,2022-04-08,Faith Hughes,Gutierrez PLC,Cigna,42062.26,454,Emergency,2022-04-24,Penicillin,Normal
LAURa Webb,85,Female,O-,Cancer,2023-09-24,Lori Gordon,Alvarez-Miranda,Cigna,18948.66,368,Elective,2023-10-11,Aspirin,Normal
CARlOs tReViNO,58,Female,B-,Asthma,2022-11-27,Michael Harvey,"Clark and Cuevas, Davis",Aetna,36000.7,360,Elective,2022-12-18,Paracetamol,Abnormal
KAtRiNA MARtIN,70,Male,A-,Diabetes,2021-01-01,Nicholas Vaughn,Mcbride-Park,Blue Cross,22673.15,390,Urgent,2021-01-27,Penicillin,Normal
matTheW GaRcIa,28,Male,A-,Asthma,2020-02-26,Robert Garcia,Singh-Turner,Aetna,15688.36,422,Elective,2020-03-16,Penicillin,Abnormal
StEPhaNiE lee,39,Female,B-,Obesity,2021-10-18,Cynthia Rhodes,"and Williamson Cunningham, Anderson",Cigna,19229.52,209,Elective,2021-10-23,Lipitor,Abnormal
JodI lARa,42,Male,O-,Hypertension,2022-01-12,Marc Williams,"Miller, Nicholson Ortega and",Aetna,30297.64,403,Urgent,2022-01-29,Ibuprofen,Abnormal
aLEXANdRA vEGa,69,Female,AB+,Diabetes,2020-08-06,Cameron Tanner,"Moran, Henderson and Dalton",Medicare,43674.77,481,Urgent,2020-09-05,Aspirin,Normal
KRisTen TuCker,49,Male,B+,Cancer,2023-10-24,Kristen Bautista,"Ho, and Crawford Fitzpatrick",Aetna,43312.52,469,Elective,2023-10-27,Lipitor,Inconclusive
mOniCa cole,75,Female,O-,Asthma,2020-03-21,Jeffrey Harris,"and James Watts Herman,",Cigna,16937.38,242,Elective,2020-04-05,Ibuprofen,Abnormal
CHRIStiAN jOHNSON,27,Female,B+,Diabetes,2023-12-24,Brandon Brown,Wolf-Hernandez,Cigna,5597.82,436,Emergency,2024-01-19,Ibuprofen,Inconclusive
TImoTHY hAmIlTon,51,Male,A+,Asthma,2020-10-30,Terry Mejia,"Richard and Williams, Robles",Aetna,14424.24,129,Emergency,2020-11-13,Paracetamol,Normal
jUlIE wriGHt,75,Female,B+,Diabetes,2023-12-21,Ronald Snyder,"Brooks, Perry and Lawrence",Medicare,45136.52,124,Emergency,2024-01-04,Paracetamol,Inconclusive
duStin BELL,23,Male,A+,Asthma,2020-08-08,Matthew Calderon,Nguyen-Walters,Blue Cross,29162.67,384,Urgent,2020-08-11,Aspirin,Normal
tINa MoNTeS,26,Female,AB-,Cancer,2022-05-17,Allison Jackson,"Ward and Christensen, Russell",UnitedHealthcare,8308.03,329,Emergency,2022-06-10,Penicillin,Inconclusive
cheryl StriCklAND,22,Female,B-,Hypertension,2020-04-09,Nichole Carney,Moore Sons and,Aetna,7183.8,377,Urgent,2020-04-25,Penicillin,Inconclusive
meLInDa WillIams,54,Male,B+,Cancer,2022-01-08,Dustin Wilson,"Hardy and Ramsey, Patel",Blue Cross,25478.58,497,Urgent,2022-01-27,Aspirin,Inconclusive
JeSSIcA clARk,44,Female,AB-,Hypertension,2020-04-30,Ana Williams,Murray PLC,Medicare,18558.86,147,Urgent,2020-05-14,Lipitor,Inconclusive
MRS. dawn mcLeAN,35,Male,O+,Hypertension,2020-12-07,Brittany Horton,Cuevas-Juarez,Medicare,41317.64,144,Elective,2020-12-23,Lipitor,Inconclusive
ChriStOphER HugheS,36,Female,O+,Hypertension,2024-04-12,Joshua Evans,Duffy-Brown,Blue Cross,26779.56,164,Urgent,2024-05-08,Penicillin,Normal
TamMIe BROwn,26,Male,AB-,Cancer,2021-08-04,Jamie Miller,"Wallace and Rosario, Moore",Blue Cross,23643.83,251,Urgent,2021-08-26,Lipitor,Abnormal
JOrdAn RusSELl,73,Female,AB+,Diabetes,2023-04-17,Timothy Stewart,Jones-Humphrey,Medicare,39451.95,490,Elective,2023-05-11,Penicillin,Normal
AleJAndRO GoRDon,28,Male,O-,Diabetes,2023-06-27,Mallory Freeman,"Barker, Moody and Johnson",UnitedHealthcare,9401.72,206,Emergency,2023-07-04,Penicillin,Abnormal
cHristOpHer sTRiCkLAND,20,Male,AB+,Cancer,2020-04-26,Tiffany Simmons,"and Adkins Woods, Lowery",Blue Cross,23441.08,109,Emergency,2020-05-21,Aspirin,Abnormal
jOrdAn MccArTHY,83,Male,A+,Hypertension,2024-02-26,Rodney Manning,Keller LLC,Medicare,41421.66,309,Elective,2024-03-09,Lipitor,Abnormal
ChArLES jeNKiNS,24,Male,AB+,Asthma,2020-03-20,Ronald Lutz,Group Rodriguez,Blue Cross,41789.65,102,Emergency,2020-03-28,Ibuprofen,Abnormal
jasoN DavIs,75,Female,A+,Asthma,2020-09-05,Tyler Morales,Khan-Frye,Medicare,5684.91,349,Urgent,2020-09-12,Paracetamol,Inconclusive
bRian claY,51,Female,AB-,Arthritis,2023-05-11,David Pierce,Gray-Sanchez,Cigna,46301.54,336,Urgent,2023-05-21,Penicillin,Inconclusive
jEREmY COstA,81,Male,B-,Asthma,2021-03-16,George Smith,Hunt-Anderson,Blue Cross,25661.87,104,Emergency,2021-04-08,Lipitor,Abnormal
MARk JONEs,24,Female,A+,Cancer,2021-06-15,Emily Harper,Willis-Gomez,Aetna,13146.89,441,Elective,2021-07-05,Paracetamol,Abnormal
SOpHiA brown,63,Female,B+,Asthma,2020-09-29,Lacey Hunter,"and Friedman, Nichols Lewis",UnitedHealthcare,37838.48,166,Elective,2020-10-17,Ibuprofen,Abnormal
JESse Wilson,80,Male,A+,Hypertension,2020-02-10,Thomas Hill,Inc Green,Cigna,31802.73,313,Elective,2020-02-29,Paracetamol,Abnormal
KIm YouNg,63,Female,AB-,Obesity,2020-07-08,Sean Thompson,Vasquez-Smith,Medicare,10686.17,387,Elective,2020-07-12,Aspirin,Normal
diaNa sINGh Dvm,74,Female,A+,Diabetes,2019-10-12,Taylor Bradley,Rogers-Moore,Medicare,32083.72,250,Emergency,2019-11-11,Paracetamol,Inconclusive
cYNtHIa hENrY,66,Female,AB-,Diabetes,2020-03-24,Kimberly Harrison,Aguilar-Hill,Blue Cross,47819.39,304,Urgent,2020-04-22,Lipitor,Normal
TERRy weaVER,70,Male,O+,Diabetes,2020-06-17,Connie Thompson,Thompson-Brown,Aetna,8042.79,230,Emergency,2020-07-07,Paracetamol,Normal
ALliSoN HaRRIS,46,Female,O+,Arthritis,2022-02-28,Mariah Boyer,Webster-Walters,Blue Cross,46812.79,180,Elective,2022-03-26,Paracetamol,Inconclusive
bRIdgET FraziEr,50,Female,B-,Arthritis,2023-04-23,Jesus Smith,"Byrd, Morris and Riddle",UnitedHealthcare,37801.94,243,Elective,2023-05-15,Lipitor,Abnormal
Rita PArKeR,19,Male,O+,Arthritis,2022-06-24,Sean Curry,"and Zuniga Thompson, Blake",UnitedHealthcare,22067.43,284,Elective,2022-06-25,Lipitor,Normal
jASoN SChWArtz,65,Female,O+,Diabetes,2024-04-15,Bryan Jones,Roth-Perry,Blue Cross,30034.67,451,Emergency,2024-04-19,Ibuprofen,Inconclusive
AaroN BryAnT,77,Female,AB-,Hypertension,2021-01-30,Laura Hodges,Boyd-Clark,Blue Cross,32241.2,111,Urgent,2021-02-06,Penicillin,Inconclusive
aSHleY reyES,71,Female,A+,Cancer,2022-12-04,Joshua Kelly,"and Fernandez, Morales Jensen",Cigna,11166.06,442,Elective,2022-12-25,Ibuprofen,Abnormal
jacOb STEWART,54,Female,O-,Diabetes,2023-08-14,Matthew Manning,Ruiz-Roman,Cigna,14440.57,122,Elective,2023-09-09,Paracetamol,Inconclusive
rICHard grEeN,28,Female,O-,Obesity,2019-07-25,Kimberly Lane DVM,Mcpherson-Gibbs,Cigna,41369.79,440,Urgent,2019-08-21,Paracetamol,Normal
TrAVIs oLiveR,83,Male,O-,Cancer,2020-03-19,Kathleen Strong,Winters-Powers,Medicare,24815.51,348,Emergency,2020-04-18,Aspirin,Abnormal
DAniEl sMIth,39,Female,B+,Hypertension,2022-10-11,Mark Simmons,LLC Jones,Blue Cross,39256.89,358,Elective,2022-10-30,Penicillin,Normal
jEREMY neal,44,Male,AB-,Diabetes,2023-09-07,Jose Smith,Sons Wilson and,Aetna,13105.08,181,Elective,2023-09-30,Lipitor,Normal
aLlISoN HERNanDeZ,29,Male,A+,Cancer,2021-03-23,Mrs. Jasmine Wood,LLC Myers,UnitedHealthcare,2284.49,371,Urgent,2021-04-01,Paracetamol,Normal
ROBERT lee,44,Male,A-,Cancer,2021-08-30,Linda Henry,PLC Grant,UnitedHealthcare,48786.64,366,Elective,2021-09-16,Lipitor,Inconclusive
REBECCa Nicholson,76,Female,A-,Cancer,2023-07-26,Leslie Hines,"and Figueroa Robinson, Casey",Medicare,31948.27,164,Urgent,2023-08-14,Paracetamol,Abnormal
REgiNa tUrnER,51,Male,AB+,Asthma,2023-09-24,Melissa Lee,Manning-Compton,Blue Cross,10110.92,329,Emergency,2023-10-01,Aspirin,Abnormal
luCAs SChwARtz,43,Female,A-,Obesity,2022-10-01,Leah Simmons,"and Davis Blankenship Mcdowell,",Medicare,38082.47,264,Emergency,2022-10-12,Lipitor,Inconclusive
niCole PereZ,62,Male,B-,Hypertension,2020-08-09,Dr. Ian Bentley,"and Schmidt Schultz, Smith",Blue Cross,43211.67,486,Emergency,2020-08-24,Ibuprofen,Inconclusive
ian AtkInSon,83,Female,AB+,Asthma,2022-04-07,John Burch,Anderson-Warner,Medicare,2625.19,366,Emergency,2022-04-25,Lipitor,Inconclusive
DoNalD zunIga,34,Female,A+,Diabetes,2020-01-09,Sherry Turner,"and Massey May Lopez,",UnitedHealthcare,25707.19,486,Emergency,2020-01-18,Lipitor,Inconclusive
kiMbeRly wArren,57,Male,B+,Obesity,2023-11-14,Donald Sherman,PLC Thomas,Cigna,7040.69,379,Urgent,2023-11-18,Aspirin,Abnormal
braDlEy CasTrO,55,Female,AB+,Asthma,2022-04-25,Kevin Ruiz,Knight-Hayes,Medicare,35465.81,495,Urgent,2022-05-11,Ibuprofen,Normal
aNgelA MUlLeN,70,Male,B-,Arthritis,2023-12-03,Scott Contreras,Novak-Gutierrez,UnitedHealthcare,30796.31,334,Elective,2023-12-11,Penicillin,Abnormal
JOSHUA morenO,42,Female,B-,Hypertension,2020-06-14,Lauren Watson,"and Perez Phillips Brown,",Blue Cross,20557.55,158,Elective,2020-06-24,Lipitor,Inconclusive
mIchele MCMIllAn,65,Female,A-,Hypertension,2024-04-23,Kelsey Davis,Osborn-Park,Aetna,39524.11,302,Emergency,2024-05-15,Lipitor,Normal
dEBORah cOlE,27,Female,A+,Hypertension,2023-02-24,Marc Davidson,Crawford PLC,Cigna,49309.41,473,Emergency,2023-03-18,Paracetamol,Inconclusive
DenNIS RObbINs,52,Female,AB-,Arthritis,2022-04-05,Dawn Russell,"Fisher Alvarado, and Wright",UnitedHealthcare,13969.27,266,Emergency,2022-04-12,Ibuprofen,Normal
CHarleS mOrriSOn,45,Female,O-,Hypertension,2021-04-14,Jennifer Espinoza,"Dean and Mitchell, Jordan",Blue Cross,10588.04,254,Elective,2021-05-03,Penicillin,Abnormal
mElisSa rice,80,Female,AB+,Cancer,2022-08-13,Spencer Gallagher,Willis LLC,Medicare,24830.58,393,Emergency,2022-08-27,Ibuprofen,Inconclusive
AMAnda mAnning,24,Male,A-,Cancer,2023-02-25,Jeremiah Hughes,"and Willis Nunez, Le",Cigna,28875.68,410,Elective,2023-03-25,Paracetamol,Normal
kylE RodRigUEZ,19,Female,O-,Hypertension,2022-09-14,Sarah Salazar,Miller Group,Aetna,48620.61,393,Elective,2022-09-16,Lipitor,Inconclusive
RonALD breWer,23,Male,B+,Cancer,2021-09-21,Desiree Wright,"Yoder Washington and Williams,",Blue Cross,11259.08,486,Urgent,2021-10-01,Ibuprofen,Abnormal
KeLSey jacksOn,74,Female,AB+,Hypertension,2020-12-25,Sarah Mason,Moore Inc,Blue Cross,31382.68,348,Urgent,2020-12-31,Aspirin,Normal
CARLOs braDlEy,62,Female,AB+,Asthma,2019-11-11,Joshua Long,Werner-Medina,Aetna,39953.41,265,Elective,2019-12-02,Penicillin,Abnormal
juSTin ENgLIsH,69,Female,AB+,Cancer,2020-03-18,Rebecca Thompson,Miller-Sullivan,Aetna,17845.85,118,Emergency,2020-04-05,Penicillin,Abnormal
AmY rANGEL,66,Male,O+,Diabetes,2021-11-21,Nicole Brown,Sons Miller and,Aetna,35163.95,205,Elective,2021-12-04,Ibuprofen,Abnormal
baRRy WiLKinSoN,27,Female,A-,Asthma,2022-03-15,Richard Shaw,Moore-Brown,Cigna,17523.59,268,Emergency,2022-04-02,Paracetamol,Abnormal
kEvIN PiNEda,65,Male,O-,Asthma,2021-05-02,Jay Hernandez,Thomas-Jones,Medicare,30459.38,418,Urgent,2021-05-24,Aspirin,Normal
MeLisSa bEnNetT,35,Female,AB-,Cancer,2021-11-27,Kimberly Nielsen,Jones-Rodriguez,Aetna,5194.44,433,Urgent,2021-12-27,Ibuprofen,Normal
RoBert bROwn,63,Male,A-,Arthritis,2022-09-04,Brittany Macias,Smith-Wilson,Blue Cross,36015.92,359,Emergency,2022-09-27,Ibuprofen,Abnormal
TiFFANY davEnpOrt,39,Female,B-,Diabetes,2020-05-13,Michael Baker,"Brown Callahan and Perkins,",UnitedHealthcare,3163.65,354,Emergency,2020-06-01,Ibuprofen,Abnormal
JEssiCA saNCHEz,83,Female,A-,Hypertension,2022-03-29,Misty Spencer,Sons Mason and,Cigna,46838.8,124,Elective,2022-04-13,Ibuprofen,Normal
pAUL ROdRIGUeZ,44,Male,AB-,Arthritis,2023-04-28,John Johnson,Ltd Cervantes,Aetna,47603.33,286,Emergency,2023-05-15,Aspirin,Normal
Mr. wilLIam mahONey,33,Male,A-,Asthma,2021-08-29,Michael Strickland,LLC Howard,Blue Cross,19828.2,287,Emergency,2021-09-05,Lipitor,Abnormal
jOHn watErs,82,Female,AB+,Arthritis,2020-12-05,Michael Smith,"Finley Long and Juarez,",Cigna,15431.71,219,Emergency,2020-12-06,Ibuprofen,Inconclusive
SUsAn MIllEr,71,Male,AB-,Hypertension,2020-12-24,Jennifer Gibson,Lynch Inc,Aetna,15644.58,327,Elective,2021-01-10,Lipitor,Inconclusive
RonAlD OLSon,72,Male,O-,Hypertension,2021-01-18,Kathryn Rojas PhD,Black-Sandoval,UnitedHealthcare,15845.31,244,Elective,2021-01-27,Penicillin,Abnormal
GINA RosALES,26,Female,O+,Hypertension,2022-03-04,Darryl Weiss,Zamora and Sons,Aetna,3340.79,493,Emergency,2022-03-09,Lipitor,Inconclusive
oscar lopEZ,20,Male,A-,Diabetes,2020-11-28,Jennifer Daniel,Sons and Roth,Aetna,22282.59,204,Emergency,2020-12-12,Lipitor,Abnormal
eRIN sTanlEY,74,Male,AB-,Obesity,2023-05-31,Sean Gill,Hart-Stone,Blue Cross,45021.08,369,Urgent,2023-06-29,Lipitor,Inconclusive
JUliE BuLLock,30,Female,O-,Hypertension,2021-06-14,Amanda Perez,PLC Hall,Medicare,18980.1,420,Elective,2021-07-04,Penicillin,Abnormal
TylEr chUrcH,75,Female,AB+,Cancer,2022-12-14,Joann Hunter,"Griffin Williams, Harding and",Aetna,19406.36,103,Urgent,2022-12-20,Ibuprofen,Inconclusive
CrAIg GRAY,85,Female,B+,Obesity,2022-06-15,Colleen Wilkins,Hall Inc,Cigna,4384.88,470,Elective,2022-06-28,Aspirin,Abnormal
BrAndy moOrE,68,Female,B-,Diabetes,2023-12-08,Angel Jones,Bradley-Gonzalez,Medicare,45545.14,168,Urgent,2024-01-07,Ibuprofen,Inconclusive
daNiEl TaYlOr,85,Female,AB+,Obesity,2024-03-16,Angela Anderson,May PLC,Aetna,18450.12,291,Emergency,2024-04-03,Lipitor,Normal
SETH feRnanDeZ,78,Male,A+,Hypertension,2022-08-01,Tammy Hudson,and Sons Mahoney,Cigna,21354.63,157,Elective,2022-08-09,Lipitor,Normal
jAneT HarRIS,31,Female,A-,Asthma,2021-11-23,Sarah Hahn,Cox-Smith,Blue Cross,23602.77,333,Urgent,2021-12-06,Aspirin,Normal
JasoN KELLy,43,Female,B-,Hypertension,2022-06-13,David Small,"and King Sanchez, Lee",Medicare,42329.42,256,Urgent,2022-07-04,Ibuprofen,Normal
ERiN CarTer,77,Female,B+,Diabetes,2020-01-27,Nichole Lopez,Johnson Inc,Cigna,12207.32,189,Elective,2020-02-13,Ibuprofen,Inconclusive
aNn MorRiSON,78,Male,B-,Obesity,2020-06-08,Patricia Smith,"Ramirez, Torres Brown and",Blue Cross,6934.02,234,Emergency,2020-06-28,Paracetamol,Abnormal
BArbARA gARcIA,37,Male,A+,Obesity,2023-01-03,Lisa Phillips,Walker-Smith,Medicare,39348.48,188,Urgent,2023-01-30,Paracetamol,Inconclusive
cyNTHIA HAYeS,18,Male,A-,Diabetes,2023-05-31,Anna Brown,"Peters, and Williams Cox",Aetna,39370.15,314,Emergency,2023-06-30,Ibuprofen,Normal
JOHn heNdeRSon,30,Female,O+,Cancer,2019-12-03,Brandy Sawyer,"Nelson Cisneros Stark, and",Medicare,33210.76,118,Urgent,2019-12-27,Aspirin,Normal
cody BaSS,76,Female,A+,Hypertension,2020-09-27,David Elliott,Ford-Goodwin,Cigna,48263.39,316,Emergency,2020-10-20,Lipitor,Inconclusive
caleB lyonS,83,Male,A-,Hypertension,2019-07-25,Steven Dawson,Jones LLC,Blue Cross,1456.26,470,Emergency,2019-08-13,Aspirin,Abnormal
lawrEnCe WAtkInS,28,Female,B-,Asthma,2020-04-29,Michael Hernandez,Lester LLC,Medicare,9727.29,208,Elective,2020-05-11,Aspirin,Abnormal
SAra RObERTS,73,Female,O+,Asthma,2022-08-19,William Brown,"Bell Henry, Russell and",Blue Cross,34947.94,422,Urgent,2022-08-20,Lipitor,Abnormal
bRAdLeY gOMeZ,66,Female,B+,Arthritis,2021-06-01,Heather Townsend,"Ramos Rodgers, Cannon and",Blue Cross,33767.08,472,Urgent,2021-06-21,Penicillin,Normal
cHriSTiNE leon,35,Female,O+,Arthritis,2024-04-03,Beth Alexander,"Bennett, Pierce and Davis",Medicare,17811.56,496,Urgent,2024-04-15,Paracetamol,Inconclusive
CURtiS KaufmaN,27,Female,AB-,Asthma,2022-03-10,Paige Miller,"Williamson and Marshall, Brown",Cigna,40624.15,336,Urgent,2022-03-17,Aspirin,Normal
jeNnY RaMIrEZ,73,Female,A+,Diabetes,2022-10-16,William Turner,"Smith, Roberts and Morris",Cigna,20484.08,477,Elective,2022-11-12,Lipitor,Normal
lisA eVaNs,37,Male,B-,Arthritis,2024-01-09,Larry Marquez,Inc Delgado,UnitedHealthcare,10864.65,298,Emergency,2024-01-20,Paracetamol,Abnormal
MicHAel BRoWN,63,Male,B+,Obesity,2020-03-06,Charles Keller,"Aguirre Turner, Reed and",UnitedHealthcare,17197.14,276,Emergency,2020-03-23,Aspirin,Inconclusive
AmBEr huBbARD,30,Female,O-,Arthritis,2019-08-11,Zachary Gilmore,Ltd Brown,Medicare,17602.66,291,Elective,2019-09-10,Lipitor,Abnormal
sUe loPEZ,69,Male,B+,Diabetes,2020-04-20,Robert Meyers,Pearson-Gibson,Aetna,33723.79,136,Emergency,2020-05-19,Ibuprofen,Normal
RobErT sCHRoeDER,58,Male,B-,Obesity,2021-01-10,Amy Mooney,Tran PLC,Aetna,17092.84,118,Urgent,2021-01-14,Penicillin,Inconclusive
sTEVeN rIOS,62,Female,A-,Arthritis,2023-11-12,Kevin Wu,PLC Rich,Blue Cross,26675.43,392,Emergency,2023-11-20,Lipitor,Normal
WIlLIAM SullIVan,19,Female,A+,Obesity,2022-08-06,Alyssa Blankenship,Cruz Inc,Blue Cross,45303.28,159,Emergency,2022-08-07,Ibuprofen,Inconclusive
treVor ConwAy,72,Female,AB+,Obesity,2019-08-14,Catherine Howell,and Zimmerman Sons,Cigna,32706.65,473,Elective,2019-08-16,Ibuprofen,Abnormal
KrISti daVis,57,Female,B+,Arthritis,2023-05-02,Andrew Smith,Riggs-Harris,Medicare,9231.61,492,Urgent,2023-05-23,Paracetamol,Normal
syLVIa PeREz MD,63,Male,O-,Hypertension,2020-12-17,James Carr,Anderson Inc,Blue Cross,6980.38,379,Urgent,2021-01-14,Ibuprofen,Inconclusive
jOHn tOrRes,72,Male,B+,Obesity,2023-07-31,Ronald Barber,Gonzales-Hubbard,Aetna,41083.42,241,Elective,2023-08-04,Ibuprofen,Inconclusive
caITLIn RODRIGuEZ,62,Female,O-,Obesity,2019-06-26,Michele Franco,Group Clark,Cigna,10038.55,190,Elective,2019-07-08,Penicillin,Abnormal
chaRles contRERaS,44,Female,O+,Asthma,2021-03-29,Chad Campbell,Schmidt-Simmons,Cigna,3419.17,129,Emergency,2021-04-12,Ibuprofen,Abnormal
angela VAUGHN,24,Female,AB+,Arthritis,2022-02-03,David Brock,Jenkins-Bowers,Blue Cross,29289.57,468,Emergency,2022-02-27,Paracetamol,Abnormal
paTrIcIA FosTER,50,Female,B+,Diabetes,2021-09-16,Christopher Mcknight,LLC Thornton,UnitedHealthcare,51006.51,440,Urgent,2021-10-15,Lipitor,Normal
DalE MilleR,60,Male,O-,Obesity,2019-05-19,Mr. Daniel Richard,Avery-Alvarez,Blue Cross,4527.06,422,Emergency,2019-05-23,Paracetamol,Abnormal
THoMAs PaLmER,83,Female,B+,Cancer,2020-03-05,Ana Cooper,Franklin-Johnson,Aetna,16511.4,139,Urgent,2020-03-27,Lipitor,Inconclusive
JamES Bonilla,52,Female,AB-,Asthma,2021-04-21,Kaitlyn Carr,"Cobb and Haley, Peterson",Medicare,40012.8,478,Elective,2021-05-01,Penicillin,Abnormal
Mary TAyLor,77,Female,AB-,Arthritis,2022-08-31,Mr. Johnathan Washington,Lee-Hudson,Blue Cross,34782.36,366,Elective,2022-09-08,Ibuprofen,Abnormal
brooke bURnS,81,Male,B+,Cancer,2023-05-25,George Hogan,Young and Sons,Blue Cross,6380.18,276,Emergency,2023-05-28,Aspirin,Inconclusive
THoMas GRAy,71,Male,B-,Obesity,2023-02-22,Christine Gill,Fields Group,Blue Cross,24812.49,377,Emergency,2023-02-28,Ibuprofen,Inconclusive
jENnIfER JaCKson,34,Female,AB-,Obesity,2020-04-29,Christopher Garrison,Lee Ltd,Cigna,7679.94,468,Urgent,2020-05-17,Paracetamol,Abnormal
CHrIsTOpHEr moOdY,32,Male,O-,Obesity,2020-06-08,Cynthia Davis,Hill-Watts,Blue Cross,43624.51,269,Elective,2020-06-25,Ibuprofen,Inconclusive
keVIN roBInSOn,55,Male,A-,Arthritis,2021-03-12,Andre Hernandez,"and Smith, Johnson Lamb",Cigna,34146.99,328,Urgent,2021-03-26,Lipitor,Abnormal
cHRistoPhEr CaiN,84,Female,A-,Asthma,2023-08-26,Amy Osborn,Sparks-Hanson,UnitedHealthcare,16255.68,436,Urgent,2023-09-15,Penicillin,Abnormal
jasoN brOwN,27,Male,B-,Hypertension,2021-03-27,Emily Harris,Gutierrez Inc,Blue Cross,4604.45,150,Urgent,2021-04-08,Lipitor,Normal
jodY hANcOck,20,Female,AB-,Asthma,2020-12-13,Daniel Wong,"and Mathis, Garcia Bell",Aetna,12132.83,393,Elective,2020-12-18,Penicillin,Abnormal
RyAn gARCIA,66,Male,A-,Obesity,2020-06-24,Jane Davis,"Escobar, and Ward Lawson",Medicare,20763.58,280,Urgent,2020-07-01,Lipitor,Inconclusive
pEteR PetERsEN,48,Female,A+,Cancer,2022-08-02,Derrick Arnold,Moreno-Lam,UnitedHealthcare,17823.12,423,Emergency,2022-08-26,Aspirin,Inconclusive
hector MurPHy,43,Male,O+,Obesity,2020-01-29,Heather Lee,LLC Anderson,Medicare,39598.87,370,Elective,2020-02-11,Lipitor,Abnormal
jESsica broOks,56,Female,A+,Diabetes,2022-08-24,Lisa Peters,Cochran-Sutton,UnitedHealthcare,33115.82,471,Elective,2022-09-03,Ibuprofen,Inconclusive
MELIssa roSs,33,Male,B+,Hypertension,2021-06-19,Amanda Perry,"Rogers, Kennedy and Adams",Medicare,37993.46,325,Emergency,2021-06-23,Lipitor,Inconclusive
RACHeL MartIn,76,Male,A-,Cancer,2020-03-21,Kayla Leblanc,Reed LLC,Aetna,51082.32,464,Urgent,2020-04-19,Penicillin,Inconclusive
linda spARKS,40,Female,A-,Obesity,2022-06-27,John Ferguson,"Brown, Lopez and Stokes",Aetna,31764.76,477,Emergency,2022-07-16,Paracetamol,Normal
dAViD StonE,57,Male,AB-,Asthma,2021-02-11,Alexis Morris,LLC Calhoun,Medicare,48255.76,305,Emergency,2021-02-18,Paracetamol,Normal
DavID sTEpheNsON,51,Male,O+,Hypertension,2021-07-18,Brent Alexander,"Brown Martin, Bradford and",Aetna,13584.91,336,Emergency,2021-07-24,Paracetamol,Inconclusive
brIaN WALLer,51,Male,AB+,Diabetes,2022-07-15,Gabrielle Conway,"Bailey, Chandler Knight and",Cigna,2723.32,421,Emergency,2022-08-13,Ibuprofen,Normal
maRY rioS,41,Male,AB+,Cancer,2023-08-31,Marcia Braun,"Sutton, and Arroyo Ware",Aetna,32971.71,408,Urgent,2023-09-04,Penicillin,Inconclusive
charLes dELgADO,85,Female,O-,Diabetes,2019-11-04,Patrick Green,"Jackson, Griffith and Conner",Medicare,15819.88,131,Emergency,2019-11-12,Penicillin,Normal
rIchard Mayo,65,Female,AB+,Arthritis,2022-08-10,Yvette Thompson,Wright-Bowman,Medicare,17218.98,105,Urgent,2022-09-06,Lipitor,Normal
StanlEy hunTER,58,Male,O-,Cancer,2022-02-13,David Saunders,Inc Salazar,Medicare,4525.7,374,Emergency,2022-02-17,Penicillin,Abnormal
dOmIniQUe BuRTon,63,Male,A+,Cancer,2019-12-05,Melinda Lopez,"Gonzalez, and Glenn Greene",Cigna,16292.75,474,Urgent,2019-12-30,Penicillin,Inconclusive
MatTheW mCfarlaND,26,Male,O+,Cancer,2023-12-31,Kevin Shaw,"Brown, and Foster Gordon",Medicare,21587.31,215,Elective,2024-01-05,Lipitor,Abnormal
mARy WIGgInS,55,Female,AB+,Arthritis,2020-05-22,Mary Rose,Bishop-Williams,Aetna,27371.57,404,Urgent,2020-06-05,Aspirin,Inconclusive
PhIlLiP AllEN,55,Male,O+,Asthma,2020-01-08,Aaron Ryan,Hamilton-Dudley,Blue Cross,19523.85,362,Elective,2020-02-04,Ibuprofen,Inconclusive
FRancIs WiLcOX,79,Female,A+,Cancer,2019-06-21,Deborah Austin,Clark-Flores,Blue Cross,43228.91,182,Urgent,2019-07-19,Paracetamol,Abnormal
MiCHAel hernANDez,44,Male,AB-,Asthma,2023-08-04,Mark Mason,"Hansen, Mendez and Smith",Blue Cross,12500.45,426,Urgent,2023-08-23,Aspirin,Abnormal
jeNniFer breNNaN,58,Female,A-,Arthritis,2019-10-26,Lee Graham,Thompson PLC,Aetna,9880.13,462,Emergency,2019-10-27,Aspirin,Inconclusive
KRisTEn waRrEn,82,Male,O+,Hypertension,2020-05-25,Veronica Green,Robinson-Johnson,UnitedHealthcare,28506.46,424,Urgent,2020-06-08,Lipitor,Abnormal
SamaNtHA SiMon,58,Female,B-,Arthritis,2022-06-28,Tammy Steele,"and Howell Mendoza, Williams",Aetna,40271.89,452,Emergency,2022-07-06,Aspirin,Inconclusive
gRacE MCnEIL,47,Female,B+,Diabetes,2021-10-07,Sean Fernandez,Ltd Jones,Medicare,26489.57,403,Emergency,2021-11-06,Ibuprofen,Normal
mRS. JulIe robERTs,67,Male,O-,Diabetes,2023-04-07,David West,"Perez, and Meyer Summers",UnitedHealthcare,49214.07,201,Elective,2023-04-29,Paracetamol,Normal
chRiSTiNE molInA,50,Female,O+,Diabetes,2023-08-17,Anthony Kim,Group Long,Blue Cross,16481.85,451,Urgent,2023-08-25,Paracetamol,Abnormal
saRa claRk,67,Male,A-,Diabetes,2021-10-29,Drew Blackwell,Rasmussen-Huynh,Blue Cross,20968.19,190,Emergency,2021-11-02,Lipitor,Normal
LaUrEn bAkER,57,Male,B+,Asthma,2021-02-23,Dr. Karen Smith,Gonzalez PLC,UnitedHealthcare,10714.56,137,Emergency,2021-03-23,Penicillin,Abnormal
JeRrY yOUnG,40,Male,A+,Obesity,2019-06-30,Allen Lee,"Malone Gonzalez, and Ramos",Aetna,10389.02,311,Emergency,2019-07-15,Lipitor,Abnormal
brITTANy gutierReZ,62,Female,A+,Hypertension,2020-09-05,Jordan Grant,Figueroa-Reyes,UnitedHealthcare,8308.15,373,Elective,2020-09-10,Lipitor,Inconclusive
lauRA dUkE,31,Male,O-,Hypertension,2019-06-11,Dawn Harper,"Edwards Conway and Carey,",Cigna,33930.34,301,Urgent,2019-07-01,Penicillin,Abnormal
aliCE ThOmAs,52,Female,O+,Obesity,2020-03-11,Desiree Rojas,Wilson-Lewis,Blue Cross,3855.33,159,Emergency,2020-03-19,Paracetamol,Normal
Linda wEsT,37,Male,AB-,Arthritis,2020-08-07,Jasmine Todd,"Watts Weaver Knight, and",Aetna,6672.59,110,Emergency,2020-08-21,Ibuprofen,Abnormal
BrIaNnA saNCheZ,79,Male,A-,Hypertension,2021-08-31,Mr. Jesse Howard MD,Group Cline,Aetna,13957.67,222,Urgent,2021-09-05,Aspirin,Inconclusive
aLeXAnDria MEltON,84,Female,A-,Cancer,2020-07-06,Diane Morgan,PLC Johnson,Aetna,43581.57,490,Urgent,2020-08-01,Paracetamol,Inconclusive
ROGER MeRRiTt,52,Female,AB-,Obesity,2020-05-22,David Costa,Washington-Carter,UnitedHealthcare,9951.63,313,Emergency,2020-06-08,Paracetamol,Abnormal
dAViD MOOre,30,Male,AB+,Hypertension,2021-10-05,Jacob Nguyen,"Conner Owen, Newton and",Medicare,50833.69,461,Emergency,2021-10-06,Penicillin,Normal
THOmaS aLvARez,19,Male,AB+,Asthma,2023-11-24,Justin Rivers,Johnson Inc,Blue Cross,12147.89,477,Elective,2023-12-17,Paracetamol,Abnormal
KATHRYn bAnks,29,Male,AB+,Diabetes,2022-10-18,Katelyn Diaz,"Robbins Gonzalez, Anderson and",Cigna,3419.52,389,Urgent,2022-10-23,Ibuprofen,Abnormal
cARRIe RuIZ,37,Male,AB+,Asthma,2019-06-15,Kathryn Kent,Turner-Curtis,Cigna,12373.75,248,Urgent,2019-06-29,Penicillin,Inconclusive
JUlie GONZALEz,47,Female,AB-,Arthritis,2024-03-02,Matthew Shannon,Weber-Browning,UnitedHealthcare,17380.23,146,Urgent,2024-03-27,Ibuprofen,Abnormal
VerNON GIlMorE,53,Male,B-,Asthma,2023-11-21,Colleen Sanders,Burton-Duncan,Cigna,16110.46,189,Emergency,2023-12-07,Penicillin,Normal
DAVID PerEz,73,Female,O+,Asthma,2020-05-22,Donald Cooley,Vance-Hunter,UnitedHealthcare,5991.12,335,Urgent,2020-06-07,Ibuprofen,Normal
MiCHeal mILLEr,32,Female,A+,Cancer,2024-02-01,Rebecca Bennett,Zhang Inc,Medicare,40986.48,492,Urgent,2024-02-13,Aspirin,Normal
StEvEN SNYdER,30,Male,O-,Arthritis,2024-01-10,Bruce Keller,Lane Ltd,Medicare,40819.1,359,Emergency,2024-01-13,Aspirin,Normal
KeiTh allen,60,Female,B+,Cancer,2023-10-08,Sherri Frazier,Ortiz-Franklin,Aetna,37864.06,259,Elective,2023-11-06,Lipitor,Inconclusive
OlIviA mItcheLl,58,Male,O+,Asthma,2020-02-17,Nancy Hudson,LLC Barnes,Cigna,37602.31,469,Emergency,2020-03-12,Ibuprofen,Inconclusive
alIcIa WOODARd,34,Female,O+,Diabetes,2020-02-28,Robert Leonard,Guzman-Dunn,Cigna,40242.66,430,Urgent,2020-03-06,Aspirin,Normal
HaLEY DUnn,38,Female,O-,Arthritis,2023-11-29,Kenneth Ponce,Austin Group,UnitedHealthcare,44105.97,268,Elective,2023-12-05,Lipitor,Normal
jaMEs tERry,60,Male,B-,Asthma,2021-08-02,Anna Keith,"and Pearson Mullins, Kennedy",Medicare,3458.65,223,Emergency,2021-08-12,Lipitor,Abnormal
miChaEl baRnETT DdS,85,Female,A+,Asthma,2022-01-19,Alice Adkins,Reilly-Taylor,Blue Cross,21424.86,373,Elective,2022-01-23,Penicillin,Inconclusive
kYliE JoHnsOn,22,Male,AB-,Arthritis,2021-02-18,Devin Marshall,LLC Daniels,Aetna,43879.06,463,Urgent,2021-02-27,Lipitor,Abnormal
ralph bookeR,29,Female,O+,Cancer,2023-05-07,Sara Butler,"Sullivan and Young Gonzalez,",Aetna,2176.12,259,Emergency,2023-05-11,Ibuprofen,Inconclusive
aUstIn jONEs,71,Female,O+,Hypertension,2023-10-23,Michael Morse,"Cook and Escobar Calhoun,",Aetna,27238.49,288,Emergency,2023-11-05,Paracetamol,Abnormal
AmY FisHEr,45,Male,B+,Obesity,2021-04-25,Jeffrey Wood,"Jones Stone, Randolph and",Medicare,23188.92,260,Elective,2021-05-09,Aspirin,Normal
TrIStaN sMITh,59,Male,B+,Cancer,2023-08-26,James Hamilton,Inc Hardy,UnitedHealthcare,45636.5,318,Urgent,2023-09-20,Lipitor,Abnormal
TIMoThY Martinez,20,Male,B+,Asthma,2020-05-27,Brendan Park,"Ewing and Stout, Howard",Aetna,19826.93,167,Urgent,2020-05-29,Ibuprofen,Normal
AndREw SiMMOns,70,Male,AB-,Hypertension,2019-09-12,Troy Blackburn Jr.,"Quinn Cole, Clay and",Medicare,42303.32,290,Emergency,2019-10-07,Lipitor,Abnormal
mr. JAMES MitcHelL,69,Male,O+,Arthritis,2023-10-08,Cindy Cooper,Guerrero LLC,Aetna,19205.65,151,Elective,2023-10-17,Aspirin,Abnormal
gIna FlyNn,48,Female,B-,Asthma,2022-05-08,Melissa Holmes,Ashley Inc,Cigna,35230.32,479,Urgent,2022-05-28,Paracetamol,Abnormal
MElVIn mOORE,85,Male,B+,Asthma,2023-09-23,Lauren Rodriguez,"Gross Bell Cross, and",Medicare,33130.92,145,Elective,2023-10-15,Ibuprofen,Abnormal
jaY parrish,32,Female,B-,Arthritis,2021-10-28,Alexander Lee,Patel-Robertson,Cigna,42289.0,135,Urgent,2021-11-24,Penicillin,Normal
seaN arMSTRonG,84,Male,O+,Cancer,2023-04-20,Stephanie Lewis,Rodriguez-Carpenter,Blue Cross,18743.09,496,Urgent,2023-05-12,Lipitor,Abnormal
KaitLyn schrOEder,25,Male,B+,Cancer,2023-02-25,Adrian Olsen,Miller-White,Medicare,25102.9,412,Urgent,2023-03-25,Aspirin,Abnormal
krIsTen deAn,63,Female,A-,Diabetes,2019-09-03,Karen Hurley,Jones-Bird,Medicare,13919.11,258,Elective,2019-09-22,Ibuprofen,Abnormal
DAVId MOrgAn,78,Male,AB+,Cancer,2020-05-21,Kelly Wilson,Farmer-Rogers,Aetna,15646.43,272,Elective,2020-06-02,Penicillin,Inconclusive
jOHnNY OlsON,76,Male,A-,Obesity,2024-02-27,Andrea Walsh,Black-Foster,Blue Cross,28079.03,211,Urgent,2024-03-25,Lipitor,Normal
CrYsTaL CObB,57,Male,B-,Obesity,2024-03-25,Karen Green,"and May Douglas, Perry",UnitedHealthcare,45174.27,310,Urgent,2024-04-08,Paracetamol,Inconclusive
CRAiG ruiz,51,Female,AB-,Obesity,2021-11-11,Todd Colon,"White Norman and Williams,",UnitedHealthcare,27983.63,431,Elective,2021-12-06,Lipitor,Normal
raCHEL daViS,40,Female,O+,Hypertension,2021-04-11,Collin Weiss,"and Martin Olson, Hurst",UnitedHealthcare,6202.93,188,Urgent,2021-04-14,Lipitor,Abnormal
Jay Wood,26,Male,AB-,Arthritis,2024-02-13,Shelley Stevens,PLC Fisher,Medicare,12563.68,306,Elective,2024-03-12,Ibuprofen,Normal
AmBER MAHonEy,34,Female,O+,Cancer,2021-12-29,Daniel Torres,Ware PLC,Medicare,20379.75,263,Urgent,2022-01-13,Aspirin,Inconclusive
rOsS THomPsOn,76,Female,B+,Obesity,2023-02-02,Samantha Jackson,PLC Lopez,UnitedHealthcare,4021.42,256,Urgent,2023-02-04,Ibuprofen,Inconclusive
mrs. janE curRy,61,Male,B-,Asthma,2022-07-18,Micheal Stokes,"Foley, and Cruz Hernandez",Aetna,23439.02,469,Emergency,2022-07-29,Aspirin,Normal
eVAN HoDgE,57,Female,B-,Diabetes,2019-12-20,Vanessa Hoover,"Reyes and Gonzales Miller,",Cigna,44394.04,101,Emergency,2020-01-05,Ibuprofen,Inconclusive
jamES MILlER,84,Female,A+,Hypertension,2020-08-12,Susan Solomon,"Owens and Calderon Cannon,",Medicare,31180.13,294,Emergency,2020-08-16,Ibuprofen,Normal
SARAh MarTinez,41,Female,O-,Obesity,2019-07-03,Lisa Lee,Becker LLC,Cigna,22490.37,243,Elective,2019-07-18,Aspirin,Normal
eLLeN NEAL,83,Male,B+,Diabetes,2022-06-02,Timothy Benson,Bauer-King,UnitedHealthcare,40307.35,500,Emergency,2022-06-05,Penicillin,Inconclusive
JOrDAn MCdonAld,65,Female,AB+,Hypertension,2023-02-18,Melissa Hansen,"Lewis Washington and Walker,",UnitedHealthcare,35096.87,102,Urgent,2023-02-28,Lipitor,Inconclusive
JaCob grant jR.,48,Male,AB-,Asthma,2023-02-08,Brian Todd,Jones-Williams,Aetna,43610.68,205,Emergency,2023-03-05,Penicillin,Normal
eric joSepH,23,Male,AB-,Obesity,2023-09-11,Tina Johnson,and Sons Sherman,Aetna,18234.7,324,Urgent,2023-09-17,Ibuprofen,Normal
Jeffrey jaMeS,21,Female,O-,Cancer,2019-08-01,Grace Walker,Ford-Thomas,UnitedHealthcare,20795.2,355,Elective,2019-08-24,Penicillin,Normal
REbecCA AnDERsON,22,Male,A-,Cancer,2022-01-19,Melinda Thornton,"and Dominguez Williams Edwards,",Aetna,37428.61,147,Urgent,2022-01-31,Ibuprofen,Abnormal
mRs. RAcheL jOHnsON,83,Male,AB+,Obesity,2024-04-18,Joann Valenzuela,"King and Grant Hines,",Aetna,36598.98,418,Elective,2024-05-08,Penicillin,Normal
cRYSTAL LiNDSey,23,Female,AB-,Diabetes,2020-11-18,Bradley Dunn,Orozco Ltd,Medicare,4612.08,121,Emergency,2020-12-02,Ibuprofen,Abnormal
WillIAm DOmIngueZ,38,Female,A+,Arthritis,2023-08-14,Travis Barry,Powell-Scott,Aetna,40508.26,299,Elective,2023-08-23,Paracetamol,Normal
DenISe BradFORD,53,Male,A-,Arthritis,2022-12-30,Glenn Thomas,Newton LLC,Blue Cross,43673.03,319,Emergency,2023-01-18,Paracetamol,Inconclusive
jULIA fisHEr,69,Male,A+,Hypertension,2023-11-03,Mrs. Emma Johnson,Campos-Johnson,Medicare,37863.28,219,Emergency,2023-11-29,Lipitor,Normal
ANThOnY SMiTh,52,Male,AB-,Asthma,2021-06-04,Alexandra Garcia,Ltd Glass,Blue Cross,34806.84,121,Elective,2021-06-28,Paracetamol,Abnormal
ViCkI hOWarD,42,Female,O-,Asthma,2019-06-15,David Tate,Lucas Group,Cigna,24201.5,213,Urgent,2019-06-23,Aspirin,Normal
WILliaM tURNeR,45,Male,B-,Hypertension,2021-04-23,Melissa Miller,"Hernandez Wong Allen, and",UnitedHealthcare,35335.18,242,Urgent,2021-05-11,Penicillin,Inconclusive
mARcIa mORRis,56,Male,AB+,Arthritis,2022-10-24,Ian Carroll,Taylor-Flynn,UnitedHealthcare,37194.55,255,Urgent,2022-11-03,Paracetamol,Normal
chaRLEs peteRson,43,Male,AB-,Cancer,2022-02-10,Jeffrey Hodges,"Robinson and Hoover Rhodes,",Cigna,16928.97,418,Elective,2022-02-25,Aspirin,Abnormal
jeNnifer gLoVER,75,Female,A-,Obesity,2020-01-04,Cody Jefferson,Group Mann,Blue Cross,12485.06,495,Emergency,2020-01-18,Lipitor,Normal
WillIAM woOd,32,Female,B-,Arthritis,2021-03-30,Anthony Smith,Woods Ltd,Cigna,33422.96,225,Emergency,2021-04-04,Aspirin,Abnormal
mr. ChRIStOPhER aLvARaDO,77,Male,AB+,Obesity,2022-06-03,Mr. Dean Guzman DDS,Johnson Inc,Blue Cross,-1310.27,257,Elective,2022-06-13,Paracetamol,Inconclusive
MiGueL WaLToN,20,Male,AB+,Obesity,2019-07-23,Deborah Jones,Duncan-Howell,Cigna,17678.36,208,Elective,2019-07-29,Aspirin,Normal
JeFfERy HarRIsON,43,Female,B-,Diabetes,2019-11-11,Tina Perez,Oliver-Taylor,Aetna,30826.19,460,Urgent,2019-12-04,Paracetamol,Normal
PatRiCia MoRris,69,Male,A+,Asthma,2021-06-03,Diane Flores,"and Robertson Armstrong Pittman,",Medicare,11702.11,308,Emergency,2021-06-21,Penicillin,Inconclusive
Jim HenDRIX,47,Female,B+,Arthritis,2020-09-05,Rachel Simmons,"Parker, and Knapp Johnson",Cigna,34113.08,343,Elective,2020-09-24,Penicillin,Abnormal
ANDREw GreEn,60,Male,A-,Obesity,2023-12-28,Anthony Holmes,Johnson Inc,Blue Cross,32266.97,272,Elective,2024-01-15,Ibuprofen,Normal
ViCTORIa sUlliVaN,48,Male,A-,Cancer,2024-03-24,John Guzman,Anderson-Silva,UnitedHealthcare,10231.16,376,Urgent,2024-04-01,Penicillin,Normal
scoTt hunt,43,Female,O+,Arthritis,2023-09-04,James Gilmore,"and Murray Greene Wolfe,",UnitedHealthcare,1262.95,442,Emergency,2023-09-08,Ibuprofen,Normal
JASOn LEwiS,52,Male,AB+,Obesity,2020-12-11,Amy Daniels,Flowers-Mills,Medicare,2015.56,480,Urgent,2020-12-24,Lipitor,Normal
SaraH HUBbARd,36,Male,O-,Hypertension,2023-06-17,Jacob Reid,PLC Harper,Cigna,12851.72,348,Emergency,2023-07-11,Penicillin,Inconclusive
LARry wILson,81,Female,B-,Cancer,2023-09-25,Julie Morgan,Huff-Graham,Cigna,35592.96,401,Elective,2023-09-26,Penicillin,Inconclusive
SHAroN wILkINs,73,Female,B+,Obesity,2023-11-18,Grace Henson,"Sullivan and Daniels Hart,",Medicare,19218.11,232,Elective,2023-12-09,Aspirin,Inconclusive
AlbErt vasQUeZ,32,Female,B-,Asthma,2020-03-23,Edwin Terrell,"and Thompson Brock, Castro",Cigna,17983.82,220,Urgent,2020-03-24,Aspirin,Inconclusive
KELLY GUZman,38,Female,A-,Obesity,2022-05-03,Angela Ortega,Craig Inc,UnitedHealthcare,29576.61,464,Elective,2022-05-09,Lipitor,Normal
pHIllIP ClaRK,66,Female,AB-,Obesity,2021-12-26,Joshua Ayers,"Burke, Evans Martinez and",UnitedHealthcare,37145.73,442,Urgent,2022-01-14,Penicillin,Abnormal
ANthONy HaRvEY,68,Female,A+,Cancer,2020-04-14,Amanda Gutierrez,Ramirez-Cruz,Cigna,8558.02,378,Emergency,2020-04-25,Ibuprofen,Abnormal
keLlY mARtInez,44,Female,A+,Cancer,2020-11-17,Lori Fields,Inc Douglas,UnitedHealthcare,25925.8,290,Elective,2020-12-05,Ibuprofen,Inconclusive
StACY rICE,69,Female,A+,Asthma,2022-09-07,Janet Carter,"Rodriguez, and Fischer Young",Cigna,22858.82,111,Elective,2022-09-22,Aspirin,Inconclusive
laUren BraNdt,76,Female,B+,Obesity,2020-07-18,Sarah Jennings,Robertson-Richards,Cigna,28222.73,222,Urgent,2020-08-08,Penicillin,Normal
aMY BlACkWeLl,18,Female,A+,Arthritis,2023-04-27,Dylan Gray,Allen-Cowan,UnitedHealthcare,41859.31,187,Elective,2023-05-03,Lipitor,Abnormal
cHAsE GarCIa,83,Female,AB-,Arthritis,2022-06-27,Caitlin Leon DDS,Hernandez-Morales,Blue Cross,44228.49,398,Urgent,2022-07-21,Aspirin,Abnormal
JudY SmITH,21,Male,B-,Hypertension,2023-10-03,Ruth Griffith,Gillespie-Scott,UnitedHealthcare,16679.49,365,Emergency,2023-10-07,Paracetamol,Inconclusive
RONaLd Wright,56,Female,B+,Asthma,2022-08-18,Christine Short,"Mcmahon, Smith and Crawford",Blue Cross,21736.17,345,Elective,2022-08-23,Aspirin,Inconclusive
JeSse DomINguEz,67,Male,B+,Hypertension,2020-02-10,Megan Hall,Garcia Inc,Medicare,49139.08,174,Emergency,2020-02-28,Lipitor,Normal
loGan BaRBER,56,Female,AB+,Hypertension,2020-11-24,Eileen Delgado,"Morris Lewis, and Fletcher",Cigna,19410.96,195,Elective,2020-12-04,Ibuprofen,Normal
JEnNifeR EVEreTt,66,Female,B+,Cancer,2023-04-02,Peter Graham,Myers-Robertson,Aetna,1060.73,152,Emergency,2023-05-01,Paracetamol,Abnormal
davId cOlLInS,60,Male,B+,Cancer,2021-12-24,Randall Golden,"and Leon Cooper, Smith",Aetna,44864.13,371,Emergency,2022-01-21,Aspirin,Abnormal
jACOB bRight,42,Female,A-,Cancer,2022-08-01,Joy Wiley,Sanchez LLC,Medicare,31662.47,315,Emergency,2022-08-08,Ibuprofen,Normal
SAMantHa HEndErSOn,83,Male,B+,Obesity,2019-08-09,Paul Bowman,Reed-Henry,Aetna,7215.48,252,Elective,2019-08-18,Penicillin,Abnormal
SaLly smITH,66,Male,B-,Obesity,2021-07-21,Patricia Rodriguez,Bradley-Glover,Medicare,13505.24,231,Elective,2021-08-05,Aspirin,Inconclusive
DEBra ORTIZ,50,Male,O+,Cancer,2021-08-05,Andrew Wade,"Pitts and Wheeler, Crawford",Blue Cross,43676.83,485,Emergency,2021-08-25,Paracetamol,Inconclusive
stEphEn flyNn,63,Male,B-,Hypertension,2021-02-28,Christopher Combs,"and Lindsey Smith, Gay",Medicare,31131.41,186,Emergency,2021-03-08,Lipitor,Normal
ThOmAS JarVIS,36,Female,AB-,Cancer,2020-11-08,Pamela Vega,"Clark Medina, and Taylor",UnitedHealthcare,36996.46,496,Urgent,2020-11-26,Paracetamol,Normal
NAThAn TANNer,42,Male,B+,Obesity,2021-08-22,Elizabeth Davis,"Smith Pugh and Lambert,",Medicare,1673.59,215,Urgent,2021-08-28,Paracetamol,Abnormal
dr. BrIan hamilToN mD,80,Male,B-,Diabetes,2023-02-03,Michael Herrera,Gray-Yoder,Medicare,49156.21,106,Elective,2023-02-17,Paracetamol,Inconclusive
asHlee haRRiS,44,Female,B+,Hypertension,2022-06-05,Dana Bailey,Sons Miller and,Blue Cross,30957.93,115,Elective,2022-06-08,Aspirin,Abnormal
renee wiLlIAMs,54,Male,O+,Diabetes,2024-01-01,Jennifer Collins,"and Klein Thomas, Miller",Medicare,36812.94,417,Elective,2024-01-05,Aspirin,Normal
john JOsepH,84,Female,B-,Hypertension,2020-04-09,Crystal Dixon,"and Figueroa Duke Mason,",Medicare,13637.04,435,Urgent,2020-04-28,Penicillin,Normal
LiNDa CoLe,31,Female,AB+,Diabetes,2023-06-16,Diane Sutton,Hansen-Booker,Cigna,22986.29,230,Elective,2023-06-28,Penicillin,Inconclusive
jESse figueROa,20,Female,A-,Diabetes,2023-01-29,Manuel Mcdowell,Mosley-Martin,Blue Cross,48323.05,463,Emergency,2023-02-07,Aspirin,Inconclusive
lOgan hOrtOn,33,Female,B-,Obesity,2020-07-24,Jacqueline Thompson,"and Scott Ward, Davis",Aetna,35864.63,258,Elective,2020-07-28,Penicillin,Inconclusive
meReDitH jOrDAn,66,Male,B-,Arthritis,2024-04-25,Laurie Lewis,Elliott-Jackson,Medicare,24281.37,354,Elective,2024-05-11,Aspirin,Normal
George GARCia iii,18,Female,O+,Arthritis,2024-05-04,Emily Holt,Rodriguez-Bell,Aetna,41167.11,435,Elective,2024-05-09,Penicillin,Normal
Eric KIM,62,Female,B-,Cancer,2020-09-09,Tony Baker,"and Green Russell Smith,",Aetna,1640.42,210,Elective,2020-09-16,Lipitor,Abnormal
wILlIAM WilKins,79,Male,A-,Cancer,2021-12-30,Holly Smith,Hill-Johnson,Blue Cross,28629.85,230,Elective,2022-01-02,Penicillin,Inconclusive
derEK coNlEY,49,Female,B+,Obesity,2023-07-03,Melissa Guzman,"Russo, Allen Maldonado and",Cigna,15296.59,404,Urgent,2023-07-30,Penicillin,Normal
STeVEN jACkSon,31,Male,B+,Asthma,2023-03-12,Andrew Hill,King Group,Aetna,37912.24,264,Elective,2023-03-23,Paracetamol,Inconclusive
DaNiELle keLlEy,76,Male,O+,Asthma,2019-09-29,William Padilla,"Browning Dominguez and Hodges,",Cigna,31395.72,339,Emergency,2019-10-21,Ibuprofen,Inconclusive
NICHOlAs IBaRRa,42,Male,AB-,Hypertension,2020-08-24,Paige Griffin,"Wise Mccoy and Ward,",UnitedHealthcare,11999.32,486,Urgent,2020-09-11,Paracetamol,Abnormal
AlicIA MatHEws,30,Female,AB-,Cancer,2020-09-21,Zachary Stanley,"Wilson Young, Ballard and",UnitedHealthcare,4434.14,250,Elective,2020-09-27,Penicillin,Normal
JoHn haRDy,49,Female,B+,Arthritis,2022-11-07,Cristina Rosales,"and Krause Atkinson, Rodgers",Blue Cross,43218.15,188,Elective,2022-11-27,Ibuprofen,Normal
JoN jOHNSon,70,Female,O+,Diabetes,2024-03-20,James Ruiz,Wyatt-Alexander,Aetna,3389.45,413,Urgent,2024-04-02,Ibuprofen,Abnormal
DeaNna Wood,31,Female,A+,Obesity,2020-07-28,Robert Parsons,Cunningham-Li,UnitedHealthcare,38479.56,250,Elective,2020-08-01,Penicillin,Inconclusive
tara jeFfErSoN,40,Female,O+,Hypertension,2021-09-23,Joseph Long,PLC Parks,Blue Cross,26330.02,375,Emergency,2021-10-20,Penicillin,Inconclusive
elIzAbeth cAsTILLO,69,Male,A+,Arthritis,2023-05-15,Patty Bullock,"and Long Simmons Clark,",UnitedHealthcare,46054.89,254,Urgent,2023-05-20,Aspirin,Normal
sharoN FRaNklIn,64,Female,O+,Arthritis,2022-08-22,Fernando Gamble,Norton-White,Aetna,29688.11,402,Elective,2022-09-08,Penicillin,Inconclusive
RiCHaRD ROdRIGuEz,49,Female,AB-,Diabetes,2021-09-07,Charles Austin,Inc Wright,UnitedHealthcare,8459.09,141,Elective,2021-09-15,Aspirin,Abnormal
TIMoTHY MACIAS,77,Female,A-,Diabetes,2021-07-09,Peter Cruz,"Lambert Jackson Clark, and",UnitedHealthcare,23280.61,322,Elective,2021-07-12,Paracetamol,Abnormal
cOnnie rodRiGUEZ,72,Male,O+,Obesity,2022-07-09,Courtney Taylor,Whitney Inc,Cigna,6034.3,352,Urgent,2022-07-16,Lipitor,Abnormal
DeRek HuBbArD,83,Female,AB+,Hypertension,2023-05-29,Brandy Bailey,Chambers-Smith,Blue Cross,25223.47,266,Urgent,2023-06-09,Penicillin,Normal
jASMInE HArRIs,52,Female,A+,Obesity,2020-09-07,Felicia Williams,"Richmond, and Vaughn Fowler",Cigna,40663.15,315,Emergency,2020-09-25,Paracetamol,Inconclusive
JUSTIN snOW,26,Female,AB-,Arthritis,2022-02-28,Henry Waller,Martinez-Carr,Medicare,30693.75,208,Emergency,2022-03-17,Paracetamol,Normal
ANdReA vaNcE,81,Female,B-,Cancer,2022-09-28,Alicia Porter,Walker-Ray,Aetna,42572.32,197,Urgent,2022-10-19,Aspirin,Inconclusive
SAManthA aLvarez,49,Female,A-,Cancer,2019-12-05,Samantha Mendoza,"Sims and Henderson Meza,",Cigna,9810.97,419,Emergency,2019-12-20,Paracetamol,Abnormal
scott wILCox jR.,75,Female,AB+,Obesity,2020-11-06,Luis Hale,"Wu, Lee Rivera and",Aetna,24770.62,341,Elective,2020-12-02,Paracetamol,Abnormal
brIaNnA MOorE,79,Male,B+,Diabetes,2020-10-09,Edward Martinez,"Gonzales Chen, Anderson and",Blue Cross,31612.87,254,Urgent,2020-10-16,Aspirin,Normal
scOTT reyEs,43,Male,B+,Hypertension,2021-02-02,Veronica Leonard,Pratt Group,Cigna,10814.29,476,Urgent,2021-02-18,Aspirin,Abnormal
ErIn VAUghan,75,Female,A-,Cancer,2019-12-05,Todd Kirby,Schultz-Holmes,Aetna,8832.4,486,Elective,2019-12-16,Paracetamol,Inconclusive
kElLi wILsON,24,Male,O+,Obesity,2023-12-15,Courtney Morales,Jones-Harris,Blue Cross,37521.24,241,Elective,2023-12-27,Lipitor,Abnormal
LOrI coOK,82,Male,A-,Arthritis,2021-03-30,Richard Torres,"Davis, Wilson Ho and",Aetna,25277.48,354,Elective,2021-04-08,Ibuprofen,Abnormal
jAsOn reyeS,79,Male,O-,Diabetes,2022-08-30,Daniel Williams,"and Harris Ortega Macias,",Blue Cross,29662.44,371,Emergency,2022-09-18,Lipitor,Normal
ElizAbeTH nElsoN,71,Female,AB-,Obesity,2023-08-30,Derek Taylor,"Rodriguez, Harris and Horton",Medicare,9758.85,483,Elective,2023-09-20,Penicillin,Normal
DaRreN fLOwErS,76,Male,AB-,Arthritis,2023-12-12,April Palmer,Hernandez LLC,Cigna,18699.36,131,Emergency,2023-12-31,Lipitor,Normal
THereSA MYERs,24,Male,O+,Cancer,2020-11-01,Keith Wilson,Molina-Jones,Medicare,7343.59,303,Elective,2020-11-27,Penicillin,Abnormal
STeVEn moOre,18,Male,AB+,Obesity,2023-01-25,Jose Powell,Avila Group,Aetna,48816.36,108,Urgent,2023-02-03,Penicillin,Normal
TamarA FritZ,45,Male,B-,Diabetes,2020-11-05,Jeffrey Robles,Sons Maldonado and,Medicare,33333.79,111,Elective,2020-11-18,Paracetamol,Abnormal
ronAlD dAvenpoRT,33,Male,A+,Asthma,2020-05-02,Kristi Jackson,"and Perry, Park Mclean",UnitedHealthcare,33723.14,247,Urgent,2020-05-17,Paracetamol,Normal
GordoN DAViS,65,Female,B-,Arthritis,2022-01-06,Mark Newman,Ball-Miller,Medicare,44663.03,243,Emergency,2022-01-22,Aspirin,Inconclusive
TROy StEVeNs,33,Male,AB-,Arthritis,2020-07-28,Kim Lee,"and Hill Alvarez, Bridges",UnitedHealthcare,12173.44,410,Elective,2020-08-08,Paracetamol,Normal
kenNETH qUINN,28,Female,B-,Arthritis,2022-06-26,Darlene Robertson,"Phillips, Brooks Heath and",Medicare,1208.9,236,Elective,2022-07-11,Penicillin,Abnormal
AlysSA CURRY,18,Female,B+,Hypertension,2023-08-20,Lisa Cowan,Reyes-Delacruz,UnitedHealthcare,43278.4,379,Urgent,2023-09-10,Penicillin,Normal
JacOB gUzman,51,Female,A-,Diabetes,2023-11-15,Priscilla Williams,Inc Ramos,Cigna,39118.38,209,Emergency,2023-11-19,Lipitor,Abnormal
dAniEL kNiGHt,34,Male,B+,Arthritis,2019-06-15,Ms. Rachel Wilson DDS,Walters LLC,Aetna,43266.67,126,Emergency,2019-06-16,Ibuprofen,Normal
StEPhaNIe WoOD,18,Male,A+,Cancer,2021-12-30,Deborah Harris,PLC Murray,Aetna,29860.54,455,Elective,2022-01-26,Paracetamol,Abnormal
ChARlEs BoyD,82,Female,A+,Arthritis,2023-01-18,Patricia Li DVM,"and Hendricks Page Li,",Blue Cross,21060.58,141,Elective,2023-02-12,Aspirin,Abnormal
ViCtoRIa rIvas,34,Male,A-,Diabetes,2021-10-20,Timothy Wolfe,Ross-Navarro,UnitedHealthcare,4941.59,439,Emergency,2021-11-14,Penicillin,Normal
DaViD weBB,76,Female,AB-,Cancer,2020-05-28,Sean Hodges,Group Wilson,Blue Cross,48823.59,195,Emergency,2020-06-20,Lipitor,Inconclusive
daWn RIchaRd,41,Male,A-,Cancer,2024-04-28,Andre Morris,LLC Reed,UnitedHealthcare,38205.08,265,Elective,2024-05-01,Ibuprofen,Abnormal
JOShUA ortIz,63,Female,A+,Obesity,2024-01-18,Luke Cohen,Payne LLC,Blue Cross,2374.56,452,Elective,2024-01-26,Lipitor,Normal
MiCHaEL Hart,21,Male,A+,Cancer,2023-04-16,Sarah Rivas,"Scott Vasquez Ray, and",Blue Cross,13234.08,308,Emergency,2023-04-22,Paracetamol,Abnormal
NiCHoLaS mUNOZ,41,Female,O-,Obesity,2019-07-05,Robert Brown,and Olson Sons,Cigna,26655.53,401,Urgent,2019-07-23,Penicillin,Abnormal
maRK alvAReZ,26,Female,B-,Obesity,2023-11-23,Mrs. Rebecca Blair,Group Valdez,Cigna,11434.8,408,Elective,2023-12-02,Aspirin,Inconclusive
miCHelLe browN,47,Male,O+,Asthma,2022-07-01,Troy Ross,Kim-Reilly,UnitedHealthcare,37148.3,101,Urgent,2022-07-24,Aspirin,Abnormal
lAura MaTHIS,30,Female,O-,Asthma,2023-04-14,Regina Anderson,Inc Lopez,UnitedHealthcare,39646.39,420,Emergency,2023-05-01,Paracetamol,Inconclusive
dArren lEe,72,Male,A-,Arthritis,2022-08-13,Erin Ortega,Moore PLC,Medicare,21399.97,271,Urgent,2022-09-04,Paracetamol,Inconclusive
hALEy wU,71,Female,AB+,Arthritis,2021-07-27,Dustin Barker,Phillips-Knox,Blue Cross,19434.67,350,Elective,2021-08-25,Penicillin,Normal
andrew CastilLo,37,Female,AB+,Arthritis,2023-03-29,Rachel Clark,"and Contreras Lewis, Flores",Cigna,27898.61,328,Emergency,2023-04-16,Penicillin,Inconclusive
jenNifER hIcKS,70,Male,AB+,Obesity,2022-03-17,Megan Adams,Henderson-Newton,Medicare,3898.55,465,Urgent,2022-04-09,Paracetamol,Normal
aMBer alExANdER,84,Male,A-,Asthma,2023-02-13,Diana Ross,Phelps Inc,Aetna,9217.18,394,Elective,2023-02-22,Penicillin,Normal
cHRIstinE GREgOrY,84,Female,AB+,Asthma,2022-05-03,Michael Bell,Bruce-Lewis,Medicare,536.76,309,Elective,2022-05-18,Paracetamol,Normal
wilLIAM wiLLIs,38,Female,A-,Diabetes,2024-02-22,Robert Johnson,and Sons Wilkerson,Medicare,40653.09,138,Elective,2024-03-17,Lipitor,Abnormal
laUrA DaviS,60,Male,AB+,Obesity,2023-11-24,Karen Salazar,PLC Perez,Aetna,44357.46,340,Elective,2023-11-30,Lipitor,Abnormal
HeathER MonTGOMEry,55,Female,B-,Obesity,2019-10-10,Darlene Mooney,"and Anderson Kennedy, Owens",UnitedHealthcare,44961.46,166,Emergency,2019-10-30,Paracetamol,Normal
eRIKa OnEAL,72,Male,B-,Obesity,2022-02-23,Judith Maxwell,"White, Decker Freeman and",Blue Cross,41786.91,359,Urgent,2022-03-15,Aspirin,Abnormal
MAllOrY TRAVIs,53,Male,AB-,Arthritis,2022-12-23,Jeffrey Olson,Inc Levine,Blue Cross,19174.68,464,Emergency,2022-12-28,Lipitor,Abnormal
TyLeR BOwERs,53,Female,B+,Cancer,2021-11-20,Brad Pollard,LLC Matthews,Blue Cross,28014.39,111,Elective,2021-12-13,Ibuprofen,Inconclusive
MeLiSsa zimmermAn,76,Female,A+,Asthma,2019-10-29,Dana Roth,Suarez-Chavez,Medicare,10709.69,158,Urgent,2019-11-22,Penicillin,Inconclusive
jAmEs neLson,79,Male,A+,Arthritis,2024-03-20,Jackie Jones,Group Simpson,Medicare,29961.46,499,Urgent,2024-04-13,Penicillin,Abnormal
STEpHeN clArk,81,Male,B-,Hypertension,2021-04-07,April Mcclure,Long-Mullins,Blue Cross,5555.52,489,Emergency,2021-04-14,Lipitor,Inconclusive
gregoRy hIcKs,70,Male,O-,Hypertension,2023-11-15,Gregory Thompson,Johnson LLC,Medicare,30764.79,367,Emergency,2023-12-08,Lipitor,Abnormal
Sue aDaMS,46,Female,B-,Asthma,2020-10-08,Terri White,PLC Hawkins,Cigna,1492.59,155,Urgent,2020-10-28,Ibuprofen,Abnormal
jENNIfer cLARk,58,Male,B-,Arthritis,2020-12-03,Anthony Villegas,Johnson Inc,UnitedHealthcare,5613.17,180,Elective,2020-12-09,Penicillin,Normal
MaRK GrAy,21,Male,B-,Arthritis,2022-09-22,Shannon Benson,Wolfe-Taylor,Blue Cross,15577.09,238,Emergency,2022-10-19,Penicillin,Normal
AnGEL TAyLoR,24,Male,AB-,Cancer,2024-01-28,Gabriela Rodriguez,"Nelson, Horton Burgess and",Cigna,3206.71,272,Emergency,2024-02-09,Penicillin,Inconclusive
MS. alLiSoN tHOMas MD,76,Female,O+,Diabetes,2023-03-18,James Myers,"Fuller Brown and Blevins,",Cigna,11857.58,291,Urgent,2023-04-06,Ibuprofen,Inconclusive
aMBEr mOnRoe,49,Male,AB+,Obesity,2024-03-06,Jessica Garcia,Hunter PLC,UnitedHealthcare,15081.01,124,Urgent,2024-03-19,Paracetamol,Abnormal
GeoRgE cHaVEz,49,Male,B+,Asthma,2023-07-31,Christy Mathews,Pugh and Sons,Blue Cross,24762.58,149,Elective,2023-08-24,Lipitor,Abnormal
kristin FlEtcheR,45,Female,AB-,Hypertension,2020-08-06,Timothy Ramos,Garner-Collier,UnitedHealthcare,17975.33,111,Elective,2020-08-08,Penicillin,Inconclusive
jEnNiFER hAYES,32,Female,AB-,Diabetes,2020-11-17,Theresa Lynch,Black-Kirby,Blue Cross,34445.42,291,Urgent,2020-11-18,Penicillin,Abnormal
jOel MCCOY,74,Female,AB-,Obesity,2024-03-05,Anthony Jackson,Ltd Peterson,Cigna,5608.6,234,Emergency,2024-03-24,Paracetamol,Normal
JamEs MejIA,66,Male,A+,Asthma,2020-12-26,Jordan Smith,Mcconnell-Sellers,Cigna,36337.64,386,Elective,2021-01-23,Paracetamol,Inconclusive
elIZAbETh kIM,27,Male,A-,Arthritis,2019-06-01,Troy Washington,Lee-Mays,UnitedHealthcare,10803.75,234,Elective,2019-06-12,Aspirin,Inconclusive
MeLISSa haLl,64,Female,O+,Diabetes,2022-07-16,Kathleen Jimenez,Carr Group,UnitedHealthcare,18969.12,475,Urgent,2022-08-14,Paracetamol,Abnormal
JOHN GriFfin,42,Female,O+,Cancer,2023-10-29,Mrs. Dawn Fuller,Hudson-Carter,UnitedHealthcare,15368.06,135,Emergency,2023-11-03,Lipitor,Normal
MEliSSa mILLer,70,Female,B+,Hypertension,2019-11-13,Scott Mcdaniel,"and Richards Barrera, Olson",Blue Cross,41138.03,472,Urgent,2019-11-30,Penicillin,Normal
aShLey spEnCEr,69,Male,B+,Diabetes,2021-04-15,Michael Jennings,PLC Robinson,Aetna,43183.36,317,Emergency,2021-05-03,Paracetamol,Inconclusive
JamEs dUrHAm,84,Female,O+,Asthma,2020-03-08,James Howard,"Mendez, Ayala and Rivera",Aetna,1755.35,254,Elective,2020-03-21,Penicillin,Normal
MarK MILlER,41,Male,A+,Diabetes,2023-07-07,Matthew Jones,Diaz-Ballard,UnitedHealthcare,17771.31,342,Emergency,2023-08-02,Aspirin,Normal
DAnieL gReeNe,71,Male,AB-,Diabetes,2021-01-27,Jose Carter,"and Copeland Webster, Thomas",UnitedHealthcare,26764.4,378,Urgent,2021-02-06,Ibuprofen,Abnormal
SuSaN watSoN,84,Male,A+,Obesity,2023-10-09,Andrew Nolan,Winters-Middleton,Blue Cross,39038.25,363,Emergency,2023-11-08,Ibuprofen,Inconclusive
jAmes cOlLinS,72,Male,B-,Arthritis,2023-03-04,Timothy Stout,"Hall Walker, and Petty",Blue Cross,33573.71,272,Elective,2023-04-03,Ibuprofen,Inconclusive
CyntHIa wASHiNGtOn,18,Female,AB-,Diabetes,2020-12-20,Erica Sampson,"Bell and Archer, Jimenez",UnitedHealthcare,10896.17,158,Emergency,2021-01-04,Lipitor,Inconclusive
brIaN DaVIs,60,Female,O+,Obesity,2019-10-25,Ryan Humphrey,Austin-Ross,Aetna,1416.64,477,Elective,2019-11-23,Lipitor,Abnormal
bRENdA hortoN,38,Male,O-,Asthma,2023-11-13,Charles Bell,Tran-Mathis,Blue Cross,43561.38,314,Urgent,2023-11-21,Ibuprofen,Normal
SUsAN GRavEs,68,Male,AB-,Arthritis,2023-04-30,Crystal Davis,Group Davis,Medicare,49191.39,347,Urgent,2023-05-20,Penicillin,Inconclusive
mIChaeL TOwNsenD,28,Female,O+,Cancer,2023-07-22,Jasmine Campbell,Miller-Johnson,UnitedHealthcare,9535.57,365,Emergency,2023-08-17,Paracetamol,Abnormal
lyNn cAiN,63,Female,O+,Cancer,2021-10-05,Kathryn Parker,Burns Ltd,Blue Cross,49206.02,423,Elective,2021-10-23,Paracetamol,Inconclusive
RebECca pAce,37,Female,B+,Cancer,2020-04-06,Thomas Black,"Mosley and Hobbs Gill,",Cigna,20536.23,433,Emergency,2020-04-24,Paracetamol,Normal
juSTiN hUff,72,Female,AB-,Obesity,2021-02-15,Joe Russell,Booth LLC,Medicare,16139.83,403,Urgent,2021-03-17,Ibuprofen,Normal
DANIel DanieLS,71,Female,B+,Cancer,2021-05-18,Catherine Hansen,Lara PLC,Blue Cross,45376.71,325,Elective,2021-06-01,Paracetamol,Inconclusive
KAthLeen BuTLEr,85,Female,B-,Hypertension,2022-06-18,April Berry,Group Snyder,Aetna,12600.88,484,Elective,2022-07-09,Ibuprofen,Normal
CArL McCARthY,72,Female,O-,Obesity,2019-09-13,Richard Booker,"Cochran Whitney, and Novak",UnitedHealthcare,41808.53,102,Elective,2019-09-26,Aspirin,Inconclusive
deREk pAtel,25,Male,B+,Diabetes,2022-04-12,Connor Booker,Pittman LLC,Medicare,40474.83,245,Emergency,2022-04-17,Penicillin,Normal
bReNda stEwart,33,Male,A+,Cancer,2023-02-12,Matthew Thompson,"Fuentes, and Morales Ramsey",UnitedHealthcare,14488.76,265,Urgent,2023-03-11,Ibuprofen,Abnormal
jennIfeR kiNG,50,Male,B-,Cancer,2019-10-01,Sharon Howell,Mckenzie PLC,Cigna,32524.95,496,Elective,2019-10-13,Lipitor,Normal
ANthoNy GoNZaLes,66,Female,O+,Cancer,2022-08-18,Jesse Collins,"Lee, Miller Lynch and",Medicare,21872.23,458,Emergency,2022-09-06,Ibuprofen,Abnormal
dAkOTa WElcH,37,Male,AB+,Hypertension,2020-08-23,Bryan Copeland,and Matthews Sons,Aetna,8353.13,314,Emergency,2020-09-11,Paracetamol,Abnormal
jOsHuA macDonAlD,73,Female,A-,Cancer,2021-03-10,Micheal Bradley,"Cooper and Arnold Hernandez,",Aetna,17349.7,428,Elective,2021-03-16,Aspirin,Abnormal
mIraNDa lONG,63,Female,O-,Diabetes,2019-05-27,Dawn Wallace,Reyes-Farley,Cigna,42564.76,496,Elective,2019-06-12,Ibuprofen,Normal
TINa SMitH,70,Male,B+,Cancer,2024-02-06,Abigail Solomon,Burton-Chambers,UnitedHealthcare,42266.51,274,Emergency,2024-02-20,Lipitor,Abnormal
JUstin sAncheZ,38,Female,O-,Arthritis,2021-02-01,Craig King,Lewis Group,Cigna,3626.44,287,Elective,2021-02-21,Paracetamol,Abnormal
LoUIs Green,26,Male,B-,Cancer,2023-03-14,Melissa Jones,"Harrison Foster and Daniel,",Blue Cross,25416.33,401,Elective,2023-03-15,Penicillin,Abnormal
EmilY HUnteR,40,Female,A+,Asthma,2021-12-28,Jorge Torres,"Lucas, Ward and Leonard",UnitedHealthcare,10749.63,396,Urgent,2022-01-18,Aspirin,Inconclusive
DEAnna berRY,20,Male,O+,Diabetes,2019-07-05,Willie Solomon III,"Brown Roberts, Webb and",Cigna,31840.37,338,Urgent,2019-07-06,Aspirin,Normal
paTriciA wHIte,38,Male,O+,Asthma,2019-12-24,Rachel Phillips,Lee-Moran,UnitedHealthcare,21098.87,235,Emergency,2020-01-01,Lipitor,Abnormal
martHA silva,84,Male,O-,Hypertension,2023-11-30,Daniel Spears,Group Wright,Aetna,6218.05,402,Elective,2023-12-13,Lipitor,Abnormal
sara LOnG,58,Male,O+,Cancer,2020-12-13,Nicole Gibson DVM,French Ltd,Blue Cross,45416.36,335,Urgent,2020-12-18,Lipitor,Normal
FRAnk joNes,76,Male,B+,Asthma,2021-01-17,Jenna Sanchez,LLC Edwards,Cigna,42272.42,157,Urgent,2021-01-26,Ibuprofen,Abnormal
AuTumn finley,51,Female,A+,Diabetes,2021-05-08,John Sherman,"Hicks, Yates Morris and",Aetna,32162.29,176,Emergency,2021-05-18,Paracetamol,Inconclusive
JASon jaCKSon,39,Female,A+,Asthma,2023-07-20,Jennifer Gonzalez,"and Butler Cordova, Rodriguez",UnitedHealthcare,29048.61,187,Elective,2023-08-11,Ibuprofen,Abnormal
dAVID HORNE,54,Female,O+,Hypertension,2021-12-25,Timothy Buck,and Sons Taylor,Medicare,2317.11,184,Emergency,2022-01-02,Lipitor,Abnormal
JAMes SMITh,71,Male,AB-,Asthma,2023-06-12,Erika Mcconnell MD,"Griffin, Moran and Kirby",Aetna,11431.27,383,Urgent,2023-07-11,Ibuprofen,Normal
JAImE DANIels,25,Male,AB+,Asthma,2019-08-04,Keith Robinson,Inc Tate,Blue Cross,15909.06,101,Emergency,2019-08-28,Aspirin,Abnormal
daRLENE keLlY,83,Female,O+,Hypertension,2019-10-12,Michael Kaiser,Carroll-Daniels,Aetna,42554.55,147,Emergency,2019-10-19,Lipitor,Normal
MOnica SaNdovaL,44,Male,A-,Cancer,2023-05-01,Elizabeth Poole,"Perez, Case Pierce and",Blue Cross,43392.57,432,Emergency,2023-05-24,Lipitor,Normal
StEpHANIE ParKs,24,Female,A+,Hypertension,2023-10-26,Charles Jones,Clark-Swanson,UnitedHealthcare,5074.22,281,Elective,2023-11-03,Lipitor,Inconclusive
DR. NAThaN DAVis,19,Male,O-,Asthma,2021-10-16,Tonya Cummings,"Griffin, Williams and Rivera",Cigna,45920.1,498,Urgent,2021-11-10,Aspirin,Normal
kIrK HilL,40,Female,O+,Asthma,2023-12-01,Jennifer Acosta,Shaw Group,Aetna,25017.06,277,Elective,2023-12-25,Paracetamol,Inconclusive
NAnCY PaynE,23,Female,A+,Diabetes,2021-05-02,Larry Turner,"and Brewer Knight, Ortiz",Aetna,33659.29,267,Urgent,2021-05-30,Lipitor,Inconclusive
krIStEN wADE DDs,64,Female,A-,Hypertension,2021-07-25,Richard Taylor,Collins-Scott,UnitedHealthcare,30536.73,258,Emergency,2021-07-28,Aspirin,Abnormal
MAtThEw HArvey,24,Female,O+,Diabetes,2023-11-15,Alexis Ramos,Boyd-Gomez,Cigna,14419.17,314,Elective,2023-11-20,Lipitor,Abnormal
elizAbEtH DavIDSoN,52,Female,O+,Cancer,2019-07-19,Wayne Moreno,Santos-Mcdaniel,Blue Cross,36381.04,241,Emergency,2019-08-06,Paracetamol,Inconclusive
JaSoN lEWIS,20,Female,B+,Obesity,2023-12-13,Hannah Anderson,"and Brewer, Marshall Nelson",Cigna,25853.06,484,Emergency,2023-12-26,Aspirin,Abnormal
DaVid NavARrO,75,Female,O-,Hypertension,2022-01-13,Jack Todd,Day-Diaz,UnitedHealthcare,21888.75,385,Elective,2022-02-04,Lipitor,Inconclusive
roBeRt ThOMAS,78,Female,O-,Arthritis,2023-09-30,Elizabeth Williams,Brown-Baird,Blue Cross,8727.8,363,Elective,2023-10-03,Ibuprofen,Normal
dAvID VElaZQuEZ,71,Female,AB-,Obesity,2021-06-06,Christopher Marquez,"and Anthony, Valdez Tapia",Cigna,43526.02,181,Elective,2021-06-19,Aspirin,Inconclusive
SARAH bOYD,27,Female,B-,Hypertension,2020-12-22,Amber Mays,Ltd Douglas,Aetna,11000.04,217,Emergency,2020-12-24,Ibuprofen,Inconclusive
BeVErLY Cruz,77,Female,AB-,Hypertension,2019-05-19,Bernard Ross,Walters-Buchanan,Medicare,7343.63,343,Elective,2019-06-18,Ibuprofen,Inconclusive
wILliAm hubbARD,41,Male,AB+,Obesity,2019-08-19,Joel Hunter,Martin-Grimes,Cigna,29884.54,289,Urgent,2019-08-24,Paracetamol,Inconclusive
bRandON galLagher,50,Male,B-,Diabetes,2020-08-05,Denise Vega,Smith and Sons,UnitedHealthcare,45818.96,313,Emergency,2020-08-09,Aspirin,Normal
oMAR DORSeY,74,Male,AB-,Diabetes,2019-06-07,Michael Jacobs,LLC Oneill,UnitedHealthcare,40223.82,246,Urgent,2019-07-07,Aspirin,Inconclusive
LISA fOrBeS,67,Male,B+,Asthma,2023-04-27,Julie Mccormick,Manning-Blair,Aetna,34368.89,325,Urgent,2023-05-01,Aspirin,Abnormal
mrs. SaMantHA herNanDez DdS,47,Female,B-,Asthma,2020-04-09,Brendan Cantrell,PLC Anderson,UnitedHealthcare,22344.41,228,Emergency,2020-04-12,Penicillin,Inconclusive
CRaIg holLOWay,26,Female,O-,Cancer,2020-03-23,Lisa Ellis,Martinez-Pearson,Aetna,8047.55,499,Urgent,2020-04-07,Paracetamol,Normal
SPEnCEr BurkE,79,Female,A-,Hypertension,2021-03-20,Christopher Elliott,"and Garcia, Martin Jackson",Aetna,39546.58,270,Urgent,2021-03-24,Paracetamol,Inconclusive
AMy OSBORN,34,Male,B+,Cancer,2020-10-27,James Wilson,PLC Gonzalez,Medicare,43980.08,253,Emergency,2020-11-19,Lipitor,Inconclusive
KAiTLIn nEWtOn,67,Male,O+,Diabetes,2019-10-19,Travis Mendoza,"Garcia Scott and French,",Aetna,25231.35,454,Elective,2019-11-09,Penicillin,Normal
bROoKe MILeS,55,Female,AB+,Obesity,2021-04-01,Kyle Becker,Davis-Andrews,UnitedHealthcare,22786.08,476,Emergency,2021-04-03,Ibuprofen,Abnormal
ReginAld WRight,50,Male,AB-,Asthma,2020-04-25,Michael Arias,"Clark, and Estes Thomas",Aetna,26886.66,210,Urgent,2020-05-03,Paracetamol,Abnormal
Brian mitcHeLL,73,Male,A-,Diabetes,2020-09-04,David Williamson,"and Pennington, Sweeney Lin",Cigna,6360.98,412,Urgent,2020-09-06,Ibuprofen,Normal
vAlerie WaRd,49,Female,A-,Arthritis,2020-03-03,Dr. Maurice Jones,Freeman-Cole,Blue Cross,32968.68,175,Emergency,2020-03-06,Ibuprofen,Normal
jOshua eaToN,38,Female,AB-,Arthritis,2021-05-25,Shawn Wilson,Thomas LLC,UnitedHealthcare,8315.33,480,Elective,2021-06-13,Paracetamol,Normal
aNDrEa hOWARD,81,Female,A-,Diabetes,2020-08-30,Alison Krause,Williams-Hill,Medicare,4813.49,340,Urgent,2020-09-11,Paracetamol,Inconclusive
AmY cuNniNGHAM,21,Male,B-,Diabetes,2023-12-09,Madeline Robinson,"and Orozco Greene, Decker",Aetna,7067.22,363,Urgent,2023-12-11,Paracetamol,Normal
jENniFer FIsheR,53,Male,O-,Arthritis,2020-11-24,Peter Jenkins,"and Robertson Moore Nelson,",Medicare,13160.55,363,Elective,2020-12-23,Aspirin,Inconclusive
jeNniFer tAYlor,33,Female,O-,Cancer,2022-10-08,William Tran,"and Rodriguez Bell, Short",Cigna,6846.32,497,Elective,2022-11-01,Penicillin,Inconclusive
liSa ingRaM,54,Female,AB+,Hypertension,2021-01-25,Jose Curtis,"and Hatfield Mann, Strong",Blue Cross,22690.6,497,Elective,2021-02-05,Penicillin,Inconclusive
jesSica LynCH,34,Female,B-,Obesity,2022-11-17,Thomas Valdez,"Waller and Walker, Martin",Medicare,12914.29,456,Urgent,2022-12-09,Ibuprofen,Inconclusive
WilLIAm huGheS,50,Female,AB+,Arthritis,2022-03-15,Nathan Vargas,Cox-Schwartz,Medicare,24023.89,408,Emergency,2022-04-14,Paracetamol,Inconclusive
KaRen SINGh,24,Male,O+,Diabetes,2022-08-21,Susan Russell,Scott-Davidson,Aetna,40909.49,448,Elective,2022-09-07,Ibuprofen,Abnormal
kayLa smith,29,Male,A-,Asthma,2023-08-27,James Dixon,Fisher-Mclean,Blue Cross,34829.85,322,Urgent,2023-09-08,Lipitor,Abnormal
dEniSe JAMEs,34,Male,A+,Hypertension,2020-06-21,Megan Vasquez MD,and Sons Davis,Blue Cross,4321.91,351,Elective,2020-06-28,Penicillin,Abnormal
MiChaeL Ho,40,Male,O+,Hypertension,2020-10-10,Dr. Brandon Gonzalez MD,Padilla-Lopez,Cigna,47380.38,293,Urgent,2020-10-17,Ibuprofen,Inconclusive
aMY wArrEN,28,Male,A+,Hypertension,2019-12-07,Gregory Pena,"and Holloway, Collins Marsh",Blue Cross,7081.85,388,Urgent,2019-12-09,Penicillin,Normal
sHelLY jOhNSTon,72,Male,O-,Cancer,2021-09-24,Christine Martin,Smith-Sanders,Aetna,30369.45,154,Emergency,2021-10-07,Penicillin,Abnormal
CrAIG doYLe,76,Male,AB+,Asthma,2021-07-02,Tony Carroll,Hunt-White,Cigna,34231.59,317,Urgent,2021-07-16,Ibuprofen,Abnormal
BRianNA tUrnEr,80,Female,A+,Cancer,2019-08-29,Daniel Burton,"Walsh, and Russell Scott",Blue Cross,19243.44,421,Elective,2019-09-28,Aspirin,Abnormal
cArlOs HamPTOn,41,Female,O+,Obesity,2020-12-20,Jessica Macdonald,Diaz-Grimes,Cigna,25765.42,104,Emergency,2021-01-07,Paracetamol,Normal
ShAWn mILLeR,49,Female,B+,Cancer,2022-10-14,Christian Preston,"and Graham Bowers, Stanley",Blue Cross,4399.87,489,Emergency,2022-10-23,Penicillin,Abnormal
riChard frANKliN,80,Female,AB-,Diabetes,2020-06-10,Megan Booth,PLC Schmitt,Blue Cross,9418.1,291,Emergency,2020-06-19,Paracetamol,Normal
rAchel mArtinEz dvM,40,Male,AB+,Hypertension,2021-12-24,Annette Schaefer,"and Webb Knapp Williams,",Aetna,4439.68,133,Elective,2022-01-18,Lipitor,Inconclusive
STePhAniE STePheNsOn,30,Female,AB+,Hypertension,2022-03-15,Duane Johns,"and Brown Avila Cruz,",UnitedHealthcare,37334.37,233,Elective,2022-04-02,Aspirin,Normal
tErri TORrEs,68,Male,B+,Arthritis,2023-03-20,Michael Campbell,Goodman-Griffin,Cigna,19128.38,152,Elective,2023-04-08,Ibuprofen,Normal
ANDRE Carr,34,Female,B+,Asthma,2023-04-02,Amber Bailey,"Ward and Henderson Savage,",Cigna,48387.94,303,Elective,2023-05-01,Lipitor,Abnormal
rOBerT elliS,41,Female,B+,Cancer,2023-02-12,Priscilla Sweeney,"Crawford Rhodes, Cruz and",Medicare,38230.54,305,Urgent,2023-02-23,Penicillin,Inconclusive
RiCArdO tuckeR,83,Male,A+,Diabetes,2021-03-05,Cassandra Willis,"Maldonado and Obrien Miller,",UnitedHealthcare,15633.18,118,Emergency,2021-03-11,Ibuprofen,Normal
CAROLINe PRicE,70,Female,O+,Asthma,2019-11-07,Alexis Espinoza,Brooks Ltd,Aetna,31884.52,489,Emergency,2019-11-24,Penicillin,Normal
leslie dAViS,46,Female,B-,Asthma,2022-01-08,Christian Bautista,"Park and Willis Joseph,",Cigna,26831.27,326,Emergency,2022-02-02,Aspirin,Inconclusive
kIMberLy lyoNS,76,Female,AB-,Arthritis,2023-11-24,Manuel Tucker,Sons and Vang,Medicare,5863.55,427,Urgent,2023-12-22,Aspirin,Normal
Jenny NIchols,69,Male,AB+,Hypertension,2022-07-19,Adam Mccoy,Holt and Sons,Medicare,7093.44,103,Urgent,2022-08-14,Lipitor,Abnormal
miCHael FRiEDmaN,54,Female,AB-,Arthritis,2019-10-15,Brittany Melendez,Sons Franklin and,Aetna,35071.94,370,Emergency,2019-11-05,Ibuprofen,Abnormal
SaMAnTha DORSeY,81,Female,A+,Cancer,2021-07-18,Brent Hill,"Singh Barton, and Taylor",Cigna,34358.69,286,Emergency,2021-08-15,Lipitor,Inconclusive
jaMes thoMPsON,74,Male,A-,Obesity,2024-02-28,Timothy Potter,Larson-Hernandez,UnitedHealthcare,12918.48,385,Emergency,2024-03-17,Aspirin,Abnormal
miCHeLlE belTRan,41,Male,B+,Arthritis,2023-08-28,Betty Anderson,"and Roberts, Deleon Nash",Cigna,25636.79,133,Emergency,2023-09-02,Lipitor,Abnormal
MArK bERgEr,43,Female,B+,Obesity,2023-12-14,Dr. Jennifer Houston,Martinez Group,Medicare,44951.98,469,Emergency,2023-12-17,Ibuprofen,Normal
donaLD mcdaniEl,22,Male,B+,Cancer,2021-02-25,Benjamin Taylor,"Rodriguez Christensen Brown, and",Aetna,38670.14,353,Emergency,2021-03-26,Paracetamol,Abnormal
jaMES WalSh,60,Male,B+,Obesity,2022-07-22,Danielle Miller,Group Clark,UnitedHealthcare,46936.12,277,Elective,2022-08-20,Penicillin,Normal
MIchelLE Ellis,77,Male,B+,Asthma,2022-04-04,Nicholas Lee,"and Espinoza Shields Porter,",Aetna,11694.03,309,Urgent,2022-04-20,Aspirin,Normal
RhoNDa LEvINe,44,Male,A-,Arthritis,2020-10-21,Jessica Eaton,Ltd Rodriguez,UnitedHealthcare,42220.86,223,Urgent,2020-11-17,Penicillin,Abnormal
MiChAEl JoHnsON,60,Male,O-,Cancer,2020-04-14,Rebecca Schultz MD,Johnson LLC,Aetna,42320.3,217,Elective,2020-04-17,Lipitor,Normal
heAThER Cook,85,Male,A-,Asthma,2021-02-28,David Keith,Ltd Newton,Medicare,6357.04,336,Emergency,2021-03-01,Penicillin,Normal
mATtHeW BROWN,52,Male,B+,Obesity,2019-07-05,Shawn Moore,Ltd Morris,UnitedHealthcare,28364.5,369,Urgent,2019-07-30,Paracetamol,Inconclusive
rIChard joNES,79,Female,AB+,Hypertension,2022-01-12,Andrew Bailey,Ibarra Inc,Medicare,21262.5,125,Emergency,2022-01-23,Aspirin,Normal
joSEph JOnES,33,Male,O-,Cancer,2023-11-10,Ashley White,Pitts-Christian,Blue Cross,34690.26,440,Elective,2023-11-24,Penicillin,Normal
MerEdIth jACKSOn,78,Male,B-,Asthma,2021-04-19,Amanda Burns,Leach PLC,Aetna,24811.15,316,Urgent,2021-05-07,Lipitor,Inconclusive
kriStin mOrrow,82,Male,O+,Asthma,2019-08-02,Cameron Vaughn,"Martin Chaney, and Chase",Medicare,33665.2,359,Elective,2019-08-26,Paracetamol,Abnormal
Robert gonzALES,54,Female,O-,Cancer,2024-04-22,Jacqueline Myers,Ltd Orozco,Medicare,44757.62,343,Urgent,2024-05-22,Aspirin,Normal
lIsA GArNeR,50,Male,O+,Arthritis,2021-08-03,Gary Jones,Navarro Inc,Blue Cross,2119.53,258,Elective,2021-08-10,Penicillin,Abnormal
anDrEW JOHNson,41,Female,B+,Obesity,2020-10-21,Heather Gray,Deleon Group,Blue Cross,27952.38,465,Emergency,2020-10-28,Lipitor,Abnormal
rICKy AGuirRe,26,Female,AB+,Obesity,2021-06-05,Jennifer Lee,Boyd Group,Blue Cross,34975.9,383,Emergency,2021-06-29,Aspirin,Inconclusive
JOshua MOSs,79,Male,B-,Asthma,2020-08-12,Pamela Williamson,"Bishop and Hunt Mccann,",Cigna,35903.99,334,Elective,2020-09-04,Aspirin,Inconclusive
ERIC morrIS,68,Male,O-,Hypertension,2020-05-02,Amanda Huynh,Underwood Group,Medicare,25415.53,464,Urgent,2020-05-21,Paracetamol,Abnormal
renEe milLEr,29,Male,B+,Obesity,2020-12-27,Sarah Hernandez,"Smith and Perkins, Joseph",Aetna,6314.32,151,Urgent,2021-01-07,Aspirin,Abnormal
DanIel wHeeLER,76,Male,AB+,Asthma,2022-08-31,Arthur Porter,"Garcia, Gilbert Hill and",UnitedHealthcare,39578.29,231,Urgent,2022-09-06,Aspirin,Abnormal
hOlLY HAMiLTON,52,Male,AB+,Arthritis,2019-09-14,Julie Jackson,"Frye and Allen, Miller",Blue Cross,44088.41,401,Emergency,2019-10-05,Paracetamol,Abnormal
MARcuS MORENO,47,Female,AB-,Hypertension,2022-07-20,Douglas Miller,"and Rodriguez Hamilton Phillips,",Aetna,37438.13,234,Urgent,2022-07-31,Ibuprofen,Inconclusive
HarOLD Boone,24,Female,AB+,Arthritis,2020-05-01,Andrea Rodriguez,Moore-Rodriguez,Medicare,10417.22,335,Emergency,2020-05-14,Ibuprofen,Normal
taRA GardnER,32,Female,O+,Cancer,2022-03-08,Eric Mccann,"Olson Knight and Phillips,",UnitedHealthcare,23421.48,260,Emergency,2022-03-25,Lipitor,Inconclusive
chRiSTOpHer WAlSH,35,Female,O+,Hypertension,2019-09-22,Dr. Tina Stone MD,Carey PLC,Aetna,11958.83,410,Elective,2019-10-21,Penicillin,Normal
TonYa hALL,27,Male,AB-,Cancer,2022-12-20,Amber Morrison,"Rose, and Mcdowell King",Cigna,34791.38,462,Elective,2023-01-06,Paracetamol,Normal
lori FOx,72,Male,B-,Hypertension,2019-09-27,Madeline Lawrence,Sanchez-Johnson,Blue Cross,11068.47,260,Urgent,2019-10-27,Ibuprofen,Normal
ToDD JoHnSon,18,Male,O-,Diabetes,2022-12-01,Leon Gomez,Griffin-Johnson,Cigna,33446.51,174,Emergency,2022-12-16,Aspirin,Abnormal
tifFAny JAmeS,54,Male,AB-,Arthritis,2020-11-09,Amanda Callahan,Dickerson LLC,Medicare,7106.83,299,Urgent,2020-12-02,Penicillin,Normal
jONATHaN pEterson,25,Male,AB-,Obesity,2020-03-07,Terry Edwards,"Kim Adams Cohen, and",Blue Cross,37406.04,192,Urgent,2020-03-15,Aspirin,Abnormal
STACEY COWAn,52,Male,B+,Cancer,2020-07-03,Devin James,Smith-Davis,Medicare,16097.87,385,Emergency,2020-07-11,Lipitor,Abnormal
blAKe HAlE,59,Female,A+,Hypertension,2019-08-31,Gregory Cunningham,Howe Inc,Cigna,30663.63,444,Emergency,2019-09-19,Paracetamol,Inconclusive
ScOtt FRAZIEr,65,Female,AB+,Asthma,2022-04-28,Jacqueline Stephens,Harris LLC,UnitedHealthcare,35776.89,268,Elective,2022-04-29,Ibuprofen,Normal
bRItTAnY PRiCe,59,Female,AB-,Obesity,2021-12-15,Joy Jenkins,Johnson Sons and,Cigna,23656.57,447,Urgent,2022-01-07,Paracetamol,Inconclusive
tHOMas SMITh,69,Male,B-,Asthma,2020-03-07,Jason Bauer,Jones PLC,Aetna,32371.49,131,Elective,2020-03-27,Aspirin,Normal
kiMBerLy ramoS,52,Male,O+,Diabetes,2021-07-07,Daniel Love,Bush Ltd,Cigna,44704.46,369,Emergency,2021-07-21,Lipitor,Abnormal
maRIA mYeRS,50,Female,AB-,Obesity,2020-08-20,Ariana Patton,Morris-Griffin,Cigna,28479.94,362,Elective,2020-09-17,Aspirin,Normal
mICHeLLe WILkeRsOn,56,Male,O-,Arthritis,2021-11-11,Lisa Reid,LLC Hammond,UnitedHealthcare,35479.27,280,Elective,2021-11-18,Paracetamol,Normal
rEbeCCa hilL,57,Male,B-,Hypertension,2021-03-20,Victoria Baldwin,"and Myers Jones, Lee",Cigna,41282.15,162,Urgent,2021-03-23,Aspirin,Inconclusive
JAMES DUNcAn,24,Female,AB+,Diabetes,2023-12-02,Alison Mills,"Doyle, Turner Baldwin and",UnitedHealthcare,20049.31,496,Elective,2023-12-25,Aspirin,Normal
AnDrEA jOSePh,83,Female,B+,Asthma,2021-06-06,Vicki Wilson,"Evans and Middleton, Hill",Cigna,37122.92,301,Urgent,2021-06-10,Paracetamol,Inconclusive
cHarlEs BaKer,45,Male,O-,Cancer,2021-04-06,Scott Burton,Morrow Inc,Medicare,31840.55,204,Elective,2021-05-06,Penicillin,Normal
RebeCcA rEiD,55,Female,AB-,Hypertension,2022-04-21,Dave Olsen Jr.,Fernandez Inc,Blue Cross,38508.71,321,Emergency,2022-05-11,Ibuprofen,Abnormal
elIzabETH joNEs,32,Male,AB+,Asthma,2020-10-25,Andrew Boyle,"Bell King and Williams,",Cigna,33143.72,168,Emergency,2020-11-12,Aspirin,Inconclusive
Amy MCDonaLD,52,Male,A+,Diabetes,2021-11-09,John Thomas,Oneal Inc,Cigna,21968.02,113,Elective,2021-11-11,Paracetamol,Abnormal
jUlIE baRToN,39,Female,AB+,Diabetes,2022-06-17,Lori Lewis,"Holden Combs Jones, and",Aetna,38617.93,132,Urgent,2022-07-04,Ibuprofen,Normal
rAcHEL lOnG,80,Male,O+,Hypertension,2020-05-09,Kathryn Ochoa,"Molina Reyes and White,",UnitedHealthcare,41633.14,304,Emergency,2020-05-13,Paracetamol,Abnormal
COlLEEn RoSaRio,22,Male,B+,Hypertension,2022-01-20,Duane Lucas,Lee-Smith,Medicare,43362.76,240,Emergency,2022-01-31,Ibuprofen,Inconclusive
daN steWart,60,Male,B-,Asthma,2023-10-25,Larry King,"Park Wells, and Hudson",UnitedHealthcare,29837.59,364,Urgent,2023-11-04,Aspirin,Abnormal
aUStIn DauGHERty,23,Female,A+,Cancer,2021-01-30,Maria Johnson,Vazquez Group,Cigna,25223.41,303,Urgent,2021-02-25,Ibuprofen,Inconclusive
JEfF BEck,72,Female,AB+,Asthma,2024-03-01,Jamie Wright,"and Tran Miller, Lee",Medicare,20156.23,359,Elective,2024-03-04,Paracetamol,Abnormal
roNalD AlExANder,26,Female,O-,Arthritis,2020-01-07,Corey Mccoy,Garcia-Sanchez,Cigna,34302.11,155,Elective,2020-01-13,Aspirin,Abnormal
hEAtHeR DoYlE,43,Male,O-,Diabetes,2020-08-04,Samuel Shields,Rodriguez Ltd,Blue Cross,12989.19,232,Emergency,2020-08-25,Penicillin,Abnormal
jO mCDONaLD,76,Male,AB+,Hypertension,2024-03-21,Ricky Kim,Grant-Hall,Medicare,34699.91,491,Urgent,2024-04-15,Lipitor,Normal
tHEreSA JOhNSOn,18,Female,AB+,Asthma,2022-12-17,Jose Lawrence,and Sons Sanders,UnitedHealthcare,7046.91,475,Elective,2023-01-03,Ibuprofen,Normal
keVIn onEaL,28,Male,AB-,Obesity,2021-08-30,Adriana Duncan,"Montgomery and Baldwin, Martinez",Aetna,32254.44,355,Emergency,2021-09-21,Aspirin,Normal
KAteLyn RiCHArdSON,55,Female,B+,Cancer,2023-08-02,Mary Sheppard,"Sherman and Hardy, Johns",Medicare,28425.92,402,Elective,2023-08-23,Lipitor,Inconclusive
liSA HEnslEY,78,Female,B-,Diabetes,2022-02-06,Samantha Gray,PLC Thompson,Cigna,35370.18,393,Urgent,2022-02-28,Lipitor,Normal
RaYmOND DeCker,73,Male,B+,Diabetes,2023-10-02,Kimberly Cook,"Woods Edwards and Ortiz,",UnitedHealthcare,44898.92,163,Urgent,2023-10-16,Lipitor,Abnormal
nICole SANCHez,18,Male,B-,Diabetes,2020-07-24,Mr. Jason Stein,"and Frank Howard Mcneil,",Aetna,21374.63,345,Elective,2020-08-08,Aspirin,Abnormal
JOHN JACkSON,74,Male,O-,Asthma,2021-08-31,Elizabeth Bautista,LLC Simmons,Cigna,32835.61,247,Elective,2021-09-28,Aspirin,Inconclusive
daVid MURraY,51,Male,AB-,Diabetes,2022-05-17,Allen Leonard,Carrillo Group,Aetna,6925.55,213,Elective,2022-05-28,Lipitor,Inconclusive
gReGORY bAILeY,85,Female,B-,Obesity,2021-11-22,Daniel Williams,and Mclaughlin Sons,Aetna,28401.27,329,Urgent,2021-11-30,Penicillin,Inconclusive
dEbra wIlSOn,32,Female,O+,Cancer,2022-03-14,Christopher Howe,Inc Nelson,Cigna,48416.2,323,Urgent,2022-04-13,Ibuprofen,Abnormal
SUSan tAyloR,54,Female,O-,Diabetes,2020-12-16,James Duarte,Ortiz Sons and,Medicare,37694.04,452,Emergency,2020-12-18,Penicillin,Inconclusive
jill kennedy,71,Female,AB+,Obesity,2023-02-03,Brittany Cole,Brown-Johnston,Cigna,7582.46,314,Urgent,2023-02-26,Lipitor,Abnormal
cHrIsty AUstIN,68,Female,O-,Arthritis,2021-03-18,Lindsey Arias,Freeman-Hunter,Cigna,29414.69,249,Emergency,2021-03-25,Lipitor,Normal
gArY dAvIs,81,Female,A+,Diabetes,2023-01-28,Brandon Johnson,Pineda-Gay,UnitedHealthcare,16167.66,433,Emergency,2023-01-30,Penicillin,Abnormal
aNITa fitzGERAlD,39,Male,A+,Cancer,2023-06-07,Kyle Walker,Payne Inc,Aetna,14373.03,343,Urgent,2023-06-20,Paracetamol,Normal
AmY AndersON,70,Female,AB-,Diabetes,2020-02-26,Michelle Kaufman,Williams-Howard,UnitedHealthcare,47252.04,134,Urgent,2020-03-18,Penicillin,Abnormal
JOSe hOrn,28,Male,B+,Cancer,2023-10-31,Michael Marsh,"Garcia, Williams and Hernandez",Aetna,47086.18,435,Emergency,2023-11-27,Aspirin,Abnormal
suSAn jONEs,58,Female,B-,Obesity,2021-07-28,Gary Gutierrez,Campbell-Kelly,Medicare,2939.72,437,Elective,2021-08-22,Ibuprofen,Normal
AMy PaDilLA,53,Male,A-,Hypertension,2020-06-02,Rachel Harris,Odonnell-Lambert,Blue Cross,31333.66,254,Emergency,2020-06-29,Penicillin,Abnormal
eddiE samPsOn,51,Male,B+,Obesity,2019-11-06,Jesse Lee,Lynn-Garcia,Cigna,44937.49,411,Urgent,2019-11-17,Ibuprofen,Abnormal
TerRAnce BARRy,73,Female,A-,Arthritis,2021-10-07,Brittany Sanchez,Pope-Cisneros,Medicare,14596.95,332,Emergency,2021-10-19,Aspirin,Abnormal
joHNnY goNzALEz,32,Female,O+,Diabetes,2022-11-26,Steven Benson,"Miller and Tate, Rubio",Blue Cross,47683.12,249,Emergency,2022-12-15,Ibuprofen,Inconclusive
devIn pOTtEr,60,Female,AB-,Arthritis,2021-06-22,Laurie Gates,"Gonzalez Mason Wilson, and",Aetna,50075.13,349,Urgent,2021-07-09,Paracetamol,Inconclusive
saMAnTha WolFE,84,Male,AB-,Diabetes,2022-07-07,Joan Henderson,PLC Flores,Medicare,43444.7,253,Urgent,2022-07-25,Paracetamol,Inconclusive
mr. jUSTiN DIaz,48,Male,B+,Hypertension,2021-05-19,Jordan Wang,Davis-Garcia,Aetna,12389.48,332,Urgent,2021-06-07,Aspirin,Inconclusive
SARAh jOHNSoN,38,Female,A+,Diabetes,2020-04-07,Katherine Hancock,and Duke Sons,Aetna,33122.71,245,Emergency,2020-04-22,Paracetamol,Normal
SuSAn cHen,57,Male,B-,Cancer,2021-09-07,Gina Davis,"Wood Vazquez, and Herrera",Medicare,22491.18,319,Urgent,2021-09-23,Lipitor,Inconclusive
tHOMAs mARtiNez,54,Male,O-,Obesity,2021-09-19,Robert Smith,Valdez-White,Cigna,40124.45,276,Emergency,2021-10-04,Paracetamol,Inconclusive
nICoLE SnYder,50,Female,A+,Cancer,2019-12-27,Laurie Mcneil,Miller Inc,Aetna,39155.12,398,Elective,2019-12-31,Aspirin,Inconclusive
JESSiCa HarRis,53,Male,A-,Obesity,2022-03-27,Benjamin Newman,Watkins-Bradford,Blue Cross,36315.99,374,Urgent,2022-04-20,Ibuprofen,Normal
raNDy PETERs,56,Male,AB+,Arthritis,2022-10-05,Vanessa Gonzalez,"and Rocha Wilson, Vargas",UnitedHealthcare,36890.04,433,Urgent,2022-10-25,Aspirin,Normal
MEGan braUN,71,Male,A-,Hypertension,2022-11-22,Dr. Catherine Smith DDS,"James, Gates Richardson and",Aetna,15614.84,189,Urgent,2022-12-14,Paracetamol,Normal
pAtRiCk baueR,62,Female,AB-,Diabetes,2022-04-29,Mary Brady,"and Mitchell Hayes Jones,",Aetna,48995.88,386,Elective,2022-05-23,Paracetamol,Inconclusive
sTephen clemenTs,55,Female,A+,Obesity,2022-06-07,John May,Proctor-Davis,Blue Cross,6889.24,467,Elective,2022-06-23,Penicillin,Normal
ThoMaS pIerce,75,Female,B-,Obesity,2021-04-10,Andrea Pittman,"Williams Kline Brown, and",Blue Cross,18249.54,179,Elective,2021-04-22,Penicillin,Inconclusive
aSHlEy pAtton,35,Male,O-,Cancer,2022-04-14,Audrey Warner,"Rangel Duffy, Lewis and",Aetna,24910.44,472,Elective,2022-04-29,Penicillin,Normal
mICHaeL johnsON,20,Male,A-,Arthritis,2024-02-21,Tiffany Copeland,"and Maldonado Davenport, Brown",Blue Cross,41785.19,292,Elective,2024-03-09,Aspirin,Inconclusive
hEAthER mEyeR,81,Female,A-,Diabetes,2023-02-25,Darrell Frye,Harris-Cooper,Cigna,27796.87,239,Urgent,2023-03-09,Penicillin,Inconclusive
JennIFER CRawfORd,50,Female,AB+,Arthritis,2022-08-31,Michael Hale,"Bryant and Mack, Hartman",Cigna,49107.74,108,Urgent,2022-09-26,Paracetamol,Normal
chad mOrriS,48,Female,AB-,Diabetes,2022-08-30,Dawn Cook,"Anderson Stone Sutton, and",Medicare,11880.45,395,Elective,2022-08-31,Penicillin,Inconclusive
bRAD boWMAN,41,Male,AB+,Cancer,2019-11-29,Roger Mccall,Burns-Bennett,UnitedHealthcare,35909.69,288,Elective,2019-12-21,Penicillin,Normal
AmaNda wilson,36,Male,B-,Diabetes,2020-05-16,Danielle Gentry,Mathews Ltd,Cigna,672.34,321,Urgent,2020-05-23,Paracetamol,Normal
MoniCA SimMonS,81,Male,B+,Diabetes,2019-08-18,Robin Jimenez,Tucker-Young,Blue Cross,20220.21,353,Elective,2019-09-13,Paracetamol,Normal
AlexaNDer mACk,48,Male,O+,Obesity,2024-05-05,Jose Nelson,Thomas-Lawrence,Aetna,15681.64,263,Urgent,2024-05-09,Lipitor,Normal
daNa AGuILAR,76,Female,A-,Arthritis,2023-09-13,Michael Clark,Harris-Lewis,Cigna,22105.21,368,Elective,2023-09-14,Lipitor,Abnormal
EArL AnderseN,25,Male,O-,Hypertension,2019-10-04,Matthew Morales,Freeman-Price,Cigna,14541.47,264,Emergency,2019-10-22,Paracetamol,Normal
haIleY LYNcH,22,Female,A+,Cancer,2019-12-31,Beth Morris,Sims-Smith,Cigna,11732.83,239,Urgent,2020-01-01,Lipitor,Inconclusive
stepHANiE CalDWell,19,Female,AB+,Arthritis,2019-11-08,Gabriella Chang,"Rodriguez Bush, and Shaw",Aetna,37478.32,330,Elective,2019-11-18,Aspirin,Normal
jESsica ORTiZ,38,Male,B+,Hypertension,2023-12-20,Brandi Martin,"and Clark Murray Watson,",Cigna,47517.97,419,Elective,2024-01-03,Ibuprofen,Inconclusive
sARAH YOUnG,19,Male,O-,Asthma,2021-11-16,Nicole Lee,Ltd Hughes,Cigna,21549.11,216,Emergency,2021-12-09,Aspirin,Abnormal
daRrell wIlliAms,84,Female,A+,Hypertension,2020-10-20,John White,Johnson-Buchanan,Medicare,36313.56,464,Emergency,2020-11-15,Ibuprofen,Normal
MiTcheLl treVIno,78,Female,AB-,Asthma,2023-02-22,Jade Clark,Bradley Ltd,Cigna,17776.59,358,Urgent,2023-03-17,Ibuprofen,Normal
RoBErt greeNe,29,Male,B+,Cancer,2022-11-18,Todd French,and Adams Sons,Medicare,33579.41,360,Urgent,2022-11-27,Penicillin,Normal
RAndY FlOREs,42,Male,A+,Cancer,2020-10-17,Madison Wilson,"Ramsey Quinn, Bush and",Cigna,9517.62,307,Emergency,2020-10-26,Ibuprofen,Normal
robert MENDEz,22,Male,AB-,Diabetes,2020-11-04,Brandi Garcia,"Burgess Rogers, and Wise",Cigna,38228.39,145,Urgent,2020-11-30,Penicillin,Normal
brITtNey TAylor,44,Male,O-,Hypertension,2020-12-27,Taylor Morgan,Woodard-Griffin,Aetna,26498.16,249,Elective,2020-12-30,Penicillin,Normal
cRystaL moOrE,34,Female,A+,Diabetes,2020-08-30,Elizabeth Walker,Cole-Perez,Medicare,24483.34,226,Emergency,2020-09-22,Aspirin,Normal
jEnnifER WILlIams,43,Male,A-,Asthma,2023-05-17,Michele Schwartz,"Munoz and Swanson, Tran",Medicare,29752.0,443,Elective,2023-05-30,Ibuprofen,Normal
RoNALD elLIOtt,78,Female,A+,Arthritis,2019-06-26,Jordan Fletcher,LLC Brown,Blue Cross,38642.64,281,Emergency,2019-07-22,Ibuprofen,Normal
JAmes WAGneR,67,Female,AB+,Arthritis,2022-11-21,Robert Turner,"and Drake, Landry Garcia",Blue Cross,18782.03,384,Elective,2022-12-03,Penicillin,Inconclusive
IaN HAmptON,67,Male,O-,Diabetes,2021-11-23,Dawn Rivera,Johnson-Hughes,Aetna,14073.88,165,Urgent,2021-11-29,Penicillin,Inconclusive
MArIa flemiNg,45,Female,AB+,Obesity,2023-02-13,Alice Green,Mendoza-Lester,Aetna,16342.84,347,Elective,2023-03-12,Penicillin,Inconclusive
jULIE tRan,36,Male,AB+,Diabetes,2019-10-22,Judith Fisher,Patel-Kim,Blue Cross,14604.1,291,Emergency,2019-11-11,Lipitor,Inconclusive
jessE lopeZ,67,Female,O-,Obesity,2022-09-15,Margaret Gardner,"Walker and Pena, Barrera",Medicare,29758.08,445,Elective,2022-10-03,Aspirin,Normal
DAVe SHARP,21,Male,O-,Asthma,2022-11-15,Daniel Contreras,Cox-Hines,Medicare,17058.05,289,Emergency,2022-11-27,Penicillin,Normal
paUl DoyLE,52,Female,B-,Hypertension,2022-05-25,Christian Cox,Inc Garcia,UnitedHealthcare,33134.54,369,Emergency,2022-06-15,Paracetamol,Normal
SARA HAMilTON,84,Female,B-,Obesity,2019-12-23,Jeremy Oliver,Group Ferguson,Cigna,20232.01,195,Elective,2020-01-07,Paracetamol,Inconclusive
aMber rAMIrez,44,Female,AB+,Diabetes,2021-09-25,Cody Stone,PLC Wheeler,Medicare,38374.78,295,Elective,2021-10-07,Paracetamol,Inconclusive
CRystAL wyAtT,78,Female,AB-,Hypertension,2022-03-07,Kyle Sandoval,PLC Brown,UnitedHealthcare,25157.28,416,Elective,2022-03-21,Aspirin,Normal
mR. MArK HarVEy,43,Female,O-,Hypertension,2019-09-02,Stephen Holloway,Lucas Ltd,UnitedHealthcare,47050.35,147,Elective,2019-09-15,Aspirin,Normal
eLiJAH HURlEy,35,Female,AB-,Arthritis,2020-03-14,Susan Porter,Baldwin-Wheeler,Medicare,16063.78,129,Urgent,2020-03-20,Aspirin,Inconclusive
MELIssA GOnZALEz,63,Female,B+,Obesity,2022-09-20,Mary Lee,Ltd Hill,UnitedHealthcare,6896.09,153,Emergency,2022-09-21,Paracetamol,Normal
anthONy BaldWin,35,Male,A-,Arthritis,2022-08-09,Laura Dalton,Green-Sharp,Aetna,16611.9,366,Urgent,2022-08-13,Penicillin,Normal
PAuL BRAun,30,Male,O+,Asthma,2019-06-22,Mark West,PLC Baker,Cigna,7743.8,493,Elective,2019-06-30,Lipitor,Inconclusive
diANe huAnG,19,Male,B-,Obesity,2020-03-20,Tyler Williams,Nichols-Garrison,Blue Cross,33804.2,113,Elective,2020-04-02,Lipitor,Normal
lIsa StEpHEnS,48,Female,O-,Asthma,2020-03-21,Megan Martinez,Jennings-Smith,Blue Cross,48940.48,121,Emergency,2020-03-29,Ibuprofen,Normal
AlICia phiLLIps,32,Male,AB-,Asthma,2023-04-01,Natalie Stark,Williams-Cooke,Cigna,9157.78,250,Urgent,2023-04-06,Aspirin,Abnormal
tHomAS wALtERs,52,Male,O+,Obesity,2020-09-22,Hannah Grimes,Group Morris,UnitedHealthcare,25084.36,220,Urgent,2020-10-12,Ibuprofen,Inconclusive
FRAncisCO BeRrY,28,Male,O-,Hypertension,2024-01-21,Mary Butler,Schultz-Taylor,Blue Cross,25268.99,343,Emergency,2024-02-12,Paracetamol,Inconclusive
SHaNnOn burgeSs,63,Male,O+,Asthma,2020-12-30,Amber Johnson,"Welch, Nielsen and Taylor",UnitedHealthcare,36614.01,294,Urgent,2021-01-28,Paracetamol,Abnormal
kATelYN PEnNIngTOn,81,Male,AB+,Obesity,2024-05-03,Laura Simmons,Inc Norman,Medicare,13270.51,229,Emergency,2024-05-25,Ibuprofen,Inconclusive
rAchEL roDriguEz,29,Male,B-,Hypertension,2021-10-25,Janice Nichols,Gardner Group,UnitedHealthcare,21810.52,135,Elective,2021-11-20,Aspirin,Normal
lAURa rIcHaRD,62,Male,A-,Asthma,2021-09-16,Colleen Knight,Ltd Romero,UnitedHealthcare,35959.44,494,Emergency,2021-10-09,Lipitor,Inconclusive
MAry simoN,63,Female,AB+,Obesity,2020-02-22,Mr. Jesse Flores,Serrano and Sons,Medicare,18362.83,331,Emergency,2020-02-27,Aspirin,Abnormal
marIO MOrEno,78,Male,B-,Arthritis,2021-03-10,Sheila Campbell,"Roberts Fitzgerald and Graham,",Aetna,21339.44,176,Urgent,2021-03-16,Lipitor,Abnormal
KIMberly giBBs,48,Female,A+,Diabetes,2021-08-21,Rachael Lopez,Dunn LLC,Aetna,6633.55,209,Elective,2021-08-25,Aspirin,Inconclusive
IAn jaCKsoN,38,Male,B-,Hypertension,2019-05-14,Kaitlyn Harris,Villegas-Pacheco,Cigna,25051.42,409,Urgent,2019-05-18,Aspirin,Inconclusive
dENiSe hinEs,24,Male,AB-,Cancer,2020-11-18,Morgan Greer,Group Cannon,UnitedHealthcare,34208.66,475,Emergency,2020-11-21,Penicillin,Abnormal
cHarleS aDAMs,38,Male,AB+,Diabetes,2023-12-28,Anthony Higgins,Spence Ltd,Cigna,9155.9,204,Emergency,2024-01-08,Lipitor,Inconclusive
cryStal SimmonS,39,Male,B+,Arthritis,2021-05-23,Jennifer Cannon,LLC Bishop,Medicare,47614.93,388,Urgent,2021-05-29,Paracetamol,Abnormal
cHristINE ESPInoZA,53,Female,A+,Arthritis,2023-01-20,Teresa Edwards,Brown-Johnson,Aetna,32449.07,360,Urgent,2023-02-13,Lipitor,Abnormal
JOshua veLAZquez,39,Female,B-,Cancer,2022-11-21,Crystal Taylor,PLC Conrad,Blue Cross,9626.16,106,Elective,2022-12-20,Paracetamol,Abnormal
jaSON pAYNe,30,Female,B-,Asthma,2019-12-25,Melissa Hanson,"Paul and Morrison Patel,",Blue Cross,16891.37,488,Elective,2020-01-15,Lipitor,Abnormal
michAEL DAviS,68,Male,B-,Obesity,2021-07-21,Alyssa Perez,Walker Ltd,UnitedHealthcare,3140.68,366,Emergency,2021-07-23,Ibuprofen,Inconclusive
jenNiFeR MurraY,65,Male,A+,Diabetes,2023-07-25,Ana Warren,"Smith and Santiago Daniels,",Medicare,3345.7,284,Urgent,2023-08-06,Lipitor,Abnormal
amanDA chERry,62,Male,A-,Obesity,2020-04-30,Jose Howell,Mckinney-Vasquez,Cigna,4521.27,424,Emergency,2020-05-07,Lipitor,Normal
mICHael heRnaNdeZ,22,Female,O+,Cancer,2021-08-18,Andrew Brown,"Flynn Barnett Kelly, and",Cigna,35849.86,491,Urgent,2021-08-19,Lipitor,Inconclusive
nAtHaNiel LoPEz,84,Female,AB+,Diabetes,2019-08-23,Gerald Gutierrez,Allen-French,UnitedHealthcare,30351.12,440,Emergency,2019-09-02,Penicillin,Inconclusive
KIMBeRLy HOOVER,38,Female,AB-,Arthritis,2020-05-30,Sarah Morton,"Avery, and Mckenzie Kim",Aetna,29311.91,302,Emergency,2020-06-06,Paracetamol,Normal
PaUl BArker,78,Female,AB-,Cancer,2021-08-25,Tonya Bolton,"Lopez Macdonald Gutierrez, and",Cigna,16153.01,451,Emergency,2021-09-05,Lipitor,Abnormal
ChristopHEr pINEDa,28,Male,AB-,Arthritis,2020-02-13,Marcus Webster,"Patterson, Diaz Hughes and",Cigna,38858.03,214,Urgent,2020-03-06,Aspirin,Abnormal
rIchArD OWEn,36,Female,B+,Obesity,2020-10-07,Nicole Knox,Crawford-Harper,UnitedHealthcare,18353.81,346,Emergency,2020-11-01,Ibuprofen,Normal
JErRy rICHaRDson,33,Male,O+,Obesity,2020-02-01,Katherine Smith,Inc Thomas,Medicare,19941.04,474,Elective,2020-02-12,Aspirin,Normal
meaGan sANCHEz,45,Female,A-,Arthritis,2020-03-20,Angel Williams,"and Johnson Turner Allen,",Blue Cross,27988.77,345,Urgent,2020-04-05,Ibuprofen,Inconclusive
eRIn bLaCkwelL,57,Male,A+,Obesity,2022-01-06,Joann Marshall,LLC Anderson,Medicare,10408.82,414,Elective,2022-01-31,Paracetamol,Normal
aMbEr brOwn,69,Female,O+,Diabetes,2023-03-20,Ashley Hernandez,"Cox, Molina and Owen",Aetna,3969.19,444,Emergency,2023-04-09,Paracetamol,Normal
RyAN VasquEz,47,Female,B+,Hypertension,2019-12-12,William Perez,"Smith, and Collins Key",Medicare,37489.45,357,Emergency,2019-12-14,Aspirin,Inconclusive
BROoke cASEY,30,Male,B-,Asthma,2021-10-05,Maria Edwards,Allison-Cameron,Aetna,38578.54,268,Emergency,2021-10-10,Penicillin,Abnormal
sHaUn bROCk,68,Male,AB-,Arthritis,2024-04-27,John Vaughan,"Barnett Bass, Pacheco and",Blue Cross,38456.0,279,Urgent,2024-05-13,Lipitor,Normal
BRAnDi pAYNE,33,Female,A+,Diabetes,2024-03-30,Anthony Sanchez,"Reid Osborne, Weeks and",Cigna,30137.76,393,Urgent,2024-04-02,Paracetamol,Normal
JaCK bATes,70,Male,O+,Hypertension,2021-02-07,Amy Robinson,"Sanchez, and Cline Hernandez",UnitedHealthcare,21715.54,214,Emergency,2021-02-21,Aspirin,Inconclusive
SeAn cAmpos,80,Female,B-,Hypertension,2020-12-28,Anthony Bass,Ltd Salinas,Blue Cross,28081.94,213,Elective,2021-01-17,Lipitor,Normal
miCHeLe BIShop,76,Female,A-,Asthma,2024-02-06,Caitlin Brown,Griffin Group,Cigna,44600.86,375,Elective,2024-02-11,Lipitor,Normal
shANnoN ANdeRSon,47,Female,B+,Hypertension,2021-06-11,Rebecca Thompson,and Rodriguez Sons,Medicare,29493.77,270,Emergency,2021-07-08,Paracetamol,Inconclusive
kEvIN goNzALeZ,59,Female,B+,Arthritis,2021-05-13,Antonio Wheeler,and Sons Dawson,Blue Cross,49170.58,153,Elective,2021-06-01,Ibuprofen,Inconclusive
ChrIsToPheR EdWARDs,61,Male,B-,Cancer,2023-10-08,Timothy Young Jr.,"Fletcher Garcia and Howard,",UnitedHealthcare,8287.6,126,Elective,2023-10-17,Aspirin,Abnormal
mS. BrEnda ThOMAS,62,Male,A-,Hypertension,2021-11-18,John Blanchard,LLC Reyes,Blue Cross,14977.9,104,Emergency,2021-12-06,Ibuprofen,Inconclusive
JAmeS MORROw,53,Male,B+,Diabetes,2021-04-13,David Strong,Griffin-Flores,Blue Cross,5803.09,162,Emergency,2021-04-28,Penicillin,Normal
lUIs AVIlA,46,Female,B+,Diabetes,2019-12-02,Julie Brown,PLC White,Medicare,20513.87,215,Emergency,2019-12-06,Paracetamol,Inconclusive
KEViN sIMmOnS,38,Female,O-,Asthma,2022-12-16,Samantha Wall,PLC Mccoy,Blue Cross,32507.28,120,Urgent,2022-12-31,Lipitor,Abnormal
sHEILa BrewEr,53,Male,O+,Diabetes,2022-10-24,Alisha Flores,"and Morales Palmer Thompson,",Medicare,4672.05,367,Elective,2022-10-25,Lipitor,Inconclusive
JeffREy nIChoLSOn,67,Male,B+,Cancer,2023-04-16,Jennifer Doyle,Ibarra-Grant,Aetna,20195.0,486,Emergency,2023-04-21,Aspirin,Abnormal
eVan HarDIn,54,Female,AB-,Cancer,2019-09-18,Rachel Aguirre,"Gregory, Mcgee and Sparks",Medicare,23645.54,464,Emergency,2019-09-22,Lipitor,Abnormal
MIchELLe LOpEZ,30,Female,B-,Diabetes,2020-05-30,Tiffany Richmond,"Mcneil, Keller and King",UnitedHealthcare,32065.13,138,Urgent,2020-06-18,Lipitor,Normal
cHrIStoPhEr CORtez,41,Male,B+,Obesity,2020-06-26,Nancy Fisher,Barron-Jarvis,Aetna,44605.64,115,Emergency,2020-07-23,Paracetamol,Abnormal
ChRIstinE Jordan,26,Male,B-,Asthma,2022-01-25,Marc Bright,"and Warren Hurst, Nelson",Cigna,28071.48,460,Elective,2022-02-04,Lipitor,Normal
jOe cHEN,24,Male,B+,Arthritis,2023-10-17,Alexandra Davis,LLC Montoya,Blue Cross,39191.57,169,Elective,2023-11-11,Ibuprofen,Abnormal
cOnnIE FrEdeRICk,72,Female,B-,Diabetes,2022-01-28,Rebecca Mcintosh,Ltd Hansen,Cigna,1901.89,210,Emergency,2022-02-19,Penicillin,Normal
JEssiCA RAmirEz,53,Male,A+,Hypertension,2021-05-12,Brenda Peterson,Ltd Jones,Blue Cross,10605.73,115,Urgent,2021-05-19,Paracetamol,Normal
jeFfery pARKer,42,Female,O+,Arthritis,2021-10-01,Walter Smith,"Shaw, and Diaz Jones",Blue Cross,24547.27,372,Elective,2021-10-12,Penicillin,Normal
mEGaN wHITe,19,Male,AB+,Hypertension,2020-04-08,Ms. Tonya Ochoa PhD,"Wright and Sharp Franklin,",UnitedHealthcare,25275.67,500,Emergency,2020-05-06,Paracetamol,Abnormal
MiChAEL DOmINGuEz,85,Male,O+,Cancer,2021-09-07,Bridget Irwin,PLC White,Aetna,7628.95,363,Elective,2021-09-24,Aspirin,Abnormal
ElizAbEth MORAN,70,Female,AB+,Arthritis,2023-04-14,Bruce Young,Inc Jarvis,Medicare,27727.2,419,Emergency,2023-05-14,Ibuprofen,Normal
ASHLeY BAtes,82,Female,A-,Arthritis,2023-10-03,Alexis Sandoval,"Bullock and Peck Morris,",Blue Cross,24954.1,330,Urgent,2023-10-21,Lipitor,Normal
MIChellE SkinNEr,35,Male,B+,Hypertension,2021-03-18,Christina Dyer,Reed Ltd,Aetna,6584.31,154,Elective,2021-04-07,Penicillin,Inconclusive
KimbERLY WEAver,45,Male,O-,Asthma,2019-09-26,Noah Torres,LLC Crosby,Cigna,46428.95,167,Urgent,2019-10-12,Lipitor,Abnormal
aLICIa pARkeR,51,Male,B-,Diabetes,2020-01-30,Michael Bullock,"Wagner Ware, and Davis",Aetna,31036.13,487,Emergency,2020-02-13,Paracetamol,Normal
AlaN jones,62,Male,A-,Cancer,2019-05-26,Bryan Leonard,White-Levine,Cigna,45457.65,162,Elective,2019-06-03,Paracetamol,Normal
JESSICa muRPhy,38,Male,O+,Arthritis,2021-10-20,Shannon Davidson,Martinez-Fischer,Cigna,49190.18,444,Urgent,2021-11-18,Ibuprofen,Inconclusive
kENDRA lopez,75,Male,O-,Obesity,2023-08-21,Mrs. Hannah Riggs,Schmidt-Wilson,UnitedHealthcare,34036.06,338,Elective,2023-09-06,Ibuprofen,Normal
mICHELLe PerEz,74,Female,A-,Cancer,2020-06-11,Tiffany Wallace,English Group,Cigna,42910.67,195,Urgent,2020-06-22,Penicillin,Abnormal
kRiStINa loGaN,37,Female,A+,Cancer,2023-01-19,Patrick Greene,"Wells and Russell, May",Blue Cross,6478.57,316,Elective,2023-01-24,Aspirin,Inconclusive
CAssAndRA SlOan,47,Female,B-,Hypertension,2023-11-03,John Fernandez,"Rivera, and Webb Davis",Cigna,2259.41,431,Emergency,2023-12-02,Lipitor,Abnormal
coRey orTega,21,Female,B-,Arthritis,2023-04-24,Adam Whitehead,Parker-Coleman,UnitedHealthcare,19017.65,318,Elective,2023-04-29,Aspirin,Abnormal
AlLiSOn HanNa,20,Male,B+,Arthritis,2020-01-16,Mark Davis,"Gonzales Garcia, and Smith",Blue Cross,24505.12,422,Emergency,2020-01-29,Lipitor,Normal
cHelSEy Liu,21,Male,A+,Hypertension,2020-07-05,Jose Maldonado,Haas-Garner,Aetna,10467.65,309,Emergency,2020-07-21,Paracetamol,Inconclusive
KENDRa jOhNSon,57,Male,AB+,Cancer,2021-09-20,Brandon Patton,Kelley-Yates,Blue Cross,13585.23,267,Urgent,2021-10-05,Paracetamol,Inconclusive
julIAn bLaNCHARd,33,Female,O-,Diabetes,2022-08-23,Richard Guzman,Ramirez-Page,Aetna,12583.88,338,Emergency,2022-09-09,Penicillin,Inconclusive
chrISTOpHEr jACoBSon,27,Female,A-,Cancer,2020-04-05,Rebecca Dougherty,and Farrell Sons,Blue Cross,31350.03,239,Urgent,2020-04-20,Penicillin,Normal
VeRoNica BOwEn,35,Female,AB+,Diabetes,2022-03-29,Robert Lee,Pearson-Adams,UnitedHealthcare,23969.47,482,Emergency,2022-04-24,Paracetamol,Abnormal
aNDRew ortIZ,39,Male,B-,Arthritis,2022-07-10,Diana Waters,Wallace-Lopez,Aetna,11648.24,414,Urgent,2022-07-17,Penicillin,Normal
dAniEl howArd,65,Male,O-,Diabetes,2022-12-20,Gabriel Pineda,LLC Cannon,Medicare,3312.85,212,Urgent,2023-01-07,Paracetamol,Inconclusive
TimOThy SCOtT,84,Male,AB-,Asthma,2021-01-20,Alicia Pierce,"Giles and Barnett Ortiz,",Aetna,14281.19,459,Elective,2021-02-08,Lipitor,Abnormal
alicIa WIlSon,46,Female,AB+,Hypertension,2022-10-07,Travis Whitaker,Group Underwood,Aetna,32885.08,491,Urgent,2022-10-09,Ibuprofen,Abnormal
antHoNy GarDnER,20,Male,A+,Diabetes,2023-08-10,Stephen Robbins,King-Wilson,Cigna,26813.36,118,Emergency,2023-08-13,Lipitor,Inconclusive
SHANNON gEOrge,69,Female,A+,Asthma,2021-06-25,Debra Ramos,Spencer-Watts,Blue Cross,43174.91,219,Emergency,2021-07-14,Penicillin,Inconclusive
frEd pEnNiNGtOn,19,Male,O+,Asthma,2023-09-04,Edward Ford,Carter Inc,UnitedHealthcare,28692.36,387,Elective,2023-10-01,Ibuprofen,Inconclusive
DAviD SCHMIdT,36,Male,O+,Asthma,2023-03-25,Joann Williams,"and Horton Giles Parker,",Cigna,7287.04,433,Urgent,2023-04-10,Lipitor,Normal
JOShua hoLmes,59,Male,B+,Cancer,2023-06-28,Kristina Reyes,Stewart PLC,Aetna,19565.79,421,Urgent,2023-07-07,Ibuprofen,Normal
kelly BatEs,59,Male,A-,Cancer,2023-07-02,Sheila Foster,Stewart-Pratt,Medicare,28201.59,467,Emergency,2023-07-11,Lipitor,Abnormal
mIchAel LIttLe,24,Female,B-,Diabetes,2020-10-08,Marcus Schaefer,Hickman-Clark,Cigna,22175.52,182,Emergency,2020-10-16,Ibuprofen,Normal
brian hoFfMaN,29,Female,B-,Hypertension,2023-08-18,Johnny Miller,Santiago-Neal,Blue Cross,36927.56,205,Urgent,2023-08-26,Aspirin,Normal
jeNnIfER hall DdS,54,Male,B-,Obesity,2023-10-15,Jody Pope,"Mueller and Campbell Hull,",Medicare,41719.41,316,Emergency,2023-10-31,Aspirin,Abnormal
jESsIca bROWN,58,Male,B+,Cancer,2021-07-25,David Miller,"Smith and Garcia Ross,",Cigna,7744.42,321,Elective,2021-08-23,Aspirin,Abnormal
bRItTAny CUNnINGhAM MD,70,Male,O+,Asthma,2023-04-11,Diamond Rodriguez,Irwin PLC,Blue Cross,46893.39,113,Emergency,2023-04-18,Lipitor,Abnormal
joHN LeWiS,64,Male,B+,Cancer,2019-09-16,Daniel Morgan,"Lewis, Brown and Freeman",Blue Cross,2040.11,104,Urgent,2019-09-20,Aspirin,Normal
JennIFeR COnRAd,57,Male,A+,Obesity,2021-11-10,Julie Fisher,Schmitt-Barnes,Blue Cross,3117.95,111,Emergency,2021-11-17,Ibuprofen,Inconclusive
NaNCY brYaNt,45,Female,O-,Cancer,2021-02-24,Kerry Miller,"Walls Ramos, Cain and",Blue Cross,8456.98,110,Emergency,2021-03-11,Ibuprofen,Inconclusive
pErrY waLLace,80,Female,O-,Asthma,2020-07-09,Brian Barnes,LLC Johnson,Cigna,50554.31,453,Elective,2020-08-07,Paracetamol,Normal
morGAn LIn,82,Male,O+,Diabetes,2021-07-09,John Price,"Bryan, and Cook Patrick",Aetna,38174.68,373,Elective,2021-07-27,Lipitor,Abnormal
robert forD,62,Female,B+,Hypertension,2020-08-05,Shelby Alexander,Chavez PLC,Blue Cross,1309.36,116,Emergency,2020-08-29,Penicillin,Inconclusive
dIaNE sAncHeZ,55,Female,B+,Arthritis,2021-08-24,Lynn Garcia DVM,Thomas-Miller,Blue Cross,6604.2,281,Emergency,2021-09-10,Penicillin,Normal
viCtOR bakeR,23,Male,A-,Arthritis,2021-04-22,Patricia Fernandez,and Aguilar Sons,Blue Cross,23550.16,279,Urgent,2021-05-09,Ibuprofen,Inconclusive
pETeR GOnzAleS,19,Female,AB+,Diabetes,2023-11-14,Daniel Roberts,Santos-Kelley,Medicare,12406.94,414,Elective,2023-12-14,Penicillin,Inconclusive
tiFFANy rIVErS,46,Female,O-,Asthma,2022-02-20,Kimberly Hoffman,"Brown Powell, Jimenez and",Medicare,22128.96,466,Emergency,2022-03-03,Ibuprofen,Normal
JanICE BuSH dds,58,Female,O-,Obesity,2022-03-27,Marc Wilcox,"Hall Chang and Collins,",Blue Cross,12716.59,415,Urgent,2022-04-14,Lipitor,Inconclusive
BRianNA vilLA,48,Female,B-,Diabetes,2021-02-14,Tiffany Cortez,Carr-Johnston,Aetna,2380.66,484,Elective,2021-03-12,Lipitor,Abnormal
MauRICE SMiTH,77,Female,AB+,Diabetes,2022-01-22,Joann Gilbert,Ray Ltd,UnitedHealthcare,2691.95,427,Emergency,2022-01-31,Ibuprofen,Abnormal
mARc fRAnCIS,32,Female,B+,Hypertension,2023-05-01,William Nelson,"Cisneros Short, and Taylor",Blue Cross,729.75,374,Elective,2023-05-07,Paracetamol,Abnormal
ELiZAbEth GaRZa,73,Male,O-,Obesity,2023-10-03,Andrew Harper,PLC Alexander,Medicare,14173.23,410,Urgent,2023-10-10,Ibuprofen,Normal
WILliAm tuRner,66,Female,O-,Obesity,2022-11-22,Pamela Page,Bartlett-Huffman,UnitedHealthcare,48307.38,408,Emergency,2022-11-26,Penicillin,Normal
daNA jenKins,54,Male,B+,Arthritis,2023-01-25,Jason Bryant,"Richard, Garrett Gomez and",Aetna,22721.57,261,Elective,2023-02-10,Lipitor,Inconclusive
DARrelL harriS,55,Female,A+,Arthritis,2021-11-06,Jennifer Spence,"Carroll, and Fields Smith",Blue Cross,26073.74,324,Elective,2021-11-18,Penicillin,Normal
lauRA RusSElL,53,Female,AB+,Arthritis,2022-08-26,David Mason,"Floyd Cline, Landry and",UnitedHealthcare,31769.14,131,Elective,2022-09-22,Aspirin,Inconclusive
DeNnIS roBerTS,68,Male,O+,Hypertension,2022-06-27,Ms. Julie Jones,Sanchez-Sosa,Blue Cross,29295.31,190,Urgent,2022-07-10,Ibuprofen,Inconclusive
JEnNIFEr MENdEz,55,Male,A+,Hypertension,2023-12-08,Katelyn Hernandez,"and Cross Abbott Dixon,",Cigna,43060.39,438,Elective,2024-01-03,Ibuprofen,Abnormal
mARY knIght,53,Male,AB-,Obesity,2022-05-13,Steven Stark,Norman-West,Medicare,5966.86,317,Elective,2022-06-11,Penicillin,Abnormal
SARA MORTOn,80,Male,B+,Asthma,2019-09-26,Adam Harris,Hunt-Foster,Medicare,37594.01,188,Emergency,2019-10-19,Paracetamol,Inconclusive
aNTHONy WAlKEr,79,Male,B+,Obesity,2022-01-10,Bethany Barton,"Harris and Owens Long,",Cigna,15697.37,280,Urgent,2022-01-30,Paracetamol,Normal
aNgEla MuRpHY,63,Female,A-,Obesity,2020-04-18,Natalie Savage,"Bailey Roberts, Nguyen and",Blue Cross,42048.46,237,Emergency,2020-05-13,Paracetamol,Inconclusive
TyRone giBBS,28,Male,AB+,Asthma,2022-07-01,Adam Watson,Figueroa-Johnson,Cigna,10688.25,383,Emergency,2022-07-28,Ibuprofen,Abnormal
CrYStAL KELlY,35,Male,B+,Diabetes,2019-09-17,Tony Lynch,Hunter-Bolton,Cigna,11089.04,298,Elective,2019-10-08,Lipitor,Normal
ARiEL wELch,46,Male,B-,Obesity,2023-12-29,Cynthia Tanner,"and Ibarra Lang Porter,",Blue Cross,25167.75,298,Urgent,2024-01-13,Paracetamol,Inconclusive
sHaWN HERMaN,63,Female,O+,Asthma,2020-04-30,Jessica Miller,Benitez-Hall,UnitedHealthcare,20129.77,480,Elective,2020-05-25,Lipitor,Inconclusive
MAKAyla TorreS,40,Male,B+,Diabetes,2022-07-30,Larry Guzman,"Woodard, Todd and Hoffman",UnitedHealthcare,20390.08,491,Emergency,2022-08-13,Lipitor,Abnormal
jaMES sCoTT,39,Female,AB+,Cancer,2021-12-08,Nichole Gaines,"Riley Wood and Lewis,",Blue Cross,3432.22,184,Elective,2021-12-23,Penicillin,Normal
susAn MItcheLl,49,Male,A-,Asthma,2020-10-27,Hannah Fisher,"Rodriguez Leonard and Webster,",Cigna,26779.79,219,Elective,2020-10-29,Ibuprofen,Normal
VErOnIcA FiSCheR,47,Male,A+,Obesity,2021-07-05,Mr. Kevin Chapman MD,Butler-Pope,UnitedHealthcare,30839.35,354,Emergency,2021-07-06,Paracetamol,Abnormal
emilY mARtineZ,81,Male,AB+,Obesity,2022-12-12,Amanda Gibson,Johns-Wyatt,Medicare,33035.8,434,Elective,2022-12-19,Ibuprofen,Normal
richard HAAS,75,Male,O+,Cancer,2023-07-03,Lisa Nguyen,Sons and Taylor,UnitedHealthcare,33866.69,288,Emergency,2023-07-26,Ibuprofen,Inconclusive
JenNIfer pugH,84,Female,A-,Cancer,2020-05-17,Emily Reed,Carlson Group,Cigna,32700.1,348,Emergency,2020-05-26,Ibuprofen,Inconclusive
DONAlD SImOn,66,Male,B+,Hypertension,2023-11-27,James Hendrix,Morris and Sons,Cigna,12031.0,274,Urgent,2023-12-23,Lipitor,Inconclusive
StEPhanie VIllarreAl,52,Female,B-,Hypertension,2023-06-01,Justin Garrett,Ltd Smith,UnitedHealthcare,2388.77,354,Urgent,2023-06-13,Ibuprofen,Inconclusive
REbecca lAmb,73,Female,O+,Asthma,2023-08-23,Todd Spears,Mejia Group,Cigna,36857.91,497,Emergency,2023-09-13,Aspirin,Abnormal
JoShua DeNnIs,63,Male,A-,Diabetes,2024-01-22,Sarah Palmer,LLC Flores,Blue Cross,30876.63,405,Urgent,2024-01-23,Penicillin,Normal
jAY bROWN,41,Male,O-,Asthma,2020-06-21,April Jones,"and Barrera Anderson, Dunn",Medicare,5418.13,143,Emergency,2020-07-14,Lipitor,Inconclusive
liNdSEy FRanCo,61,Male,AB-,Diabetes,2023-05-07,Stephanie Hancock,Cunningham Sons and,Blue Cross,7196.85,161,Emergency,2023-05-16,Penicillin,Inconclusive
ThoMas lopEz,72,Male,B+,Arthritis,2022-04-24,Michael Ayala,Baker-Quinn,Medicare,35264.7,272,Urgent,2022-05-07,Aspirin,Inconclusive
ANN bIRd,69,Female,AB-,Cancer,2019-07-25,Janet Donovan,and Mcmahon Sons,Cigna,42825.38,361,Urgent,2019-08-01,Ibuprofen,Normal
BIlLy aNdErSon,39,Female,A-,Cancer,2021-12-18,Ashley Briggs,Morgan PLC,UnitedHealthcare,3006.86,316,Emergency,2021-12-20,Penicillin,Abnormal
stephaniE sutTOn,52,Male,B+,Cancer,2021-12-22,Misty Hunter,Perry-Martinez,UnitedHealthcare,37308.42,293,Emergency,2022-01-16,Aspirin,Abnormal
KateLYN RosE,82,Female,O-,Asthma,2023-02-26,Patricia Shaw,"Holloway, Gonzales Wood and",Blue Cross,29142.33,485,Emergency,2023-03-18,Lipitor,Inconclusive
jErrY ARmsTrONG,23,Male,O-,Asthma,2023-10-11,Adam Lucas,Haas Ltd,Medicare,28138.3,334,Emergency,2023-11-05,Ibuprofen,Inconclusive
mRS. CAroLINE AcoSTa DDS,54,Female,B+,Cancer,2020-01-28,Mr. Arthur Myers DDS,Allen Group,Blue Cross,47698.37,334,Urgent,2020-02-06,Penicillin,Inconclusive
DeNISE GARcIa,29,Male,O+,Asthma,2021-07-09,Barry Williams,Miller-Delgado,Cigna,8369.36,492,Urgent,2021-07-11,Paracetamol,Abnormal
gRACE cleMENtS,19,Male,AB+,Diabetes,2022-02-09,Theresa Montes,LLC Olsen,UnitedHealthcare,19343.47,366,Urgent,2022-03-04,Paracetamol,Normal
DAVID fROst,31,Female,A+,Hypertension,2022-02-19,Greg Williams,Beck-Calhoun,Medicare,29435.99,416,Urgent,2022-02-25,Ibuprofen,Normal
HALey mcgrAth,47,Male,AB-,Hypertension,2023-03-10,Molly Pierce,Ltd Goodman,Cigna,35814.01,264,Urgent,2023-03-19,Ibuprofen,Inconclusive
DAvid aNdeRsON,39,Female,A-,Diabetes,2020-01-07,Theodore Sloan,Jones Group,UnitedHealthcare,43898.52,461,Elective,2020-01-22,Paracetamol,Normal
ferNaNdO jOHNsOn,75,Male,O-,Hypertension,2022-06-30,Nicole Jackson,Gonzales-Aguilar,Blue Cross,20855.2,104,Emergency,2022-07-03,Penicillin,Inconclusive
cRYsTal ReEves,22,Male,B+,Diabetes,2023-03-20,Benjamin Carter,"Fisher, Barrett Peterson and",Aetna,38360.38,483,Emergency,2023-04-03,Penicillin,Inconclusive
KAITLYN OWeNs,72,Male,A-,Hypertension,2022-09-06,Joshua Wilson,Hunter-Wang,Blue Cross,31628.24,438,Emergency,2022-09-07,Aspirin,Abnormal
bREtT AYAlA,24,Female,AB+,Hypertension,2022-08-21,Robin Yates DDS,Bender Ltd,Medicare,36654.22,309,Emergency,2022-09-02,Ibuprofen,Inconclusive
WALtEr oRtIz,85,Male,AB+,Arthritis,2022-05-31,Elizabeth Scott,"and Reeves Klein, Smith",Cigna,8688.57,442,Emergency,2022-06-26,Ibuprofen,Abnormal
DANiEl morgAN,55,Male,B-,Cancer,2022-07-26,Rachel Wilson,Burton-Gonzalez,Blue Cross,2271.98,227,Elective,2022-08-08,Penicillin,Abnormal
mORgan dAY,43,Female,AB-,Asthma,2022-12-19,Joseph Smith,"Gonzalez, Skinner and Gonzalez",Cigna,46599.6,160,Elective,2022-12-21,Paracetamol,Inconclusive
SamANTHa aLVaREZ,43,Female,AB-,Obesity,2023-11-17,Jared Soto,Group Parsons,Aetna,38788.31,235,Urgent,2023-12-03,Ibuprofen,Normal
LaUrA DAVis,56,Female,AB-,Cancer,2021-08-02,Richard Mejia,Smith-Duncan,Blue Cross,32835.23,307,Urgent,2021-08-30,Paracetamol,Inconclusive
IAn WrIght,19,Male,B+,Hypertension,2020-05-09,Cory Miller,Sons and Allen,Medicare,8343.33,214,Elective,2020-05-18,Penicillin,Normal
colLeeN powElL,34,Male,B+,Diabetes,2022-11-16,Heather Lewis,Martin-Green,UnitedHealthcare,32077.42,281,Elective,2022-12-09,Lipitor,Inconclusive
TIMoThy SimMoNS,48,Female,O+,Hypertension,2024-01-07,Ashley Garcia,"and May Lewis Cook,",Blue Cross,49370.08,157,Emergency,2024-01-28,Paracetamol,Abnormal
dAwN olsEn,55,Female,AB-,Diabetes,2019-06-06,Yvonne Luna,Dickerson-Palmer,Medicare,30620.37,456,Elective,2019-06-24,Penicillin,Inconclusive
DEBorah gRaHAM,62,Male,A+,Asthma,2023-01-16,Henry Baxter,Harrison-Ortiz,UnitedHealthcare,9085.4,224,Emergency,2023-01-20,Aspirin,Abnormal
LaURiE leWis,18,Male,B-,Cancer,2023-08-12,Michael Michael,Alvarez-Martin,UnitedHealthcare,19055.09,426,Urgent,2023-08-23,Ibuprofen,Normal
MeLanIE JonEs,57,Male,B-,Hypertension,2021-10-19,Megan Walker,"Holder and Jackson Baker,",Cigna,27389.18,147,Urgent,2021-11-12,Lipitor,Inconclusive
kYle phaM,75,Female,B+,Arthritis,2022-06-18,Deborah Cook,"Austin, Barron and Moore",Aetna,14548.39,173,Urgent,2022-07-13,Paracetamol,Inconclusive
lAura rOSs,31,Female,A-,Diabetes,2019-11-08,Jeffrey Richardson,Mitchell Ltd,Cigna,24473.68,391,Emergency,2019-11-20,Aspirin,Inconclusive
chrisTOpHeR eVanS,28,Male,O-,Asthma,2022-08-23,Julie Walton,English-Stout,Cigna,14917.64,313,Emergency,2022-09-07,Aspirin,Inconclusive
MARY lewiS,51,Female,AB+,Diabetes,2021-09-04,Douglas Moran,Palmer Inc,Blue Cross,2290.67,436,Emergency,2021-09-06,Penicillin,Abnormal
SAnDRA bRADY,56,Male,AB+,Diabetes,2020-09-23,Brandon Smith,"Barnes Rodriguez, and Stephens",UnitedHealthcare,36329.07,420,Emergency,2020-09-25,Lipitor,Abnormal
NicoLe MaRtIn,38,Female,A+,Obesity,2022-03-03,Craig Jackson,Holland Inc,Cigna,39261.72,314,Elective,2022-03-14,Penicillin,Inconclusive
tIFFANY HICKman,28,Female,AB-,Hypertension,2023-11-15,Gerald Smith MD,Burns Inc,Blue Cross,31297.87,309,Urgent,2023-12-05,Ibuprofen,Inconclusive
tifFAny BElL,23,Male,AB+,Obesity,2023-07-09,Stephanie Quinn,Clark-Griffin,Blue Cross,10715.17,328,Urgent,2023-08-05,Ibuprofen,Abnormal
PAtRICk MaRshALl,68,Male,O-,Asthma,2021-07-08,Gwendolyn Reynolds,Johnson PLC,UnitedHealthcare,29787.54,334,Urgent,2021-08-07,Ibuprofen,Inconclusive
JIlL johNsOn,75,Female,B+,Arthritis,2022-10-06,David Henry,Adkins-Martin,Medicare,20283.37,411,Urgent,2022-10-10,Aspirin,Abnormal
daVid milLER,18,Female,B+,Asthma,2022-05-12,Stacie King,"Peterson, King and Hopkins",Cigna,30213.31,378,Urgent,2022-05-15,Penicillin,Normal
leah TAYLoR DDS,49,Female,B+,Cancer,2023-02-07,Kelsey Cross,Swanson-Dorsey,UnitedHealthcare,22622.45,496,Emergency,2023-02-15,Aspirin,Normal
Ethan BaiLey,77,Male,A+,Arthritis,2020-07-27,Gloria Peterson,Duncan LLC,Cigna,22140.99,419,Urgent,2020-08-17,Penicillin,Normal
NOaH wILLiams,44,Male,AB+,Obesity,2023-08-01,Amanda Meza,Group Lynch,Cigna,45026.15,119,Elective,2023-08-27,Lipitor,Inconclusive
asHLEY TucKer,32,Male,AB+,Arthritis,2023-05-06,Melissa Gallegos,"Costa Delgado, Sanchez and",Cigna,46008.87,248,Elective,2023-05-26,Paracetamol,Abnormal
dOUgLAS YU,72,Female,O-,Obesity,2022-01-04,John Marquez,LLC Compton,Blue Cross,21354.82,431,Elective,2022-01-20,Penicillin,Abnormal
JosEph SaNTiaGo,59,Female,O+,Diabetes,2024-04-15,Jeffrey Moyer,Williams-Jimenez,Cigna,15343.25,276,Emergency,2024-04-17,Paracetamol,Inconclusive
LaURA RIvEra,77,Female,A-,Hypertension,2023-05-28,Amanda Clark,Henry PLC,Aetna,15340.77,219,Urgent,2023-06-19,Penicillin,Normal
VICTor DaviS,42,Female,O-,Arthritis,2024-02-25,Michelle Cruz,"Wallace Thompson Sanchez, and",Blue Cross,1241.89,242,Emergency,2024-03-25,Lipitor,Inconclusive
adrian gReEn,37,Female,O+,Diabetes,2020-04-24,David Jenkins,"Wood Phillips, Davis and",Cigna,45985.52,158,Emergency,2020-05-01,Lipitor,Inconclusive
kaTrIna aDAmS,81,Female,A+,Obesity,2020-02-25,Brandy Henderson,Jones-Garza,Aetna,45663.04,161,Elective,2020-03-12,Aspirin,Inconclusive
brEtt cox,45,Female,B-,Diabetes,2019-10-04,William Leonard,Solomon Ltd,Cigna,7939.73,367,Elective,2019-11-02,Penicillin,Abnormal
KAtHlEEN jACksOn,82,Male,B-,Arthritis,2021-02-08,Kristie Knight,LLC Williams,Cigna,10551.28,145,Emergency,2021-02-19,Lipitor,Normal
jiLl pEarsoN,27,Female,A-,Diabetes,2023-08-13,Brian Walker,Brown-Holmes,Medicare,21477.81,213,Urgent,2023-09-07,Lipitor,Abnormal
KRYSTal NuNEZ,48,Male,O-,Cancer,2022-09-27,Alexander Cobb,"Keller Stewart, and Mcbride",UnitedHealthcare,4921.16,470,Urgent,2022-10-03,Lipitor,Normal
jEffrEy TAPiA,82,Male,B+,Diabetes,2021-01-02,Frank Combs,Harper-Garza,Cigna,44343.18,252,Emergency,2021-01-23,Paracetamol,Inconclusive
CARLos nElSon,25,Male,A+,Arthritis,2019-08-18,Aaron Kim,"Carter, Roberson Coleman and",Medicare,21376.99,125,Urgent,2019-09-11,Ibuprofen,Inconclusive
chRIstopHer CAMerOn,74,Female,AB-,Cancer,2020-11-05,Mrs. Katherine Turner,Ltd Daniel,UnitedHealthcare,14639.72,320,Elective,2020-11-20,Ibuprofen,Normal
RICArdo dAViS,42,Male,O+,Obesity,2023-10-23,Tony Morgan,PLC Smith,Cigna,29620.7,466,Elective,2023-11-03,Aspirin,Normal
breNda nOrRiS,49,Male,AB-,Arthritis,2022-07-21,Rebecca Martinez,"Lee Durham Rose, and",UnitedHealthcare,33184.25,137,Elective,2022-07-30,Penicillin,Abnormal
rEbeCCA sUtTon,79,Female,O-,Obesity,2022-01-10,Richard Miranda,Russell-Wallace,Medicare,38822.82,107,Emergency,2022-01-26,Penicillin,Normal
DONAlD jOHNSOn,75,Female,B+,Diabetes,2023-09-05,John Chandler,Davidson-Peters,Medicare,42752.08,256,Emergency,2023-09-26,Lipitor,Inconclusive
micHeLLE WattS,53,Female,O+,Cancer,2022-09-20,Madison Olson DDS,"Lewis and Andrews, Tucker",Aetna,17247.92,380,Emergency,2022-10-15,Penicillin,Abnormal
daviD pHElPS,47,Male,AB+,Arthritis,2021-04-22,Vanessa Lewis,"Spencer Hardy Williams, and",Blue Cross,39065.09,252,Urgent,2021-05-03,Penicillin,Abnormal
JoDi SmitH,85,Male,B-,Diabetes,2023-08-02,Jeremy Jenkins,Case Ltd,Cigna,9906.74,260,Emergency,2023-08-26,Penicillin,Normal
JoDi wilsON,61,Female,B-,Asthma,2020-12-31,Phillip Ortega,Russo Ltd,Aetna,25337.42,338,Elective,2021-01-26,Penicillin,Abnormal
cASeY TuCKER,38,Male,A-,Arthritis,2020-11-13,Sara Woods,Gardner-Brown,Aetna,37164.17,427,Elective,2020-12-02,Paracetamol,Inconclusive
TRAcy SULLIvAN,81,Male,A-,Obesity,2021-06-03,Melissa Vaughn,Hawkins-Parker,Aetna,38008.47,461,Urgent,2021-06-06,Paracetamol,Abnormal
AbIgail rUsh,65,Female,O-,Asthma,2019-05-11,Casey Robinson,"Cordova Williams Nguyen, and",UnitedHealthcare,47383.51,178,Urgent,2019-05-16,Aspirin,Abnormal
ANdrEW eVAnS,53,Female,AB-,Arthritis,2019-05-22,George Owens,"Mason, and Henry Travis",Aetna,23167.2,142,Urgent,2019-06-10,Paracetamol,Normal
kevIn doNalDsON,35,Female,AB+,Cancer,2021-10-02,Eric Meyers,Novak Inc,UnitedHealthcare,43423.79,418,Elective,2021-10-23,Penicillin,Inconclusive
MARK JOnEs,83,Female,AB+,Asthma,2019-07-06,Daniel Wyatt,"Holt, Cox and Martin",Blue Cross,38381.27,351,Urgent,2019-07-19,Paracetamol,Abnormal
JEnniFer JAMes,66,Female,AB-,Arthritis,2023-07-06,Jay Hobbs,Harris-Wallace,Medicare,29072.34,475,Urgent,2023-07-07,Paracetamol,Abnormal
OscAR wilLiAMS,43,Female,O-,Diabetes,2022-01-07,Jessica Conway,"Owens and Woods, Matthews",Cigna,12272.81,406,Emergency,2022-02-03,Ibuprofen,Normal
DOUglAS MArQUeZ,30,Female,O+,Cancer,2021-02-09,Joseph Harris,"Young Wilkerson Flores, and",Blue Cross,39180.52,493,Elective,2021-02-26,Penicillin,Abnormal
lAuRA cook,43,Male,AB-,Arthritis,2022-03-14,Lisa Hernandez,Pierce-Rosales,Aetna,25938.62,462,Elective,2022-03-22,Penicillin,Inconclusive
MicHaeL JAmeS,41,Male,O-,Arthritis,2019-05-22,Sarah Flynn,"Moore Green, Holland and",UnitedHealthcare,30669.3,456,Emergency,2019-06-08,Lipitor,Normal
JuLie ACostA,43,Female,O+,Diabetes,2021-08-06,Dawn Wells,Singleton-Rogers,UnitedHealthcare,8577.36,137,Urgent,2021-08-26,Ibuprofen,Abnormal
RYAN haMiLton,26,Female,AB-,Arthritis,2023-08-03,Allen Willis,Fleming Inc,Cigna,48023.92,412,Elective,2023-08-13,Penicillin,Abnormal
Latoya gaRciA,62,Female,O-,Diabetes,2022-10-15,Brandon Solis,White and Sons,Cigna,23544.37,292,Urgent,2022-10-27,Paracetamol,Abnormal
bRaNDoN RUBIO,24,Male,AB+,Obesity,2021-04-27,Melissa Fritz,"Bennett Grant and Anderson,",Medicare,5777.08,360,Urgent,2021-05-04,Penicillin,Normal
SusAn friEDMAn,47,Female,O-,Arthritis,2022-12-31,Joshua Todd,Howard-Brown,Medicare,32166.98,119,Urgent,2023-01-27,Lipitor,Normal
jorgE hill,57,Female,B+,Cancer,2023-05-09,William White,"Becker Smith Carlson, and",Blue Cross,50143.25,182,Emergency,2023-06-03,Ibuprofen,Normal
CoDY bRown,18,Female,A-,Cancer,2024-02-23,Melanie Johnson,LLC Williams,Blue Cross,42214.97,120,Elective,2024-03-09,Penicillin,Normal
MaRTIn NEwTon,51,Female,AB+,Obesity,2019-10-22,Melissa Smith,Garza-Yang,Aetna,23654.1,347,Emergency,2019-11-07,Penicillin,Normal
EUGeNE bell,43,Female,O-,Cancer,2021-02-25,Katherine Hernandez,Ltd Johnson,UnitedHealthcare,48452.88,400,Urgent,2021-03-01,Ibuprofen,Abnormal
RObERt FLoRES,23,Male,A-,Asthma,2022-07-14,Daniel Sullivan,"Hill Dixon, Henry and",Medicare,25943.35,382,Urgent,2022-07-15,Lipitor,Inconclusive
ChriStINE bRYAnt,77,Female,A+,Obesity,2022-08-11,Henry Dodson,LLC Martinez,Aetna,40959.96,301,Urgent,2022-08-21,Penicillin,Inconclusive
megAN GOnzaLeZ,44,Female,AB-,Obesity,2021-10-18,Christopher Watkins,Romero PLC,Medicare,5672.05,434,Emergency,2021-11-14,Ibuprofen,Normal
JAmEs krAmEr,36,Male,O-,Diabetes,2023-09-23,Donald White,Bender-Yang,Cigna,18794.33,384,Urgent,2023-10-06,Paracetamol,Abnormal
taMARA cHAMBERs,34,Male,B+,Hypertension,2022-09-25,John Duffy,Inc King,Blue Cross,6088.35,353,Elective,2022-09-28,Aspirin,Abnormal
JaMie HErnANdez,71,Male,A-,Obesity,2020-06-17,Ryan Garcia MD,"Kemp Gill and Griffin,",UnitedHealthcare,48614.0,384,Elective,2020-07-07,Penicillin,Normal
MicHaEL GiBSon,82,Female,A+,Obesity,2022-11-27,Bob Lewis,"Anderson Brown and Manning,",Medicare,39593.54,488,Urgent,2022-12-21,Lipitor,Abnormal
eric DUnN,48,Male,O-,Obesity,2022-10-15,Ryan Wright,Sons Campbell and,Medicare,22189.11,319,Urgent,2022-10-26,Penicillin,Abnormal
AlAn brIghT,42,Male,B+,Hypertension,2019-11-25,Jerry Lopez,Group Brown,Aetna,4683.37,285,Urgent,2019-11-28,Aspirin,Abnormal
PAiGE higGins,37,Female,B+,Asthma,2020-09-11,Alex Wilson,"Garcia Moreno and Edwards,",Cigna,8019.06,359,Urgent,2020-10-03,Aspirin,Normal
cOdy OliVER,75,Female,B-,Obesity,2019-10-03,Jeremy Rhodes,"Williams Moore Bradshaw, and",Aetna,23171.99,434,Elective,2019-10-17,Paracetamol,Abnormal
sHeiLa BAKer,53,Male,O-,Cancer,2019-11-15,Mrs. Angela Williams DVM,Hamilton-Weber,Blue Cross,29525.62,251,Emergency,2019-12-15,Aspirin,Normal
WaLteR HUGhES,53,Female,A+,Arthritis,2020-09-29,Noah Jacobs,"Bennett, Nelson Robinson and",UnitedHealthcare,9064.72,448,Urgent,2020-10-14,Lipitor,Abnormal
alYSSA SCOtt,22,Female,A-,Hypertension,2019-07-11,Kevin Mccormick,Brown-Smith,UnitedHealthcare,43843.81,160,Elective,2019-07-12,Lipitor,Abnormal
RicharD leWIs,69,Female,B-,Hypertension,2023-04-20,Christopher Jones,and Mason Sons,Aetna,14727.99,389,Elective,2023-05-06,Ibuprofen,Inconclusive
Amanda lEe,64,Female,AB+,Obesity,2020-03-06,Megan Brown,"Fowler and Mcdonald Schaefer,",Medicare,7955.43,452,Elective,2020-03-07,Lipitor,Normal
aMY CaRDENas,39,Male,A+,Diabetes,2020-04-30,Christopher Henderson,"Stevens Turner, and Smith",Blue Cross,15597.6,355,Elective,2020-05-01,Penicillin,Normal
MRs. cARol THoMAs md,57,Female,B-,Diabetes,2022-10-10,Christina Griffith,Grimes-Pennington,Aetna,6704.69,138,Emergency,2022-10-25,Penicillin,Normal
MArgAret bRowN,33,Male,A+,Hypertension,2023-03-25,Tiffany Rivera,"Horne, Jones and Nguyen",Blue Cross,38241.54,379,Urgent,2023-04-19,Paracetamol,Normal
thOMAs SAnTIaGO,32,Female,A+,Asthma,2022-03-08,Amanda Lang,"Adkins Hale Mueller, and",Aetna,31562.08,346,Elective,2022-03-23,Aspirin,Normal
samANtHA ROSaLES,21,Female,O+,Arthritis,2022-05-03,Taylor Boyd,Reeves-Edwards,Cigna,21847.13,381,Urgent,2022-05-30,Penicillin,Abnormal
AmaNDa JoHnSoN,35,Female,B+,Asthma,2019-07-26,Roberto Reid,Group Mason,UnitedHealthcare,48397.15,480,Elective,2019-08-02,Aspirin,Normal
vINcEnT marTIn,82,Male,A+,Arthritis,2021-07-21,Marcus Booker,Murphy-West,Cigna,9796.42,275,Emergency,2021-08-17,Ibuprofen,Inconclusive
LISA hUDSon,69,Female,B+,Diabetes,2024-04-11,Alan Morris,Group Hill,Medicare,39822.53,380,Elective,2024-05-06,Ibuprofen,Inconclusive
ChRiSTy BIrD,60,Male,B+,Cancer,2023-04-14,Edwin Andrews,"Harrington Carney and Brown,",Blue Cross,31441.56,430,Emergency,2023-05-11,Penicillin,Normal
rObErt THOMPsoN,76,Female,B+,Diabetes,2020-03-20,Shawn Cain,"and Flores Thomas, Miller",UnitedHealthcare,49792.36,332,Emergency,2020-03-30,Paracetamol,Normal
NICHOLe lEE,85,Male,AB-,Diabetes,2021-06-27,Brandon Harrison,Group Sullivan,Blue Cross,16505.45,220,Emergency,2021-07-05,Paracetamol,Inconclusive
JOY ADAMs,80,Female,A-,Cancer,2023-04-28,Theresa Lewis,Scott-Walker,Medicare,47793.29,249,Emergency,2023-05-13,Lipitor,Inconclusive
daViD FitzPATRicK,75,Female,B-,Obesity,2021-05-11,Paul Thomas,Price-Jackson,Blue Cross,35877.29,307,Urgent,2021-05-31,Aspirin,Abnormal
jEssica nEwmAN,22,Female,O+,Hypertension,2021-07-07,Rebecca Walker,LLC Horton,Blue Cross,25726.62,163,Emergency,2021-07-10,Lipitor,Normal
tErEsA wilsoN,73,Female,AB+,Cancer,2022-07-27,Allison Parks,Thompson Sons and,Aetna,36132.6,433,Urgent,2022-07-29,Paracetamol,Abnormal
JaMes BroWn,67,Male,A+,Diabetes,2020-02-04,Heather Lin,"and Brown Lawson, Gardner",Aetna,9544.83,438,Elective,2020-02-05,Ibuprofen,Abnormal
pAUl ANtHONy,85,Female,O+,Cancer,2020-03-21,Patricia Tucker,Robinson-Mcgrath,UnitedHealthcare,26687.24,337,Urgent,2020-04-20,Ibuprofen,Inconclusive
JasOn rIleY,77,Female,AB-,Obesity,2020-10-15,Jennifer Hicks,Scott-Cabrera,Aetna,41660.41,120,Elective,2020-10-31,Aspirin,Normal
ELIzAbeth roLlInS,70,Female,B-,Arthritis,2021-12-10,Stephen Johnson,Alvarez-Griffith,UnitedHealthcare,8805.04,340,Emergency,2021-12-27,Aspirin,Abnormal
dR. PAmELA JordaN,71,Male,A+,Cancer,2022-03-13,Jodi Contreras,Roberts-Morrison,Cigna,25040.06,104,Emergency,2022-03-25,Paracetamol,Abnormal
lauRen martIn,22,Male,O-,Cancer,2020-07-14,Kristen Baker,Terrell-Gonzalez,Cigna,2887.29,482,Emergency,2020-07-18,Aspirin,Abnormal
asHleY RoGErS,55,Male,A+,Obesity,2022-02-05,David Diaz,Glover PLC,Medicare,43048.75,467,Emergency,2022-02-11,Paracetamol,Normal
danIEl wilKerSon,69,Male,A+,Hypertension,2020-12-20,Bryan Morgan,Group Oliver,UnitedHealthcare,44185.89,256,Elective,2021-01-08,Ibuprofen,Inconclusive
alexIS mILlER,81,Male,A-,Asthma,2021-04-11,Erica Roberts,Holloway Ltd,Aetna,42378.66,301,Urgent,2021-04-17,Penicillin,Inconclusive
BryaN EdwaRds,52,Male,A-,Asthma,2021-04-23,Sherry Ryan,and Melendez Sons,Blue Cross,33240.25,393,Emergency,2021-05-13,Lipitor,Inconclusive
MAuRiCE frazier,29,Male,A+,Diabetes,2019-07-12,Martha Thompson,Bennett PLC,Aetna,26919.82,495,Urgent,2019-07-13,Lipitor,Normal
gArrEtT MCgEE,59,Female,O-,Hypertension,2022-09-21,Daniel Harris,"Acevedo, Jordan and Diaz",Blue Cross,23316.69,167,Urgent,2022-10-13,Aspirin,Abnormal
REgiNA figUERoA,38,Male,O+,Obesity,2020-07-24,Keith Patton,"and Kim, Cox Pearson",Cigna,17160.52,189,Emergency,2020-07-31,Lipitor,Normal
MEgHaN bell,64,Male,A+,Asthma,2022-11-20,Charles Ramirez,Pham-Evans,UnitedHealthcare,285.97,163,Urgent,2022-11-28,Lipitor,Normal
MASOn DaVis,52,Male,B+,Hypertension,2021-10-05,Teresa Colon,Meadows-Thornton,Aetna,4612.46,338,Emergency,2021-10-11,Lipitor,Normal
PeteR siMmONS,68,Female,B+,Asthma,2020-04-14,Michael Henry,"Thompson Eaton, Smith and",Medicare,19759.9,206,Urgent,2020-04-15,Penicillin,Abnormal
RObIN NElsoN,61,Female,A-,Arthritis,2022-12-29,Edwin Watkins,"Walters Phillips and Snow,",Cigna,13331.16,386,Elective,2023-01-22,Paracetamol,Inconclusive
AlEJaNDro HAwkInS,76,Female,B+,Arthritis,2019-10-24,Kenneth Alexander,Garrett-Edwards,Cigna,12621.12,240,Elective,2019-11-22,Lipitor,Normal
MicHAEl GrAY,80,Male,A-,Diabetes,2022-01-22,Jeffery Perez,"Sanchez Miller Wood, and",Aetna,22644.48,281,Urgent,2022-01-27,Paracetamol,Normal
JonAThAN RYAN,24,Male,AB-,Asthma,2020-12-27,Sara Johnson,"Perkins, Harris and White",Aetna,46106.23,275,Emergency,2021-01-24,Ibuprofen,Inconclusive
CORY WillIAmS,57,Female,O+,Diabetes,2024-03-16,Joshua Matthews,Parker-Newton,Blue Cross,29793.31,248,Urgent,2024-04-12,Aspirin,Inconclusive
aShleY DELgadO,27,Male,A+,Arthritis,2021-11-21,Lawrence Huang,"Scott Smith Ross, and",UnitedHealthcare,15246.23,484,Urgent,2021-12-15,Lipitor,Abnormal
ChrIsTINE dIAZ,23,Female,AB+,Hypertension,2020-11-14,Daniel Gonzalez,"Lara Malone, Snow and",Cigna,11733.21,279,Urgent,2020-11-19,Aspirin,Abnormal
liSA wiLsoN,72,Male,B-,Hypertension,2021-11-19,James Mendoza,James Inc,Blue Cross,50575.31,281,Elective,2021-11-26,Aspirin,Inconclusive
AshLeY HOuSe,22,Male,A+,Cancer,2020-11-23,Eric Soto,"Cherry, and Lawson Wells",Cigna,30660.31,134,Urgent,2020-12-07,Penicillin,Abnormal
AMy sCHWartZ,43,Female,AB-,Hypertension,2019-12-28,Angela Payne,Cannon-Sanchez,UnitedHealthcare,30171.01,490,Emergency,2020-01-05,Paracetamol,Inconclusive
JOhN WHeELeR,44,Male,O+,Diabetes,2020-06-25,Desiree Jenkins,"Smith, Lowe Valenzuela and",Medicare,19163.39,470,Elective,2020-07-01,Paracetamol,Abnormal
marc RUiZ,37,Male,O+,Cancer,2020-12-29,Cassidy Cooper,Higgins Group,Blue Cross,34184.05,374,Elective,2021-01-03,Ibuprofen,Normal
ZAcHaRy colE,57,Male,B-,Cancer,2019-06-02,Richard Campos,Bryant-Ball,Aetna,49702.34,216,Elective,2019-06-30,Paracetamol,Abnormal
shErI ZaMORa,85,Male,A+,Arthritis,2024-03-07,Rebecca West,"Davis Wood Kemp, and",Aetna,16075.01,181,Elective,2024-04-02,Penicillin,Inconclusive
clAyTON tHoRNtOn,24,Female,O-,Obesity,2021-11-19,Robert Butler,Lewis-Brown,Medicare,4794.16,376,Urgent,2021-12-13,Lipitor,Abnormal
amY BrOWn,77,Male,A-,Hypertension,2023-11-09,Ashley Allen,Waters Group,UnitedHealthcare,13770.46,381,Urgent,2023-11-21,Lipitor,Abnormal
PattY NeLsON,77,Female,B-,Cancer,2019-12-26,John Clark,Jones-Clay,Cigna,23088.51,285,Emergency,2020-01-11,Penicillin,Abnormal
joSePh PAGe,59,Male,O-,Arthritis,2020-03-02,Travis Foster,"Johnson and Cruz Gentry,",Cigna,46404.82,212,Elective,2020-03-11,Lipitor,Inconclusive
stephANIe cOLlInS,28,Male,B-,Cancer,2021-03-29,Sylvia Richmond,Group Dodson,Medicare,39258.98,377,Emergency,2021-04-20,Penicillin,Normal
cheRYL FIsHeR,48,Male,B-,Diabetes,2020-03-25,Ashley Conley,Edwards-Skinner,Medicare,15854.22,442,Urgent,2020-04-09,Penicillin,Abnormal
MARy JOHNsOn,53,Male,B-,Obesity,2019-09-20,Peter Singleton,PLC Brown,Blue Cross,31101.36,130,Emergency,2019-09-28,Paracetamol,Abnormal
cHRiSTIAN rhoDES,75,Female,B-,Asthma,2019-10-10,Michael Barron,"Ramos Clark and Blair,",Blue Cross,13349.03,453,Emergency,2019-10-28,Penicillin,Abnormal
megaN yU dVM,84,Female,A-,Obesity,2022-05-04,Mary Riley,Dillon Ltd,Blue Cross,21300.46,253,Urgent,2022-05-23,Paracetamol,Inconclusive
EDWard kEnNEdY,64,Female,A-,Diabetes,2020-05-09,Christie Gordon,"Carrillo Watkins and Carter,",Cigna,1611.49,252,Urgent,2020-05-22,Aspirin,Normal
CHRiStIAn BROWn,70,Male,O+,Asthma,2020-10-10,Zachary Miller,Curtis-Conway,Cigna,5135.02,324,Elective,2020-10-14,Paracetamol,Inconclusive
MAttHew lee,69,Male,A+,Asthma,2022-02-12,Michael Garcia,Inc Patterson,Cigna,21185.94,110,Elective,2022-03-05,Paracetamol,Inconclusive
JOseph CAmpBEll md,36,Male,A+,Asthma,2021-01-17,Mrs. Julie Benton DDS,"and Stout, Berg Sampson",Cigna,27902.0,411,Emergency,2021-01-22,Penicillin,Normal
BroOkE MILler,70,Female,B-,Asthma,2020-03-08,Patricia Benton,"Bowen Ortiz and Garrett,",Blue Cross,21810.82,173,Elective,2020-03-14,Lipitor,Inconclusive
NICHole paRRiSH,57,Male,A+,Asthma,2024-01-17,Jonathan Mayer,Wheeler-Gonzalez,Blue Cross,13787.76,288,Emergency,2024-01-27,Paracetamol,Inconclusive
jAmeS RoAch,20,Male,A+,Obesity,2021-12-07,Tanya Reed,Meyers Inc,Blue Cross,9034.26,440,Emergency,2021-12-13,Ibuprofen,Inconclusive
jeSSiCA ferGUSON,63,Male,A-,Cancer,2022-05-25,Paige Roach,"Ho, and Hill Bates",Blue Cross,27420.62,338,Urgent,2022-06-01,Penicillin,Abnormal
aShlEY ranGEl,43,Female,AB-,Cancer,2021-03-07,Stephanie Wolf,LLC Lucas,Blue Cross,45812.96,216,Elective,2021-04-05,Paracetamol,Abnormal
LAwrENCe BRidGES,55,Male,O-,Arthritis,2023-06-21,Christopher Smith,Ltd Golden,Blue Cross,23268.58,365,Urgent,2023-07-18,Lipitor,Normal
KIM wEst md,74,Male,B+,Asthma,2022-07-01,Theresa Taylor,Oneill PLC,Aetna,15935.25,323,Emergency,2022-07-24,Ibuprofen,Normal
cHrISTiAn reYNoLDS,44,Female,A+,Obesity,2023-11-27,George Knight MD,Joyce Ltd,UnitedHealthcare,47121.93,393,Urgent,2023-12-16,Aspirin,Normal
mattHew hOWard,52,Female,A+,Arthritis,2023-06-28,Kathy Smith,"Gutierrez and Williamson Schmitt,",Cigna,8401.68,248,Urgent,2023-07-10,Lipitor,Inconclusive
miCHAEl RaMirEz,65,Female,B+,Asthma,2024-01-05,Amanda Leonard,Ltd Bullock,Cigna,7542.47,239,Urgent,2024-01-30,Penicillin,Abnormal
JohN WaSHIngTON,78,Male,B+,Hypertension,2019-12-25,Nicole White,"Vega Merritt, Jenkins and",Cigna,33548.94,214,Elective,2020-01-14,Lipitor,Normal
meLIssA daViS MD,23,Male,B-,Arthritis,2020-07-04,Anthony Powell,Garrison Sons and,Medicare,38445.7,471,Urgent,2020-08-03,Aspirin,Normal
karEn CLArKe,24,Male,O+,Diabetes,2023-02-28,Michael Bennett,"Anderson and Nichols, Arias",Aetna,42298.53,174,Urgent,2023-03-22,Paracetamol,Inconclusive
chelsea RObInson,78,Female,O-,Diabetes,2019-05-23,David Murray,Sons and Bryan,UnitedHealthcare,43980.34,457,Urgent,2019-06-06,Penicillin,Normal
JOsEph sHEPherd,40,Male,O-,Diabetes,2019-11-26,Brittany Green,Smith-Cooke,Aetna,14032.67,299,Urgent,2019-11-30,Aspirin,Inconclusive
lISA COlEman,49,Female,B+,Cancer,2023-10-10,Rachel Garcia,Keith LLC,UnitedHealthcare,23914.73,356,Urgent,2023-11-08,Aspirin,Inconclusive
ANthoNY jONEs,64,Male,O+,Cancer,2020-07-25,John Morris,Inc Meyer,Medicare,43010.45,112,Elective,2020-08-02,Penicillin,Abnormal
BRIaN mCCLuRE,42,Female,A+,Diabetes,2022-01-24,Matthew Roach,Hartman-Erickson,Blue Cross,24927.53,441,Emergency,2022-02-01,Paracetamol,Normal
leAh paLMer,69,Male,A-,Arthritis,2020-06-03,Sean Carter,Parker-Ramsey,UnitedHealthcare,4868.96,140,Elective,2020-06-11,Lipitor,Inconclusive
EricA SHelToN,81,Male,A-,Cancer,2022-06-23,Jeffrey Howard,"Martin Long, and Travis",UnitedHealthcare,32125.6,123,Elective,2022-07-09,Aspirin,Abnormal
chERYL CANnon,44,Female,A-,Hypertension,2023-07-09,Megan Ward,PLC Floyd,UnitedHealthcare,30724.15,127,Elective,2023-07-30,Ibuprofen,Inconclusive
sTaCIE mIlleR,63,Male,AB+,Hypertension,2019-07-11,Earl Castillo,"Horton Orozco Kirby, and",Aetna,42257.58,371,Elective,2019-07-16,Penicillin,Abnormal
ANDreW johNSon,33,Male,O-,Diabetes,2023-11-27,Eric Jones,Jones-Hess,Medicare,17363.36,289,Elective,2023-12-16,Ibuprofen,Inconclusive
AleXANDer wALtERs,56,Male,A-,Arthritis,2021-04-02,Jason Miller,"and Brown, Johnson Miller",Aetna,7627.26,365,Elective,2021-04-20,Penicillin,Normal
KRYsTal HamPTON,51,Male,AB-,Hypertension,2020-05-24,Ms. Alexa Jones,"Moody, Johnson and Collins",UnitedHealthcare,6268.77,431,Urgent,2020-06-20,Paracetamol,Inconclusive
mARy WarrEn,38,Male,A-,Obesity,2021-03-16,Jonathan Summers,PLC Larson,UnitedHealthcare,21808.82,236,Elective,2021-04-09,Aspirin,Inconclusive
eRIKA pACHEcO,22,Male,A-,Cancer,2022-12-09,Robin Wilson,Inc Chapman,UnitedHealthcare,11835.42,320,Emergency,2022-12-27,Ibuprofen,Normal
jeSSIcA GONZalEZ,26,Female,A+,Hypertension,2023-12-27,Stephanie Sims,"and Mathews, Williams Mcdowell",Blue Cross,48004.49,142,Emergency,2024-01-22,Penicillin,Abnormal
TaylOR sMITh,31,Male,O-,Asthma,2022-06-19,Tara Carter,Warren Inc,Cigna,7413.58,497,Elective,2022-07-06,Penicillin,Inconclusive
sTepHANiE BEArD,41,Male,O+,Obesity,2020-10-08,Sonia Williams,LLC Williams,UnitedHealthcare,25214.0,226,Emergency,2020-11-02,Ibuprofen,Inconclusive
roberT torREs,25,Male,A-,Obesity,2024-03-12,Daniel Cervantes,"Allen and Duncan Wright,",Cigna,32530.97,247,Urgent,2024-03-13,Paracetamol,Normal
LaURA HErNaNDez,65,Male,AB-,Asthma,2021-10-25,James Williams,"Baker, and Brown Carroll",UnitedHealthcare,23638.59,392,Elective,2021-11-03,Aspirin,Normal
jaMeS goRDON,78,Male,A-,Cancer,2022-04-22,Mallory Rogers,Inc Becker,Cigna,38379.83,164,Emergency,2022-05-17,Paracetamol,Inconclusive
aNToNiO cOLLins,52,Male,AB-,Hypertension,2020-02-10,Carla Harris,Dixon Sons and,UnitedHealthcare,22683.84,314,Emergency,2020-03-11,Paracetamol,Abnormal
peTEr PhElPs,49,Female,B+,Asthma,2019-12-21,Jessica Sparks,Serrano-Ramirez,Blue Cross,14149.98,257,Emergency,2020-01-05,Aspirin,Inconclusive
SaRAh vAZQuez,43,Female,A-,Diabetes,2021-10-18,Dr. Kyle Anderson MD,Ruiz-Fox,Medicare,37777.11,496,Urgent,2021-11-12,Penicillin,Inconclusive
joE STewarT,79,Female,A-,Cancer,2022-06-16,Victoria Horton,"Bolton, and Gonzalez Turner",UnitedHealthcare,29232.99,108,Emergency,2022-06-26,Penicillin,Abnormal
mARY dUnlap,52,Male,B+,Hypertension,2022-06-30,Robert Jensen,"Hernandez, Parks and Moore",UnitedHealthcare,32144.7,227,Emergency,2022-07-05,Aspirin,Abnormal
mathEW dRaKE,36,Female,AB+,Obesity,2021-11-04,Jeffrey Davis,"Gallegos Rodriguez, Bush and",Blue Cross,19566.88,147,Urgent,2021-11-27,Aspirin,Inconclusive
KImBerLy peTeRSON,35,Female,O-,Hypertension,2019-12-06,Melissa Dixon,"Rodriguez, and Hernandez Villegas",UnitedHealthcare,29080.46,302,Emergency,2019-12-09,Lipitor,Normal
chrIsTOPher HernAnDEZ,21,Female,O-,Asthma,2022-02-16,Christopher Davis,"and Fuller, Morrow Turner",Cigna,39208.75,273,Emergency,2022-02-19,Penicillin,Inconclusive
keNneTh rIChardsoN,52,Male,AB+,Diabetes,2020-01-11,Patricia Foster,Hoover Group,Medicare,47941.93,427,Urgent,2020-01-29,Penicillin,Inconclusive
liSa ShermAn,47,Female,AB-,Arthritis,2019-12-25,Julie Stevenson,Holloway-Hamilton,Cigna,29023.91,165,Emergency,2019-12-27,Penicillin,Inconclusive
doNNA Cabrera,39,Female,AB-,Cancer,2020-11-21,Mr. Jay Wright,"and Bennett White, Patterson",Aetna,25938.97,230,Emergency,2020-12-13,Penicillin,Inconclusive
mIcHElLE anDERSON,20,Female,A-,Obesity,2021-10-08,Jeremy Kramer,Williams Ltd,UnitedHealthcare,15201.15,427,Emergency,2021-10-22,Penicillin,Normal
MICHAel smITh,36,Male,A+,Hypertension,2022-12-01,Amy Castillo,Wilson-Bryant,Aetna,15265.38,474,Elective,2022-12-03,Lipitor,Abnormal
WEndy sMiTH,85,Male,AB-,Obesity,2019-07-16,Stephanie Gibson,Group Clarke,UnitedHealthcare,18527.05,436,Emergency,2019-08-05,Paracetamol,Normal
henry LAnE,69,Male,B+,Arthritis,2024-02-17,Julie Hill,"Caldwell Snyder, Smith and",Medicare,21419.27,466,Elective,2024-03-13,Penicillin,Inconclusive
shANnoN ADAMs,65,Male,B-,Obesity,2020-10-11,Evan Ferguson,Ltd Brown,Medicare,24525.75,381,Urgent,2020-11-07,Penicillin,Abnormal
JErRY dUNCAN,58,Female,AB+,Hypertension,2019-05-27,Jennifer Dunn,Weaver Inc,Medicare,17575.93,411,Urgent,2019-06-12,Penicillin,Normal
MeGHAn fLOREs,61,Male,B+,Cancer,2023-04-06,Bethany Green,"Esparza Mitchell, and Gamble",Aetna,7671.83,333,Emergency,2023-04-29,Lipitor,Abnormal
julIE bROOkS,72,Female,AB+,Arthritis,2020-02-10,Linda Jefferson,"Wilson, and Jones Barry",Medicare,34656.3,446,Emergency,2020-03-02,Aspirin,Abnormal
bARbara jACkSON,44,Female,O+,Hypertension,2023-08-03,Amanda Spencer,Hood-Morgan,Cigna,18604.11,121,Emergency,2023-08-14,Aspirin,Abnormal
kATHerINe King,63,Female,O+,Cancer,2022-02-10,Isaac Ellison,Burgess-Hanna,Cigna,23159.88,138,Urgent,2022-02-11,Ibuprofen,Inconclusive
NiColE WaTSon,57,Male,B+,Obesity,2022-07-16,Sharon Nelson,"Callahan, and Horton Kramer",Cigna,41630.55,350,Urgent,2022-08-12,Ibuprofen,Normal
KIMBErly COwAN,66,Male,AB-,Asthma,2019-05-28,Julie Duke,Bryant-Johns,UnitedHealthcare,47275.4,242,Emergency,2019-06-27,Paracetamol,Normal
mAtTHeW CRaIg,28,Male,A-,Asthma,2022-01-05,Mary Lewis,Carter Group,UnitedHealthcare,15687.97,124,Elective,2022-01-23,Paracetamol,Abnormal
BRYAn EVanS,82,Male,A+,Cancer,2019-12-30,John Bailey,"Ryan Jones Wallace, and",Blue Cross,48012.02,119,Emergency,2020-01-17,Lipitor,Abnormal
MELissA HilL,68,Male,A-,Obesity,2021-08-09,Theresa Howard,Thomas Group,UnitedHealthcare,23443.41,214,Elective,2021-08-21,Aspirin,Abnormal
laurA pERez,43,Female,B+,Asthma,2020-07-12,Dawn Olson,"and Duran Garza Cruz,",Cigna,911.99,321,Elective,2020-07-19,Penicillin,Normal
MicHaEL sTewart,61,Female,AB+,Asthma,2020-10-04,Justin Shah,Ellis-Noble,Medicare,30873.93,281,Elective,2020-10-08,Paracetamol,Inconclusive
jAMEs rICh,78,Female,O-,Hypertension,2023-02-28,Donna Robinson,Scott-Davies,Aetna,33844.29,287,Emergency,2023-03-07,Aspirin,Inconclusive
KeLLY lEWiS,41,Female,O+,Arthritis,2020-01-08,Jonathan Cabrera,LLC Brooks,Medicare,45239.21,135,Elective,2020-01-23,Aspirin,Abnormal
marTIn YatEs,59,Female,AB+,Hypertension,2023-07-28,Mark Rosales,PLC Landry,Cigna,48181.58,304,Emergency,2023-08-23,Paracetamol,Abnormal
MarcIA ZaMOra,75,Female,B+,Obesity,2020-02-18,Valerie Smith,Turner-Parker,Blue Cross,34212.39,317,Elective,2020-02-25,Aspirin,Inconclusive
TIMOTHY BeLL,18,Male,O+,Hypertension,2021-02-27,Monique Hays,Ruiz-Wilson,Aetna,25822.47,102,Emergency,2021-03-26,Penicillin,Abnormal
JOSE WilSOn,76,Male,AB+,Diabetes,2021-05-22,Austin Fisher,Stanley PLC,Blue Cross,25073.52,484,Elective,2021-06-14,Lipitor,Abnormal
StEPhanIE BAKEr,42,Male,AB+,Arthritis,2022-11-12,William Lozano,Mathis-Scott,Medicare,4392.48,192,Emergency,2022-12-09,Aspirin,Inconclusive
cHEyenNe baILEY,24,Male,A+,Asthma,2021-12-05,Amy Williams,Rodriguez and Sons,Medicare,36959.64,234,Elective,2021-12-22,Aspirin,Inconclusive
angEL dyeR,84,Male,A+,Hypertension,2019-07-27,Alisha Williamson,"Mcfarland Lewis, and Price",UnitedHealthcare,24824.74,490,Elective,2019-07-28,Paracetamol,Inconclusive
wiLliam LEe,27,Female,O+,Arthritis,2020-01-31,Lauren Montgomery,Winters-Simon,Cigna,46229.43,153,Elective,2020-02-13,Lipitor,Normal
DEbOraH kENNEDy,20,Male,O-,Asthma,2024-01-31,John Lopez,Ltd Saunders,Medicare,11228.64,321,Elective,2024-02-16,Lipitor,Inconclusive
brittaNY JAcKsoN,37,Female,B+,Asthma,2022-10-24,Leslie Wright,Smith-King,Cigna,44031.4,110,Elective,2022-10-27,Paracetamol,Abnormal
Eric FranK,68,Female,A-,Arthritis,2021-05-19,Mr. Caleb Young,Mccormick-Barnes,Cigna,15413.67,358,Emergency,2021-06-17,Paracetamol,Inconclusive
RyaN aNDerson,37,Female,AB+,Diabetes,2021-03-05,Wendy Gill,Frost Inc,Aetna,36918.16,151,Emergency,2021-03-30,Paracetamol,Normal
amANDa jOHnSoN,81,Male,AB+,Hypertension,2019-06-01,Janet Ellis,Diaz Sons and,Cigna,47076.02,291,Urgent,2019-06-27,Paracetamol,Inconclusive
robERT MacIaS,24,Male,O+,Obesity,2020-01-13,Denise Cain,"and Hall, Webb Meza",Cigna,33588.81,454,Elective,2020-01-25,Paracetamol,Inconclusive
KARI oweNS,36,Male,O-,Cancer,2019-08-23,Nicole Leach,Rhodes-Brown,Aetna,46776.5,185,Elective,2019-09-11,Penicillin,Abnormal
tRaVis wellS,21,Male,B+,Obesity,2023-04-20,Melissa Stevenson,"Moore, Baker Thomas and",Medicare,37088.9,268,Urgent,2023-04-27,Paracetamol,Normal
bRANdy cannOn,30,Male,AB+,Asthma,2019-08-24,Douglas Edwards,Ltd Brown,Cigna,39420.13,449,Emergency,2019-09-13,Ibuprofen,Inconclusive
WilLIaM schMIdT,29,Female,A-,Cancer,2020-08-29,Stephen Atkinson,"Smith, Chavez Berg and",Medicare,32552.42,186,Emergency,2020-09-14,Ibuprofen,Abnormal
wILLiaM RIVAs,55,Female,B-,Cancer,2020-07-06,Ronald Mcmillan,"Wilson, and Delgado Nelson",Medicare,49921.85,461,Urgent,2020-07-30,Ibuprofen,Abnormal
James HaMILtON,54,Female,AB-,Cancer,2022-03-13,Samantha Arnold,King Ltd,Blue Cross,50651.76,224,Urgent,2022-03-17,Aspirin,Normal
micHAEL RoMan,82,Female,O-,Hypertension,2021-03-07,Jon Rivera,Group Bullock,Medicare,24896.65,469,Elective,2021-03-26,Ibuprofen,Normal
MITchElL DavIs,27,Female,O+,Obesity,2023-03-08,Angela Wallace,Johnson-Gonzalez,Cigna,39181.36,349,Emergency,2023-03-30,Paracetamol,Abnormal
jESsica RoBeRTs,23,Male,O-,Arthritis,2020-10-28,Holly Grimes,Inc Morgan,UnitedHealthcare,23999.79,455,Elective,2020-11-06,Penicillin,Inconclusive
JEaNne JoNes,65,Female,O-,Diabetes,2021-11-02,Matthew Gardner,"Lewis Smith, Hill and",Cigna,8447.5,326,Elective,2021-11-07,Ibuprofen,Inconclusive
BretT solOmoN,61,Male,O+,Hypertension,2022-12-05,Trevor Huff,Archer-Powers,UnitedHealthcare,12786.96,174,Elective,2022-12-11,Lipitor,Normal
DonALd lUCAS,84,Male,A-,Obesity,2019-10-19,Richard Donaldson,"and Berg Molina Dennis,",Cigna,45637.28,296,Urgent,2019-11-14,Aspirin,Abnormal
loRi AndeRsOn,34,Female,AB-,Cancer,2024-03-02,Jamie Duarte,"Schneider, Olson Rodriguez and",Cigna,7340.31,326,Elective,2024-03-24,Aspirin,Normal
HEAthEr coOK,24,Female,O-,Diabetes,2021-11-07,Joseph Goodwin,"Harper, and Hahn Williams",UnitedHealthcare,3595.94,193,Elective,2021-11-14,Paracetamol,Abnormal
STEVeN cole,44,Male,AB+,Obesity,2022-06-01,Taylor Black,"Cox Lang and Palmer,",Aetna,38907.15,162,Urgent,2022-06-02,Penicillin,Normal
JOshUA TAyloR,44,Female,A+,Diabetes,2021-01-01,Danielle Myers,Barnes-Cardenas,UnitedHealthcare,19069.92,169,Urgent,2021-01-27,Paracetamol,Normal
KAthy jOHNsoN,27,Male,B+,Diabetes,2020-09-05,Jose Holloway,"Butler and Bowman Martin,",UnitedHealthcare,30173.32,310,Elective,2020-09-23,Paracetamol,Normal
eRIc tHomAs,73,Female,B-,Asthma,2021-02-25,Tamara Doyle,"Nelson and Davis, Sutton",Medicare,39587.57,147,Urgent,2021-02-27,Aspirin,Inconclusive
PAuLa VaSquEz,35,Female,A-,Hypertension,2021-01-12,Ricardo Martinez,Rowland-Barry,Medicare,41504.3,182,Elective,2021-02-08,Paracetamol,Abnormal
EmILy wilkiNS,39,Female,B-,Cancer,2023-04-15,Frances Contreras,"Jordan, Robles and Montgomery",Aetna,3021.3,245,Emergency,2023-05-15,Lipitor,Abnormal
STEPhanIe bLaCk,76,Female,A+,Cancer,2020-09-14,Anthony Perez,Mays-Crawford,Blue Cross,4594.42,444,Emergency,2020-09-25,Penicillin,Normal
RONNIe RiCE,23,Male,O+,Hypertension,2021-02-20,Christina Newman,May-Morgan,UnitedHealthcare,48693.7,153,Emergency,2021-02-26,Ibuprofen,Inconclusive
dAVid LeE,24,Female,O-,Cancer,2019-10-08,Jacqueline Brock,Inc Freeman,Aetna,18980.22,423,Urgent,2019-10-19,Aspirin,Abnormal
morgAn rUSSo,45,Female,A+,Asthma,2022-11-13,Ryan Obrien,LLC Harvey,Cigna,28599.97,149,Emergency,2022-11-17,Lipitor,Normal
ANDrea ShePheRd,20,Male,A-,Cancer,2023-07-26,Holly Houston,Hill Inc,Cigna,8762.44,217,Urgent,2023-08-24,Ibuprofen,Inconclusive
MAXWelL bRENnan,38,Female,B+,Arthritis,2023-09-26,Justin Molina,Group King,UnitedHealthcare,20347.36,174,Elective,2023-10-14,Paracetamol,Abnormal
yVETTe KeLLeY,82,Male,B-,Cancer,2019-07-07,Heather Miller,Group Acosta,Aetna,9074.81,264,Urgent,2019-07-24,Lipitor,Inconclusive
tOdd eVANS,69,Female,AB+,Hypertension,2021-11-18,John Fuller,Bowman-Jackson,Blue Cross,47391.62,289,Elective,2021-12-01,Penicillin,Abnormal
hEATHEr coNNeR,56,Male,B+,Obesity,2023-04-15,Debbie Lane,Smith-Weiss,Medicare,36332.99,288,Urgent,2023-05-10,Paracetamol,Inconclusive
DoNAld wILLIAMS,38,Female,O+,Obesity,2021-07-16,Mitchell Lopez,"Jackson and Walker, Torres",Aetna,41456.71,212,Elective,2021-07-29,Ibuprofen,Inconclusive
ChRisTOpheR EricksON,80,Male,AB-,Cancer,2021-03-24,Kenneth Mitchell,"Collins and Farmer Zamora,",Medicare,49757.92,453,Elective,2021-03-30,Lipitor,Abnormal
gLENDa COLliNs,68,Female,AB+,Arthritis,2023-04-05,Janet Hall,Ramirez-Taylor,Blue Cross,36322.77,381,Urgent,2023-04-28,Lipitor,Inconclusive
dOUgLaS marTINeZ,18,Male,O-,Hypertension,2020-04-08,Melanie Anderson,PLC Watkins,UnitedHealthcare,5938.38,443,Emergency,2020-04-26,Lipitor,Normal
tErri wOlfe,66,Female,AB+,Cancer,2019-07-16,Kelly Oliver,"and Wright, Jones Sanders",Medicare,45637.12,260,Elective,2019-08-08,Lipitor,Inconclusive
DanIeL oSBoRnE,66,Male,A+,Arthritis,2021-09-16,Angela Murphy,"Simmons and Beasley, Brennan",Cigna,47025.6,330,Urgent,2021-10-14,Aspirin,Inconclusive
AnDRew wILkErSOn,49,Male,A+,Hypertension,2021-03-03,Carmen Huerta,Davis-Erickson,Medicare,12294.77,101,Elective,2021-04-02,Aspirin,Normal
AshLEY pATel,32,Female,A-,Diabetes,2023-10-30,Vanessa Jones,"Rodgers and Johnson Shaw,",Blue Cross,11704.96,381,Urgent,2023-11-15,Paracetamol,Abnormal
luke AGUirre,66,Male,AB+,Hypertension,2019-07-16,Jill Holmes,PLC Miller,Medicare,34108.86,376,Elective,2019-08-07,Ibuprofen,Abnormal
JoSePh DIxON,43,Male,B+,Hypertension,2022-05-12,Paul Vang,"Martinez, Lewis Mack and",Aetna,44872.59,364,Urgent,2022-06-06,Lipitor,Normal
MATthEw frazIER,34,Male,AB+,Cancer,2023-08-16,Victoria Porter,"Cook and Miller, Dunlap",Medicare,34592.14,198,Emergency,2023-09-08,Paracetamol,Normal
liSA Owens,37,Male,A-,Arthritis,2020-07-28,James Gill,Bailey-Leach,Cigna,11572.07,499,Urgent,2020-08-01,Paracetamol,Inconclusive
HEAthEr pALMER,66,Female,O+,Obesity,2020-10-18,Mark English,Williams-Russell,Medicare,12447.79,139,Urgent,2020-10-20,Lipitor,Inconclusive
ANDRew RuIZ,43,Male,B-,Obesity,2020-04-27,Christine Grant,"Wilson Lynch, Castro and",Cigna,5438.98,452,Emergency,2020-05-18,Lipitor,Abnormal
pAtRiCiA CoX,25,Male,AB+,Obesity,2022-03-30,Terri Klein,"Miller Taylor and Davis,",Medicare,47157.46,231,Elective,2022-04-26,Aspirin,Abnormal
DEnNiS DavIS,61,Male,A-,Asthma,2022-12-02,Mr. Luke Haley,"Tran, Gibson Rodriguez and",Aetna,40701.92,295,Elective,2023-01-01,Ibuprofen,Inconclusive
sARa MarTINez,35,Female,B+,Obesity,2020-03-24,Amy Rivers,"Larson, and Blankenship Nguyen",Cigna,10599.23,344,Emergency,2020-04-10,Aspirin,Normal
ann stEwaRT,75,Male,O+,Arthritis,2021-08-22,Adam Wilson,Lambert-Lane,Blue Cross,11279.58,245,Emergency,2021-09-01,Ibuprofen,Inconclusive
hEcToR RIch,45,Male,O-,Hypertension,2022-06-04,Amy Cruz,Mejia-Haney,Medicare,38122.78,102,Emergency,2022-06-26,Ibuprofen,Inconclusive
STEPhEn Tapia,20,Male,AB+,Diabetes,2024-02-22,John Cox,"Morgan, Lewis Collins and",Aetna,49186.57,493,Urgent,2024-03-20,Aspirin,Abnormal
MAry cARTeR,64,Male,B-,Hypertension,2020-04-14,Andrew Peters,Johnson-Ingram,UnitedHealthcare,42487.51,274,Elective,2020-05-06,Penicillin,Inconclusive
saMuel JohnsOn,59,Male,B+,Hypertension,2020-01-21,Antonio Hamilton,Travis-Davis,Medicare,13411.58,186,Emergency,2020-02-11,Aspirin,Normal
BRidgEt wIlkINs,40,Female,O-,Arthritis,2019-12-20,Elizabeth Bennett,"Schultz Gutierrez, Nunez and",Aetna,24605.21,242,Urgent,2020-01-06,Paracetamol,Inconclusive
cHERYL BeCker,69,Male,AB-,Asthma,2023-08-13,Todd Solomon,Garcia PLC,UnitedHealthcare,36239.86,405,Emergency,2023-08-24,Ibuprofen,Inconclusive
hoLlY mcCOrMiCK,79,Male,O+,Obesity,2022-12-23,Chelsea Hampton,"King, and Mitchell Vega",Aetna,18506.4,345,Elective,2022-12-28,Aspirin,Inconclusive
tERRY OwEnS,18,Male,O+,Arthritis,2024-03-13,Jonathan Hernandez,Ltd Mccarthy,UnitedHealthcare,1786.84,442,Emergency,2024-03-29,Penicillin,Normal
JEssE FIshER,44,Male,A+,Asthma,2022-02-24,Anthony Wright,"and Hill Taylor Lee,",Cigna,24066.69,343,Urgent,2022-03-13,Ibuprofen,Inconclusive
susan Smith,40,Female,AB+,Arthritis,2023-09-13,Angela Foster,Roberts-Gomez,Medicare,12368.59,303,Emergency,2023-09-15,Aspirin,Inconclusive
RYan dIlloN,71,Female,B+,Diabetes,2021-08-30,Michelle Bradley,Thomas-Reed,Cigna,49512.17,103,Elective,2021-09-26,Paracetamol,Normal
BarrY vAsquEz,44,Female,O+,Hypertension,2020-11-22,Donna Simpson,Group Martin,UnitedHealthcare,17964.57,366,Elective,2020-12-05,Aspirin,Abnormal
JaMes barRY,39,Female,O+,Hypertension,2023-06-16,Jason Dixon,Castillo-Phillips,UnitedHealthcare,2474.9,104,Elective,2023-06-21,Lipitor,Normal
katIE DAUgHeRty,41,Male,B-,Arthritis,2022-03-11,Timothy Long,"Mathis, Robertson and Davis",Blue Cross,10734.63,485,Elective,2022-03-20,Aspirin,Abnormal
SONia GrEENe,55,Female,O-,Asthma,2020-12-03,Carolyn Mcgrath,Benson PLC,Medicare,18508.72,129,Urgent,2021-01-01,Penicillin,Abnormal
ADaM leE,58,Male,A+,Asthma,2021-11-25,Dr. Gary Anderson,"Smith Coffey and Finley,",Aetna,20514.44,335,Elective,2021-12-11,Aspirin,Inconclusive
AMBeR mArKs,82,Female,B-,Cancer,2021-07-17,Susan Miller,Choi-Murphy,Cigna,38994.17,480,Emergency,2021-08-12,Paracetamol,Inconclusive
TeRESa joHnson,85,Male,AB+,Arthritis,2020-03-21,Richard Stevens,Watson-Cross,Medicare,42585.97,202,Emergency,2020-04-16,Penicillin,Normal
sAmAnTHa bROWNINg,21,Female,B-,Diabetes,2022-04-23,Isaac Coleman,Weeks LLC,Aetna,34652.8,188,Urgent,2022-05-14,Ibuprofen,Abnormal
Alex GiBBS,49,Male,B+,Arthritis,2022-03-04,Jacqueline Smith,Everett-Lawson,UnitedHealthcare,40350.19,355,Elective,2022-03-24,Penicillin,Abnormal
keVIn REYes,58,Female,O+,Diabetes,2023-12-26,Kyle Mueller,"and Bowman Ingram Oconnor,",Cigna,10467.19,411,Elective,2023-12-29,Ibuprofen,Normal
JESsIcA BENneTt,57,Female,AB+,Asthma,2020-05-13,Cynthia Kelly,Walsh-Ramos,Blue Cross,28683.61,245,Emergency,2020-06-11,Aspirin,Abnormal
chrIsTiNA sELLERs,42,Male,AB+,Cancer,2019-08-20,Cassidy Donaldson,Group Johnson,Medicare,27793.04,440,Emergency,2019-09-10,Ibuprofen,Abnormal
ROBert WILSOn,42,Female,AB-,Arthritis,2022-07-22,Samuel Walters,Jensen PLC,UnitedHealthcare,2949.93,248,Elective,2022-08-19,Ibuprofen,Abnormal
cAsEy bIrD,69,Male,B-,Hypertension,2022-07-20,Ryan Murray,Martin Group,Medicare,41492.7,113,Emergency,2022-07-28,Paracetamol,Abnormal
kArEN mCKNight,40,Female,B-,Cancer,2021-03-17,Veronica Morris,Steele LLC,UnitedHealthcare,5340.29,235,Urgent,2021-04-12,Penicillin,Normal
aNtHonY WrIGHT,51,Female,AB-,Cancer,2020-12-21,Kelly Aguirre,"Rodriguez Duarte Warren, and",UnitedHealthcare,46268.37,439,Emergency,2021-01-01,Aspirin,Normal
amY STepHenS,23,Female,B-,Cancer,2020-02-04,Kristen Mcpherson,Sanchez-Spencer,UnitedHealthcare,50204.73,166,Emergency,2020-02-23,Paracetamol,Normal
lisa joneS,60,Female,O-,Cancer,2019-07-23,Adam Santiago,Inc Gonzales,Medicare,1573.26,261,Elective,2019-08-22,Lipitor,Normal
emilY jenNingS,79,Male,A+,Arthritis,2019-07-09,Rebecca Cook,"Fernandez Hunter and Brooks,",UnitedHealthcare,49755.98,490,Urgent,2019-07-23,Paracetamol,Normal
jASoN SHiELDs,41,Male,B-,Arthritis,2019-11-26,Megan Manning,"and Perkins, Bell Carrillo",Medicare,16083.54,346,Emergency,2019-12-18,Paracetamol,Normal
AARON HicKS,76,Female,A+,Arthritis,2022-03-02,Michael Butler,"Rasmussen Patrick and Newman,",Cigna,10584.19,187,Elective,2022-03-15,Lipitor,Inconclusive
JASon weaVer,57,Male,A-,Diabetes,2023-06-11,Alicia Howell,Morris-Oconnell,UnitedHealthcare,2306.02,339,Urgent,2023-06-23,Penicillin,Normal
Bruce EVAns,82,Female,B+,Arthritis,2019-10-13,Daniel Smith,Baker-Krause,Blue Cross,41891.25,287,Elective,2019-11-07,Lipitor,Inconclusive
BriDGET wilSOn,23,Female,O-,Hypertension,2022-05-02,Holly Waters,"Humphrey, and Chapman Jones",Aetna,24747.54,295,Emergency,2022-05-05,Lipitor,Inconclusive
mIchAEl ROBERTsOn,36,Female,A-,Hypertension,2024-03-07,Amanda Lyons,Pierce-Navarro,UnitedHealthcare,40075.91,483,Urgent,2024-03-29,Ibuprofen,Abnormal
dENiSE FUeNTEs,20,Male,O-,Cancer,2019-12-29,William Daugherty,Howard-Sanchez,Medicare,14784.6,114,Urgent,2020-01-17,Paracetamol,Inconclusive
asHleY monTOYa,61,Male,A+,Arthritis,2020-05-09,Felicia Miller,and Gross Sons,Aetna,3089.32,458,Urgent,2020-06-01,Ibuprofen,Inconclusive
SCOTt GiBBS,56,Female,O-,Diabetes,2021-12-25,Jerry Thompson,"Jensen, Sanchez Foley and",Aetna,37864.19,499,Elective,2022-01-08,Aspirin,Normal
sHANnoN RAsMUsSEN,42,Male,B+,Cancer,2022-04-10,Julie Petersen,"and Hines Gibson, Fritz",Cigna,28906.81,268,Elective,2022-04-25,Lipitor,Inconclusive
joHN LUNa,64,Male,O-,Arthritis,2019-09-24,Mr. Bryan Rivera DVM,Gordon-Ward,Cigna,20193.8,165,Emergency,2019-10-18,Penicillin,Normal
kRySTal JOhnsoN,67,Female,B-,Obesity,2022-04-07,Andrea Wood,"and Ramirez Robinson, Parsons",Aetna,33156.63,159,Emergency,2022-04-17,Aspirin,Abnormal
RosE hAlL,80,Male,AB-,Diabetes,2020-04-22,Barbara Perez,"Martin Oconnor, and Smith",Blue Cross,36776.02,338,Elective,2020-04-23,Ibuprofen,Abnormal
kAthRYN BARnEs,45,Female,A-,Asthma,2023-06-24,Michael Myers,"Foster and Hall, Melton",Aetna,45952.02,223,Elective,2023-07-09,Penicillin,Abnormal
JAMeS WEBsTEr,64,Female,O+,Hypertension,2022-10-21,Lisa West,Lane LLC,Blue Cross,13883.25,488,Urgent,2022-11-08,Paracetamol,Abnormal
JenNifEr wAsHINgton,84,Female,A+,Diabetes,2020-02-21,Heather Johnson,Norman PLC,UnitedHealthcare,35318.77,143,Emergency,2020-03-17,Aspirin,Abnormal
roBerT PHAM,31,Female,B-,Arthritis,2023-12-06,Pamela Morton,"Vance Powell Myers, and",Cigna,21803.1,481,Urgent,2023-12-28,Penicillin,Normal
rYan oWeNS,63,Male,O+,Obesity,2020-03-08,Michael Singh,"Navarro Waters, and Humphrey",Medicare,45432.78,301,Emergency,2020-03-28,Penicillin,Abnormal
mORgAn biRd,44,Male,O+,Arthritis,2021-07-02,David James,"Vasquez Hart, and Ruiz",Aetna,43159.41,237,Emergency,2021-07-17,Lipitor,Normal
TiMOtHy Heath,80,Male,O+,Obesity,2019-07-29,Jenna Johnson,Schroeder-Hicks,Cigna,44630.21,478,Urgent,2019-08-25,Paracetamol,Inconclusive
mr. wIlLIam baRNES jr.,47,Male,A-,Diabetes,2021-07-05,Robert Taylor,"Luna and Howard, Moore",Cigna,33411.16,406,Urgent,2021-07-11,Penicillin,Abnormal
jOhn larSon,28,Male,O-,Cancer,2021-02-14,Kathleen Jones,Reed-Nelson,Aetna,35313.31,355,Emergency,2021-03-16,Paracetamol,Normal
feRnANdO penA,80,Female,O+,Obesity,2021-10-12,Maria Thomas,Nixon-Taylor,Medicare,39098.31,399,Emergency,2021-11-04,Aspirin,Abnormal
DAViD SAnDErs,30,Female,B+,Arthritis,2020-10-28,Robert Parker,Pena-Golden,Cigna,37149.07,218,Emergency,2020-10-31,Lipitor,Inconclusive
BREtT CrUZ,73,Female,AB+,Diabetes,2020-08-08,Megan Spencer,Johnson-Cantrell,Aetna,35676.6,404,Urgent,2020-08-30,Aspirin,Abnormal
pATRIcia NeWTON,34,Female,B+,Asthma,2020-03-22,Tiffany Poole,Inc Vasquez,Aetna,33851.05,227,Emergency,2020-03-30,Aspirin,Inconclusive
cHRisTiNA nELSon,79,Male,B+,Asthma,2021-09-17,Anthony Foster,"Miles Torres, Jefferson and",Cigna,29602.66,397,Urgent,2021-10-10,Penicillin,Inconclusive
JiLl gIll,40,Male,B-,Arthritis,2021-08-27,Veronica Lynch,"Parks Young, Simmons and",Cigna,2049.05,491,Urgent,2021-09-04,Ibuprofen,Inconclusive
AmbER tHomPsON,48,Female,AB+,Cancer,2020-11-21,Jeffrey Douglas,"Gardner and Brown, Johnson",Aetna,17966.88,153,Urgent,2020-11-24,Penicillin,Inconclusive
JOnathaN WeAvEr,33,Female,A+,Cancer,2020-01-13,Sarah Kim,"Duncan Taylor Dean, and",Aetna,42998.21,240,Urgent,2020-02-07,Aspirin,Abnormal
janeT DoylE,81,Female,AB+,Hypertension,2021-06-11,Johnny Crawford,Price-Fischer,Medicare,35655.59,239,Elective,2021-06-28,Ibuprofen,Inconclusive
jENnIfEr MitcHelL MD,53,Male,A-,Arthritis,2022-05-01,Tony Clements,Peters-Warner,Aetna,8051.29,161,Urgent,2022-05-11,Aspirin,Normal
lauRA rivAs,62,Female,B+,Asthma,2023-12-06,Wesley Whitaker,"Gomez Dillon Knight, and",Blue Cross,26653.71,409,Emergency,2023-12-22,Paracetamol,Inconclusive
rEgiNA benNETT,24,Male,AB+,Obesity,2023-01-25,Frank Farley,"Weeks Bailey, Lester and",UnitedHealthcare,28181.04,397,Urgent,2023-02-05,Penicillin,Normal
jESsiCa WILsOn,65,Female,O-,Asthma,2022-03-13,Mr. Corey Byrd,Barnes LLC,Medicare,1136.32,360,Elective,2022-04-01,Lipitor,Abnormal
SHAwn GArDnEr,68,Female,AB+,Asthma,2022-12-21,Audrey Zimmerman DDS,"and Gordon Patterson, Swanson",Blue Cross,13444.11,438,Elective,2023-01-02,Aspirin,Inconclusive
ChriStOpHER aLVarEZ,67,Male,B+,Cancer,2019-10-20,Kelly Grimes,Andrews-Woods,Medicare,33694.08,433,Elective,2019-11-08,Lipitor,Normal
REgInALd aLExaNdeR,60,Male,B-,Arthritis,2023-06-12,Kerri Freeman,"and Greer Hall Harrison,",Medicare,16985.49,151,Elective,2023-06-27,Aspirin,Inconclusive
EMILy rHoDES,53,Male,A+,Cancer,2022-11-08,Cody Gibbs,Group Ford,Cigna,39624.97,204,Elective,2022-11-12,Paracetamol,Inconclusive
dAwN GraNt,55,Female,B+,Asthma,2021-11-14,Todd Faulkner,"Davis and Livingston, Allen",Blue Cross,44421.35,426,Emergency,2021-12-06,Ibuprofen,Abnormal
AnTHONY mArtinEz,68,Female,O-,Obesity,2022-11-09,Deborah Mann,Reyes-Murphy,Medicare,9451.76,441,Elective,2022-11-20,Penicillin,Abnormal
kathERInE SALiNAS,29,Male,AB-,Hypertension,2023-03-14,Emily Simmons,"Nunez, Hicks and Gibbs",Cigna,24105.36,242,Elective,2023-03-29,Ibuprofen,Normal
CiNdY PerEZ,19,Female,O+,Asthma,2021-03-22,Jenna York,Jackson-Phelps,Cigna,26365.08,152,Emergency,2021-04-20,Penicillin,Inconclusive
tYler BUrton,69,Male,AB-,Arthritis,2020-06-11,Brandon Wright,Heath-Krause,UnitedHealthcare,34061.78,258,Emergency,2020-07-04,Aspirin,Normal
DANIEl RamirEZ,36,Female,A+,Cancer,2019-07-21,Justin Freeman,LLC Wolfe,Cigna,40866.77,302,Elective,2019-07-24,Aspirin,Normal
AUSTIn ellIs,48,Female,A-,Cancer,2022-07-01,Tina Aguirre,Lee-Wallace,Aetna,44624.8,131,Urgent,2022-07-22,Aspirin,Inconclusive
WILlIE cAsEY,72,Male,O+,Obesity,2024-02-25,Robert Stanton,Henry Inc,Cigna,13343.64,185,Emergency,2024-03-03,Paracetamol,Abnormal
CassaNdRa CoLLiNs,45,Female,B+,Hypertension,2023-06-24,Samantha Dominguez,Group Lewis,UnitedHealthcare,9765.5,346,Elective,2023-07-02,Ibuprofen,Normal
duSTin trUjilLO,85,Male,B+,Arthritis,2021-01-15,Lee Castro,Coffey Group,Aetna,33833.55,113,Urgent,2021-01-27,Aspirin,Inconclusive
cHristopHer tHomas,67,Female,B+,Hypertension,2020-05-08,Jason Hall,"Lane Kennedy, and Mccoy",Blue Cross,36119.93,409,Elective,2020-05-27,Lipitor,Abnormal
joSe thOmas,71,Female,B+,Cancer,2020-08-09,Angela Sosa,"Turner Fernandez, and Herman",Blue Cross,41187.63,270,Emergency,2020-09-03,Ibuprofen,Abnormal
susAN tHomAs,24,Male,O+,Diabetes,2021-12-13,Joshua Flynn,PLC Phillips,Blue Cross,2325.79,134,Emergency,2021-12-20,Ibuprofen,Abnormal
maRY SaNCHEZ,51,Female,O-,Arthritis,2020-06-24,Victoria Knapp,Johnson-Knight,UnitedHealthcare,3889.25,272,Urgent,2020-07-21,Aspirin,Normal
KEVIn smIth,48,Female,B+,Cancer,2021-02-12,Christopher Humphrey,"Mendez and Rodriguez Thomas,",Cigna,15173.24,400,Urgent,2021-02-13,Paracetamol,Normal
daVID GrEEn,61,Male,O+,Arthritis,2022-02-16,Lance Snyder,White-Graves,UnitedHealthcare,2591.17,151,Elective,2022-02-19,Lipitor,Abnormal
TaMmY dAvis,55,Female,AB-,Diabetes,2022-10-09,April Oliver,"Murphy Richards, Larson and",UnitedHealthcare,36079.0,145,Elective,2022-10-19,Paracetamol,Abnormal
wiLlIAm rIch,18,Male,AB-,Cancer,2022-08-07,Teresa Sexton,Group Keller,UnitedHealthcare,37812.71,122,Emergency,2022-08-21,Penicillin,Inconclusive
SCOtT nObLE,56,Female,O-,Asthma,2020-09-23,Patricia Hoffman,"Kramer Bean, and Lopez",Aetna,36677.88,170,Urgent,2020-10-08,Aspirin,Normal
johN hayES,61,Female,AB+,Arthritis,2024-04-05,Jennifer Schmitt,Peters-Fischer,UnitedHealthcare,42570.22,400,Elective,2024-04-21,Aspirin,Inconclusive
brOoke BROwN,21,Female,A+,Cancer,2022-10-13,Lisa Hansen,Kelly-Mitchell,Cigna,45641.51,194,Elective,2022-10-16,Lipitor,Abnormal
mARy lAwReNce,34,Female,AB-,Asthma,2019-07-12,Tammy West,Perry-Clark,Cigna,43485.84,391,Emergency,2019-07-22,Aspirin,Normal
ALiciA PhiLLIPs,35,Male,B-,Diabetes,2020-08-08,Jessica Gates,Vasquez-Hendricks,Cigna,43695.86,243,Elective,2020-08-26,Lipitor,Normal
CaRL bROwN,47,Male,AB+,Asthma,2024-02-14,John Wright,"Mitchell, Williams Nguyen and",Medicare,26668.1,244,Elective,2024-03-02,Aspirin,Inconclusive
JakE ROMEro,26,Male,AB+,Diabetes,2023-01-10,Ashley Hayes,Mcdaniel-Horton,Medicare,7724.24,486,Emergency,2023-01-14,Penicillin,Inconclusive
SHAWN CLark,26,Female,A-,Obesity,2020-01-19,David Shaw,Jackson Inc,Medicare,41311.53,382,Emergency,2020-01-28,Paracetamol,Normal
LiNda joneS,82,Male,A+,Arthritis,2023-09-01,Jonathan Figueroa,PLC Miller,Medicare,28452.75,330,Urgent,2023-09-23,Lipitor,Inconclusive
TIffanY goNZAlES,35,Male,AB+,Obesity,2024-01-06,Brittney Gardner,"Wilson and Morales Mccormick,",Aetna,4437.83,385,Elective,2024-01-31,Penicillin,Inconclusive
hAROld oLSOn,59,Male,AB-,Hypertension,2022-08-08,Stanley Sanford,Johnson-Morales,Cigna,26798.34,147,Elective,2022-09-06,Paracetamol,Inconclusive
KIMBerLy deLaCRUz,62,Male,B+,Diabetes,2022-10-15,Anthony Hogan,Welch Ltd,Blue Cross,23605.63,132,Emergency,2022-11-11,Lipitor,Normal
jonaThaN blANKeNsHIp,70,Female,O+,Arthritis,2020-12-22,Sarah Williams,Velasquez-Hall,UnitedHealthcare,48762.1,244,Emergency,2021-01-13,Paracetamol,Normal
ThOMAS leE,56,Female,AB-,Asthma,2023-08-28,Krista Sanchez,"Townsend Ramos Hughes, and",Medicare,10366.87,134,Elective,2023-09-02,Paracetamol,Abnormal
sARah mooRe,30,Male,O+,Cancer,2022-09-28,Shawn Morrison DVM,Fox Ltd,UnitedHealthcare,24850.46,262,Urgent,2022-10-07,Lipitor,Inconclusive
ChrIStiAN BROwN,53,Female,B-,Cancer,2020-09-16,Kyle Mcclain,Perez Sons and,Aetna,10339.58,286,Urgent,2020-09-25,Paracetamol,Inconclusive
cHRISToPher keLLy,56,Male,AB+,Diabetes,2020-10-31,Brady Wright,Sanders Inc,UnitedHealthcare,24177.41,218,Emergency,2020-11-06,Aspirin,Normal
TRaVis WaTts,24,Male,B-,Obesity,2019-05-12,Blake Baldwin,Ltd Clark,Aetna,23924.95,473,Emergency,2019-06-05,Ibuprofen,Abnormal
JaSOn RamirEZ,69,Male,A+,Cancer,2019-08-31,Rodney Kirby,Sutton-Reid,Medicare,22748.34,325,Elective,2019-09-11,Penicillin,Inconclusive
traCy HENdRix,41,Female,O-,Arthritis,2021-06-28,Julie Cameron,"Parrish Landry and Chandler,",Blue Cross,11950.28,238,Emergency,2021-07-26,Ibuprofen,Inconclusive
wIlliAm mYerS,77,Male,A-,Hypertension,2020-07-16,Mariah Cook,Chan-Brown,Aetna,3299.48,327,Urgent,2020-08-05,Penicillin,Abnormal
BelINDa ARroyO,19,Male,A-,Arthritis,2020-08-10,Kelly Johnson,"Brown, Wood Nelson and",Medicare,13299.44,240,Emergency,2020-09-06,Ibuprofen,Inconclusive
MegaN BoyD,69,Male,O-,Hypertension,2022-03-29,Edward Chen,Campbell-Hodges,Aetna,1890.81,396,Emergency,2022-04-12,Penicillin,Normal
pETeR MORgAn,42,Female,B+,Arthritis,2021-09-16,Tammy Farmer DDS,"Hall and Faulkner Harris,",Medicare,44114.19,387,Urgent,2021-10-04,Ibuprofen,Inconclusive
sHEllY GAmBLe,80,Female,B-,Diabetes,2020-10-21,Anthony Thompson,Gardner-Walsh,UnitedHealthcare,39232.8,188,Elective,2020-10-31,Penicillin,Inconclusive
MiChAEL BRUCE,61,Female,A+,Arthritis,2019-06-15,Jean Hogan,"Gibbs, and Rodriguez Koch",Blue Cross,50057.83,275,Urgent,2019-07-10,Aspirin,Inconclusive
BrIanNa paRKer,56,Male,O-,Diabetes,2022-08-25,Ryan Campbell,"Bowman, Lee and Avila",UnitedHealthcare,46244.6,389,Urgent,2022-09-04,Lipitor,Inconclusive
EDdie WilSon,77,Female,AB-,Diabetes,2023-06-16,Kimberly Matthews,Strickland-Jackson,Cigna,28683.3,143,Urgent,2023-07-16,Penicillin,Inconclusive
MegaN rObertS,26,Male,B-,Asthma,2022-11-17,Melissa Cunningham,PLC Beck,Blue Cross,29591.64,118,Urgent,2022-12-03,Lipitor,Normal
gaBRieL BROWN,43,Female,O+,Arthritis,2024-01-01,Derrick Cooper,Vega and Sons,Aetna,29873.98,112,Elective,2024-01-27,Penicillin,Inconclusive
CHRisToPhEr cArr,55,Female,A+,Hypertension,2020-12-11,Fred Ewing,"Jackson, and Mitchell Moyer",Cigna,21850.05,479,Urgent,2021-01-01,Aspirin,Abnormal
TRAvIs evANS,31,Female,AB-,Diabetes,2021-01-18,Mr. Cole Cooley DDS,"Silva Grant Wagner, and",Aetna,32765.5,377,Emergency,2021-01-20,Lipitor,Inconclusive
dAvId RicE,28,Male,B+,Obesity,2022-11-20,Ashley Miranda,French-Ramsey,Aetna,17736.3,455,Urgent,2022-12-11,Ibuprofen,Abnormal
BENjAMiN MCgUiRe,19,Female,A-,Obesity,2022-02-15,Denise Hamilton,"and Stephens Sawyer, Collins",UnitedHealthcare,11024.48,407,Urgent,2022-03-08,Lipitor,Inconclusive
cAtHy GoULd mD,33,Female,A-,Asthma,2020-08-06,Roy Richmond,PLC Gray,Aetna,41954.67,479,Emergency,2020-09-05,Aspirin,Normal
aMY rEYNoLds,65,Male,AB-,Arthritis,2021-05-14,Eric Jones,Hayes-Hart,Blue Cross,28781.34,112,Emergency,2021-05-19,Penicillin,Inconclusive
tEREsa PHILlipS,46,Female,AB+,Hypertension,2020-06-25,Kayla Aguilar,"Weaver Wong and Miller,",Aetna,33130.25,295,Urgent,2020-07-06,Paracetamol,Normal
blaKE ORTIz,51,Male,A-,Asthma,2023-03-07,Megan Bennett,and Salazar Sons,Aetna,3220.78,395,Elective,2023-03-17,Paracetamol,Normal
meLissA mOORE,38,Male,O-,Asthma,2021-06-28,Jeffrey Ryan,Woods-Macdonald,Blue Cross,46852.83,261,Emergency,2021-07-09,Lipitor,Abnormal
DamON ReED,42,Male,A-,Arthritis,2019-11-22,Zachary Young,"Perry Michael, Hanna and",UnitedHealthcare,16773.14,109,Urgent,2019-11-25,Penicillin,Abnormal
tom SmITH,37,Male,AB-,Diabetes,2021-01-05,Rebekah Howard,PLC Brown,Aetna,50633.07,484,Urgent,2021-01-21,Paracetamol,Inconclusive
DAn rOBErTs,40,Male,A-,Arthritis,2020-12-03,Michael Mejia,"Nunez Taylor Nguyen, and",UnitedHealthcare,27683.98,393,Urgent,2020-12-12,Aspirin,Inconclusive
jeFFREy FiTZPaTRick,57,Female,O-,Hypertension,2020-10-17,Victoria Allen,Inc Taylor,Aetna,36751.81,494,Elective,2020-11-02,Aspirin,Abnormal
aNDrea SMith,27,Male,A+,Diabetes,2023-04-06,Andrew Grant,Ramos-Brown,Blue Cross,37806.97,241,Emergency,2023-04-19,Paracetamol,Normal
nATalIE GaRRiSoN,63,Female,B+,Hypertension,2021-10-05,Christy Wang,"Maxwell Adams Williams, and",Aetna,24751.87,350,Elective,2021-10-10,Paracetamol,Normal
SAndrA joHnstoN,20,Male,A-,Asthma,2021-04-16,Paul Escobar,Koch-Smith,Aetna,15531.81,467,Emergency,2021-05-02,Ibuprofen,Normal
jasON roDRIGuez,81,Female,B-,Cancer,2020-01-07,Beverly Burns,"Brown, and Barnett Osborn",Medicare,38220.21,114,Emergency,2020-02-04,Ibuprofen,Abnormal
TAmMy jorDAn,53,Female,B-,Obesity,2020-11-04,Amanda Yang,Inc Chen,UnitedHealthcare,29862.17,320,Elective,2020-12-04,Penicillin,Normal
dAniEL TAYLor,27,Female,A+,Diabetes,2020-07-01,Alyssa Bishop,Mitchell-Johnson,UnitedHealthcare,49284.02,354,Emergency,2020-07-07,Aspirin,Normal
caiTLIN MillER,44,Male,A-,Obesity,2019-12-02,Cassandra Lewis,Ltd Beard,Cigna,25907.41,394,Emergency,2020-01-01,Lipitor,Inconclusive
JuLiA wANg,18,Female,B-,Arthritis,2023-12-17,Adam Chapman,"Thomas and Baker Smith,",Medicare,4459.29,398,Emergency,2023-12-21,Ibuprofen,Inconclusive
KAREN THoMAs,80,Female,B-,Diabetes,2022-03-20,Cheryl Randall,Ltd Hutchinson,Blue Cross,26517.12,333,Emergency,2022-03-29,Paracetamol,Inconclusive
angElA BOYD,27,Female,O-,Obesity,2021-07-21,Patrick Gallagher,Chang-Myers,Blue Cross,17811.55,267,Elective,2021-08-19,Paracetamol,Abnormal
rayMonD Smith JR.,40,Male,B+,Cancer,2021-04-13,David Johnson,Marks LLC,Medicare,17755.74,113,Elective,2021-04-22,Lipitor,Inconclusive
rEbEcCA EsCOBAr,60,Female,AB-,Asthma,2019-08-02,Michaela Vargas,Gillespie-Edwards,Cigna,43535.09,376,Emergency,2019-08-23,Ibuprofen,Inconclusive
jOshUA WILcOx,29,Female,AB-,Obesity,2020-05-11,Richard Watts,"and Eaton, Haynes Taylor",Medicare,14249.29,195,Urgent,2020-05-13,Ibuprofen,Inconclusive
mIkE WashINGTOn,54,Female,B-,Asthma,2022-07-14,Patricia Becker,Simmons PLC,Medicare,31439.88,238,Urgent,2022-08-10,Ibuprofen,Abnormal
RyAn CAmPbELL,77,Female,O-,Diabetes,2019-05-19,Melissa Anderson,Group Obrien,Cigna,41792.52,298,Emergency,2019-05-26,Ibuprofen,Normal
VIrgiNiA AyALa,45,Female,O+,Obesity,2020-02-12,Alison Humphrey,"Jackson, Hansen and Greene",Aetna,1633.26,465,Elective,2020-03-01,Lipitor,Abnormal
tiMOtHY rOWe,55,Male,A-,Cancer,2023-06-03,Elizabeth Owen,White-Marshall,Medicare,22407.96,495,Elective,2023-06-26,Ibuprofen,Abnormal
Lisa pOllarD,43,Female,B+,Hypertension,2020-01-23,Monica Thomas,Lawrence Sons and,Medicare,47891.04,191,Elective,2020-02-06,Ibuprofen,Inconclusive
RoBERT LARSOn,84,Male,A+,Obesity,2022-05-10,Kelly Blevins,Smith-Lewis,Cigna,27276.05,288,Elective,2022-05-13,Paracetamol,Inconclusive
kRIsTOPHeR jOnES,33,Female,A+,Obesity,2022-07-05,Jessica Mercer,"and Gonzalez Ford Potter,",Blue Cross,45980.19,402,Emergency,2022-07-10,Lipitor,Normal
aPriL wOODArd,78,Male,B-,Hypertension,2023-08-22,Stephen Bailey,Green-Shannon,Blue Cross,38586.81,446,Urgent,2023-09-12,Lipitor,Abnormal
waRReN dURan,21,Male,AB+,Obesity,2020-09-04,Katherine Mcfarland,Evans-Douglas,UnitedHealthcare,45070.05,333,Urgent,2020-09-30,Aspirin,Normal
dEBbIE SpaRKs,59,Female,AB+,Diabetes,2019-12-22,Courtney Anderson,Sons Thomas and,Cigna,30185.66,168,Emergency,2019-12-31,Penicillin,Inconclusive
eRIC prAtt,63,Male,B-,Hypertension,2020-11-22,Colin Jensen,"Lowe, Booker Holt and",Aetna,3866.13,425,Urgent,2020-12-10,Aspirin,Abnormal
tAMMy hOllOWay,81,Female,A-,Arthritis,2020-03-24,Beverly Whitney,Byrd Ltd,UnitedHealthcare,14896.34,304,Emergency,2020-04-13,Penicillin,Inconclusive
TOni JORdan,24,Male,A+,Asthma,2021-12-24,Keith Gonzalez,Parker-Campbell,Medicare,13535.32,459,Elective,2022-01-15,Penicillin,Inconclusive
chrIstOpheR tHomPSoN,66,Male,B+,Arthritis,2021-01-19,Kathleen Sanders,Coleman Inc,Medicare,48492.88,158,Urgent,2021-02-05,Aspirin,Abnormal
cHeLSEa berRy,39,Female,B+,Cancer,2022-02-26,Rhonda Dennis,Wilson-Harmon,Blue Cross,23726.1,378,Emergency,2022-03-20,Penicillin,Abnormal
JeNniFeR HayNes,34,Female,AB+,Diabetes,2019-09-24,Allen Smith,Black LLC,Cigna,19941.9,392,Urgent,2019-09-25,Penicillin,Inconclusive
JorDAN dRaKE,61,Female,A-,Hypertension,2020-05-08,Katie Prince,Diaz-Huff,Aetna,14092.51,278,Elective,2020-05-15,Paracetamol,Normal
eThan CaSTRo,46,Female,B+,Obesity,2023-09-07,Lauren Hayes,PLC Watkins,UnitedHealthcare,17210.42,419,Emergency,2023-09-24,Paracetamol,Normal
natHaN gonZAlez,64,Female,AB-,Hypertension,2023-10-31,Nicole Chambers,Mason-Taylor,UnitedHealthcare,15947.16,493,Urgent,2023-11-24,Penicillin,Inconclusive
RObIn SmitH,35,Male,B+,Obesity,2022-06-14,Patrick Arias,Walker PLC,Aetna,31948.02,168,Elective,2022-06-22,Paracetamol,Normal
mARk WOOdWARd,32,Male,A-,Cancer,2023-07-19,Jennifer Carpenter,Miller-Wagner,Medicare,46066.22,103,Emergency,2023-07-23,Paracetamol,Normal
kAYla STark,36,Female,AB-,Asthma,2020-06-07,Christopher Russo,Sosa-Buck,UnitedHealthcare,2287.8,332,Urgent,2020-06-09,Paracetamol,Normal
sARAh allen,52,Female,A+,Cancer,2022-09-03,Michael Harris,"Montgomery Cantu, Larson and",Blue Cross,9013.83,347,Emergency,2022-09-22,Penicillin,Inconclusive
mARK BAKER,62,Female,A+,Asthma,2019-10-19,Thomas Kelly,Ltd Roach,Aetna,21851.38,416,Emergency,2019-11-14,Lipitor,Abnormal
mATtHEw GonZALez,44,Female,B-,Diabetes,2021-04-11,Allison Davidson,Greene-Parsons,Medicare,40728.8,319,Urgent,2021-05-10,Lipitor,Abnormal
VaLErie MorrIs,63,Female,A-,Asthma,2020-11-02,Evelyn Boyd,"Estes, Logan and Smith",Aetna,7526.91,189,Elective,2020-11-04,Ibuprofen,Abnormal
SHELiA wIgginS,36,Male,AB-,Arthritis,2023-03-06,Douglas Hanna,Smith-Hill,UnitedHealthcare,21158.75,459,Urgent,2023-03-12,Paracetamol,Normal
kiMbeRLy roDRiGUEZ,28,Male,A-,Asthma,2022-06-08,Anna Graham,"and Singleton Thomas, Wilson",Cigna,25116.24,194,Emergency,2022-07-01,Ibuprofen,Abnormal
Dr. MiChaeL HeSs,37,Female,O-,Obesity,2023-05-13,Elizabeth Rice MD,"Weber, Barrett and Weiss",Medicare,25566.65,282,Elective,2023-05-20,Lipitor,Inconclusive
JacoB MCdANiEL,24,Male,A+,Cancer,2020-09-30,Kenneth Castillo,Keller-Thomas,Medicare,41435.16,169,Elective,2020-10-13,Aspirin,Abnormal
Madison hawKIns,22,Female,B-,Obesity,2023-12-04,Alexander Stewart,"and Lewis, Edwards Harvey",Aetna,33458.01,341,Urgent,2023-12-26,Lipitor,Abnormal
AsHleY PIerCe,73,Male,A+,Asthma,2021-07-15,Leslie Moore,Fuller Group,UnitedHealthcare,8377.35,123,Elective,2021-07-30,Penicillin,Abnormal
JENniFer cAllAHaN,47,Female,O+,Arthritis,2023-08-08,Mary Smith,"Hunter and Kelly, Silva",UnitedHealthcare,44534.35,479,Emergency,2023-09-04,Ibuprofen,Inconclusive
chaD chUng,46,Male,A+,Cancer,2021-11-03,Sonya Kent,Deleon PLC,Cigna,14785.75,257,Elective,2021-12-01,Ibuprofen,Abnormal
STACey SMITH,61,Female,A-,Asthma,2023-08-02,Edward Lyons,Coleman-Rose,Blue Cross,17321.72,268,Elective,2023-08-11,Lipitor,Normal
andre MuElleR,57,Female,A+,Diabetes,2021-09-29,Alan Fletcher,Huffman-Flowers,UnitedHealthcare,7782.74,157,Elective,2021-10-14,Lipitor,Inconclusive
debRA sAnChez,40,Male,O+,Obesity,2022-04-09,Karen Ramirez,"Jones, Wilson and Bradshaw",Cigna,15265.76,106,Emergency,2022-05-09,Ibuprofen,Abnormal
aNTHoNY carROLl,63,Male,AB-,Obesity,2021-05-12,Rebecca Frazier,"Butler Morales, Brown and",Blue Cross,2555.62,384,Elective,2021-06-11,Paracetamol,Normal
cArOlYN GOrDoN,74,Female,A+,Cancer,2019-09-07,Michael Evans,"Davis Bishop, Thomas and",Aetna,34058.67,408,Elective,2019-10-03,Aspirin,Abnormal
ricHard Collins,47,Female,A-,Diabetes,2020-03-23,Jennifer Petersen,Graves-Parker,UnitedHealthcare,8872.24,472,Urgent,2020-04-11,Ibuprofen,Abnormal
VIcTOrIa OrTEGA,54,Female,AB+,Arthritis,2022-12-23,Amy Kelly,"Brennan Scott, and Gonzalez",Medicare,27572.79,103,Elective,2023-01-08,Ibuprofen,Inconclusive
sAvanNAh rOss,28,Female,A+,Diabetes,2022-02-12,Ryan Lee,Luna Sons and,Blue Cross,5540.29,245,Elective,2022-02-21,Penicillin,Inconclusive
EDWArd ZaVALA,54,Female,O-,Arthritis,2019-07-24,Shannon Huang,and Mcneil Sons,Blue Cross,19256.06,249,Urgent,2019-08-05,Paracetamol,Abnormal
ShEIlA dAvis,47,Female,O-,Cancer,2024-01-07,Christopher Gordon,Hernandez-Mendoza,Aetna,48718.85,160,Elective,2024-01-29,Penicillin,Abnormal
Gary MccOrMiCK,62,Male,O+,Asthma,2021-06-28,Rebecca Young,Lewis-Foster,UnitedHealthcare,34302.09,315,Elective,2021-07-08,Aspirin,Inconclusive
NiColE GIbSON,42,Male,AB+,Cancer,2022-09-10,Kevin Calhoun,Baker-Austin,Medicare,9439.91,360,Urgent,2022-09-25,Aspirin,Inconclusive
Jill paTTon,28,Male,B-,Cancer,2019-09-14,Allison Arnold,"Mills and Mejia Williams,",Medicare,25419.73,250,Emergency,2019-09-17,Paracetamol,Abnormal
tHoMas woOD,25,Male,O+,Cancer,2020-06-03,William Carter,Sons and Price,UnitedHealthcare,19636.47,115,Urgent,2020-06-10,Lipitor,Abnormal
aNGEla hoWArD,48,Female,B+,Diabetes,2019-06-13,Timothy Edwards,Austin-Perez,Cigna,47748.69,109,Elective,2019-06-21,Lipitor,Normal
cyNTHIa craIg,31,Male,O-,Arthritis,2021-07-07,Denise Jackson,Walton Ltd,Aetna,45149.92,477,Urgent,2021-07-25,Paracetamol,Abnormal
ALEXAndER peRRY,39,Male,A+,Hypertension,2024-01-24,David Walker,PLC Ball,Cigna,41963.43,498,Elective,2024-02-22,Paracetamol,Inconclusive
meLiSsa ruiz,33,Male,AB-,Arthritis,2021-10-07,Mr. John Coleman,"Beck Dennis Summers, and",Blue Cross,37517.76,200,Elective,2021-10-23,Aspirin,Abnormal
joAnNe McfaRLaNd Md,40,Female,A-,Cancer,2021-05-28,Susan White,"and Newton, Cook Moreno",Blue Cross,40002.88,227,Elective,2021-06-27,Penicillin,Abnormal
cAitlin scOtt,19,Female,A+,Obesity,2023-08-26,Christopher Brown DDS,Garcia-Coleman,Aetna,32275.42,379,Emergency,2023-09-08,Paracetamol,Abnormal
LISa gonZALez,54,Female,O-,Arthritis,2022-06-12,Paul Moore,Carroll PLC,Medicare,15049.95,229,Elective,2022-06-28,Penicillin,Abnormal
JAmES cumMingS,78,Female,AB-,Diabetes,2022-08-26,Elizabeth Johnson,PLC Jackson,UnitedHealthcare,20675.84,142,Elective,2022-09-01,Lipitor,Inconclusive
frANCiS joNEs,33,Female,B+,Obesity,2022-09-11,Andrea West,"Hartman, Page Terry and",Medicare,50438.09,181,Elective,2022-10-05,Aspirin,Abnormal
jaSOn MCCUlLOuGH,63,Male,A+,Diabetes,2023-06-10,Kaitlyn Rogers,"and Hood, Davis Mann",Cigna,30343.23,106,Elective,2023-06-18,Penicillin,Inconclusive
TANya CRUZ,55,Male,AB-,Obesity,2020-02-14,Douglas Norton,Peters-Randolph,Cigna,18635.36,116,Urgent,2020-02-26,Paracetamol,Normal
miChellE Love,24,Male,AB-,Asthma,2020-03-12,James Warren,and Sons Jones,UnitedHealthcare,14184.74,246,Urgent,2020-03-15,Lipitor,Normal
KriStEN DaVIS,39,Female,O-,Cancer,2023-02-15,James Whitney,"and Richards Paul, Fitzpatrick",Medicare,7822.84,370,Urgent,2023-03-09,Ibuprofen,Inconclusive
CArlOs edwardS,73,Male,B-,Hypertension,2022-09-07,Nichole Salas,Vaughn-Williamson,Cigna,38676.19,300,Urgent,2022-09-22,Lipitor,Inconclusive
SaRa bRAdford,67,Male,O+,Obesity,2020-07-06,Jennifer Smith,LLC Jarvis,UnitedHealthcare,42490.03,164,Urgent,2020-07-10,Ibuprofen,Inconclusive
RoBErt robErtS,81,Female,O+,Arthritis,2020-06-14,Kayla Simpson,Shaw LLC,UnitedHealthcare,27645.3,366,Emergency,2020-07-02,Lipitor,Normal
aLAN boWErs,75,Female,A+,Arthritis,2023-05-10,Jimmy Smith,Cooper Group,Blue Cross,4550.24,423,Urgent,2023-05-29,Paracetamol,Abnormal
cOURTneY bRowN,50,Male,B-,Hypertension,2023-04-17,Sean White,"and Ball Aguilar, Norton",Blue Cross,27375.25,210,Elective,2023-04-26,Paracetamol,Normal
AnDrEA waLlaCE,64,Female,O+,Asthma,2019-08-15,Michael Davis,"Cantrell and Armstrong Marshall,",Medicare,28350.04,357,Urgent,2019-08-31,Lipitor,Inconclusive
robert HOlmEs,62,Female,A-,Obesity,2021-04-30,Jason Ortega,Young-Johnson,Aetna,20259.47,303,Elective,2021-05-11,Lipitor,Inconclusive
sAmueL MCcARTY,33,Female,A+,Obesity,2020-04-28,Tracy Martin,Williams LLC,Cigna,39863.04,307,Urgent,2020-05-12,Ibuprofen,Inconclusive
mAttHEw jACksON,26,Male,B-,Diabetes,2020-08-02,Alexandria Cruz,"and James, Buck Alvarez",Medicare,11847.11,394,Urgent,2020-08-08,Penicillin,Abnormal
britTaNy NEWmaN,27,Male,B+,Arthritis,2023-08-14,Alexander Johnson,Mills Sons and,Cigna,21626.6,356,Elective,2023-09-12,Paracetamol,Inconclusive
sTePHeN HiLl,68,Male,B-,Asthma,2019-07-01,Erica Cross,Lamb-Matthews,UnitedHealthcare,13669.19,190,Emergency,2019-07-21,Ibuprofen,Abnormal
rOberT barRera,84,Female,A-,Diabetes,2019-08-28,Edward Hudson,Sons Hawkins and,UnitedHealthcare,47831.41,190,Emergency,2019-08-30,Ibuprofen,Inconclusive
BRIttAnY Jenkins,70,Male,A+,Hypertension,2024-02-11,Amber Scott,"Anderson, Freeman and Whitney",Medicare,31690.68,415,Emergency,2024-02-19,Lipitor,Inconclusive
KeViN cARlsOn,74,Male,A+,Hypertension,2019-07-06,Linda Barr,Atkinson-Patrick,Aetna,32062.16,204,Urgent,2019-07-15,Paracetamol,Normal
AMAnDA bRyant,69,Male,O+,Arthritis,2021-07-15,Jonathan Mclaughlin,"and Lang Frye Bradford,",UnitedHealthcare,49744.99,289,Urgent,2021-08-11,Aspirin,Inconclusive
amBEr jONES,79,Female,B+,Diabetes,2021-01-02,Annette Hall,Macias LLC,Medicare,22591.54,103,Elective,2021-01-13,Penicillin,Abnormal
ALySsa shAnnoN,23,Female,AB+,Arthritis,2020-10-18,Vernon Villarreal,Smith PLC,Medicare,26054.68,343,Elective,2020-11-13,Paracetamol,Normal
kevin jEnKinS,58,Female,AB+,Asthma,2019-11-21,Cindy Smith,Nelson-Collins,Cigna,3091.73,215,Elective,2019-12-15,Aspirin,Abnormal
CHriStiNe BENSOn,34,Female,AB-,Cancer,2024-04-26,Natalie Williams,"Wagner, Graham and Russell",UnitedHealthcare,47989.9,417,Emergency,2024-05-09,Penicillin,Normal
benjamIN jONES,81,Male,B+,Arthritis,2021-02-14,Angela Collins,Mason Group,Cigna,7702.62,135,Emergency,2021-02-23,Aspirin,Inconclusive
dEBoRAh hErRINg,65,Female,A-,Obesity,2021-12-01,Kyle Lamb,"Brooks and Wilkinson Anderson,",Blue Cross,22544.4,169,Urgent,2021-12-17,Lipitor,Inconclusive
ChRiSTiNA NicHolSoN,32,Female,AB-,Asthma,2020-01-07,Adrian Smith,"King and Lee, Hester",Medicare,40242.89,336,Emergency,2020-01-17,Lipitor,Inconclusive
sCOTT JACoBSon,83,Male,A+,Asthma,2022-03-18,Frank Palmer,LLC Ortiz,Medicare,44525.93,374,Emergency,2022-03-20,Paracetamol,Normal
MaRiA HENDersOn,74,Female,O+,Arthritis,2023-06-09,Kristen Arnold,Gonzales Ltd,Aetna,13604.22,438,Emergency,2023-07-03,Ibuprofen,Abnormal
ANdrE WoOds,78,Female,A+,Arthritis,2023-02-21,Sheila Rodgers,Carpenter Ltd,Blue Cross,50089.29,320,Urgent,2023-03-06,Penicillin,Inconclusive
KaRI Rios,55,Female,AB+,Obesity,2020-12-29,Erin Thompson,Hansen-Lindsey,Medicare,46865.63,104,Urgent,2021-01-12,Ibuprofen,Normal
KElLi WEAver,30,Female,B-,Arthritis,2023-05-13,Olivia Schaefer,PLC Cook,Cigna,13657.14,352,Urgent,2023-05-15,Ibuprofen,Abnormal
benJaMin HarT,40,Female,O+,Asthma,2021-11-01,Tyler Jacobson,"Heath, Smith Kennedy and",Blue Cross,24116.82,429,Elective,2021-11-27,Paracetamol,Abnormal
MaTThEw phILLIps,43,Male,O+,Arthritis,2019-08-28,Julie Smith,"and Gardner Frye, Brown",UnitedHealthcare,34825.47,453,Emergency,2019-09-25,Paracetamol,Abnormal
bEvERLY JohNSON,38,Female,O-,Asthma,2019-12-15,Kristen Carroll,Bernard-Taylor,Medicare,39082.1,180,Urgent,2019-12-22,Lipitor,Abnormal
liSA saNdOVAL,54,Male,AB+,Asthma,2019-11-18,Eugene Baker,"Farmer Khan, Bennett and",Aetna,23333.34,404,Emergency,2019-12-05,Penicillin,Normal
chARlES Cole,36,Female,A-,Arthritis,2021-02-12,Michael Sexton,Terrell Inc,Cigna,38808.08,347,Urgent,2021-02-16,Penicillin,Inconclusive
joSeph brOWN,29,Female,A+,Diabetes,2021-07-09,Daniel Weber,Ross-Terrell,Blue Cross,5806.71,411,Elective,2021-07-22,Aspirin,Inconclusive
charLEs SChmIDt,36,Male,AB-,Hypertension,2019-10-19,Tamara Ford,LLC Middleton,UnitedHealthcare,19837.55,387,Urgent,2019-11-09,Penicillin,Normal
DAnIEl FUlLer,48,Female,AB-,Diabetes,2022-12-12,Mr. Joshua Brown,"Mason Ferguson, Walton and",UnitedHealthcare,48521.24,203,Emergency,2022-12-17,Ibuprofen,Inconclusive
MaTtHEw BIShOp,48,Male,O+,Obesity,2020-03-05,Mr. Michael Jordan,LLC Johnson,Blue Cross,6545.16,474,Elective,2020-03-13,Aspirin,Inconclusive
JennIfeR ROdrIguez,46,Female,O-,Arthritis,2020-04-15,David Harrington,"Harrison Wilson and James,",Aetna,44282.99,334,Urgent,2020-04-20,Paracetamol,Normal
Lori HOUsE,56,Female,O+,Diabetes,2023-10-26,Tyler Fox,Rodriguez Group,Aetna,28813.19,184,Urgent,2023-11-09,Lipitor,Normal
maRy marTinEz,57,Female,O+,Arthritis,2021-04-15,Chad Kim,Ramirez PLC,UnitedHealthcare,34892.81,116,Elective,2021-05-04,Aspirin,Abnormal
SCott ParKER,52,Male,B+,Asthma,2020-08-29,Lisa Morris,"Thompson and Price Park,",Cigna,23518.22,126,Emergency,2020-09-11,Penicillin,Abnormal
dArIn DaViS,54,Female,B+,Arthritis,2024-03-19,Taylor Jackson DVM,Griffin-Thomas,Aetna,17464.08,132,Emergency,2024-04-11,Paracetamol,Inconclusive
JEssICA blaCKburn,19,Male,A-,Obesity,2022-04-18,Joshua Brown,Young-Brown,UnitedHealthcare,19376.45,377,Elective,2022-05-03,Penicillin,Normal
CASey ThOMpsoN,54,Male,A-,Asthma,2020-03-18,Gregory Shannon,Waller-Miller,UnitedHealthcare,46234.65,342,Urgent,2020-04-08,Ibuprofen,Normal
lINdsay ORtiZ,64,Female,AB+,Hypertension,2021-02-07,Stephanie Pacheco,"Rodriguez Henderson, and White",UnitedHealthcare,18204.85,467,Elective,2021-02-25,Lipitor,Abnormal
dAnIel DaVIs,62,Male,O-,Diabetes,2024-01-01,Jessica Smith,Davis Group,Aetna,47061.14,368,Emergency,2024-01-08,Penicillin,Inconclusive
miChAEL BoONe,48,Female,A+,Asthma,2020-08-11,Shaun Stafford,Torres-Garrison,Blue Cross,38506.74,139,Urgent,2020-08-28,Lipitor,Abnormal
JoCeLyn LeE,42,Male,B-,Diabetes,2022-01-16,Todd Scott,"and Carter, Copeland Santos",UnitedHealthcare,38537.29,385,Elective,2022-02-05,Penicillin,Abnormal
AnTONIO mARSH,32,Male,A-,Diabetes,2022-04-20,Robert Esparza,LLC Hanson,Cigna,18644.17,239,Emergency,2022-04-30,Aspirin,Abnormal
EmiLy MArTIn,70,Female,B-,Diabetes,2019-05-17,Jared Freeman,Morse-Johnson,UnitedHealthcare,48001.62,405,Emergency,2019-06-09,Ibuprofen,Normal
KATIe aUsTIN,75,Male,AB-,Asthma,2023-06-08,Debra Bowen,Baird-West,Blue Cross,23401.03,104,Urgent,2023-07-03,Penicillin,Normal
eRiN mCCArtHY,53,Female,AB+,Asthma,2024-02-22,John Williams,Cook Ltd,Aetna,36397.27,183,Elective,2024-02-28,Ibuprofen,Normal
bRooke RoSS,18,Male,A+,Obesity,2020-05-20,Arthur Cook,"Thomas and Day, Walker",Aetna,2600.16,393,Emergency,2020-06-06,Ibuprofen,Inconclusive
StEPHAnIE CoOK,78,Female,AB+,Cancer,2023-03-10,Rhonda Marquez,Hall Sons and,UnitedHealthcare,16915.43,155,Urgent,2023-03-27,Paracetamol,Normal
PATRiCIa JoRdaN,34,Male,B+,Asthma,2023-08-11,Victoria Page,Wagner LLC,Aetna,50443.89,185,Urgent,2023-09-08,Penicillin,Inconclusive
JaMIe pErKiNs,52,Female,A-,Hypertension,2021-03-19,William Molina,Wu-Winters,Medicare,5158.33,140,Emergency,2021-04-14,Lipitor,Abnormal
JefFrEy ibarra,80,Male,AB-,Cancer,2023-03-15,Denise Ward,"Monroe, Hernandez and Martinez",UnitedHealthcare,21734.3,371,Urgent,2023-04-04,Aspirin,Normal
kEvIn boWers,34,Male,AB+,Obesity,2021-07-16,Shelly Phillips,Hill-Wong,Blue Cross,9665.98,196,Urgent,2021-08-07,Lipitor,Normal
REbECca lAwSoN,70,Male,A+,Arthritis,2021-07-10,Wendy Welch,Todd-Williams,UnitedHealthcare,39993.14,359,Elective,2021-07-17,Ibuprofen,Abnormal
dEREk davis,36,Female,B-,Arthritis,2024-04-17,Amanda Ortega,Benson PLC,Aetna,20582.11,393,Urgent,2024-05-07,Lipitor,Normal
FRAncis Yang,84,Male,O+,Diabetes,2023-11-12,Jane Johnson,"and King Hicks, Mullins",Blue Cross,24491.46,176,Urgent,2023-12-04,Aspirin,Inconclusive
JoN ClEmeNTs,40,Male,O+,Asthma,2020-03-25,Jamie Hardy,"Schmidt, Lynch Martin and",Blue Cross,22770.71,225,Elective,2020-03-31,Lipitor,Abnormal
donAld mORaLEs,80,Female,A-,Hypertension,2020-01-09,David Cox,"Henderson Ramirez, and Smith",Blue Cross,37581.98,375,Emergency,2020-01-12,Penicillin,Normal
MIChAeL tRavis,33,Female,B-,Arthritis,2022-07-31,Bobby Morrison,Martinez and Sons,Blue Cross,23139.27,430,Emergency,2022-08-15,Ibuprofen,Inconclusive
MiCHael BOYd,69,Female,B+,Diabetes,2022-12-08,Aaron Greer,Lee-Hernandez,Blue Cross,46201.93,235,Elective,2023-01-07,Aspirin,Normal
kimbErlY RIchArDSoN,18,Male,A-,Diabetes,2022-06-27,Erik Jones,PLC Hill,Blue Cross,12239.84,177,Elective,2022-07-05,Lipitor,Abnormal
mrS. megAn RObINsON,51,Female,O-,Diabetes,2023-02-26,Erin Cole,Duncan Group,UnitedHealthcare,18306.85,448,Elective,2023-03-11,Paracetamol,Abnormal
lAUrEN rIlEY,22,Female,O-,Obesity,2020-09-08,Alexander Johnson,"Wells, Schroeder Ramirez and",UnitedHealthcare,32605.53,332,Emergency,2020-09-10,Aspirin,Abnormal
JameS WAlTER,79,Male,A+,Hypertension,2020-05-25,Dawn Campos,Wiggins-Dawson,Cigna,7510.97,359,Elective,2020-06-04,Ibuprofen,Abnormal
StEPHaNIE jacKSoN,69,Female,O-,Obesity,2021-12-17,Gary Lambert,"and Thomas Butler, Crawford",Blue Cross,35445.0,416,Elective,2021-12-23,Penicillin,Normal
RICHArD MoRgAn,36,Female,O-,Hypertension,2021-11-02,Carol Mcdowell,Thomas-Bartlett,Blue Cross,15066.5,214,Urgent,2021-11-06,Ibuprofen,Inconclusive
gEoffrEY BEll,35,Male,O-,Cancer,2022-12-12,Kevin Hall,"Harris and Smith Austin,",Aetna,16053.25,406,Urgent,2022-12-31,Paracetamol,Normal
StEPHEN hUNT,32,Male,O+,Cancer,2022-05-21,Brenda Sullivan,Pierce-King,Cigna,13486.01,176,Urgent,2022-06-02,Aspirin,Inconclusive
Robin yOung dVM,40,Male,B-,Cancer,2021-04-28,Eric Marshall,Gonzalez-Price,Aetna,40262.01,373,Urgent,2021-05-09,Paracetamol,Normal
chRiSty Le,36,Female,A-,Obesity,2021-10-11,Jesse Escobar,Stephens-Williams,Blue Cross,35259.24,191,Urgent,2021-10-23,Aspirin,Abnormal
kenNETH baRroN,39,Female,A+,Obesity,2019-11-18,Kevin Ward,Sons and Taylor,Cigna,8142.8,475,Urgent,2019-12-16,Lipitor,Normal
KelLy pAtTerSON,19,Female,O-,Diabetes,2019-05-09,Patricia Bell,Hall-Thompson,Cigna,33027.89,140,Urgent,2019-05-18,Penicillin,Inconclusive
daVId COmPTOn,63,Female,A-,Diabetes,2019-05-15,Nicole George,"Hale Meyer, Smith and",Medicare,18798.87,146,Urgent,2019-05-17,Ibuprofen,Abnormal
JOSHua GIlmORe,38,Female,O+,Hypertension,2022-03-22,Paul Johnson,Barnes-Sanchez,Cigna,23105.97,218,Urgent,2022-04-12,Aspirin,Abnormal
RoNalD SAlInAS,35,Male,B+,Diabetes,2020-07-28,Becky Torres,Johnson-Levine,Cigna,42713.92,442,Emergency,2020-08-27,Lipitor,Inconclusive
ANtHoNy gilbert,66,Female,B-,Arthritis,2022-05-24,David Hernandez,Ltd Stevenson,Aetna,32498.3,117,Urgent,2022-05-25,Paracetamol,Inconclusive
BriTtAnY WoLF,43,Female,O-,Hypertension,2020-11-04,John Bishop,Group Bryant,Medicare,50011.49,275,Urgent,2020-11-29,Lipitor,Abnormal
LoRi CoheN,54,Female,O-,Diabetes,2023-03-17,Renee Guzman,Gomez-Baldwin,Aetna,49343.19,223,Urgent,2023-04-15,Lipitor,Normal
RIcHArd mURraY,23,Male,B+,Obesity,2022-12-11,Melanie Dunn,Kennedy-Brown,Cigna,870.62,187,Urgent,2022-12-19,Aspirin,Inconclusive
Robert RiCHaRDSon,69,Male,B-,Asthma,2021-11-10,Michael Garner,"Scott and Davis, Gibbs",Cigna,27592.89,255,Emergency,2021-11-14,Aspirin,Abnormal
cHristina CHUNg,73,Male,AB+,Diabetes,2022-08-07,Ryan Warner,Gonzalez-Espinoza,Cigna,30290.44,196,Urgent,2022-09-06,Paracetamol,Normal
TiFFANy cAsE,61,Female,O+,Cancer,2019-11-22,William Hebert,Jones-Washington,Medicare,40536.91,152,Elective,2019-11-24,Aspirin,Inconclusive
JoSePH TUCkER,27,Male,AB-,Cancer,2021-12-05,Carrie Day,Jimenez Inc,Cigna,34122.54,101,Urgent,2021-12-27,Paracetamol,Inconclusive
maRy miLeS,84,Female,AB+,Asthma,2021-03-08,Carly Flynn,and Gibson Sons,Aetna,43413.99,355,Urgent,2021-03-25,Lipitor,Abnormal
RaNDaLl JoHnstOn,34,Female,A+,Obesity,2019-09-02,Daniel Crawford,Parrish-Cooper,Aetna,30430.15,374,Emergency,2019-09-17,Lipitor,Inconclusive
sAMantHA taYlOr,67,Male,A+,Obesity,2023-08-17,Kelli Williamson,"Mcdaniel Dodson Shelton, and",Blue Cross,12865.03,356,Elective,2023-08-30,Lipitor,Abnormal
krIStA TurneR,73,Female,AB+,Arthritis,2021-08-11,Christopher Morgan,Beck-Bell,UnitedHealthcare,31594.46,480,Emergency,2021-08-18,Paracetamol,Normal
Travis wOOD,62,Male,A-,Obesity,2020-04-16,Jose Buckley,Hernandez-Wagner,Cigna,18330.74,178,Urgent,2020-04-18,Penicillin,Inconclusive
DaNieL paTel,20,Male,A+,Diabetes,2021-06-28,Amy Spencer,Mitchell Group,UnitedHealthcare,25136.46,496,Elective,2021-07-10,Paracetamol,Normal
AnToniO Le,38,Male,A-,Cancer,2022-04-01,Tara Martinez,Ltd Wheeler,UnitedHealthcare,14088.07,432,Emergency,2022-04-09,Paracetamol,Abnormal
aSHLEy dOYlE,26,Male,B-,Arthritis,2021-02-25,Ann Gilbert,"Jones, and Roberts Singh",Medicare,42606.46,332,Urgent,2021-03-06,Ibuprofen,Normal
LISA aLLiSON,23,Male,A-,Hypertension,2021-12-09,Frank Caldwell,"Johnson, and Snyder Roberts",Aetna,17329.05,438,Elective,2021-12-12,Paracetamol,Abnormal
PauL schmIDt,44,Male,O+,Asthma,2021-05-26,David Hernandez,Spence-Keller,Cigna,3790.04,188,Elective,2021-06-05,Penicillin,Normal
adam HarvEy,47,Female,A-,Cancer,2020-05-13,Paula Matthews,Sons Hunt and,Aetna,20171.18,209,Emergency,2020-05-21,Aspirin,Normal
chRIS JOrDAn,57,Female,A+,Asthma,2019-07-13,Samantha Gray,"Brady and Payne Diaz,",UnitedHealthcare,26955.12,431,Urgent,2019-07-25,Paracetamol,Abnormal
MarthA smALL,24,Male,A+,Diabetes,2021-04-25,Victoria James,Pope-Cooper,UnitedHealthcare,9271.47,230,Urgent,2021-05-17,Ibuprofen,Abnormal
kaTheRInE mccoy,35,Female,O+,Cancer,2023-09-29,Natasha Black,Wyatt PLC,Aetna,5045.95,270,Elective,2023-10-02,Lipitor,Abnormal
josE rOBERtS,38,Female,AB-,Asthma,2023-04-14,Kristie Evans DVM,"Watkins, and Campbell Keller",Cigna,34780.04,328,Elective,2023-04-22,Penicillin,Normal
JEsSica EdwARDS,34,Male,O-,Diabetes,2021-11-16,Joseph Walters,"Parker and Powers Morton,",Medicare,25874.74,125,Urgent,2021-11-24,Aspirin,Inconclusive
SHAwn WolFE,24,Male,A-,Hypertension,2020-01-30,Barbara Houston,"Cooper and Burgess, Clay",Blue Cross,30815.11,483,Urgent,2020-02-19,Paracetamol,Normal
dEnISe JAMeS,48,Female,B-,Diabetes,2021-03-16,Samantha Branch,Hurst-Lewis,UnitedHealthcare,12392.53,161,Emergency,2021-03-31,Lipitor,Normal
cHelSEy GUtIErRez,82,Male,O-,Arthritis,2021-04-13,Kenneth Blackwell,"Moran and King, Smith",Aetna,9832.5,478,Emergency,2021-04-30,Ibuprofen,Abnormal
KEVIN GUzmAn,47,Female,A+,Obesity,2019-07-30,David Michael,Snow LLC,UnitedHealthcare,21267.52,220,Emergency,2019-08-11,Lipitor,Normal
christopHeR HarRiNgToN,52,Female,B+,Asthma,2020-07-30,Karen Perez,"Lopez, and Wheeler Friedman",Medicare,12495.74,250,Emergency,2020-08-09,Lipitor,Inconclusive
dANielLe dAnielS,61,Male,A+,Cancer,2022-04-26,James Walters,LLC Baker,Blue Cross,28256.24,233,Urgent,2022-05-10,Lipitor,Abnormal
melANIe CaRR,74,Male,B+,Asthma,2021-02-24,Albert Powell,"Fernandez Christensen, and Rivera",Medicare,29033.61,228,Elective,2021-03-20,Ibuprofen,Inconclusive
cyNTHia nElSoN,45,Male,O-,Obesity,2024-03-18,Darren Wilson,LLC Green,Blue Cross,15461.09,365,Urgent,2024-04-14,Aspirin,Normal
dR. ANtHony JoHNSon,68,Female,A-,Cancer,2022-02-02,Lauren Garza,"Acevedo and Lewis Barker,",Aetna,4867.31,389,Urgent,2022-02-22,Ibuprofen,Normal
zaCHArY UndERwOod,20,Female,AB-,Hypertension,2022-01-21,Harold Evans Jr.,LLC Gardner,Blue Cross,42841.72,360,Emergency,2022-01-31,Aspirin,Normal
gRACe MCmIlLAn,20,Male,A-,Hypertension,2022-02-26,Kevin Bullock,Walton-Reynolds,Aetna,14066.71,366,Emergency,2022-03-21,Paracetamol,Inconclusive
mElissa LeaCh,55,Male,O+,Cancer,2023-05-19,Michael Johnson,"Morton Haas Schwartz, and",UnitedHealthcare,17218.91,246,Emergency,2023-06-09,Lipitor,Normal
matTheW aNdErsOn,52,Male,A-,Obesity,2020-02-23,Melvin May,Ford-Morrison,UnitedHealthcare,51271.52,338,Urgent,2020-03-13,Aspirin,Inconclusive
jESSICa hALl,37,Female,A-,Arthritis,2020-03-28,Lauren Parker,Johnson-Wong,Medicare,24558.34,471,Urgent,2020-04-22,Ibuprofen,Inconclusive
ryan RYAn,47,Male,A-,Obesity,2022-02-01,Haley Gray,"Green and Gaines Thompson,",UnitedHealthcare,17366.8,338,Elective,2022-02-18,Aspirin,Inconclusive
leOnard miLLeR,41,Male,O-,Obesity,2024-04-13,Veronica Owens,"Smith and Wallace, Garcia",Medicare,43398.56,435,Elective,2024-05-11,Paracetamol,Normal
maTTheW haRrinGtoN,53,Female,B+,Asthma,2023-05-23,Bryan Wilcox,Willis Ltd,UnitedHealthcare,17578.29,262,Elective,2023-05-26,Lipitor,Normal
Paul ALVaREz,60,Female,A+,Asthma,2024-02-03,Larry Ortiz,"Cook and Tapia Hughes,",Cigna,24108.4,423,Emergency,2024-02-06,Lipitor,Normal
STepHaNiE pARKeR,43,Male,AB+,Cancer,2021-03-09,Kerri Santiago,Roberts-Gonzalez,Cigna,14198.83,179,Elective,2021-04-04,Paracetamol,Inconclusive
jeREMIah rEyES,80,Female,O-,Asthma,2021-05-14,Deanna Shepherd,Mitchell PLC,Aetna,1428.31,235,Elective,2021-05-16,Lipitor,Inconclusive
mRS. CyntHIA BARnes md,43,Female,O-,Arthritis,2021-07-26,James Weaver,Mcneil-Deleon,Blue Cross,31507.38,109,Elective,2021-08-10,Lipitor,Abnormal
GEorGe cOLE,82,Female,A+,Hypertension,2021-01-04,William Lara,"Hicks Moreno Stein, and",Blue Cross,33347.27,243,Elective,2021-01-11,Paracetamol,Inconclusive
mary SHARp,21,Male,A+,Hypertension,2020-05-28,Lisa Foster,Morris-Dixon,Blue Cross,36267.91,241,Emergency,2020-06-18,Lipitor,Inconclusive
debbiE lewis,26,Male,B-,Obesity,2024-05-06,Tonya Hughes,Inc Hamilton,UnitedHealthcare,45260.11,328,Urgent,2024-05-09,Aspirin,Inconclusive
julIE WRiGHt,47,Male,B-,Cancer,2023-02-16,Alexander Stewart,Anderson-Jones,UnitedHealthcare,14503.76,211,Emergency,2023-02-27,Penicillin,Normal
SaraH mItCheLL,72,Female,A+,Hypertension,2021-08-27,Willie Hancock,"Hill, Mann Stevens and",Medicare,26060.28,340,Urgent,2021-08-30,Aspirin,Abnormal
TanYA BRAnch dds,28,Female,A-,Hypertension,2020-09-26,Renee Rogers,Group Wright,Aetna,33145.67,116,Emergency,2020-10-22,Aspirin,Inconclusive
BRiaN tAylOr,81,Male,AB-,Arthritis,2021-07-12,Tara Martin,Maynard LLC,Blue Cross,16118.43,310,Elective,2021-07-16,Lipitor,Normal
nAtaLie joNeS,18,Female,AB-,Obesity,2021-04-19,Nicholas Olson,"Crawford, Robertson and Vance",Cigna,50663.13,224,Elective,2021-05-13,Aspirin,Normal
MaTTheW SiNGLeton,62,Female,O-,Obesity,2021-12-17,Emily Miller,Mills PLC,Cigna,26294.03,256,Emergency,2022-01-08,Aspirin,Normal
gREgoRy bEASlEY,69,Female,A-,Asthma,2023-10-25,Lori Ellis,Martinez-Horton,Aetna,14306.79,384,Urgent,2023-11-09,Ibuprofen,Inconclusive
JEanNe RoSE,55,Male,AB-,Asthma,2020-11-01,Raymond Peck,PLC Kramer,UnitedHealthcare,39482.72,351,Urgent,2020-11-25,Penicillin,Abnormal
amANDa PENa,45,Female,B+,Arthritis,2020-08-16,Heather Manning,PLC Fleming,Blue Cross,13427.68,306,Elective,2020-08-24,Aspirin,Normal
sHELby pagE,35,Male,AB-,Obesity,2021-08-02,Jessica Guerrero,Owen LLC,Aetna,27418.28,115,Urgent,2021-08-24,Aspirin,Abnormal
BriTTaNY WarNEr,66,Female,AB-,Arthritis,2019-11-28,Ryan Howard,Carlson-Hart,Cigna,19872.57,306,Elective,2019-12-27,Ibuprofen,Abnormal
abIgAil mOOre,84,Male,O-,Hypertension,2022-08-13,Jasmine King,Lee Inc,Cigna,38797.73,172,Elective,2022-09-08,Ibuprofen,Inconclusive
BRaNdY CartEr,81,Male,B-,Asthma,2021-05-30,Brandon Perry,Hall Group,UnitedHealthcare,30053.64,291,Elective,2021-06-04,Penicillin,Inconclusive
pEGgy WILliaMS,72,Female,A-,Obesity,2022-08-30,Dr. Mark Rodriguez,"Williams and Gonzalez, Mitchell",Blue Cross,8500.16,411,Elective,2022-09-27,Aspirin,Inconclusive
MIcHaEl phiLLIPS,39,Female,O-,Diabetes,2022-03-08,Amanda Stanton,Durham-Reilly,Blue Cross,48276.45,230,Emergency,2022-03-25,Ibuprofen,Abnormal
craIG AndErSON,84,Male,A+,Obesity,2019-06-16,Catherine Soto,Tran LLC,UnitedHealthcare,3182.16,138,Urgent,2019-07-02,Aspirin,Abnormal
RODNey tRavIS,39,Female,B-,Cancer,2022-03-18,Donna Escobar,Hansen PLC,UnitedHealthcare,36329.88,382,Urgent,2022-03-20,Paracetamol,Inconclusive
alan GIlL,39,Male,B+,Arthritis,2022-08-14,James Brown,Brown-Perkins,Cigna,8640.1,482,Emergency,2022-08-25,Ibuprofen,Normal
MIrANDa benToN,54,Female,A-,Arthritis,2023-05-17,Heidi Johnson,Inc Brown,Aetna,24308.25,367,Elective,2023-05-20,Ibuprofen,Abnormal
gAbriElLE laNE,19,Male,A+,Hypertension,2023-05-23,Joseph Daugherty,Williams-Reed,Cigna,38487.72,260,Emergency,2023-06-07,Aspirin,Inconclusive
james cuEVas,38,Male,O+,Cancer,2019-12-08,Michael Vance PhD,"Harris, Roberts and Carter",Blue Cross,10670.99,370,Emergency,2019-12-20,Penicillin,Abnormal
erIK wIlLiams,40,Male,O-,Asthma,2020-04-22,Diana Leonard,Freeman-Weiss,Blue Cross,30623.94,423,Urgent,2020-05-18,Lipitor,Normal
KaYLa LoPeZ,75,Female,B+,Cancer,2022-08-15,Bryce Figueroa,Ramirez Group,Cigna,33940.21,303,Elective,2022-08-24,Paracetamol,Inconclusive
Craig mCDanIEl,65,Male,AB-,Obesity,2021-03-17,William Houston,"Moore Park and Brown,",Aetna,29567.68,283,Emergency,2021-03-27,Ibuprofen,Inconclusive
John Marshall,22,Male,B+,Arthritis,2023-11-27,Olivia Pierce,Moore LLC,UnitedHealthcare,27263.0,325,Emergency,2023-12-22,Ibuprofen,Inconclusive
tRaViS oBrIen,50,Female,O+,Obesity,2024-02-11,Jennifer Scott,Stone-Clark,Aetna,47476.75,157,Emergency,2024-02-26,Aspirin,Abnormal
braNdOn ClArK,68,Female,AB-,Asthma,2023-05-22,John Huffman,Mckinney-Johnson,Aetna,45503.88,421,Elective,2023-05-24,Aspirin,Inconclusive
saMAnThA IBarrA,29,Female,O-,Hypertension,2024-04-30,Chad Wolf,"and Riley Calderon, Hill",Aetna,5103.11,411,Emergency,2024-05-13,Penicillin,Normal
dEVIN PATEl,51,Male,AB-,Asthma,2020-09-24,Stacey Martin,"and Pruitt Pineda Sanchez,",Aetna,6584.66,466,Elective,2020-10-13,Lipitor,Normal
WAyNE ThoMPsoN,76,Female,AB-,Hypertension,2021-02-15,Adriana Colon,Wood Group,Cigna,8140.82,310,Elective,2021-03-07,Penicillin,Inconclusive
jEnnifeR gONZaLeZ,74,Male,AB+,Asthma,2021-12-18,Spencer Obrien,"Moreno Barrera, Hicks and",UnitedHealthcare,40674.65,257,Urgent,2022-01-01,Penicillin,Normal
PAtrick rIVAs,20,Female,A-,Cancer,2022-10-08,Ernest Mathis,Carrillo-Donaldson,Blue Cross,47978.86,178,Emergency,2022-10-20,Aspirin,Inconclusive
KylE HICKmaN,40,Female,B+,Hypertension,2020-02-17,Matthew Martin,Burns-Townsend,Medicare,43545.04,365,Urgent,2020-03-05,Penicillin,Normal
DoUGLaS smith,62,Male,O-,Arthritis,2022-02-17,Charles Ellis,Evans-Bowers,Blue Cross,33512.19,466,Urgent,2022-03-01,Lipitor,Abnormal
VicKI JaCKsoN,33,Female,B+,Cancer,2020-02-08,Mckenzie Simmons,Adams-Dean,Medicare,20445.47,153,Urgent,2020-03-05,Lipitor,Abnormal
dAnIEL OcONnOR,75,Male,AB+,Diabetes,2022-12-05,John Jones,Brown-Graham,Blue Cross,42014.43,350,Elective,2022-12-16,Aspirin,Normal
bRENda huFfMaN,50,Female,B+,Asthma,2023-01-24,Dr. Mary Hancock,"Cooke Houston Villanueva, and",Medicare,14787.89,122,Elective,2023-02-12,Lipitor,Abnormal
miCHElLE cOoper,18,Female,O+,Asthma,2021-10-29,Jennifer Williams DVM,PLC Daniel,UnitedHealthcare,5424.55,375,Emergency,2021-11-02,Ibuprofen,Normal
cYNthIa HaNsen,73,Male,AB-,Arthritis,2024-01-09,Justin Shields,Schwartz-Mccarty,Medicare,23693.44,213,Urgent,2024-02-06,Penicillin,Abnormal
DiAne ROwLAnd,73,Male,A-,Hypertension,2023-05-04,Thomas Sandoval,White-Alvarez,Medicare,15335.84,269,Emergency,2023-05-22,Ibuprofen,Inconclusive
rANdaLL burTOn,55,Male,A+,Obesity,2020-04-20,Bradley Rodriguez,"Clay, Walker Jones and",Medicare,26959.72,466,Elective,2020-05-15,Lipitor,Inconclusive
troY STEWaRT,82,Female,O+,Obesity,2022-06-19,Joan Steele,Clark Group,UnitedHealthcare,18783.33,159,Urgent,2022-07-02,Paracetamol,Inconclusive
jaMIE THOMas,34,Male,AB+,Hypertension,2023-04-19,Rhonda Moore,Waters-Chapman,Medicare,15046.74,226,Urgent,2023-04-21,Penicillin,Normal
CheRYl HAnson,74,Male,A-,Cancer,2021-10-08,Lisa Fowler,Group Howell,Blue Cross,31702.83,192,Urgent,2021-10-20,Penicillin,Inconclusive
eugENe DavIs,54,Female,A-,Hypertension,2023-01-16,Mark Pierce,Hill-Holden,Cigna,48424.58,226,Emergency,2023-02-15,Paracetamol,Abnormal
SUZaNNe ricHARdsON,34,Female,B+,Arthritis,2020-06-03,Kevin Murray,Henry Sons and,Medicare,46590.6,395,Urgent,2020-06-22,Penicillin,Inconclusive
RIcARdO knoX,74,Male,A+,Hypertension,2021-11-11,Donna Woods,Mueller-Lamb,Medicare,8016.64,144,Emergency,2021-11-16,Aspirin,Normal
david TORReS,80,Female,O-,Diabetes,2023-07-17,Garrett Atkinson,"White Roberts and Simpson,",UnitedHealthcare,21640.51,431,Urgent,2023-08-07,Penicillin,Abnormal
SCOtT johNson,28,Male,AB-,Obesity,2019-10-23,Vanessa Hayes,"Wilson and Brown Arnold,",Cigna,13877.42,123,Emergency,2019-11-05,Aspirin,Abnormal
TiffANY wiGGINS,50,Female,AB-,Hypertension,2021-08-18,Brian Anderson,Bryant-Perez,UnitedHealthcare,28596.39,278,Emergency,2021-09-06,Paracetamol,Inconclusive
KRIsTINA riVeRA,20,Female,O-,Hypertension,2024-02-10,Matthew Lopez,Bryant PLC,UnitedHealthcare,18983.79,486,Elective,2024-02-19,Penicillin,Normal
eLiZabeTh PALmeR,18,Female,O-,Arthritis,2020-06-07,Melissa Howard,Perkins-Austin,UnitedHealthcare,4395.51,105,Elective,2020-06-10,Ibuprofen,Inconclusive
WHITneY WErnEr,85,Male,AB-,Asthma,2020-12-12,Ronald Thomas,Fernandez-Gonzalez,Blue Cross,17455.15,434,Elective,2020-12-24,Paracetamol,Inconclusive
liSa smiTh,20,Female,A-,Asthma,2020-10-16,Thomas Ramos,Sons Ruiz and,Cigna,13250.23,414,Emergency,2020-10-24,Lipitor,Normal
jennifer miller,36,Male,A+,Obesity,2022-03-20,Eric Brooks,Inc Mullen,UnitedHealthcare,42928.7,317,Elective,2022-04-12,Paracetamol,Inconclusive
KenDRa moralES DvM,82,Male,O+,Asthma,2020-12-24,Donna Paul,Diaz LLC,UnitedHealthcare,21788.05,473,Urgent,2021-01-01,Penicillin,Normal
BLAke POwELL,82,Female,B-,Hypertension,2022-06-20,Luke Wilkins DDS,Stanley-Bryant,Medicare,10696.43,187,Emergency,2022-07-17,Ibuprofen,Abnormal
miChelLE rYan,78,Female,A-,Arthritis,2021-01-25,Jasmine Meyer,"French Hull, Cunningham and",Cigna,15538.68,201,Urgent,2021-02-01,Ibuprofen,Abnormal
aNtHONY LAnE,18,Female,A+,Hypertension,2021-11-27,David Robbins,Sons and Allen,Aetna,4778.26,461,Emergency,2021-12-13,Penicillin,Normal
mrS. JeSSica COlLIns mD,82,Female,A+,Asthma,2022-03-19,Zachary Hinton,"Hobbs Skinner Watkins, and",Blue Cross,30771.12,470,Urgent,2022-04-07,Ibuprofen,Inconclusive
BrAnDI mIller,44,Male,A-,Arthritis,2021-04-25,Scott Krause,Shelton-Yang,UnitedHealthcare,15739.88,291,Emergency,2021-05-24,Paracetamol,Abnormal
kRisTin CastRO,62,Female,A-,Arthritis,2019-06-10,Derek Valencia,Diaz PLC,Blue Cross,40169.55,470,Elective,2019-06-17,Paracetamol,Normal
ERIk jAcKson iII,84,Female,O-,Arthritis,2023-06-24,Todd Walsh,Lane-Martinez,Aetna,38679.88,366,Emergency,2023-07-20,Lipitor,Abnormal
CAseY PArks,43,Male,AB-,Obesity,2020-11-21,Ryan Turner,Gonzalez Group,Cigna,7604.79,242,Emergency,2020-11-25,Penicillin,Inconclusive
daNIel gOOdwIN,62,Female,AB+,Diabetes,2024-04-24,Elizabeth Fisher,"Brooks and Ramirez, Jones",Blue Cross,11152.67,460,Elective,2024-05-06,Paracetamol,Abnormal
sAnDRa WILliamS,49,Female,B+,Diabetes,2020-06-09,Carrie Padilla,"Sherman Scott Arellano, and",Cigna,1422.43,104,Emergency,2020-06-29,Ibuprofen,Abnormal
tyler anderSon,33,Male,AB-,Hypertension,2021-06-03,Michael Harper,"Hicks Hancock, and Williams",Medicare,6726.46,288,Urgent,2021-06-10,Paracetamol,Normal
wiLLiAM pARkeR,37,Female,AB-,Diabetes,2020-01-05,Mary Moreno,"Boone Anderson, Williams and",Aetna,25334.43,240,Emergency,2020-01-23,Lipitor,Abnormal
cHRiStOPHER ROSS,46,Male,B+,Obesity,2019-10-13,Dawn Avila,"Lawrence, and Bryant Pollard",Blue Cross,17328.46,112,Emergency,2019-10-23,Ibuprofen,Abnormal
mIChAeL sAliNas,25,Female,A+,Arthritis,2023-01-29,James Hughes,"Perkins and Nelson Ellis,",UnitedHealthcare,31582.17,132,Elective,2023-02-16,Aspirin,Normal
ERic mUrRay,49,Male,AB+,Diabetes,2023-07-15,Deborah Li,"Pacheco and Medina, Aguilar",Blue Cross,7306.74,492,Urgent,2023-08-02,Ibuprofen,Normal
toDD wolF,18,Male,O+,Obesity,2023-01-18,Justin Clark,Gutierrez-Macias,Medicare,47745.4,429,Emergency,2023-02-17,Paracetamol,Inconclusive
KElLy TorrES,47,Female,O-,Obesity,2024-03-21,Cynthia Mcdowell,Sons and Conley,Blue Cross,37394.49,477,Elective,2024-04-10,Lipitor,Normal
aLEXAnDER haRriSON,59,Female,B-,Hypertension,2020-07-22,Ashley Wells,Ltd Smith,Blue Cross,22378.0,153,Urgent,2020-08-05,Ibuprofen,Inconclusive
ANdREw SCott,46,Female,B-,Diabetes,2023-05-14,Rebecca Peck,Kline-Bonilla,UnitedHealthcare,3386.71,331,Elective,2023-06-02,Lipitor,Abnormal
deBra lanE,53,Male,AB+,Cancer,2023-09-28,Emma West,Wang-Flores,Blue Cross,47234.76,287,Urgent,2023-10-16,Aspirin,Inconclusive
JanEt MiRandA,56,Male,A-,Hypertension,2022-01-27,David Donovan,Taylor-Villegas,UnitedHealthcare,23421.01,299,Emergency,2022-02-17,Paracetamol,Inconclusive
RAChaeL joNeS,32,Female,A+,Asthma,2023-05-27,Anna Miller,Gonzales-Ramirez,UnitedHealthcare,44275.2,291,Emergency,2023-06-26,Paracetamol,Inconclusive
aleXaNdRa HARRIs DDS,40,Female,A-,Cancer,2023-01-13,Stuart Lowe,Brown-Sanders,Blue Cross,49756.45,287,Emergency,2023-01-26,Aspirin,Abnormal
tHoMAS BurNs,29,Female,AB+,Diabetes,2020-09-04,David Scott,Tucker Ltd,Cigna,50213.71,438,Elective,2020-09-14,Lipitor,Abnormal
keITh ramireZ,57,Male,B-,Arthritis,2024-02-03,Kathryn Little,"and Goodwin Cruz, Johnson",UnitedHealthcare,12770.28,282,Elective,2024-02-10,Ibuprofen,Inconclusive
DereK cHan,45,Female,O-,Obesity,2020-11-21,Katelyn Aguilar,Kelly-Daniel,Medicare,42080.17,119,Urgent,2020-11-22,Penicillin,Normal
rYaN CAREY,51,Male,B+,Cancer,2023-11-11,Edward Jordan,"Byrd, Jones James and",Medicare,39591.16,488,Elective,2023-12-09,Lipitor,Inconclusive
mICHAeL jimenEZ,22,Male,AB-,Hypertension,2020-01-11,Stephanie Taylor,"Rosario Martinez Cisneros, and",Aetna,21764.22,490,Emergency,2020-02-08,Penicillin,Normal
MATThEW lonG,39,Male,O-,Hypertension,2020-12-20,Trevor Murillo,White PLC,Medicare,49666.68,245,Elective,2021-01-01,Ibuprofen,Inconclusive
MeAGan KINg,60,Female,B+,Hypertension,2023-01-24,Brooke Benton,"and Lewis Terrell Baker,",Cigna,7056.53,214,Emergency,2023-01-28,Lipitor,Normal
KatHy gOnZALEZ,42,Female,B+,Arthritis,2021-06-02,Isaac Smith,Bernard-Jones,Cigna,29950.34,302,Emergency,2021-06-21,Paracetamol,Abnormal
JuLiE vARGas DDS,23,Male,B+,Obesity,2024-02-22,Seth Ball,Rodriguez-Roberts,UnitedHealthcare,12564.46,296,Elective,2024-03-22,Penicillin,Inconclusive
jESSiCa bReWER,79,Female,O-,Cancer,2019-10-29,Jessica Roberson,Powell-Hull,UnitedHealthcare,27843.31,337,Urgent,2019-11-23,Ibuprofen,Inconclusive
rEBEcCa McGraTh,61,Female,AB-,Hypertension,2022-09-21,Steven Smith,Walker Ltd,Blue Cross,32386.7,109,Emergency,2022-10-11,Aspirin,Normal
vicToRiA jOHNsON,32,Female,O-,Cancer,2020-08-14,Steven Jackson,Nelson-Wilkinson,UnitedHealthcare,17194.74,269,Elective,2020-08-29,Paracetamol,Normal
MrS. StePHANie IbaRra,24,Female,O+,Cancer,2024-03-10,Jessica Taylor,"and Wilson Wright, Ryan",UnitedHealthcare,42758.23,162,Elective,2024-03-16,Penicillin,Abnormal
LISa CHEN,38,Male,B-,Hypertension,2022-01-17,Mary Archer,Ltd Gonzalez,Aetna,43963.15,185,Urgent,2022-01-21,Aspirin,Inconclusive
FElICia PrEstOn,19,Female,O+,Cancer,2020-01-19,Mr. Justin Mcdowell,Perry Inc,Aetna,34047.29,128,Emergency,2020-02-04,Penicillin,Normal
mrS. nANcY LOGAn,25,Male,B+,Obesity,2023-02-10,Anthony Kennedy,Butler LLC,Blue Cross,33207.69,110,Emergency,2023-03-11,Aspirin,Abnormal
aNN jOhNson,48,Female,B-,Cancer,2023-10-17,Michele Houston,Harris-Cooke,Aetna,24086.79,266,Elective,2023-10-20,Ibuprofen,Inconclusive
CHrIStIAN poWeRS,79,Female,O+,Diabetes,2022-01-21,Jessica Pollard,Armstrong PLC,Medicare,18610.29,403,Emergency,2022-01-29,Penicillin,Inconclusive
mR. robert pItts,69,Female,AB-,Diabetes,2020-12-15,Steven Obrien,Johnson PLC,Medicare,44979.72,343,Urgent,2020-12-30,Lipitor,Abnormal
DEbRa BrOwN,19,Female,B-,Obesity,2020-07-29,Dakota Donovan,Bradford-Mitchell,Aetna,5543.08,393,Elective,2020-08-28,Paracetamol,Inconclusive
KYLE JOhnSOn,23,Male,O+,Hypertension,2019-09-23,Samantha Lewis,Inc Campbell,Aetna,48695.39,481,Elective,2019-09-24,Ibuprofen,Abnormal
ChaRleS Grant,65,Male,O+,Diabetes,2020-09-27,Robert Miller,Group Cook,Blue Cross,34867.79,246,Emergency,2020-09-29,Ibuprofen,Abnormal
DwayNE DAVis,67,Male,AB+,Diabetes,2019-08-24,Tracy Rogers,Burton-Gregory,Blue Cross,16147.82,295,Elective,2019-09-18,Ibuprofen,Inconclusive
brADlEy HAmILtOn,77,Female,B-,Obesity,2021-11-28,Stephen Rogers,Brown-Dennis,Cigna,43813.6,479,Urgent,2021-12-22,Aspirin,Abnormal
kennEth LOPeZ,72,Female,O-,Diabetes,2022-10-24,Karen Hill,Smith Ltd,Aetna,36913.54,182,Urgent,2022-10-29,Paracetamol,Normal
KATHY JACKSON,77,Male,O-,Arthritis,2020-12-20,Timothy Edwards,"and Roberts Maldonado, Taylor",Aetna,16955.73,444,Urgent,2021-01-15,Ibuprofen,Inconclusive
ADrIAN wOOd,74,Female,O-,Hypertension,2020-07-21,Natalie Murray,LLC Blair,Cigna,18210.49,137,Emergency,2020-08-07,Lipitor,Abnormal
RODney pOtTS,46,Female,O-,Cancer,2020-05-23,Brooke Vincent,Sons and Thomas,UnitedHealthcare,27631.18,276,Elective,2020-06-06,Lipitor,Abnormal
JosHuA BArtoN,29,Male,B+,Hypertension,2021-04-05,William Arnold,Group Mann,Aetna,8552.24,299,Emergency,2021-04-13,Lipitor,Abnormal
JUlIaN MAcDoNAlD,81,Male,B-,Obesity,2023-05-31,Danielle Bell,Cooper-Jones,Aetna,31128.43,318,Elective,2023-06-18,Penicillin,Inconclusive
DaVId AlLEn,21,Female,AB-,Cancer,2020-02-11,Sarah Hart,"and Webster, Martinez Wolfe",Medicare,13574.44,175,Urgent,2020-02-20,Penicillin,Inconclusive
MolLY roSe,81,Female,AB+,Diabetes,2022-03-13,Chelsea Weeks,Shaw-Anderson,Blue Cross,45511.84,110,Urgent,2022-04-06,Lipitor,Normal
JeSSica WeIss,58,Female,B+,Cancer,2023-06-11,David Joyce,Inc Kline,Cigna,44240.51,479,Emergency,2023-06-21,Lipitor,Normal
NIcOlE BrOWN,58,Female,O+,Diabetes,2023-10-03,Ronald Brown,Landry-Mendoza,Cigna,17716.91,221,Urgent,2023-10-25,Lipitor,Normal
MelISsA mCdOnAld,62,Male,B+,Hypertension,2020-11-25,Sarah Wood,Sons Hunt and,Aetna,38524.65,360,Elective,2020-12-14,Paracetamol,Inconclusive
mark BElL,23,Male,AB-,Asthma,2019-12-29,Joseph Phillips,Goodman-Smith,Medicare,4853.94,442,Emergency,2020-01-21,Penicillin,Normal
EliZABetH heRMAn,79,Female,AB-,Asthma,2022-09-26,Paul House,Wagner-Petersen,UnitedHealthcare,27459.95,438,Urgent,2022-10-04,Penicillin,Abnormal
MArilyn McMIlLaN,68,Male,B+,Obesity,2021-12-29,Whitney Oconnor,Anderson and Sons,Medicare,37487.32,318,Elective,2022-01-02,Paracetamol,Inconclusive
jOHN sMiTH,34,Male,A+,Asthma,2021-12-31,Jordan Willis,Lucas PLC,Cigna,28097.3,254,Urgent,2022-01-19,Penicillin,Normal
briana tRevIno,39,Female,AB+,Obesity,2019-06-04,Taylor Williams,"Merritt Frazier, and Mullins",Blue Cross,23101.54,491,Emergency,2019-06-24,Paracetamol,Normal
alBERt huNT,83,Female,AB+,Arthritis,2019-06-20,Felicia Carlson,Anthony-Nelson,Cigna,45625.88,499,Emergency,2019-07-12,Penicillin,Normal
CameRon hIll,79,Male,B-,Cancer,2024-04-10,Charlotte Jones,Chan Ltd,UnitedHealthcare,16422.83,185,Urgent,2024-04-17,Paracetamol,Inconclusive
SavAnNAH joHNSoN,73,Female,B+,Obesity,2022-06-01,Beth Murray,Moore-Vasquez,Medicare,45342.0,200,Urgent,2022-06-11,Aspirin,Inconclusive
DANa FarrELl,56,Female,O+,Asthma,2023-01-29,Rhonda Nichols,"and Riley Compton, Morris",Aetna,37596.3,153,Emergency,2023-02-01,Ibuprofen,Inconclusive
WILliam PArker,19,Female,B-,Cancer,2022-01-30,Barbara Lopez,"and Chang Rollins Perry,",Aetna,23275.58,159,Urgent,2022-02-01,Paracetamol,Abnormal
kiMBErLy CUnNiNgham,61,Male,AB-,Obesity,2020-09-24,Derek Reyes,"Barrera, Lynch and Austin",Blue Cross,41453.87,451,Emergency,2020-10-11,Ibuprofen,Inconclusive
MARCuS lOnG,41,Female,AB+,Hypertension,2023-02-12,Melissa Duncan,"and Mosley, Williams Russell",Aetna,10769.29,177,Urgent,2023-03-02,Penicillin,Inconclusive
BeThaNY GuzMaN,77,Male,AB+,Arthritis,2020-01-18,Mr. Oscar Carter,Rodriguez Inc,UnitedHealthcare,5500.28,490,Elective,2020-02-08,Paracetamol,Inconclusive
dEBOrAh MAcdONaLD,85,Female,O+,Arthritis,2019-09-05,Cathy Swanson,Calderon and Sons,UnitedHealthcare,5153.94,499,Urgent,2019-09-21,Paracetamol,Inconclusive
Dr. aNa gARNER,28,Male,O+,Cancer,2022-11-03,Kathryn Davis,LLC Jensen,UnitedHealthcare,5260.55,115,Elective,2022-11-20,Ibuprofen,Inconclusive
david oLsEN,41,Male,A-,Cancer,2020-10-13,Michael Harris,Russell-Knight,Blue Cross,6850.2,118,Emergency,2020-10-30,Aspirin,Inconclusive
AshlEy gORDon,22,Female,A+,Arthritis,2024-03-07,Donna Miller,"and Jimenez Copeland Franklin,",UnitedHealthcare,28652.46,136,Emergency,2024-03-22,Paracetamol,Inconclusive
kATHLEeN davID,58,Female,AB+,Obesity,2020-06-03,Tracy Flores,Choi-Brown,UnitedHealthcare,15304.85,140,Emergency,2020-06-24,Lipitor,Inconclusive
JILL jACKsOn,43,Male,A+,Asthma,2020-08-31,Lori Perez,"and Cardenas George Gonzalez,",Cigna,37413.85,115,Emergency,2020-09-11,Lipitor,Abnormal
andrEw wilsON,42,Male,A+,Asthma,2019-11-06,Abigail White,"and Burgess Bell, Walker",Medicare,27505.0,276,Urgent,2019-11-26,Aspirin,Abnormal
stepHEn ROdRigueZ,45,Male,O+,Diabetes,2020-08-10,Marcus Gonzales,Nunez Group,Blue Cross,4340.5,424,Elective,2020-08-28,Aspirin,Abnormal
JessICA raNDoLPh,21,Male,A-,Cancer,2022-02-26,Lindsay Hood,"Lewis, and Cole Vasquez",Medicare,2465.97,209,Urgent,2022-03-14,Penicillin,Abnormal
jeFFreY MiLLer,48,Male,A+,Diabetes,2021-01-18,Denise Wright,Wheeler-Walker,Medicare,21276.47,258,Elective,2021-01-25,Penicillin,Abnormal
MAttHEW oLson,45,Male,B-,Diabetes,2022-10-03,Katherine Olson,Reese-Hernandez,Blue Cross,29674.53,387,Urgent,2022-10-04,Paracetamol,Normal
DanA PaTton,23,Male,AB+,Arthritis,2019-08-16,Thomas Jones,Thomas-Williams,UnitedHealthcare,46887.88,405,Urgent,2019-09-14,Paracetamol,Normal
FrEDEriCk booth,53,Male,AB-,Diabetes,2020-10-20,James Montes,Mendoza LLC,Medicare,29760.76,358,Emergency,2020-11-10,Paracetamol,Abnormal
AManDA gArreTT,31,Male,AB-,Arthritis,2023-04-07,Jaime Martinez,Esparza-Bennett,Medicare,33670.6,114,Emergency,2023-05-04,Lipitor,Inconclusive
BonnIe SMITh,58,Male,A+,Obesity,2022-05-13,Pam Malone,Walsh-Williams,UnitedHealthcare,29907.38,382,Elective,2022-06-07,Penicillin,Inconclusive
lAurA jOnEs,79,Male,O+,Asthma,2023-12-30,Sharon Stanley,"and Perkins Johnson, Bryant",Aetna,48418.75,188,Emergency,2024-01-16,Penicillin,Abnormal
samANtHa gArCIA,21,Female,O+,Arthritis,2023-09-19,Amy Espinoza,Ltd Ward,Aetna,21169.83,105,Emergency,2023-10-01,Aspirin,Normal
AshLey mIDdLEToN,70,Male,O+,Cancer,2022-05-25,Rita Melendez,Reese-Finley,Blue Cross,8896.85,458,Elective,2022-06-15,Ibuprofen,Inconclusive
dOuglAS PaDILla,38,Male,B-,Cancer,2021-12-09,Robin Cochran,Sweeney-Robertson,Cigna,3254.39,442,Elective,2021-12-30,Paracetamol,Abnormal
robErt petERSon,42,Female,AB+,Asthma,2020-12-17,Michele Walsh,Harding-Hatfield,UnitedHealthcare,11658.97,471,Emergency,2021-01-04,Ibuprofen,Abnormal
jaCoB roAcH,20,Female,A+,Asthma,2023-02-19,Howard Sutton,"Murphy and Rodriguez, Brown",Blue Cross,6374.48,129,Urgent,2023-03-07,Aspirin,Abnormal
KrIstY robiNSOn,19,Female,B+,Hypertension,2019-11-07,Karen Baker,Martin Sons and,Cigna,49630.67,316,Urgent,2019-12-03,Paracetamol,Abnormal
mR. RICHard BRiGht,74,Female,B+,Obesity,2022-01-28,Cynthia Wolfe,"and Campbell Kelly, Cooley",Medicare,15619.94,488,Emergency,2022-02-23,Paracetamol,Inconclusive
JOn HErNanDeZ,24,Male,O+,Hypertension,2020-12-05,Sarah Cooper,Inc Peterson,UnitedHealthcare,37141.4,434,Elective,2021-01-04,Penicillin,Normal
DanIel bEll,81,Female,B+,Arthritis,2022-11-21,Brian Frank,Morris-Calderon,Medicare,24904.06,431,Emergency,2022-12-11,Ibuprofen,Inconclusive
BrEnda dICkson,20,Female,O+,Obesity,2021-09-13,Anna Jackson,and Perkins Sons,Cigna,32316.06,283,Urgent,2021-09-19,Ibuprofen,Normal
MArGaREt GUzmaN,21,Male,AB-,Arthritis,2021-06-30,Sonya Wallace,"Stokes, Porter Peck and",Cigna,43064.49,400,Urgent,2021-07-13,Lipitor,Abnormal
ERik nIchOlsON,25,Female,A+,Arthritis,2023-04-05,Amy Hopkins,Howe LLC,Aetna,38311.69,120,Emergency,2023-04-25,Ibuprofen,Inconclusive
mAnueL CHEn,61,Female,B+,Cancer,2024-05-03,Sandra Soto,"Jones Waters and Ortiz,",Aetna,46993.14,427,Emergency,2024-05-20,Lipitor,Normal
EdWarD HOusToN,22,Female,AB+,Arthritis,2023-03-14,Leslie Long,Walters-Lopez,Medicare,2764.54,248,Elective,2023-03-15,Ibuprofen,Inconclusive
jarED GIlleSPIe,85,Female,O+,Hypertension,2022-03-15,Matthew Smith,Stark-Rodgers,Cigna,3713.93,222,Elective,2022-03-25,Aspirin,Normal
taYLOr GaRZA,22,Male,O+,Diabetes,2021-01-06,Ricky Williams,Group Harris,Aetna,6084.45,118,Emergency,2021-01-27,Penicillin,Inconclusive
aPRIL mULlen,32,Female,AB+,Arthritis,2020-02-07,Derrick Wolfe,Watts-Cortez,Medicare,8536.73,280,Emergency,2020-02-14,Lipitor,Normal
debORaH sulliVAn,40,Male,B+,Obesity,2022-07-01,John Burgess,"Jones Baldwin Brown, and",Aetna,41119.04,276,Emergency,2022-07-12,Ibuprofen,Inconclusive
aMaNDa pEaRsoN,63,Male,AB+,Hypertension,2020-03-14,Mr. Tommy Underwood,"Lee Brewer and Walters,",Aetna,13772.73,409,Elective,2020-03-30,Paracetamol,Abnormal
mArgarET beNNEtT,30,Female,O+,Cancer,2020-04-16,Alan Murphy,and Keith Sons,Cigna,22218.65,259,Urgent,2020-05-06,Paracetamol,Inconclusive
mICHael aNdERSon,71,Female,O+,Obesity,2020-04-07,Valerie Chapman,Carr-Whitehead,Aetna,8306.19,302,Emergency,2020-04-29,Lipitor,Normal
MarCO EvAns,68,Female,B-,Obesity,2024-02-22,Kurt Thompson,Roberts-Thompson,Cigna,30030.69,117,Elective,2024-03-01,Paracetamol,Abnormal
aMAnDA KIm,82,Female,B+,Obesity,2020-10-19,Brian Rodriguez,Bush LLC,UnitedHealthcare,37426.45,206,Emergency,2020-11-04,Aspirin,Inconclusive
MiSs DeBorah BurgEsS,39,Male,O+,Obesity,2021-08-28,Hannah Lindsey,Proctor LLC,UnitedHealthcare,4640.05,355,Emergency,2021-09-27,Aspirin,Inconclusive
marY hIll,37,Female,O+,Asthma,2020-02-26,Jason Prince,Price-Williams,Medicare,30978.52,180,Emergency,2020-03-13,Aspirin,Abnormal
RAYMOND fIsHer,64,Female,B-,Arthritis,2020-08-28,Kerri Willis DVM,Inc Ortega,Aetna,30266.89,438,Elective,2020-09-01,Aspirin,Inconclusive
joShua CLArke,20,Male,B-,Diabetes,2023-06-26,Terry Schneider,Inc Mckee,UnitedHealthcare,29137.69,158,Elective,2023-06-30,Penicillin,Normal
CHAD taYLOR,59,Male,B-,Diabetes,2020-01-01,James Williamson,Ray-Michael,Medicare,11568.8,319,Urgent,2020-01-05,Penicillin,Abnormal
bReNT vAnCe,50,Male,B+,Obesity,2023-08-01,Krystal Perkins,LLC Logan,Blue Cross,16115.65,433,Elective,2023-08-16,Lipitor,Inconclusive
RObErT sTeiN,77,Female,AB-,Cancer,2023-10-27,Tony Clark,"Thomas Walters and Blake,",Blue Cross,34158.11,444,Elective,2023-11-18,Lipitor,Normal
MAdiSoN WILsON md,53,Male,B-,Arthritis,2021-02-26,Tony Ruiz,"Cunningham, Woods Ruiz and",Cigna,17214.52,244,Urgent,2021-03-13,Ibuprofen,Inconclusive
MiChaEL LEE,33,Male,O-,Obesity,2022-05-24,Andrea Powell,Group Chandler,Cigna,20091.2,388,Elective,2022-05-26,Lipitor,Normal
AMy MILEs,35,Female,A+,Hypertension,2022-03-06,Vickie Thompson,Johnston Inc,Medicare,31347.74,235,Urgent,2022-04-04,Aspirin,Abnormal
Lisa RoBertSoN,78,Female,AB-,Obesity,2020-05-21,Michelle Erickson,Smith PLC,UnitedHealthcare,7463.85,112,Elective,2020-06-13,Paracetamol,Abnormal
MARK shaW,67,Male,O+,Cancer,2023-06-09,Jeffrey Miller,Adams-Gates,Blue Cross,41706.38,500,Elective,2023-06-17,Aspirin,Inconclusive
peTEr RobinsON,22,Male,A+,Obesity,2021-06-01,Julie Murray,"and Phillips, Pugh Bradford",Medicare,48224.46,212,Emergency,2021-06-30,Aspirin,Normal
ashlEy NELsOn,59,Male,A-,Cancer,2019-11-07,Julia Shelton,Ltd Salazar,Aetna,2036.38,400,Elective,2019-11-08,Aspirin,Normal
KiM SMITH,30,Female,O-,Arthritis,2019-12-11,Daniel Sexton,Nichols-Williams,Medicare,29999.39,269,Urgent,2019-12-17,Ibuprofen,Abnormal
sARa bUTler,76,Female,O+,Cancer,2022-03-05,Martha Cardenas,Humphrey-Sanchez,Medicare,48963.54,307,Elective,2022-03-06,Ibuprofen,Normal
Dr. carriE wOnG,79,Male,AB-,Arthritis,2021-04-08,Sherry Acosta,LLC Garcia,Medicare,19466.4,356,Urgent,2021-04-10,Paracetamol,Normal
tInA FoLEY,54,Female,AB+,Cancer,2023-09-22,Andrea Hawkins,Shaw Group,UnitedHealthcare,5831.32,409,Emergency,2023-10-02,Ibuprofen,Abnormal
aDRiEnNE MaRsH,45,Female,O-,Cancer,2024-02-28,John Miller,"Clark, and Doyle Jimenez",Aetna,32445.1,468,Elective,2024-03-26,Lipitor,Inconclusive
RAcHeL carrilLO,44,Female,A+,Obesity,2020-06-22,Kent Krause,"Carter Stanley Palmer, and",UnitedHealthcare,32320.33,392,Elective,2020-06-25,Ibuprofen,Inconclusive
COUrTNEy BROWn,74,Male,AB-,Obesity,2021-03-16,Jordan Moreno,Mendez Ltd,Aetna,17709.33,327,Elective,2021-04-08,Lipitor,Abnormal
Ashley Green,26,Female,A+,Hypertension,2023-04-05,William Carter,Neal-Brown,Aetna,38186.14,128,Emergency,2023-04-29,Paracetamol,Inconclusive
kiMbeRLY wallace dds,79,Female,A+,Obesity,2021-07-23,Stephanie Valentine,Sons Ford and,Blue Cross,27077.57,442,Elective,2021-08-01,Paracetamol,Abnormal
DAviD KHan,64,Female,B+,Asthma,2023-11-15,Sara Thomas,Garcia-Robinson,Aetna,8671.41,344,Emergency,2023-12-03,Aspirin,Abnormal
SANDrA TRaN,47,Female,AB-,Hypertension,2023-09-25,Martin Conway,King-Schultz,Cigna,29836.72,324,Elective,2023-10-05,Aspirin,Inconclusive
CHRiStOPher hOuston,50,Male,B+,Obesity,2022-03-31,Beth Brown,Sanders-Galloway,Aetna,33180.34,147,Elective,2022-04-07,Paracetamol,Normal
RYaN nOrrIs,46,Female,AB-,Obesity,2019-06-01,Richard Harris,Burton-Peterson,Aetna,16810.47,331,Elective,2019-06-12,Penicillin,Abnormal
kevIN JEnnINgS,52,Male,A-,Hypertension,2023-07-07,Katherine Mckee,and Barton Sons,Aetna,29850.65,145,Elective,2023-08-01,Penicillin,Abnormal
megAn jOnES,68,Female,B-,Hypertension,2023-05-21,Shannon Ramsey,Inc Henry,Blue Cross,14786.04,248,Emergency,2023-06-03,Lipitor,Normal
JASon veLAsquEZ,56,Male,B+,Diabetes,2022-02-19,Morgan Vazquez,Garcia-Olson,UnitedHealthcare,23078.88,302,Elective,2022-03-10,Ibuprofen,Normal
daviD RYaN,58,Female,O+,Arthritis,2022-10-05,Jennifer Brown,Fry-Mitchell,Cigna,1026.92,463,Elective,2022-10-16,Lipitor,Inconclusive
ChArLeS SchNEIder,45,Female,AB-,Arthritis,2023-04-22,Richard Austin,"and Owens Tran Trujillo,",Aetna,11857.9,192,Emergency,2023-04-24,Lipitor,Inconclusive
emIlY cox,70,Female,B-,Asthma,2019-08-23,Candace Roberts,"and Lewis Wilson Wright,",Blue Cross,32066.66,490,Elective,2019-09-20,Paracetamol,Abnormal
BenjaMIN mOore,44,Female,AB-,Arthritis,2021-11-13,Deborah Long,"Hahn Gonzalez, Smith and",UnitedHealthcare,38098.4,146,Elective,2021-11-21,Aspirin,Normal
KAyla JONes,47,Female,O-,Obesity,2021-10-31,Douglas Parsons,Nielsen-Romero,Aetna,27960.07,121,Urgent,2021-11-04,Ibuprofen,Inconclusive
jaMeS wIlLiaMs,57,Female,AB-,Obesity,2024-03-16,Kayla Schneider,Jones-Rodriguez,UnitedHealthcare,33734.15,265,Emergency,2024-04-07,Aspirin,Inconclusive
tIMoTHy jOnes,63,Male,A-,Arthritis,2023-09-07,Tanya Gregory,Reynolds LLC,Blue Cross,38502.51,441,Emergency,2023-09-22,Ibuprofen,Inconclusive
alLiSon mCGRATh,40,Female,AB+,Arthritis,2024-03-12,Brandon Miller,Burke-Johnston,Cigna,7987.5,134,Elective,2024-04-02,Aspirin,Abnormal
PHilLIP tHompSON,76,Female,A-,Asthma,2020-05-01,Wesley Hendricks,"Moore and Lara Jones,",UnitedHealthcare,11503.3,406,Urgent,2020-05-05,Paracetamol,Inconclusive
rickY wILLiamS,68,Female,O-,Cancer,2021-11-25,Shannon Haynes,Inc Freeman,Cigna,17920.51,367,Urgent,2021-12-21,Ibuprofen,Inconclusive
EMIlY PErRy,21,Male,A-,Obesity,2019-07-06,Douglas Galvan,Wood LLC,Cigna,26862.36,391,Emergency,2019-07-19,Aspirin,Inconclusive
jaSMInE smIth,85,Male,A+,Asthma,2021-06-11,John Greene,LLC Nelson,UnitedHealthcare,14987.26,331,Emergency,2021-06-20,Lipitor,Abnormal
AaRoN valeNzUela,35,Male,A-,Hypertension,2021-11-16,Gary Smith,"and Campos, White Reed",Medicare,17416.88,348,Elective,2021-11-21,Lipitor,Normal
kEviN perRY,37,Male,AB-,Diabetes,2024-02-16,Steven Dominguez,"Burke, and Kelley Thompson",Medicare,11185.3,199,Emergency,2024-02-21,Penicillin,Normal
cHrISTinE campbeLl,76,Female,B+,Asthma,2024-05-06,Rhonda Jennings,Barnett-Brown,Blue Cross,3697.15,258,Urgent,2024-05-27,Aspirin,Inconclusive
miCHAEl DuNlap,26,Male,AB+,Cancer,2022-12-07,Sarah Brown,"Weaver and Burch, Sanders",Cigna,39089.87,447,Urgent,2022-12-22,Paracetamol,Abnormal
yoLandA BaKER,78,Female,AB-,Asthma,2024-01-11,David Cardenas,PLC Richardson,Cigna,41999.91,206,Elective,2024-02-06,Penicillin,Inconclusive
kRISteN medINA,76,Male,A-,Diabetes,2022-08-14,Katherine Davis,Armstrong PLC,UnitedHealthcare,37420.27,364,Emergency,2022-08-26,Ibuprofen,Normal
gABrieL wIlSOn,66,Female,AB+,Asthma,2021-02-07,Joshua Blackwell,"Baker Tucker Webster, and",UnitedHealthcare,12962.6,335,Emergency,2021-02-13,Paracetamol,Abnormal
JeSsIca brOwNINg,25,Female,AB+,Asthma,2024-04-21,Ruth Robinson,"and Williams Sanchez, Obrien",UnitedHealthcare,24890.81,470,Elective,2024-04-24,Paracetamol,Abnormal
jeNNIfer cRAiG,21,Female,A-,Obesity,2020-12-07,Nicholas Garza,Navarro-Lewis,Medicare,6717.72,330,Elective,2021-01-05,Aspirin,Abnormal
SONYa FRENCH,23,Male,B-,Hypertension,2023-04-09,Sara Rivera,Evans Inc,Aetna,15714.02,425,Emergency,2023-05-01,Lipitor,Normal
GoRDon jOnES,72,Female,A-,Hypertension,2019-08-30,Teresa Carson,Reynolds-Boyd,Aetna,37168.84,173,Urgent,2019-09-07,Aspirin,Inconclusive
MaRGAREt PeTErsON,63,Male,AB+,Hypertension,2020-07-22,Shane Wong,"Myers and Edwards Oconnor,",Blue Cross,48761.41,132,Emergency,2020-08-12,Penicillin,Normal
jOsHuA BLACk,21,Male,B-,Obesity,2023-01-31,Brian Lopez,LLC Murphy,Blue Cross,26272.77,275,Emergency,2023-02-28,Lipitor,Abnormal
angElA fLoReS,23,Male,B+,Arthritis,2019-05-09,Nicholas Reed,"Jordan, Hogan and Roberts",Aetna,24064.51,196,Urgent,2019-05-30,Lipitor,Inconclusive
ZaChaRy hooveR,35,Male,AB-,Obesity,2024-04-26,Ellen Johnson,PLC Jacobs,Blue Cross,36918.08,339,Elective,2024-05-07,Aspirin,Inconclusive
john SMiTH,46,Male,AB+,Arthritis,2024-01-30,Michael Roberts,"Kim and Williams Richards,",Blue Cross,19944.4,483,Urgent,2024-02-23,Paracetamol,Normal
aMAndA BArneS,51,Male,B-,Diabetes,2024-02-26,Robert Colon,Fisher-Madden,Aetna,22925.81,359,Urgent,2024-03-14,Ibuprofen,Normal
daviD YORk,68,Male,B+,Arthritis,2022-11-05,Robert Oliver,Turner-Horne,Cigna,44695.36,389,Urgent,2022-11-25,Aspirin,Abnormal
AnGeL WYAtT,43,Male,O+,Hypertension,2020-05-11,Vincent Newman DDS,"and Velasquez, Oneal Kennedy",UnitedHealthcare,43605.35,457,Elective,2020-05-18,Ibuprofen,Abnormal
WiLLiam JOhNSOn,65,Female,AB+,Asthma,2022-08-20,Mary Garza,"Smith, Lee and Ibarra",Blue Cross,46840.91,331,Urgent,2022-08-28,Aspirin,Normal
Eric JoHNSON,81,Female,B-,Arthritis,2019-06-20,Matthew Allen,"and Johnson Coleman Jackson,",Cigna,14071.25,409,Urgent,2019-07-01,Aspirin,Inconclusive
JOhN bRaNdt,49,Male,AB-,Asthma,2020-11-03,Daniel Avery,Ware Ltd,Aetna,10011.35,484,Emergency,2020-11-29,Aspirin,Inconclusive
nicOlAs smiTH,75,Male,O+,Obesity,2019-09-17,Kristine Campbell,PLC Lopez,Medicare,2353.57,340,Emergency,2019-10-15,Ibuprofen,Inconclusive
chrISTina bROWn,30,Female,O-,Diabetes,2023-03-22,Teresa Campbell,"Craig, Brown and Brooks",Blue Cross,18306.81,390,Urgent,2023-03-31,Lipitor,Abnormal
RObin petErsOn,60,Male,B-,Diabetes,2020-04-06,Emily Humphrey,"Moody Richards Randall, and",Blue Cross,26819.26,117,Emergency,2020-04-12,Penicillin,Abnormal
KenNeTH gaRcia,65,Female,AB-,Cancer,2019-08-05,Kristi Forbes,"Berg, Perkins and Chan",Aetna,39257.03,108,Elective,2019-08-24,Lipitor,Inconclusive
lUcAS mooRE,74,Female,O-,Hypertension,2023-01-03,Alexander Sanchez,Reid-Lara,UnitedHealthcare,11987.19,410,Elective,2023-01-29,Aspirin,Abnormal
ALAN LEViNE,28,Female,B-,Diabetes,2019-07-02,Evan Montgomery,Cole Ltd,Medicare,21405.61,224,Elective,2019-07-21,Lipitor,Normal
mr. codY SUlliVAn,31,Male,A-,Hypertension,2019-11-20,Michael Olson,"Silva Nguyen, and Hayes",Cigna,46633.92,391,Elective,2019-12-02,Paracetamol,Normal
rOGEr NelSON,51,Male,A-,Obesity,2023-05-13,Donald Cantu,"Fox, Bennett and Turner",Aetna,18192.21,203,Urgent,2023-06-07,Penicillin,Normal
mIChAeL hALl,19,Female,A+,Cancer,2024-02-06,Charles Cruz,"Rodriguez Johnson, and Brown",Blue Cross,16077.29,398,Urgent,2024-02-23,Ibuprofen,Normal
mcKenZIe sMitH,77,Female,B-,Arthritis,2023-10-03,Melissa Gill,PLC Dominguez,Medicare,38363.22,417,Emergency,2023-11-01,Paracetamol,Normal
CHRISTOPher NELsoN,22,Female,A+,Diabetes,2020-06-06,Sergio White,Graham-Barnett,Aetna,25747.81,288,Urgent,2020-06-12,Paracetamol,Inconclusive
leE jeffeRsOn,83,Female,O+,Asthma,2021-05-07,Mr. Carl Brown Jr.,Garrett Ltd,Medicare,38392.99,232,Elective,2021-05-31,Paracetamol,Abnormal
StEveN ScOtT,20,Male,AB-,Diabetes,2021-11-01,Ryan Mcpherson,Welch-Keller,Cigna,27173.75,140,Emergency,2021-11-21,Penicillin,Inconclusive
lIndSeY CHaSE,56,Male,AB-,Obesity,2021-03-04,Michael Peters,Sparks-Spencer,Blue Cross,26452.4,248,Emergency,2021-03-21,Paracetamol,Inconclusive
JiLlIaN WONg,25,Male,A+,Arthritis,2023-06-01,Jose Bryant,"and Johnson Cross, Mitchell",Aetna,38303.32,466,Emergency,2023-06-27,Aspirin,Abnormal
NAtAlIe ngUyEN,24,Female,AB-,Asthma,2020-07-22,Daniel Johnson,Ellis-Wilkinson,Cigna,10605.91,228,Urgent,2020-08-06,Penicillin,Normal
TrAcI wilLiAMS,32,Female,A-,Diabetes,2021-02-26,Ashley Osborn,"Powers Webb Blackwell, and",UnitedHealthcare,32444.31,276,Elective,2021-03-11,Aspirin,Abnormal
kEvIn HaNEy,58,Female,O-,Obesity,2022-04-18,Laurie Lawson,Sawyer-Palmer,Cigna,30110.46,240,Emergency,2022-04-23,Penicillin,Inconclusive
CrYsTal basS,65,Male,O+,Arthritis,2019-10-11,Tammy Nicholson,Zimmerman Group,Aetna,44599.16,272,Emergency,2019-11-07,Penicillin,Inconclusive
Lisa ObrIen,73,Male,AB-,Obesity,2024-02-28,Natasha Weaver,Lee PLC,Medicare,15360.31,188,Emergency,2024-03-17,Paracetamol,Abnormal
mARy STeVEnsON,61,Female,A-,Cancer,2022-11-20,Brandon Stevens,LLC Cox,Aetna,42854.38,239,Urgent,2022-11-24,Penicillin,Abnormal
DAniEL mITcHell,23,Female,B-,Cancer,2021-07-11,George Huynh,"and Mckinney, Ruiz Evans",Aetna,10803.21,484,Emergency,2021-08-06,Ibuprofen,Abnormal
RyAn lARSon,57,Male,O+,Diabetes,2024-01-30,Tina Shields,"Melton and Parker, Stewart",UnitedHealthcare,49225.66,212,Urgent,2024-02-08,Aspirin,Inconclusive
ryan SmitH,81,Female,AB+,Arthritis,2023-10-24,Kelly Russell,Grimes-Smith,Blue Cross,23005.36,464,Urgent,2023-11-02,Aspirin,Abnormal
dAVid meJIA,71,Male,B+,Hypertension,2023-08-29,Brent Baker,Ltd Sweeney,Blue Cross,37909.55,190,Emergency,2023-09-17,Paracetamol,Inconclusive
jEREmY GoNZaLes,59,Male,B+,Asthma,2023-07-25,Daryl Salazar,"Frye and Clarke Bush,",Blue Cross,8307.6,282,Urgent,2023-08-20,Aspirin,Inconclusive
KAYlA quinN,30,Male,A-,Arthritis,2021-03-19,Sarah Fry,"Gordon and Hopkins Harrington,",Aetna,28854.54,170,Emergency,2021-04-18,Aspirin,Inconclusive
MEGAn Parks,35,Male,B-,Asthma,2020-10-02,Brian Robinson,Wilson PLC,Cigna,11434.57,223,Emergency,2020-10-27,Lipitor,Inconclusive
MIgueL dAWsON,83,Female,A+,Cancer,2020-10-12,Marissa Owen,"and Vincent, Taylor Stewart",UnitedHealthcare,5767.35,476,Elective,2020-10-14,Lipitor,Normal
ElIZAbeth pAdiLla,73,Male,AB-,Asthma,2024-01-31,Cody Moore,"Wilkinson Jackson and Sweeney,",Aetna,33333.89,391,Urgent,2024-02-05,Ibuprofen,Inconclusive
MARC MoRgAN,66,Female,B-,Hypertension,2022-01-14,Amanda White DVM,Stewart LLC,Aetna,2879.65,345,Elective,2022-02-06,Aspirin,Normal
sAMUEL LanG md,76,Male,O+,Obesity,2024-01-10,Dr. Clifford Oliver,Kelly Inc,Medicare,26318.24,391,Emergency,2024-01-21,Penicillin,Normal
jamiE rusSELl,73,Male,B+,Diabetes,2021-10-05,Cynthia Lewis,Hurst-Ross,Medicare,25202.81,185,Urgent,2021-10-27,Penicillin,Abnormal
aNgeL JOHNsON,72,Female,AB-,Hypertension,2023-09-23,Karen Bowers,"Brooks Gregory Garrett, and",Blue Cross,25104.51,205,Elective,2023-09-29,Penicillin,Inconclusive
pameLa BrOcK,48,Female,B+,Cancer,2022-12-11,Gina Oliver,Brown-Hahn,Aetna,5379.38,404,Elective,2023-01-05,Paracetamol,Inconclusive
teRREnCE EvaNs,22,Male,O-,Cancer,2020-02-11,Carmen Cline,Harrison Group,Aetna,9803.17,358,Emergency,2020-02-25,Aspirin,Normal
RoGEr mEDina,60,Male,B+,Obesity,2020-08-25,Andrew Richards,Deleon PLC,Cigna,33149.48,292,Emergency,2020-09-23,Aspirin,Inconclusive
jAmEs FloRes,60,Male,B-,Obesity,2022-07-22,Emily Pham,LLC Sloan,UnitedHealthcare,4849.38,143,Urgent,2022-08-07,Lipitor,Normal
sTEPHANiE mCBRIDe,35,Male,O+,Obesity,2023-11-04,Kathleen Rowe,Richmond-Munoz,Blue Cross,8701.08,203,Urgent,2023-11-17,Ibuprofen,Abnormal
kRIstINa SNYdeR DDs,34,Female,A+,Asthma,2019-08-15,Jordan Stewart,Cruz Group,Blue Cross,28374.24,492,Elective,2019-08-20,Paracetamol,Abnormal
dAVID zAvAlA,76,Male,A+,Arthritis,2021-09-07,Shannon Romero,Lynch-Vargas,Aetna,29548.02,343,Emergency,2021-09-18,Penicillin,Abnormal
REgINalD GOnZaLez,71,Male,A+,Arthritis,2021-04-10,Anna Rodriguez,Wright-Cordova,Aetna,29863.74,101,Elective,2021-04-27,Paracetamol,Inconclusive
TEreSA claRK,52,Male,A+,Cancer,2022-04-13,Kevin Parks,Carter-Baker,UnitedHealthcare,45974.67,138,Emergency,2022-05-05,Lipitor,Abnormal
lEROy WOLfE,76,Female,O+,Obesity,2022-12-25,Daryl Kaufman,White-Arnold,Medicare,28195.25,316,Emergency,2022-12-28,Paracetamol,Normal
michaeL TrAN,25,Female,AB+,Diabetes,2020-02-28,Max Tucker,Sanchez-Reid,Aetna,46383.95,473,Elective,2020-03-01,Paracetamol,Normal
ann Davis,81,Female,AB-,Cancer,2022-04-25,Ronald Palmer,"Harrison, Downs Norton and",Cigna,35272.78,294,Emergency,2022-05-05,Penicillin,Inconclusive
MR. MArtIn heRMAn,25,Female,A-,Obesity,2019-09-04,Paul Phillips,Hogan-Mclaughlin,Blue Cross,4771.43,137,Urgent,2019-09-29,Lipitor,Normal
raNdALl jackSon,70,Female,O+,Cancer,2020-10-19,Todd Walker,Wilson-Mcdaniel,Aetna,41959.94,307,Emergency,2020-11-14,Paracetamol,Inconclusive
kaYleE Carney,38,Male,AB+,Asthma,2019-12-22,Brittany Martin,"Reynolds and Underwood, Davis",Medicare,42615.15,193,Elective,2019-12-30,Lipitor,Inconclusive
connOr hERmAN,77,Male,AB+,Asthma,2020-02-19,Gregory Pruitt,Frey Ltd,Medicare,38146.04,436,Emergency,2020-03-15,Paracetamol,Abnormal
kAThRYn FOWLER,44,Female,B-,Hypertension,2021-10-24,Diana Robinson,Cameron-Sutton,UnitedHealthcare,29290.44,399,Urgent,2021-11-17,Penicillin,Abnormal
JereMY haRveY,41,Male,AB+,Cancer,2020-04-07,Cody Cook,Edwards-Molina,Aetna,11333.97,450,Elective,2020-04-20,Lipitor,Normal
cARrIe graHam,75,Female,O-,Hypertension,2022-11-05,Jay Rush,Lopez-Allison,Cigna,11465.4,276,Elective,2022-11-15,Paracetamol,Abnormal
SCoTt brIDGES,72,Male,B+,Cancer,2020-08-08,Wanda Thompson,Rowe-Smith,Blue Cross,32919.83,201,Urgent,2020-08-21,Paracetamol,Abnormal
tHeODorE JoHNs,40,Female,O+,Arthritis,2019-06-09,Jessica Alexander,Graham-Simon,UnitedHealthcare,21544.01,268,Urgent,2019-07-02,Lipitor,Abnormal
kAreN giLL,65,Female,A-,Asthma,2024-04-24,Amber Oliver,Higgins-Miller,Medicare,10693.06,260,Emergency,2024-05-17,Penicillin,Abnormal
Lee HernaNdeZ,18,Female,B-,Arthritis,2023-05-29,Betty Brown MD,Johnson PLC,Aetna,30892.59,138,Urgent,2023-06-07,Lipitor,Normal
ruBen kELLy,21,Male,AB+,Diabetes,2021-01-31,Sean Jones,"and Lopez, Archer Miller",Medicare,8284.6,462,Elective,2021-02-10,Lipitor,Abnormal
MoNICa mcCOY,45,Male,A+,Arthritis,2020-02-22,Mr. George Booth PhD,"and Lee Zamora Horton,",Medicare,9876.8,294,Urgent,2020-03-13,Paracetamol,Normal
sUsan LeoN,67,Male,B+,Hypertension,2021-07-29,Michael Roach,Burns-Hernandez,Aetna,30515.53,247,Emergency,2021-08-09,Paracetamol,Inconclusive
CheRyl COHEN,21,Male,A+,Arthritis,2019-08-05,Kathy Carrillo,Smith-Richardson,UnitedHealthcare,1549.03,271,Elective,2019-08-24,Ibuprofen,Inconclusive
aMY SlOaN,30,Female,A+,Asthma,2022-05-27,Lee Adams,White-Perry,Cigna,30523.46,157,Urgent,2022-06-16,Aspirin,Inconclusive
eVan WHITnEy,60,Male,O+,Asthma,2023-04-21,Meghan Thomas,LLC Gamble,Medicare,47554.02,129,Urgent,2023-05-02,Ibuprofen,Inconclusive
heAThER priCe dVm,73,Male,O+,Obesity,2024-04-16,Jacqueline Waters,Gonzales Sons and,Cigna,11271.94,243,Emergency,2024-05-14,Ibuprofen,Inconclusive
chrIsToPHeR LEwIs,58,Female,AB+,Asthma,2022-08-19,James Pope,Sons Walsh and,Medicare,3714.53,420,Emergency,2022-09-10,Aspirin,Inconclusive
DAvid leE,73,Female,B+,Cancer,2021-03-22,Taylor Dunn,Monroe LLC,Aetna,8536.74,415,Emergency,2021-04-07,Lipitor,Inconclusive
maRgARET aLvareZ,65,Male,AB-,Diabetes,2022-12-03,Luis Jacobs,Hill-Mayo,UnitedHealthcare,15607.29,389,Urgent,2022-12-30,Ibuprofen,Inconclusive
ANDrEA BoWmaN,47,Female,B+,Asthma,2021-03-20,Edward White,"Bailey, Vasquez and Robinson",Aetna,41026.72,357,Urgent,2021-04-03,Paracetamol,Inconclusive
JeremY reyES,64,Male,B+,Arthritis,2023-04-21,Danielle Hernandez,Gross-Reed,Cigna,27831.16,475,Elective,2023-05-05,Penicillin,Abnormal
ASHLeY parkeR,60,Female,O-,Cancer,2020-09-12,David Leon,"Rowland, Gutierrez and Delacruz",Cigna,17126.15,323,Urgent,2020-10-03,Ibuprofen,Normal
dougLas unDerWoOd,31,Male,AB+,Asthma,2021-01-06,Terri Montes,"Smith Allen, Garcia and",Medicare,23785.05,345,Urgent,2021-01-30,Paracetamol,Normal
jonATHaN wooD,51,Female,A-,Hypertension,2019-11-09,Lisa Mcpherson,Sons and Salinas,Medicare,19463.54,392,Elective,2019-12-09,Penicillin,Abnormal
JOHnNy dAviS,39,Male,A-,Diabetes,2021-10-11,Cheryl Morris,Berry PLC,Blue Cross,23150.77,446,Elective,2021-11-08,Lipitor,Abnormal
JuDiTh PARK,45,Male,B-,Diabetes,2024-04-16,Michelle Dennis,Watson LLC,Medicare,33805.17,499,Emergency,2024-05-02,Penicillin,Abnormal
seth SchmiDt,30,Female,B+,Hypertension,2023-01-14,Julie Herrera,Ltd Evans,UnitedHealthcare,46154.14,477,Elective,2023-02-02,Aspirin,Abnormal
bruce RamirEZ,81,Female,B-,Diabetes,2019-08-09,Thomas Henry,Jackson-Green,Aetna,14533.53,462,Elective,2019-09-03,Ibuprofen,Inconclusive
dENNiS rOY,51,Female,A+,Obesity,2022-04-06,Mark Buchanan,"Mata, and Gonzalez Jones",Aetna,32178.96,325,Urgent,2022-04-29,Aspirin,Normal
keviN SmITh,64,Male,A+,Arthritis,2021-08-28,Amanda Henry,Benitez Inc,Blue Cross,11557.28,347,Elective,2021-09-25,Paracetamol,Abnormal
ericA Keith,70,Female,B-,Cancer,2024-02-03,Christopher Haynes,Conley-Torres,Aetna,21450.84,166,Emergency,2024-02-17,Lipitor,Inconclusive
rEbEcca FORd,60,Female,AB+,Diabetes,2020-02-06,Rachel Love,Garcia-Hines,Cigna,10202.69,156,Elective,2020-03-02,Paracetamol,Inconclusive
luke bush,28,Male,AB-,Asthma,2019-08-09,Brian Owens,"Ortiz Stanley, Brown and",Aetna,34686.15,345,Emergency,2019-08-15,Aspirin,Inconclusive
saRah walLacE,60,Female,AB+,Obesity,2020-04-01,Crystal Zamora,Group Tran,Blue Cross,39234.28,480,Urgent,2020-04-26,Lipitor,Abnormal
JosEph SaNChez,56,Female,AB-,Hypertension,2021-08-30,Laura Collier,Ltd Delgado,Aetna,40454.06,235,Urgent,2021-09-27,Aspirin,Normal
heATHeR KNIgHt,66,Male,B+,Asthma,2022-08-23,Spencer Carpenter,Boone-Hicks,Blue Cross,6312.82,413,Urgent,2022-09-16,Ibuprofen,Normal
steVen SMIth,63,Female,B-,Obesity,2022-02-26,Mark Montes,Moss PLC,Medicare,28312.98,157,Urgent,2022-03-04,Lipitor,Inconclusive
FrEDeRick CardeNAS,37,Male,B+,Hypertension,2021-11-10,Joann Ortiz,Obrien-Ruiz,UnitedHealthcare,15035.04,256,Elective,2021-11-14,Penicillin,Normal
StEveN bARRETT,35,Male,O+,Arthritis,2024-02-29,Lori Williams,Cohen-Gillespie,Medicare,36515.52,148,Urgent,2024-03-03,Paracetamol,Normal
KENneTh FORD,60,Male,O+,Cancer,2020-10-22,Holly Brown,Ltd Krause,Blue Cross,44856.31,261,Elective,2020-10-28,Paracetamol,Normal
BrIaNna rIVaS,79,Male,O-,Asthma,2021-02-04,Kim Rogers,"Howe and Terrell Roberts,",Medicare,33724.04,279,Emergency,2021-03-04,Ibuprofen,Normal
JamES Black,49,Female,A+,Obesity,2022-04-10,Donald Cervantes,Morgan-Elliott,Medicare,31952.45,315,Urgent,2022-04-27,Ibuprofen,Abnormal
mITCHElL tatE,58,Male,A-,Diabetes,2020-08-17,Brett Dalton,"and Carroll, Cox Morales",Aetna,37069.69,360,Urgent,2020-09-13,Aspirin,Normal
NAncY MoRGAn,42,Female,O+,Cancer,2021-04-02,Lorraine Taylor,Anderson-Ramos,UnitedHealthcare,1152.39,485,Urgent,2021-04-20,Lipitor,Normal
DR. RObert DaNIELs JR.,78,Male,A+,Arthritis,2022-11-22,Nicholas Graves,Robles-Fisher,Aetna,37084.99,257,Emergency,2022-12-15,Penicillin,Normal
MR. wilLIE sImpson,75,Female,AB+,Hypertension,2020-10-22,Barry Grant,Fernandez-Schmidt,UnitedHealthcare,5032.07,143,Urgent,2020-11-12,Ibuprofen,Normal
BaRBara GoMez,82,Female,B-,Arthritis,2019-05-20,Alexandra Warren,"Johnson and Rivera, Allen",Medicare,30100.51,325,Elective,2019-05-25,Paracetamol,Abnormal
danielle camaChO,67,Female,B-,Cancer,2020-07-27,Darrell Carlson,Small-Ramirez,Aetna,2009.26,261,Urgent,2020-08-11,Penicillin,Normal
PaulA THoMpSoN,24,Female,AB+,Diabetes,2021-01-03,Kyle Mullins,"Werner, Glenn Tucker and",Cigna,35785.06,174,Urgent,2021-01-06,Lipitor,Inconclusive
WHiTney HIll,36,Female,O+,Diabetes,2022-11-03,Kathleen Simon,Rivas PLC,UnitedHealthcare,40701.85,244,Emergency,2022-11-14,Aspirin,Normal
Amy peterSOn,53,Female,B+,Diabetes,2021-03-08,Jesse Pineda,"Hall Lee, Cantu and",Blue Cross,44031.86,216,Elective,2021-03-12,Paracetamol,Normal
dIANe gaTeS,73,Female,AB+,Cancer,2019-06-19,Breanna Nichols,"Mcgrath Salazar, and Hernandez",UnitedHealthcare,18547.13,356,Urgent,2019-06-30,Penicillin,Normal
JASon MatA,19,Male,A+,Arthritis,2021-05-23,Rebecca Pollard MD,"Foster, King Zimmerman and",Blue Cross,47051.83,464,Emergency,2021-06-11,Aspirin,Abnormal
THomaS TayLOr,67,Male,B-,Diabetes,2023-05-07,Tina Wilson,"Meadows, and Guerrero Scott",Aetna,25044.38,175,Elective,2023-05-19,Lipitor,Inconclusive
RAndy MooNey,65,Female,B+,Arthritis,2021-01-20,James Salazar,PLC Martin,Cigna,12333.2,196,Emergency,2021-02-03,Penicillin,Abnormal
wesLey roBInsoN,74,Male,O+,Cancer,2023-01-17,Michael Duran,"Garcia Snyder, and White",UnitedHealthcare,27537.23,105,Emergency,2023-02-01,Aspirin,Normal
JuStin wIlLIs,76,Female,A-,Diabetes,2023-06-25,Ms. Marilyn Perry MD,Inc Marshall,Medicare,49764.56,133,Urgent,2023-07-13,Penicillin,Abnormal
EMMa heRNaNDEz md,73,Female,AB+,Arthritis,2021-07-05,Lance Freeman,Harris-Day,Medicare,32001.66,166,Elective,2021-07-23,Lipitor,Inconclusive
aShLey DuRAN,71,Female,B+,Hypertension,2020-01-11,Larry Mcbride,Campbell-Church,Medicare,1348.29,138,Emergency,2020-02-01,Ibuprofen,Normal
William HarDY,45,Female,AB-,Diabetes,2019-05-10,Aaron Maxwell,Group Fisher,Medicare,46146.67,334,Elective,2019-05-28,Ibuprofen,Inconclusive
jeRemY DuNlAP,67,Male,O-,Arthritis,2022-05-01,Kenneth Jacobson,Adams-Ferguson,UnitedHealthcare,18181.04,393,Urgent,2022-05-14,Paracetamol,Inconclusive
beNJaMin MurPhY,47,Female,AB-,Asthma,2020-08-23,Katie Summers,"Phillips, and Morris Marshall",Aetna,31943.44,202,Urgent,2020-09-17,Lipitor,Abnormal
mIchAel VAuGHn,18,Male,B+,Cancer,2023-06-05,Michael Foster,"Robertson Dean, Vega and",Blue Cross,46135.9,382,Elective,2023-07-01,Lipitor,Abnormal
StEphEN BiShOP,46,Male,B+,Obesity,2020-01-22,Keith Snyder,English-Thomas,Medicare,19868.92,431,Elective,2020-01-30,Ibuprofen,Inconclusive
heaTHER chEn,65,Male,O-,Obesity,2021-02-01,Tanya Fletcher,Group Phillips,Cigna,34212.46,179,Elective,2021-03-02,Aspirin,Normal
LiSa sLOAn,74,Male,A+,Diabetes,2022-11-27,Michael Olsen,Wood Inc,UnitedHealthcare,22398.97,279,Elective,2022-12-22,Ibuprofen,Abnormal
KaItlin BOYd,83,Male,O-,Diabetes,2022-01-15,Courtney Johns,Long-Herrera,Blue Cross,41886.05,337,Emergency,2022-01-17,Penicillin,Inconclusive
CHRiS baNks,61,Female,A+,Arthritis,2020-01-06,Daniel Guzman,"Collins, and Kemp Cobb",UnitedHealthcare,9001.62,198,Urgent,2020-01-22,Ibuprofen,Abnormal
bRIDGet prICE,42,Male,AB-,Hypertension,2019-12-21,Charles Brown,Barber-Chandler,Aetna,22299.21,383,Elective,2019-12-25,Ibuprofen,Abnormal
mRS. nAtALie TYlEr,42,Male,B-,Diabetes,2022-08-14,Tanya Weiss,"Green Holmes and Morgan,",Cigna,29588.02,325,Emergency,2022-08-30,Penicillin,Normal
tRACy BrOwn md,27,Female,O-,Obesity,2021-11-17,Jennifer Martinez,Madden-White,Aetna,32703.83,140,Urgent,2021-12-01,Aspirin,Inconclusive
AbIGAiL garZa,73,Female,B+,Arthritis,2021-07-29,Melanie Christian,Atkinson-Phillips,UnitedHealthcare,42606.29,170,Elective,2021-08-26,Lipitor,Inconclusive
jaMeS Garcia,32,Male,A-,Arthritis,2019-08-01,Veronica Johnson,Jordan-Smith,UnitedHealthcare,26270.67,320,Urgent,2019-08-15,Lipitor,Inconclusive
CHarlES BRoWn,33,Male,O+,Asthma,2019-07-14,William Durham,Wong-Serrano,Blue Cross,21040.2,449,Emergency,2019-07-30,Paracetamol,Inconclusive
JoSePH WAlKER,77,Male,AB+,Hypertension,2021-01-31,Mitchell Anderson,Group Johnson,UnitedHealthcare,47123.25,106,Emergency,2021-02-06,Aspirin,Abnormal
jOHN tHOMPson,26,Male,B-,Arthritis,2020-06-29,James Campbell,"and Coleman Ballard, Taylor",UnitedHealthcare,13274.98,391,Urgent,2020-07-16,Ibuprofen,Normal
amy RiCHaRdS,76,Female,AB-,Diabetes,2019-10-04,Patricia Smith,Harris-Bowers,UnitedHealthcare,43128.51,125,Elective,2019-10-15,Lipitor,Abnormal
jUlIe moREno,61,Female,A+,Asthma,2023-01-24,Haley Perez,"Anderson Ruiz, and Alvarez",Medicare,21556.4,249,Emergency,2023-02-13,Aspirin,Abnormal
ANGElA GOODwiN,41,Female,AB+,Arthritis,2021-01-09,Robert Herrera,Gordon-Atkins,Aetna,45962.8,305,Urgent,2021-01-11,Paracetamol,Normal
LArry frazieR,27,Female,AB+,Hypertension,2023-06-24,Melissa Ford,"and Ayala Miller, Wilson",Medicare,40240.31,252,Urgent,2023-07-22,Aspirin,Normal
DebrA johNSOn,53,Female,AB+,Diabetes,2022-09-05,Michael Henderson,"Brennan, and Osborn Clark",Aetna,10028.05,293,Urgent,2022-09-23,Ibuprofen,Inconclusive
jEaNEtTe WalTErs,79,Male,B-,Arthritis,2022-11-11,Steven Henson,PLC Brown,Aetna,39742.29,465,Elective,2022-12-03,Lipitor,Abnormal
ALexaNdRA bryANT,18,Female,O-,Hypertension,2022-02-11,Erik Howard,"Cohen, and Bowers Conley",Aetna,43198.34,480,Elective,2022-03-13,Penicillin,Abnormal
chEryL riCharDSon,74,Male,AB-,Asthma,2022-10-15,Nathan Pierce,Williams-Wilson,UnitedHealthcare,40561.32,463,Elective,2022-11-02,Ibuprofen,Inconclusive
ERiN MuRILlo,71,Female,A+,Diabetes,2024-01-22,Matthew Logan,Harris Group,Medicare,43180.9,467,Emergency,2024-02-11,Paracetamol,Inconclusive
BRadley mata,62,Female,AB+,Diabetes,2023-11-01,Robyn Gonzalez,Berry Group,Aetna,20524.65,163,Emergency,2023-11-28,Ibuprofen,Inconclusive
RIcharD foSTER,55,Male,B+,Arthritis,2020-09-13,Stephen Robles,Miller-Miller,UnitedHealthcare,7772.37,293,Elective,2020-09-26,Lipitor,Abnormal
BraDLeY pEaRsON iII,40,Female,AB+,Arthritis,2023-07-04,Jason Hughes,Kramer-Davenport,Cigna,48595.98,252,Emergency,2023-07-16,Paracetamol,Inconclusive
ScoTt sIngh,65,Male,O-,Arthritis,2020-11-19,Paul Morris,LLC Cooper,Cigna,33810.92,221,Emergency,2020-11-24,Paracetamol,Abnormal
EriN THORnTON,66,Female,AB+,Hypertension,2020-12-26,Bruce Brooks,Murphy LLC,Cigna,44769.49,311,Emergency,2021-01-20,Ibuprofen,Normal
jO HOdgeS,56,Female,B+,Cancer,2023-03-04,Karen Huffman,LLC Miles,Medicare,26452.66,389,Elective,2023-03-21,Penicillin,Inconclusive
WIllIAM mcdonALd,18,Female,AB-,Diabetes,2020-10-23,Karen Baker,Campos-Bailey,Medicare,13983.01,449,Urgent,2020-11-02,Ibuprofen,Abnormal
antHOnY WIllIAMS,63,Male,A-,Obesity,2020-07-15,Barbara Lopez,"Roy and Williams Gonzalez,",UnitedHealthcare,40601.47,145,Emergency,2020-08-01,Ibuprofen,Normal
raCheL SawYeR,39,Male,B+,Arthritis,2023-05-21,Shannon Harris,Hamilton Ltd,Aetna,11463.44,460,Emergency,2023-06-12,Aspirin,Normal
rILey kING,21,Male,A+,Diabetes,2022-10-28,Doris Kline,"Myers and Davis Daniel,",Blue Cross,44818.31,317,Emergency,2022-10-30,Lipitor,Normal
aNtHoNY rIOs,56,Male,A-,Cancer,2019-10-04,Ashley Juarez,"Wise, and Gomez Duffy",UnitedHealthcare,28557.34,357,Emergency,2019-10-19,Ibuprofen,Inconclusive
apRIl STOnE,19,Male,B+,Cancer,2022-01-23,Travis Kennedy,Stokes-Baker,Medicare,12817.93,274,Urgent,2022-02-19,Paracetamol,Normal
eDdiE GaRnER,77,Male,AB+,Cancer,2020-07-26,Mark Rodriguez,Pearson-Taylor,Cigna,8070.72,302,Elective,2020-07-29,Penicillin,Inconclusive
doNaLd MACias,41,Female,O-,Asthma,2023-10-06,Timothy Evans,Group Little,UnitedHealthcare,27838.03,455,Elective,2023-10-19,Penicillin,Inconclusive
eric JONEs,59,Male,B+,Hypertension,2019-05-11,Mrs. Annette Smith,Erickson-Boyd,UnitedHealthcare,7516.78,301,Elective,2019-06-07,Ibuprofen,Normal
rOBERT MiTChelL,78,Male,AB-,Asthma,2022-02-10,Joshua Fuentes,Smith-Cox,UnitedHealthcare,40994.48,142,Emergency,2022-02-27,Ibuprofen,Normal
deREk sMItH,81,Female,B+,Hypertension,2023-06-02,Juan Cantu MD,Smith Inc,Blue Cross,35281.59,456,Urgent,2023-06-08,Paracetamol,Inconclusive
JamEs BisHoP,36,Female,B+,Obesity,2021-11-04,Nicholas Harper,"Buck, Reed Smith and",Blue Cross,19480.89,131,Urgent,2021-11-20,Penicillin,Normal
TaYLOR potTs,76,Female,A-,Asthma,2023-06-30,Haley Young,"Gray and Marshall Morris,",Cigna,4966.64,328,Emergency,2023-07-03,Lipitor,Inconclusive
Joy cUnNINGHAM,55,Female,B-,Asthma,2019-11-07,Maria Gonzalez,Dixon Group,Blue Cross,33118.27,443,Emergency,2019-12-03,Penicillin,Abnormal
tAMara RomERo,68,Male,AB+,Asthma,2019-06-16,Alicia Lee,Hull PLC,UnitedHealthcare,27986.13,126,Urgent,2019-06-24,Ibuprofen,Abnormal
keLSey trAn,83,Female,AB-,Cancer,2020-11-16,Clifford Allen,Wood-Massey,Cigna,33994.21,275,Emergency,2020-12-04,Paracetamol,Inconclusive
DAVId ellIS,47,Male,A+,Hypertension,2021-11-24,Mrs. Meghan Joyce,Thomas-Morales,UnitedHealthcare,42932.16,151,Elective,2021-12-02,Penicillin,Inconclusive
tonI POtTs,76,Male,AB+,Obesity,2020-05-14,Ana Adkins,Ltd Maxwell,Aetna,3247.22,138,Emergency,2020-05-21,Lipitor,Abnormal
lINDSAY WOOd,80,Female,AB+,Obesity,2022-07-03,Robin Cruz,Group Lowe,Aetna,20884.05,242,Emergency,2022-07-24,Ibuprofen,Inconclusive
jEnnIFer KERr,83,Female,B+,Cancer,2019-07-12,Derrick Jenkins,"and Thomas Foster Butler,",Cigna,2413.5,454,Elective,2019-07-29,Paracetamol,Abnormal
miChAEl rios,19,Male,B-,Diabetes,2023-11-09,Sarah Williams,LLC Frank,UnitedHealthcare,46127.55,322,Emergency,2023-11-14,Aspirin,Normal
KaTHleEn mitcHell,81,Male,AB+,Cancer,2021-09-22,Austin Foster,Hernandez-Thompson,Blue Cross,16690.25,418,Elective,2021-09-28,Ibuprofen,Abnormal
doNNa diaz,63,Male,O+,Cancer,2020-04-01,Carol Allen,"Moore Butler, Gordon and",Blue Cross,37696.95,384,Elective,2020-04-04,Lipitor,Abnormal
asHLeY AVery,56,Female,A+,Arthritis,2022-06-17,Timothy Butler,"Rich Pennington, and Webb",Aetna,46185.87,440,Emergency,2022-06-30,Aspirin,Abnormal
rOberT rObiNSon,61,Female,A-,Obesity,2019-06-09,Kimberly Wright,Vargas-Wright,Blue Cross,32056.34,281,Elective,2019-06-27,Penicillin,Inconclusive
SAMUEl bRoWN,24,Female,AB+,Obesity,2021-04-13,Vanessa Bennett,Woods Inc,UnitedHealthcare,32284.41,359,Emergency,2021-05-06,Lipitor,Inconclusive
therESA hARRISOn,69,Male,AB-,Cancer,2019-10-06,Carlos Riley,White LLC,Medicare,37692.36,274,Urgent,2019-10-07,Ibuprofen,Normal
donAlD Ryan,54,Female,AB-,Obesity,2023-06-04,Danny Chambers,"Harmon and Hall, Smith",Medicare,9992.25,335,Elective,2023-06-19,Paracetamol,Normal
MIsS EliZabETH wilSON,33,Female,O-,Asthma,2020-08-26,Brian Foster,Jackson-Orr,Cigna,26871.0,263,Urgent,2020-09-05,Lipitor,Normal
JAcQUelINe SILva,55,Female,O+,Hypertension,2022-04-23,Mary Anderson,"Barnett and Richards, Avila",Medicare,42747.23,422,Elective,2022-05-05,Ibuprofen,Normal
shaWN abBotT,55,Female,A+,Obesity,2019-09-17,Michael Washington,Collins Group,Blue Cross,34213.81,333,Urgent,2019-09-29,Ibuprofen,Abnormal
geoRGE FULlER,83,Female,AB+,Cancer,2024-05-02,Christopher Cox,LLC Mitchell,Aetna,45027.47,365,Emergency,2024-05-24,Aspirin,Inconclusive
GeralD JohNsoN,83,Male,AB+,Hypertension,2022-05-20,David Jones,"and Reid Keith, Blackwell",Aetna,23703.52,474,Emergency,2022-05-29,Ibuprofen,Abnormal
SAraH ConTReraS,85,Male,O+,Asthma,2019-08-07,Adrian Oconnell,Williams-Riley,Aetna,22743.33,192,Urgent,2019-08-17,Lipitor,Normal
beNjAMiN neLson,22,Female,B+,Asthma,2020-12-24,Sheila Wallace,George-Vega,Cigna,16373.87,386,Urgent,2021-01-23,Penicillin,Normal
alIshA DOUgheRtY,23,Female,A+,Hypertension,2020-08-04,Barbara Stanton,Figueroa-Rogers,Blue Cross,3269.92,107,Urgent,2020-08-13,Paracetamol,Abnormal
PAtrICiA wILLiAmS,68,Female,A+,Obesity,2019-12-04,Mary Buchanan,"Warner Evans, Davies and",Blue Cross,41311.64,492,Emergency,2019-12-23,Paracetamol,Normal
kyLE LeE,76,Male,A+,Obesity,2022-01-28,Shane Turner,Inc Carroll,Blue Cross,11513.34,411,Elective,2022-02-15,Lipitor,Normal
KiMbERlY SuTtoN,52,Female,AB-,Diabetes,2020-08-17,Andrew Wall,Rocha-Fox,Blue Cross,40192.41,500,Urgent,2020-08-24,Aspirin,Normal
TAMMY HUNteR,18,Female,AB-,Cancer,2021-04-23,James Gonzalez,Hansen LLC,Aetna,30506.04,123,Emergency,2021-05-22,Paracetamol,Abnormal
suSaN arMstroNG,61,Female,O+,Obesity,2020-09-01,Rebecca Miller,Clark-Russo,Aetna,21504.59,429,Elective,2020-09-18,Penicillin,Inconclusive
KellY PEterSoN,47,Male,AB+,Obesity,2021-01-18,Wayne Rogers,Ewing Inc,UnitedHealthcare,1373.42,300,Elective,2021-02-03,Ibuprofen,Abnormal
maUrEen WRighT,65,Female,O+,Asthma,2023-05-25,Elizabeth Jackson,"Villanueva, and Smith Jenkins",Medicare,7242.55,267,Elective,2023-06-04,Penicillin,Abnormal
mIchELLe SPEnCeR,43,Female,A+,Cancer,2022-05-01,Kenneth Ashley,Marquez Inc,Medicare,16967.33,431,Elective,2022-05-21,Ibuprofen,Normal
RAChEl chErRY,75,Female,AB+,Arthritis,2022-06-05,Elaine Vega,Sons Thompson and,Cigna,37935.7,487,Emergency,2022-06-21,Penicillin,Abnormal
Eric HaRRIs,57,Male,A+,Hypertension,2021-09-23,Keith Rodriguez,Lopez-Simmons,Blue Cross,45673.75,301,Elective,2021-10-16,Aspirin,Abnormal
WHitney CaRroLl,69,Female,AB+,Diabetes,2022-07-15,Edwin Mitchell,"Frye, King and Phillips",Medicare,23048.89,241,Emergency,2022-07-20,Penicillin,Abnormal
HeAThEr cuNnIngHAm,79,Female,A-,Diabetes,2020-07-13,Jeffrey Rocha,Carlson PLC,Medicare,28587.87,141,Urgent,2020-08-04,Aspirin,Normal
randAlL wagNER,55,Female,A+,Arthritis,2023-01-03,Kaitlyn Case MD,"James and Hernandez, Kennedy",Cigna,26090.72,126,Elective,2023-01-13,Lipitor,Inconclusive
lAURA moRales,63,Female,AB-,Cancer,2024-01-21,Anthony Reese,Estes-Palmer,Aetna,42017.33,382,Emergency,2024-02-15,Paracetamol,Inconclusive
christian MoNTgomerY,41,Male,B-,Diabetes,2022-07-14,Alan Mcfarland,"Sharp Mcintosh, Rivera and",Blue Cross,14087.78,415,Elective,2022-07-22,Paracetamol,Abnormal
dANIEl hErMan,74,Male,AB-,Cancer,2021-12-16,Lynn Sanchez DVM,Baxter-Taylor,UnitedHealthcare,45854.96,143,Emergency,2022-01-06,Ibuprofen,Inconclusive
KAREn LEe,24,Female,AB+,Arthritis,2019-09-12,Claire Leonard,Morales-Perez,Aetna,21342.01,195,Elective,2019-10-03,Paracetamol,Inconclusive
lUkE maRsHAlL,60,Male,B+,Arthritis,2019-07-05,Eric Stark,"and Richardson, Johnson Ellison",UnitedHealthcare,36110.38,309,Urgent,2019-07-21,Lipitor,Normal
chRiSTina SaLAZAr,80,Female,O-,Obesity,2022-07-03,Adrian Nelson,Hutchinson LLC,Blue Cross,39641.63,436,Elective,2022-07-18,Ibuprofen,Normal
wiLLiaM HarrIson,36,Female,B-,Arthritis,2019-12-16,Karen Young,PLC Howe,Cigna,10410.04,265,Elective,2019-12-27,Paracetamol,Abnormal
MarGaREt mENDeZ,83,Female,AB+,Diabetes,2023-04-24,Denise Johnson,Wise LLC,Medicare,45344.76,353,Emergency,2023-05-18,Paracetamol,Abnormal
LAcEy ramIrEz,46,Male,B+,Cancer,2022-08-22,Katie Brooks,"and Tanner Ramsey Price,",Blue Cross,30309.4,406,Emergency,2022-08-27,Paracetamol,Inconclusive
carOlyN MaRTIN,24,Female,O+,Cancer,2021-09-14,William Wilcox,Torres Group,Aetna,1431.34,420,Emergency,2021-09-25,Ibuprofen,Inconclusive
jaSON grEeN,41,Male,A-,Obesity,2019-07-03,Victoria Hopkins,Martin PLC,Blue Cross,24395.86,329,Elective,2019-07-29,Paracetamol,Inconclusive
JuLiAN OweNs,38,Male,O-,Arthritis,2021-03-16,Mrs. Amanda Hunter MD,"Anderson Morse, Torres and",UnitedHealthcare,48661.68,136,Emergency,2021-03-30,Paracetamol,Normal
cHRiStopHEr WAShIngtOn,47,Male,O-,Arthritis,2024-04-05,Marissa Swanson,Jones Group,Cigna,40168.58,472,Emergency,2024-05-03,Ibuprofen,Normal
MiChaeL coX,41,Male,O-,Obesity,2024-01-24,Richard Holland,"and Leonard Brown George,",Blue Cross,42266.15,280,Emergency,2024-02-21,Ibuprofen,Abnormal
PAtRIcK POwEll,61,Female,AB+,Diabetes,2021-08-28,Steven Jones,Morse-Jones,Cigna,23966.43,429,Emergency,2021-09-06,Ibuprofen,Inconclusive
JaMiE WatERS,34,Female,A+,Diabetes,2019-05-12,Christina Fowler,Todd PLC,UnitedHealthcare,3143.65,369,Elective,2019-05-26,Paracetamol,Abnormal
JeFfrEY mArTiNeZ,61,Female,B+,Obesity,2021-11-01,Jerry Brown,"Smith Morgan and Hawkins,",Medicare,28773.75,430,Urgent,2021-11-28,Lipitor,Normal
conNoR VincENt,33,Female,A+,Arthritis,2024-03-02,Devin Williams,"and Shaffer Williams Leon,",UnitedHealthcare,43558.77,332,Elective,2024-03-31,Aspirin,Abnormal
CoNNOr broWN,20,Male,A+,Asthma,2019-09-17,Laura Baker,"and Evans, Franklin Huffman",Cigna,36778.65,354,Urgent,2019-09-29,Penicillin,Normal
kimBeRlY DElGadO,50,Female,AB+,Cancer,2019-06-05,Brenda Webb,Collins-Fox,Cigna,7014.96,374,Urgent,2019-06-17,Ibuprofen,Inconclusive
pEtEr MERCer,73,Male,B-,Arthritis,2023-04-15,Madison Wilkinson,Smith LLC,Aetna,26988.1,450,Elective,2023-05-11,Penicillin,Abnormal
JOCelYN lAwSON,46,Male,B-,Arthritis,2021-05-11,Steven Larson,"Pace and Hughes Phillips,",Aetna,3302.56,341,Elective,2021-05-16,Paracetamol,Normal
caRLoS smiTH,62,Female,A+,Obesity,2019-10-26,Sheila Bowen,"Smith, and White Mcintyre",Medicare,22557.48,324,Urgent,2019-11-02,Paracetamol,Normal
JAcoB chAndleR,45,Male,A+,Obesity,2022-03-13,Penny Snyder,Powell LLC,Aetna,4276.68,263,Urgent,2022-03-15,Lipitor,Normal
SaraH rOCHa,81,Female,A+,Asthma,2022-01-29,Heather Green,"Hunt, Johnson and Walton",Blue Cross,16761.23,146,Elective,2022-02-17,Lipitor,Inconclusive
MatThew WoOD,44,Female,A+,Diabetes,2022-06-03,Brent Acevedo,Fox-Matthews,Aetna,39918.9,343,Urgent,2022-06-09,Lipitor,Inconclusive
toM GUZMAn,44,Female,B-,Diabetes,2023-02-03,Karen Yoder,"Phillips, Green Hunt and",Cigna,6055.81,423,Urgent,2023-02-13,Aspirin,Inconclusive
RobERT WHeeLer,72,Male,AB+,Cancer,2020-03-05,James Espinoza,"Harper Jackson Jordan, and",UnitedHealthcare,38005.43,265,Elective,2020-03-28,Paracetamol,Normal
MEgAn haAs,30,Female,A+,Arthritis,2021-01-01,Stephanie Mitchell,Ltd Hernandez,Blue Cross,25842.39,385,Elective,2021-01-24,Lipitor,Inconclusive
ALexIS stEIN,63,Female,A-,Cancer,2022-09-16,Patrick Smith,"Boyd, Gamble and Cruz",Cigna,17600.49,133,Elective,2022-09-30,Aspirin,Normal
AlYsSA jOneS,69,Female,AB+,Obesity,2019-07-07,Darren Yang,"Castro and Smith, Brown",Aetna,22021.2,138,Emergency,2019-08-01,Ibuprofen,Normal
Diane peReZ,76,Female,O+,Obesity,2019-06-17,Erica Stanton,Carney-Brown,Blue Cross,43850.03,116,Urgent,2019-07-03,Penicillin,Inconclusive
BrenDA McCOrMick,22,Female,O-,Obesity,2020-04-26,Curtis Mcclain,Davis-Carroll,UnitedHealthcare,16033.98,460,Emergency,2020-05-03,Paracetamol,Inconclusive
jOhn kNigHt,51,Female,AB+,Arthritis,2021-11-30,Amy Reyes,"Rodriguez Moore Simmons, and",UnitedHealthcare,17480.84,114,Urgent,2021-12-23,Paracetamol,Abnormal
DanIEL GIll,71,Male,A-,Diabetes,2023-06-21,Jessica Diaz,"Cummings Becker, Lam and",UnitedHealthcare,6436.23,334,Elective,2023-07-02,Paracetamol,Normal
MAdisON KramER,40,Male,B+,Arthritis,2021-06-16,Crystal Lucas,Watson-Marshall,Blue Cross,16146.83,398,Urgent,2021-07-12,Lipitor,Abnormal
wILLiAM MiLLER,42,Female,B+,Arthritis,2019-05-22,Angelica Lopez,Lamb-Brown,Cigna,4836.03,145,Elective,2019-06-17,Ibuprofen,Normal
VEroniCa WARreN,37,Female,O+,Obesity,2023-08-19,Rachel Gibson,"and Arellano, Caldwell Mathis",Medicare,16696.43,157,Emergency,2023-09-04,Penicillin,Abnormal
tiMOtHy FostER,43,Male,B-,Cancer,2019-07-06,Jared Nichols,Santana Sons and,Aetna,43348.86,395,Urgent,2019-07-15,Penicillin,Inconclusive
sTePhEN MartiNez,64,Female,B+,Hypertension,2023-11-17,Jonathan Zuniga MD,Hart Group,UnitedHealthcare,37123.48,301,Emergency,2023-11-23,Penicillin,Normal
sHAwNA bUrtON,22,Female,O+,Obesity,2020-10-14,Jennifer Ruiz,Thomas LLC,Medicare,32455.48,266,Elective,2020-10-16,Penicillin,Abnormal
RAlph WeIsS,84,Male,O+,Cancer,2019-10-15,Kevin Evans,Alexander-Gallagher,Cigna,42050.69,127,Urgent,2019-11-12,Ibuprofen,Abnormal
MIcHAEL wagnEr,19,Female,B-,Diabetes,2019-10-05,Stephanie Williams,"Riley, Walker and Mercado",Blue Cross,14715.62,308,Emergency,2019-10-17,Ibuprofen,Abnormal
bRiAN dixon,41,Male,B+,Cancer,2022-02-10,Jeremy Hernandez,"and Vance Berry Hernandez,",Medicare,1121.89,159,Elective,2022-03-12,Penicillin,Normal
thOmas davIES,67,Female,B+,Arthritis,2019-10-22,Kathryn Smith,Diaz-Walters,Blue Cross,40561.74,456,Emergency,2019-11-02,Penicillin,Inconclusive
MATthew rUIz,78,Female,O+,Diabetes,2020-08-19,Veronica Mcdonald,"Wilson, and Davis Wolfe",Cigna,48326.52,468,Emergency,2020-08-21,Lipitor,Inconclusive
THOMAs tOrrEs,41,Male,O-,Arthritis,2022-08-24,Jade Burton,"Brown, Marshall and Neal",Medicare,37157.74,264,Urgent,2022-08-27,Ibuprofen,Inconclusive
mATthew cAMErON,39,Male,O+,Cancer,2019-11-06,Judith Reid,Butler Ltd,UnitedHealthcare,41131.89,495,Urgent,2019-11-30,Lipitor,Inconclusive
Dr. kevin cArTER Jr.,59,Female,AB-,Arthritis,2024-03-15,Edward Barton,Garrett PLC,UnitedHealthcare,31917.42,331,Emergency,2024-03-29,Penicillin,Inconclusive
scotT ClaY,84,Female,AB+,Diabetes,2019-10-15,Donna Mcknight,"Watson, and Santiago Davidson",UnitedHealthcare,48876.47,399,Urgent,2019-11-06,Ibuprofen,Normal
NAthAn bRowN,26,Male,B-,Hypertension,2021-10-19,Brittney Morris,Durham PLC,UnitedHealthcare,28339.11,310,Urgent,2021-10-21,Paracetamol,Normal
mElISsA JENkiNS ddS,20,Male,AB+,Diabetes,2021-12-19,Tamara Moore,Guerrero-Hall,Aetna,30707.62,299,Emergency,2022-01-10,Ibuprofen,Inconclusive
KImbErly MartInez,57,Male,O+,Asthma,2021-12-24,Matthew Duffy,Rodriguez-Wyatt,UnitedHealthcare,43022.01,348,Urgent,2021-12-27,Lipitor,Normal
amY tORrES,46,Male,AB-,Diabetes,2022-10-16,Brandon Glenn,Jackson-Fuller,Blue Cross,13250.48,484,Emergency,2022-10-17,Penicillin,Normal
tONY AlleN,60,Female,B+,Obesity,2020-12-03,William Howe,Bennett-King,Medicare,25976.32,152,Elective,2020-12-04,Ibuprofen,Normal
ERIC SNOW,73,Female,AB-,Diabetes,2022-12-27,Kevin Knapp,"and Lewis Cohen, Buck",UnitedHealthcare,34955.08,380,Elective,2023-01-05,Paracetamol,Abnormal
KRIsTI LEE,20,Male,AB-,Hypertension,2023-03-12,Amy Shannon,Inc Cruz,Blue Cross,29657.54,352,Elective,2023-03-19,Ibuprofen,Inconclusive
StePhaniE WOODS,47,Male,B+,Hypertension,2021-04-24,John Freeman,"Wiggins Pacheco, and Vasquez",Blue Cross,24179.52,214,Elective,2021-05-01,Lipitor,Inconclusive
charlES cHaN,61,Male,B-,Obesity,2020-11-06,Chad Hicks,Mckinney-Wells,Blue Cross,7547.03,194,Emergency,2020-12-03,Penicillin,Abnormal
JIMmY MillEr,44,Male,O-,Arthritis,2023-07-23,Leslie Shannon,Group Kelly,UnitedHealthcare,39408.3,171,Urgent,2023-07-28,Penicillin,Inconclusive
JoaN baKER,35,Female,B-,Obesity,2019-06-25,Lisa Johnson,Group Garcia,Cigna,37625.89,176,Elective,2019-07-18,Lipitor,Abnormal
BrYan rOdRigUez,18,Female,AB+,Hypertension,2023-10-14,Robert Bowen,Morales-Erickson,UnitedHealthcare,34002.18,131,Elective,2023-11-10,Ibuprofen,Normal
josePH HIcKs,52,Female,AB-,Obesity,2020-01-03,Joel Gardner,Williamson and Sons,Medicare,36891.0,210,Elective,2020-02-02,Ibuprofen,Abnormal
cArLa PrIcE,80,Male,B+,Obesity,2021-02-27,Julie Moore,Evans-Contreras,Aetna,15417.68,445,Emergency,2021-03-04,Aspirin,Abnormal
jOshuA HiggInS jR.,30,Female,B-,Obesity,2024-02-11,George Yates,Benjamin-Becker,Medicare,40000.63,459,Emergency,2024-02-24,Penicillin,Inconclusive
jenniFER CHAVez,36,Male,AB+,Diabetes,2020-06-10,Fernando Gonzalez,"Taylor, Bush and Campos",Aetna,14055.92,215,Elective,2020-06-12,Penicillin,Abnormal
geORGE WaTTs,26,Female,A+,Cancer,2019-10-10,Katherine Johnson,"Burke Cain, Price and",UnitedHealthcare,6476.42,364,Elective,2019-10-23,Ibuprofen,Abnormal
ErIN bArneS,48,Female,A-,Hypertension,2020-01-31,Aaron Wood,Knight PLC,UnitedHealthcare,45671.88,176,Emergency,2020-02-06,Penicillin,Inconclusive
doNalD cHoI,58,Female,O+,Diabetes,2023-03-25,Taylor Clark,"Coleman Morris Terry, and",Medicare,4102.57,203,Urgent,2023-04-19,Ibuprofen,Normal
KrIstY OsBOrNE,82,Male,B+,Hypertension,2024-01-06,Kara Flores,Sons Kim and,Aetna,21983.45,443,Emergency,2024-02-01,Penicillin,Inconclusive
ROger FErReLl,77,Female,B-,Diabetes,2021-11-15,Teresa Dennis,"Watson, Rose Smith and",Cigna,28926.19,127,Elective,2021-12-03,Lipitor,Abnormal
willIaM Smith,51,Female,AB+,Arthritis,2023-05-04,Hannah Turner,"Glass Johnson and Perez,",Blue Cross,25979.02,491,Elective,2023-05-20,Aspirin,Normal
DaNIelLE SHOrT,20,Male,O+,Diabetes,2021-03-06,Samuel Cochran,Thornton-Pierce,Cigna,43327.13,312,Elective,2021-03-21,Paracetamol,Normal
KIMBerlY RAmOS,78,Male,O-,Cancer,2023-12-11,Candice Wong,"Boyer Perez Wilson, and",Medicare,50935.83,249,Emergency,2023-12-25,Ibuprofen,Abnormal
jessICA WIlliAmS,63,Female,AB-,Arthritis,2022-07-29,Jerry Campbell,"and Sanchez Gonzales Bray,",UnitedHealthcare,48251.13,285,Elective,2022-08-26,Lipitor,Normal
marIa MOSs,37,Female,B+,Diabetes,2021-07-21,Brandy Phillips MD,"and Moore Tate, Hooper",UnitedHealthcare,49489.38,433,Emergency,2021-07-22,Paracetamol,Normal
MichaEL AcosTa,49,Female,AB-,Obesity,2022-11-21,Sylvia Bell,Cole-West,Blue Cross,3184.18,442,Elective,2022-11-23,Lipitor,Inconclusive
nIcOLE beNNeTT,20,Female,O+,Cancer,2023-11-24,Sharon Campos,"and Dennis, Stanley Meadows",Aetna,39665.85,388,Urgent,2023-12-21,Lipitor,Normal
nAtHAN RIddlE,36,Male,A+,Arthritis,2021-07-21,Clinton Johnson,and Weiss Sons,UnitedHealthcare,10627.69,490,Emergency,2021-08-11,Ibuprofen,Normal
RAnDy JOnEs,52,Female,B+,Arthritis,2023-12-05,Amanda Bradley,Gross PLC,Cigna,36888.71,414,Emergency,2023-12-29,Ibuprofen,Abnormal
JEnnifer BlEVInS,41,Male,A-,Diabetes,2024-03-24,Nicole Brown,Weaver-Robinson,Cigna,40540.65,169,Urgent,2024-04-08,Lipitor,Abnormal
MaTThEw MORrIs,83,Male,O+,Asthma,2024-03-26,Jennifer Kim,"Torres and Brock, Watson",UnitedHealthcare,21109.66,436,Elective,2024-04-19,Paracetamol,Normal
lOuIs MoRris,68,Female,AB+,Arthritis,2022-06-10,Mrs. Laura Hendrix DDS,"Hernandez, Adams Barnett and",Blue Cross,7743.75,487,Emergency,2022-06-19,Ibuprofen,Normal
traCEy ray,85,Female,AB-,Cancer,2021-03-07,Michelle Sullivan,Williams-Todd,Aetna,40047.87,259,Elective,2021-03-13,Penicillin,Inconclusive
DYLan waRd,18,Male,AB-,Hypertension,2019-09-20,Robin Esparza,Barnes-Ruiz,UnitedHealthcare,37880.47,194,Emergency,2019-10-07,Aspirin,Normal
andrEA mALDONADO,76,Male,O+,Cancer,2020-12-06,Eric Gould,Washington-Stanley,Cigna,35675.22,489,Urgent,2020-12-29,Paracetamol,Abnormal
jOSHUa WrigHt,53,Female,B+,Asthma,2023-08-28,Jeanette Sanchez,Taylor-Price,Medicare,22552.01,200,Elective,2023-09-08,Lipitor,Normal
DaRLenE HARriSON,32,Female,O+,Obesity,2019-05-22,Douglas Mccoy,Morrison-Weber,UnitedHealthcare,46783.4,328,Emergency,2019-05-31,Penicillin,Abnormal
johNny NEwMan,63,Female,B+,Obesity,2022-09-22,Stephen Becker,Inc Evans,Cigna,27068.89,129,Elective,2022-10-07,Lipitor,Inconclusive
heAThER LopEz,50,Female,B-,Asthma,2022-05-29,Jacob Hall,Sullivan-Guzman,Aetna,4551.66,408,Emergency,2022-06-28,Penicillin,Inconclusive
BianCa bryaNt,25,Male,AB-,Cancer,2022-08-11,Amanda Lawson,Lee-Guzman,UnitedHealthcare,42182.64,399,Elective,2022-09-01,Penicillin,Abnormal
jOsEpH vAlEncia,70,Male,O+,Obesity,2021-07-23,Margaret Robinson,Carson Group,Blue Cross,5334.28,147,Elective,2021-07-28,Penicillin,Abnormal
SCoTt garNEr,77,Male,AB+,Cancer,2021-12-28,Emily Schneider,Vang Ltd,Medicare,32997.27,395,Urgent,2022-01-26,Penicillin,Abnormal
jOYcE oWEN,48,Male,B+,Hypertension,2019-06-09,Pamela Zamora,Jensen-Monroe,UnitedHealthcare,41321.31,109,Elective,2019-06-29,Aspirin,Abnormal
dOMIniQUE SmIth,63,Male,AB-,Arthritis,2020-06-21,Tyler Merritt,Moore Ltd,Blue Cross,48320.83,128,Emergency,2020-06-27,Aspirin,Inconclusive
sAbrina ADaMS,50,Female,B-,Hypertension,2020-04-30,Troy Morales,Owens Ltd,Blue Cross,31594.66,181,Emergency,2020-05-29,Aspirin,Normal
krYstaL cARTEr,21,Male,B+,Diabetes,2024-01-01,Christopher Cross,Anderson-Fowler,Cigna,4821.25,146,Urgent,2024-01-11,Ibuprofen,Inconclusive
jOhN ORtIz,35,Female,A-,Diabetes,2022-09-18,Anthony Serrano,Parker PLC,Medicare,12770.8,436,Urgent,2022-10-10,Lipitor,Abnormal
DUaNE OrtIz,69,Male,A+,Hypertension,2022-05-17,Nicole Russell,Williams-Duran,Cigna,19520.02,492,Elective,2022-06-05,Lipitor,Normal
dUSTiN POwelL,79,Female,B+,Asthma,2019-08-03,Philip Owens,Group Cooper,Medicare,28865.63,162,Elective,2019-08-06,Paracetamol,Abnormal
BriaN STaNLeY,37,Male,B+,Obesity,2021-06-27,Patricia Davis,PLC Rich,UnitedHealthcare,45253.85,439,Urgent,2021-06-28,Aspirin,Abnormal
kiMBERLy WArd,56,Female,AB+,Obesity,2023-06-12,Kimberly King,Sons and Rose,Medicare,34592.32,395,Elective,2023-06-21,Lipitor,Abnormal
saMUeL SaNtiAgO,26,Female,A+,Obesity,2020-12-02,Zachary West,"Rodriguez Rivera, Murphy and",Blue Cross,24493.67,103,Urgent,2020-12-16,Ibuprofen,Abnormal
AnNEttE LeoN,71,Male,O-,Obesity,2023-06-26,John Morgan,Anderson-Forbes,Cigna,49032.27,227,Elective,2023-07-16,Aspirin,Normal
JeNNa HawKins,27,Male,O+,Diabetes,2022-12-03,Sarah Lopez,"Edwards, Robinson and West",Blue Cross,42039.87,273,Urgent,2022-12-22,Ibuprofen,Inconclusive
carLa evaNs,38,Female,A-,Asthma,2020-08-03,Thomas Collins,Cruz PLC,Medicare,19403.48,338,Urgent,2020-08-15,Aspirin,Normal
mIchElLe STevens,65,Female,B+,Diabetes,2021-04-04,David Miller,Winters Group,Cigna,36073.76,160,Elective,2021-04-25,Paracetamol,Abnormal
ALEXandRIA grifFitH,64,Female,A+,Arthritis,2019-05-15,Brandon Rodriguez,PLC Macdonald,Aetna,15017.72,337,Urgent,2019-05-26,Aspirin,Inconclusive
BARBAra HuDsON,34,Female,AB+,Cancer,2020-09-18,Cynthia Harrell,"Davis, Morris Richardson and",UnitedHealthcare,28087.84,327,Elective,2020-10-08,Paracetamol,Abnormal
LAuRa GoNZAlEZ,20,Female,B+,Obesity,2021-03-18,John Frank,Jones PLC,Aetna,48108.06,343,Emergency,2021-04-11,Paracetamol,Abnormal
JoHn saNtOs,80,Female,O+,Cancer,2020-02-14,Abigail Lopez,Kerr-Young,Aetna,14511.54,165,Urgent,2020-03-13,Aspirin,Inconclusive
AShLeY RiVAs,80,Female,B+,Asthma,2023-05-15,Barbara Lopez,"Cantrell Herring, and Moreno",Blue Cross,2207.5,185,Emergency,2023-06-06,Penicillin,Normal
sherYL sMITH,45,Female,B+,Obesity,2020-05-17,Michael Sanchez,Elliott-Howell,Blue Cross,9374.03,284,Urgent,2020-06-05,Ibuprofen,Abnormal
TylEr Cox,23,Male,B-,Diabetes,2019-12-14,Emily Brown,LLC Hernandez,Aetna,45284.45,466,Emergency,2020-01-05,Lipitor,Normal
JIlLIaN bROWN,39,Female,O-,Cancer,2019-07-22,Hannah Mitchell,"and Hill Collins, Navarro",Blue Cross,5097.34,152,Elective,2019-08-21,Penicillin,Inconclusive
EmIlY BERg,50,Female,B-,Arthritis,2023-09-10,Michelle Johns,"and Baker, Anderson Powell",Cigna,10730.44,124,Urgent,2023-09-26,Lipitor,Normal
chRIsToPhEr pIercE,83,Male,A+,Obesity,2019-07-31,Paula Hood,Group Foster,UnitedHealthcare,3726.35,400,Emergency,2019-08-11,Paracetamol,Abnormal
hoLLy ALLeN,80,Male,A+,Diabetes,2022-08-20,Sarah Gillespie,"Armstrong, and Clayton Nguyen",Cigna,11157.51,258,Urgent,2022-08-25,Lipitor,Normal
haNnah JOnes,81,Male,O+,Obesity,2022-10-10,Kevin Munoz,Ltd Ramirez,Medicare,5984.19,278,Elective,2022-11-03,Ibuprofen,Abnormal
KATHLeEn RUssell,61,Female,B-,Asthma,2024-03-02,Abigail King,"Mills, Johnson Wilson and",Medicare,23253.4,167,Emergency,2024-03-09,Aspirin,Abnormal
dERRIcK sMitH,26,Male,AB+,Cancer,2021-06-15,Mary Medina,"Neal, and Hernandez Casey",UnitedHealthcare,21873.16,171,Emergency,2021-06-18,Penicillin,Abnormal
AnGELiCa riVERA,38,Female,A-,Asthma,2022-03-07,Todd Sullivan,Clark-Cameron,Blue Cross,30420.01,452,Elective,2022-03-31,Aspirin,Abnormal
kElLy garZa,39,Female,AB-,Obesity,2020-03-06,Nicole Frost,"George Jones, and Walters",UnitedHealthcare,16631.2,135,Elective,2020-03-29,Ibuprofen,Abnormal
thoMAs BATes,59,Female,AB-,Cancer,2021-09-06,Rachel Baker,Sexton-Wilson,Blue Cross,30539.45,151,Emergency,2021-09-17,Lipitor,Abnormal
mR. micHAeL foX,49,Male,A-,Diabetes,2024-02-21,Ryan Fisher,"Henderson Campbell Sanchez, and",Cigna,2019.12,316,Emergency,2024-02-26,Aspirin,Normal
MITCHEll miLlER,79,Female,O-,Hypertension,2021-08-06,William Thompson,PLC Long,Cigna,49919.23,322,Emergency,2021-08-14,Ibuprofen,Abnormal
JACqueLINe BRAdShAw,62,Female,A+,Obesity,2022-06-24,Cheryl Espinoza,"Watson, Chambers Peck and",Blue Cross,10460.76,197,Emergency,2022-07-05,Aspirin,Inconclusive
roBIN poweLL,59,Male,B+,Arthritis,2021-02-03,Michael Burns,and Martinez Sons,Blue Cross,39484.66,225,Emergency,2021-03-03,Aspirin,Abnormal
PEter nICHoLs,38,Female,B-,Arthritis,2019-07-09,Tracy Gibson,"and Sherman Mack, Wallace",Aetna,10763.8,101,Elective,2019-07-30,Ibuprofen,Abnormal
cHrISTOPHER MARtIneZ,71,Female,O-,Diabetes,2022-09-24,Edwin Holmes,Crane-Velez,Medicare,19914.92,265,Urgent,2022-10-16,Ibuprofen,Abnormal
gINA olivEr,32,Female,O+,Hypertension,2021-05-22,Michael Turner,Willis Group,Cigna,8554.33,236,Emergency,2021-06-01,Penicillin,Inconclusive
kathRYN FuentES,49,Male,B+,Hypertension,2023-06-10,Michael Reeves,"Gonzalez, James and Davis",Medicare,15326.61,212,Elective,2023-07-01,Aspirin,Normal
dr. CRAig SChULtz,78,Female,A-,Hypertension,2022-07-01,Deborah Scott,Evans-Martinez,Aetna,33360.49,264,Elective,2022-07-14,Paracetamol,Abnormal
mELISsa wilLIamS,71,Male,B+,Hypertension,2024-03-30,Mark White,"Olsen Edwards, and Williams",Medicare,44175.61,363,Elective,2024-04-05,Penicillin,Normal
MegaN BlACk,23,Female,AB-,Hypertension,2019-09-14,Robert Cook,Kim-Skinner,UnitedHealthcare,11766.77,129,Elective,2019-09-29,Aspirin,Normal
chRIstinE smITH,81,Female,B+,Cancer,2021-08-12,Randy Lyons,Miller-Williams,UnitedHealthcare,36713.08,446,Emergency,2021-08-18,Aspirin,Abnormal
KarEn roSe,83,Male,A+,Arthritis,2020-08-06,Haley Middleton,Taylor-Waller,Medicare,5114.98,147,Elective,2020-08-24,Aspirin,Abnormal
merEDItH IBARrA,45,Female,AB-,Asthma,2024-03-01,Tammy Smith,Vazquez-Smith,Medicare,2495.74,416,Urgent,2024-03-26,Ibuprofen,Inconclusive
STeVEN BaRkER,30,Male,B-,Arthritis,2022-04-14,Aaron Webb,Mason-Carroll,Cigna,32687.1,438,Elective,2022-04-27,Ibuprofen,Abnormal
MaRK mulLINs,69,Female,O+,Obesity,2019-07-28,Curtis Mueller,LLC Archer,Medicare,4424.9,174,Urgent,2019-08-06,Penicillin,Abnormal
MatTHEw EDwards,81,Female,A-,Hypertension,2023-07-27,Louis Adams,Wiley PLC,Aetna,33788.67,147,Elective,2023-08-22,Lipitor,Inconclusive
MIChAEL KIrK,24,Female,AB+,Arthritis,2023-08-10,Laura Williams,"Cochran Stevens, and Kaufman",Blue Cross,31908.74,253,Elective,2023-08-24,Paracetamol,Inconclusive
jaMIE mCdOnald,50,Male,A-,Cancer,2022-03-02,Ashley Mendoza,LLC Wong,UnitedHealthcare,34325.24,378,Elective,2022-03-22,Aspirin,Normal
deBOrAH rObinSoN,54,Female,A+,Diabetes,2022-08-28,Laura Smith,Bailey and Sons,Blue Cross,4279.67,329,Emergency,2022-09-10,Lipitor,Normal
DEnNIS wHiTE,45,Female,A+,Hypertension,2020-05-29,Brandi Baker,"and Levine, Rodriguez Boone",UnitedHealthcare,8903.16,216,Emergency,2020-06-25,Lipitor,Normal
RICHaRd RhoDEs,81,Male,AB+,Diabetes,2023-07-21,Shannon Case,and Adams Sons,Aetna,6061.46,462,Elective,2023-08-12,Aspirin,Normal
CanDaCe HOLMES,50,Female,A+,Hypertension,2020-09-26,Megan Wilson,and Sons Bernard,Medicare,5025.76,343,Elective,2020-10-10,Aspirin,Inconclusive
lIndA mARtiN,58,Male,O-,Cancer,2024-04-09,Derek Rogers,Lee-Tate,Cigna,24841.37,387,Urgent,2024-04-19,Penicillin,Inconclusive
lAnCe CARteR,39,Male,A+,Obesity,2021-10-04,Elizabeth Hebert,LLC Garcia,Aetna,37607.16,370,Emergency,2021-10-07,Ibuprofen,Normal
JENNiFEr COLemaN,37,Female,O-,Hypertension,2020-04-28,David Ramirez,"and Salinas, Harris Ray",UnitedHealthcare,25855.22,236,Emergency,2020-05-10,Paracetamol,Inconclusive
StACey OWEN,46,Female,O+,Cancer,2023-07-09,Steven Young,Vazquez-Perry,Blue Cross,30330.45,238,Elective,2023-08-08,Penicillin,Inconclusive
Stacie JOhnsoN,27,Male,AB+,Hypertension,2021-05-05,Kathy Gonzalez PhD,LLC Stein,UnitedHealthcare,9290.26,392,Elective,2021-05-27,Penicillin,Abnormal
jeffrey WIlSon,79,Male,AB-,Diabetes,2021-03-29,Rachel Ramirez,Floyd-Anderson,Blue Cross,39947.22,264,Elective,2021-04-01,Paracetamol,Normal
RoBerT HernANDEZ,32,Male,O+,Asthma,2020-05-12,John Anderson,LLC Taylor,Medicare,31077.79,245,Urgent,2020-06-02,Lipitor,Inconclusive
LAuReN WIlSoN,61,Female,A+,Cancer,2021-06-18,Philip Jackson,Horton PLC,Blue Cross,12195.29,389,Emergency,2021-07-07,Ibuprofen,Normal
STEVen RogErS,58,Female,A+,Hypertension,2023-03-09,Julie Morris,"Savage, and Schwartz Lane",UnitedHealthcare,40081.2,233,Elective,2023-03-13,Lipitor,Normal
georgE WhEELeR,23,Male,A+,Cancer,2020-11-18,Morgan Miller,"Harding Jenkins, and Mcneil",Aetna,42423.6,285,Elective,2020-11-26,Lipitor,Inconclusive
ALExAndrA KHaN,32,Male,AB+,Arthritis,2022-07-14,Michael Vaughn,"Bowen Lopez, and Terry",Aetna,-692.41,372,Elective,2022-07-19,Lipitor,Abnormal
mIraNDA JOHnSOn,46,Female,A+,Cancer,2020-12-09,Brittney Nash,"Levine Arnold, Bauer and",Cigna,27101.91,314,Emergency,2021-01-03,Penicillin,Normal
bRAndON DELgAdo,52,Male,A-,Cancer,2022-01-16,Sara Stevenson,Wells Group,Aetna,37147.27,330,Urgent,2022-02-05,Ibuprofen,Abnormal
blAKE milLEr,52,Male,O-,Diabetes,2023-11-17,Kristin Koch,Garrett-Anderson,Aetna,26253.82,146,Urgent,2023-11-29,Lipitor,Abnormal
BreNDa EDwArDs,38,Female,B+,Arthritis,2019-06-19,Roger Grant,"Ward and Goodman, Wade",Medicare,36815.27,351,Elective,2019-06-24,Lipitor,Abnormal
NoaH JENniNgS,77,Male,AB+,Hypertension,2019-12-13,Carol Kelly,Rice-Gregory,UnitedHealthcare,6245.72,298,Urgent,2020-01-09,Penicillin,Inconclusive
heNRy ryAn,44,Female,AB-,Hypertension,2020-01-08,Monica Adams,"and Palmer Castro, Cabrera",Medicare,19905.41,134,Elective,2020-01-30,Paracetamol,Inconclusive
yOlANDa nelsoN,64,Male,A+,Diabetes,2020-04-12,Rebecca Cole,Ltd Manning,UnitedHealthcare,9531.76,296,Emergency,2020-04-15,Penicillin,Abnormal
mIChAel murPHY,64,Female,B-,Arthritis,2022-11-03,Jessica Barnes,PLC Singh,Aetna,49047.99,202,Urgent,2022-11-12,Aspirin,Abnormal
jenNIFeR PoTTeR,77,Male,A-,Hypertension,2019-06-07,Martin Bond,"Ashley and Diaz, Cameron",Medicare,41138.43,320,Emergency,2019-07-03,Paracetamol,Abnormal
sARA hAnSEN,19,Male,A+,Cancer,2020-10-17,Christopher Hill,Hughes-Houston,UnitedHealthcare,17091.78,372,Urgent,2020-10-25,Aspirin,Normal
TiFfaNy GrEEr,28,Female,O+,Cancer,2020-08-07,Christina Garcia,Roy-Sandoval,Cigna,45982.18,242,Emergency,2020-08-11,Paracetamol,Normal
MicHaEl daViS,42,Male,B-,Hypertension,2020-12-07,Willie Smith,PLC Jenkins,Blue Cross,8250.15,140,Urgent,2021-01-04,Paracetamol,Normal
jEsuS GOmez,30,Male,A-,Hypertension,2021-05-18,Julie Hall,"Obrien and George, Miller",Cigna,40030.55,135,Urgent,2021-06-14,Ibuprofen,Normal
wilLIe JONES,44,Female,B+,Arthritis,2023-04-14,Brittany Archer,Brennan-Brown,Aetna,9690.86,378,Emergency,2023-04-18,Paracetamol,Inconclusive
mIcHEllE MooRe,66,Male,A-,Diabetes,2022-02-08,Kevin White,"Goodman Johnson, Gray and",Medicare,37257.55,448,Urgent,2022-03-06,Aspirin,Abnormal
JAmiE cONWAY,41,Female,O+,Obesity,2023-03-01,Jason Butler,"and Harper Mcdonald, Sullivan",Blue Cross,26404.84,197,Emergency,2023-03-07,Lipitor,Abnormal
ALeJandRA LEon,72,Female,O+,Hypertension,2023-01-26,Emma Flores,Gallagher-Bradley,Aetna,22705.17,497,Urgent,2023-01-29,Aspirin,Abnormal
DAVid sMItH,76,Male,AB-,Hypertension,2024-02-13,Francis Ryan,"Proctor and Smith Sellers,",Medicare,2620.55,357,Urgent,2024-03-06,Penicillin,Normal
KeNneTH sheppard,36,Male,O+,Cancer,2022-12-31,Darrell Stewart,"Hughes Fry, Villarreal and",Aetna,10594.45,331,Emergency,2023-01-26,Paracetamol,Abnormal
MAttHEW cRAiG,28,Male,B-,Arthritis,2021-06-07,Matthew Little,Davis Sons and,UnitedHealthcare,16565.63,415,Elective,2021-07-04,Aspirin,Inconclusive
viCtOriA chamBeRs,64,Male,A+,Hypertension,2022-05-30,Jordan Johnson,Sons Wilkerson and,Aetna,34541.14,474,Elective,2022-06-14,Aspirin,Abnormal
ZAcHary MoRgan,42,Male,AB-,Cancer,2021-11-02,Harold Cross,Young-Pennington,Cigna,9185.7,262,Elective,2021-11-15,Paracetamol,Abnormal
GReGOrY BuchANAN,33,Female,O+,Arthritis,2021-12-30,William Rivas,Foster-Jackson,Aetna,37820.57,177,Urgent,2022-01-29,Aspirin,Normal
aMY MILler,30,Male,A+,Asthma,2021-08-04,Heather Wilkerson,PLC Quinn,Blue Cross,24159.04,226,Emergency,2021-08-26,Penicillin,Abnormal
CHaRLES wRiGHT,56,Female,A+,Arthritis,2021-08-15,Jose Solis,Shelton-Coleman,UnitedHealthcare,27310.18,477,Emergency,2021-08-19,Ibuprofen,Abnormal
jEnNIFeR OrTIZ Dvm,70,Female,AB-,Obesity,2020-05-06,Scott Larson,Holden-Jimenez,UnitedHealthcare,13568.11,498,Emergency,2020-05-29,Paracetamol,Abnormal
bRENT blAcK,78,Male,A-,Hypertension,2022-07-30,Ronnie Berg,Ward-Nelson,Blue Cross,6880.14,233,Urgent,2022-08-20,Penicillin,Inconclusive
SaMaNthA brOwN,32,Female,O+,Arthritis,2021-10-06,Douglas Rocha DDS,Watkins-Carter,UnitedHealthcare,40921.2,106,Urgent,2021-10-11,Aspirin,Abnormal
GlENN carPEnteR,58,Male,B+,Asthma,2021-01-20,John Bennett,Garcia-Butler,Blue Cross,11795.88,274,Urgent,2021-02-03,Aspirin,Abnormal
kElly broWN,21,Male,O-,Hypertension,2020-02-17,Mary Powers,LLC Mcdowell,Medicare,44738.82,187,Emergency,2020-03-12,Paracetamol,Normal
JilL JOHnson,41,Female,O-,Asthma,2023-11-09,Curtis Terry,Group Walters,Aetna,40375.4,367,Urgent,2023-12-09,Paracetamol,Inconclusive
JAcob mArquEZ,68,Male,O+,Diabetes,2021-11-09,Jonathan Stewart,Smith Group,Blue Cross,27315.6,339,Emergency,2021-11-21,Penicillin,Abnormal
aNgEla caMpBElL,21,Female,A-,Arthritis,2020-02-10,David Meyer,Randall-Boyd,Cigna,34231.82,102,Emergency,2020-02-11,Penicillin,Normal
SHANNoN rObINsON,22,Female,O+,Hypertension,2023-02-17,Brandon Phillips,Hawkins Ltd,Blue Cross,33341.55,411,Elective,2023-03-13,Paracetamol,Abnormal
ANgEla elliS,85,Female,AB+,Diabetes,2023-06-05,Robert Hancock,Riddle-Henry,Medicare,10212.54,107,Urgent,2023-06-13,Ibuprofen,Inconclusive
briANNA HANson,42,Male,AB+,Obesity,2019-12-11,Tyler Day,"Kemp, and Jimenez Evans",Medicare,13811.7,442,Urgent,2020-01-08,Paracetamol,Abnormal
maRY gonzaLEs,74,Male,B+,Asthma,2021-04-11,Destiny Wong,Group Stokes,Aetna,36525.56,335,Urgent,2021-04-18,Lipitor,Abnormal
emIly JosEph,78,Female,O-,Obesity,2021-07-12,Beth Adams,Stephens-Contreras,Blue Cross,10391.07,213,Emergency,2021-07-19,Aspirin,Normal
STephanIe kENneDY,32,Female,O+,Obesity,2023-12-29,Craig Harris,Thomas LLC,Blue Cross,39813.92,296,Elective,2024-01-22,Aspirin,Normal
TAmmY walsH,81,Male,A+,Obesity,2021-04-15,Alexander Villarreal,Robertson-Jones,Blue Cross,4287.4,224,Elective,2021-05-02,Penicillin,Normal
MiChaEL TUCkER,27,Male,B-,Asthma,2020-11-19,Andrew Davis,Walker LLC,UnitedHealthcare,18938.18,228,Elective,2020-11-28,Paracetamol,Normal
BriTTAny MoORe,36,Female,AB+,Diabetes,2023-02-05,Erin Galvan,"and Martin Johnson, Ochoa",Cigna,3646.43,453,Emergency,2023-02-20,Lipitor,Inconclusive
THOMas CoLeMaN,40,Female,A-,Arthritis,2024-01-21,Charles Wood,Cole LLC,Aetna,35358.35,117,Emergency,2024-01-29,Lipitor,Abnormal
miChaEL BErrY,50,Female,O+,Asthma,2024-02-18,Carlos Marshall,"Griffin, and Dickerson Scott",Aetna,12492.99,447,Urgent,2024-03-02,Aspirin,Inconclusive
KaYlEE PoWERS,69,Female,AB+,Diabetes,2021-07-16,Olivia Smith,"Barnes Kennedy Thomas, and",Aetna,14495.67,328,Urgent,2021-07-27,Penicillin,Abnormal
juLiE HOllanD,81,Female,A-,Obesity,2022-11-18,Cody Bryan,Hancock-Hernandez,Cigna,38502.18,381,Elective,2022-12-02,Penicillin,Normal
SUSAn cOwan,48,Male,B+,Arthritis,2019-05-28,Rachel Daniel,Ltd Moore,UnitedHealthcare,18907.34,278,Elective,2019-06-05,Penicillin,Normal
cAThY FLOReS,32,Female,O-,Cancer,2022-05-05,Shannon Leonard,Adams-Mcgrath,Aetna,9478.33,457,Emergency,2022-05-11,Penicillin,Normal
james murPHy,61,Female,B+,Asthma,2021-06-28,Carla Johnson,"Rivers Poole, Coleman and",Medicare,2239.41,242,Emergency,2021-07-25,Aspirin,Abnormal
NathanIEl LewiS,77,Female,B+,Hypertension,2021-12-13,Edward White,Galvan-Gross,Aetna,11623.62,221,Elective,2022-01-11,Lipitor,Abnormal
ThOmaS MANn,27,Male,AB+,Asthma,2021-08-09,Amanda Howard,and Sanchez Sons,Blue Cross,32707.31,287,Emergency,2021-08-28,Lipitor,Normal
saNdrA hIlL,29,Male,AB-,Asthma,2020-04-26,Andrew Robinson,Wade Sons and,Aetna,29864.55,431,Urgent,2020-05-10,Lipitor,Inconclusive
tIFfany agUIRrE,55,Female,AB+,Cancer,2024-04-08,Cole Valdez,"Brown, Jones Hoover and",UnitedHealthcare,38086.78,460,Emergency,2024-04-25,Penicillin,Abnormal
rIChaRd aNderSoN,82,Female,AB+,Asthma,2021-01-28,Michelle Gardner,"Acevedo and Larson Andrews,",Cigna,34339.76,264,Urgent,2021-02-16,Penicillin,Abnormal
SAmaNtHa bANkS,81,Female,O-,Cancer,2021-05-30,Sarah Dixon,Group Edwards,Aetna,31004.7,107,Urgent,2021-06-29,Penicillin,Inconclusive
RObeRt KinG Jr.,73,Male,O-,Asthma,2023-11-17,Kyle Martin,Castillo-Lewis,Cigna,25979.84,181,Emergency,2023-11-28,Ibuprofen,Normal
James GaRcIa,57,Male,O-,Asthma,2021-10-28,Michael White,Jacobson-Potter,Medicare,4284.13,356,Emergency,2021-11-24,Penicillin,Normal
lArrY blaKE,35,Female,A-,Arthritis,2023-03-11,Luke Peters,"Boyer Wright, and Diaz",Blue Cross,42557.22,261,Emergency,2023-04-09,Ibuprofen,Abnormal
RiChArD WHITE,56,Female,A+,Diabetes,2021-07-20,Jesse Pennington,"Golden, and Morgan Green",UnitedHealthcare,49132.54,399,Emergency,2021-08-05,Ibuprofen,Normal
tRAcy tHOMPSon,41,Female,O+,Cancer,2022-10-05,Emily Stewart,Hodges-Parker,Blue Cross,47873.43,112,Emergency,2022-10-19,Ibuprofen,Abnormal
chRIstOphER hEBeRT,54,Female,O+,Asthma,2023-03-14,Stephanie Bass,Horton-Roberts,Blue Cross,18325.94,432,Emergency,2023-03-26,Paracetamol,Inconclusive
JEFFReY LaRa,81,Male,A+,Hypertension,2023-01-18,Kayla Romero,Ltd Preston,Cigna,10520.82,482,Emergency,2023-02-16,Paracetamol,Inconclusive
ScoTt reyeS,71,Female,AB+,Asthma,2024-03-31,Rebecca Carroll,"and Howard Schroeder Williams,",UnitedHealthcare,19263.86,157,Urgent,2024-04-19,Lipitor,Normal
jAMEs hENrY,73,Female,O-,Asthma,2020-06-26,Christopher Robinson,"and Garcia, Martinez Mason",Cigna,38068.72,484,Urgent,2020-07-07,Lipitor,Normal
johN MclauGhLIn,81,Female,B-,Cancer,2023-04-14,Randall Kelly,"Sanders, Peterson Thomas and",UnitedHealthcare,21904.07,338,Elective,2023-04-23,Penicillin,Abnormal
MArK mOORE,69,Male,AB-,Obesity,2023-01-05,Erin Kim,"Bird, and Jacobson Dorsey",Cigna,36148.54,272,Elective,2023-02-04,Aspirin,Abnormal
JOnaTHaN BarR,55,Female,B+,Arthritis,2020-02-21,Michael Mclaughlin,Group Bartlett,Cigna,4806.35,285,Elective,2020-03-08,Ibuprofen,Abnormal
DeborAH thoMPSon,68,Male,A-,Arthritis,2021-07-29,Allen Mitchell,Tucker-Clark,Medicare,21860.86,485,Urgent,2021-08-12,Ibuprofen,Abnormal
sean hICkS,45,Female,AB-,Obesity,2023-11-27,Johnathan Zimmerman,Rodriguez-Levy,UnitedHealthcare,25562.62,158,Urgent,2023-12-12,Ibuprofen,Abnormal
ChRISTINA wAShiNgTon,32,Female,A-,Arthritis,2022-06-09,Kelsey Salas,"Williams Smith Perez, and",Aetna,1314.84,209,Emergency,2022-06-29,Penicillin,Normal
zaCHarY Moore,71,Male,B-,Obesity,2020-03-29,Carol Watkins,"and Mason Stewart Gardner,",Medicare,30715.84,295,Elective,2020-04-21,Penicillin,Abnormal
JareD harriS,27,Female,B-,Asthma,2019-07-01,Christopher Mcclure,Gonzalez-Burch,Medicare,10910.99,336,Urgent,2019-07-24,Penicillin,Inconclusive
GreGoRy brEwEr,79,Male,AB-,Asthma,2019-09-01,Jeffrey Wall,"and Mccormick, Green Wallace",Cigna,39901.67,152,Urgent,2019-09-07,Penicillin,Normal
lauRA DavIS,27,Male,B-,Obesity,2021-12-17,John Maldonado,Moss LLC,Medicare,28748.4,351,Elective,2021-12-21,Aspirin,Abnormal
JuLiE oDoNneLL,65,Male,AB-,Cancer,2023-11-30,Mark Hamilton,Daniel LLC,Aetna,416.47,236,Emergency,2023-12-09,Paracetamol,Normal
BRIAn AnDErSON,23,Male,A+,Diabetes,2019-11-23,James Houston,"Alvarez Garcia, and Watkins",Blue Cross,39214.32,462,Urgent,2019-11-26,Penicillin,Inconclusive
BrANDOn WEllS MD,70,Male,B+,Diabetes,2023-12-16,Ryan Mata,LLC Hunter,UnitedHealthcare,14593.64,339,Emergency,2023-12-20,Ibuprofen,Abnormal
AlySsa KELLy,82,Female,O+,Hypertension,2023-09-26,Amanda Hart MD,"Stafford Forbes Norris, and",Cigna,9522.65,381,Elective,2023-10-10,Lipitor,Inconclusive
vALERie curRY,66,Male,O-,Hypertension,2022-05-07,Jose Elliott,LLC Boyer,Blue Cross,48908.08,326,Emergency,2022-05-22,Ibuprofen,Inconclusive
chriStiAN ROgers,84,Female,A+,Diabetes,2020-03-05,William Fisher,Inc Hale,Blue Cross,5960.86,196,Urgent,2020-03-21,Aspirin,Inconclusive
caMeROn glOVeR,63,Male,B-,Cancer,2024-03-03,Thomas Odonnell,"Thompson Pratt, Williams and",Blue Cross,35834.81,487,Elective,2024-03-17,Ibuprofen,Abnormal
SPEncEr dAviS,60,Male,B-,Arthritis,2023-02-01,Robin Raymond,Sons and King,Blue Cross,32540.33,103,Urgent,2023-02-21,Lipitor,Normal
shAWn OliVeR,47,Female,AB-,Diabetes,2021-10-12,Pamela Mendoza,Mcgee-Lynch,UnitedHealthcare,9010.16,318,Emergency,2021-11-10,Aspirin,Normal
ROBeRT mulLiNs,68,Male,O+,Arthritis,2024-03-16,Michael Deleon,Dunn-Figueroa,Medicare,8824.97,399,Urgent,2024-04-09,Paracetamol,Normal
stepheN gonZalez,61,Female,A-,Asthma,2023-09-18,Andrew Johnson,Ltd Black,Blue Cross,1939.22,381,Elective,2023-10-06,Ibuprofen,Normal
CaRoL PalmeR,42,Female,B+,Diabetes,2019-11-30,Taylor Weeks,"Davis and Taylor, Higgins",Cigna,17481.58,414,Urgent,2019-12-14,Aspirin,Normal
clauDIA barry,34,Male,B-,Hypertension,2020-07-07,Jordan Wolfe,Gibson LLC,Aetna,21654.65,201,Urgent,2020-07-31,Penicillin,Normal
andreW OwEN,22,Female,A+,Asthma,2023-10-06,Jason Thomas,"and Lyons, Washington Horne",Cigna,19052.95,244,Elective,2023-10-27,Paracetamol,Normal
PaTRIcIa AdamS,66,Male,O-,Cancer,2022-06-28,Paul Brewer,Morgan-Ryan,Aetna,29675.17,359,Urgent,2022-07-21,Paracetamol,Abnormal
HANnaH MEJIA,59,Male,A-,Asthma,2022-04-14,James Leblanc,"Ford King Henry, and",Cigna,13757.42,125,Urgent,2022-04-28,Ibuprofen,Inconclusive
BarBarA riOS,59,Male,AB+,Hypertension,2020-10-28,Scott Rios,"and Fields, Garcia Marshall",Cigna,5606.32,456,Emergency,2020-11-05,Paracetamol,Abnormal
susan clArKe,78,Male,B+,Asthma,2024-01-11,Kimberly Morse,"Walker, Silva Tran and",Medicare,38286.04,433,Urgent,2024-01-26,Penicillin,Normal
danIEl MurpHY,57,Female,A+,Arthritis,2019-08-22,Kimberly Jackson,and Griffith Sons,Medicare,19196.66,163,Urgent,2019-09-01,Ibuprofen,Abnormal
ANGeL pagE,76,Male,A-,Diabetes,2020-07-12,Tammy David,"and Welch Montes, Hayes",Cigna,1969.28,235,Emergency,2020-07-30,Paracetamol,Abnormal
KeLLi wAlLAcE,64,Female,B+,Cancer,2023-12-28,Jessica Nixon,"and Green Powell, Wood",Medicare,26692.68,441,Urgent,2024-01-16,Penicillin,Abnormal
brittany MCbriDE MD,42,Male,AB+,Diabetes,2023-08-08,Monica Anderson,"Anderson, Fisher Skinner and",Cigna,43758.84,498,Urgent,2023-08-20,Paracetamol,Normal
shelby TURnEr,60,Male,A-,Hypertension,2023-04-05,Catherine Cook,"Morales Castro and Rodriguez,",Cigna,41607.31,216,Elective,2023-04-25,Penicillin,Normal
DavID mora,19,Female,O-,Arthritis,2020-09-09,Jessica Martin,"Allison Strong and Nixon,",Cigna,4812.02,474,Elective,2020-09-27,Ibuprofen,Abnormal
susAn WESt,64,Female,B+,Hypertension,2022-07-13,Carolyn Arnold,"Sanchez, Nelson and Riddle",Medicare,6353.43,372,Elective,2022-07-21,Aspirin,Inconclusive
xAvIeR diAZ,75,Male,AB-,Hypertension,2022-03-21,Christopher Garcia,Porter-Morris,Cigna,10807.49,345,Urgent,2022-04-11,Ibuprofen,Abnormal
hanNAH tAYloR,73,Male,B+,Diabetes,2020-09-18,Lori Christensen,Bryan-Brown,UnitedHealthcare,33656.38,310,Elective,2020-10-10,Paracetamol,Normal
nAncY CoNWAY,56,Female,O+,Hypertension,2019-05-28,Jon Thompson,"and Mendoza Banks, Moore",Aetna,37683.38,364,Elective,2019-05-31,Paracetamol,Inconclusive
bRADlEy sMitH,32,Female,O-,Asthma,2022-11-11,William Payne III,"Love and Mitchell, Powers",Cigna,44500.08,386,Urgent,2022-11-16,Lipitor,Abnormal
deNise BLaKE,25,Male,AB-,Diabetes,2023-07-11,Gabriela Bryant,"Osborn, Gill and Cervantes",UnitedHealthcare,11409.73,317,Urgent,2023-07-25,Lipitor,Abnormal
DR. rebECCA MACk,21,Female,A+,Hypertension,2019-09-01,Tommy Kennedy,Meza-Martin,Blue Cross,16331.84,237,Elective,2019-09-11,Lipitor,Abnormal
Steven JonES,37,Female,O+,Cancer,2022-05-18,John Watson,Hays-Bennett,Aetna,37127.18,496,Emergency,2022-06-10,Paracetamol,Normal
ShellY LEe,82,Male,O-,Obesity,2019-12-10,Judy Holloway,Perez-Pitts,UnitedHealthcare,47590.49,317,Elective,2020-01-07,Lipitor,Normal
JosEpH DUnCAN,77,Male,AB-,Asthma,2023-04-04,Stephanie Munoz,Lopez-Miller,Blue Cross,42016.66,153,Elective,2023-04-12,Paracetamol,Abnormal
KeVin PReStoN,57,Male,O+,Asthma,2021-10-31,Susan Dixon,"and Moyer Holden Bishop,",Cigna,19292.27,356,Elective,2021-11-01,Lipitor,Inconclusive
TAnYA HOFfmAN,76,Male,O-,Arthritis,2024-01-15,Mallory Montgomery,"Hill, Hancock and Mills",Aetna,11309.95,350,Urgent,2024-01-24,Paracetamol,Inconclusive
RobIN jOhNsoN,70,Female,B+,Arthritis,2024-01-30,Gail Lewis,"Crawford Alvarez and Johnson,",UnitedHealthcare,37916.98,314,Emergency,2024-02-29,Aspirin,Inconclusive
jOSePh HaRrIs,23,Female,O+,Diabetes,2022-01-25,Elizabeth Sawyer,Roy-Johnson,Blue Cross,24099.62,200,Urgent,2022-01-29,Ibuprofen,Abnormal
BrEnDa rodRiGUeZ,33,Female,AB+,Hypertension,2022-11-27,Bradley Jones,Inc Sanford,Medicare,18939.16,438,Emergency,2022-12-05,Lipitor,Inconclusive
ANDREw franCo,19,Male,O-,Diabetes,2023-06-19,Brian Ho,Martin Ltd,UnitedHealthcare,48109.12,360,Elective,2023-07-05,Penicillin,Abnormal
SaNdRA hoWe,69,Female,AB+,Diabetes,2022-04-08,William Rich MD,"Mayer and Gardner Nolan,",Aetna,16024.14,451,Elective,2022-04-25,Lipitor,Abnormal
TAylOr McINToSH,83,Female,O-,Diabetes,2023-03-21,April Fisher,Freeman and Sons,Blue Cross,25023.02,288,Emergency,2023-04-12,Ibuprofen,Abnormal
LancE AdAms,20,Female,B+,Asthma,2019-11-04,Penny Mason,"and Serrano Walker Hudson,",Aetna,19119.57,218,Elective,2019-11-18,Ibuprofen,Abnormal
MIcHAel GOodWin,19,Male,B-,Diabetes,2020-09-11,James Hill,Jones Inc,Medicare,36786.42,170,Emergency,2020-09-21,Paracetamol,Abnormal
JOdI HenDErson,22,Female,O-,Asthma,2022-05-04,Yvette Baldwin,"Strickland, and Jenkins Jackson",Aetna,25297.72,294,Emergency,2022-05-25,Lipitor,Normal
hAiley RAy,61,Male,O-,Hypertension,2022-06-16,Brian Ortiz,Hayes-Foster,Cigna,29384.98,440,Urgent,2022-07-06,Penicillin,Normal
BrittanY jamEs,46,Male,B-,Hypertension,2020-05-29,Craig Bradford,Barton-Sanchez,Aetna,46826.7,206,Elective,2020-06-28,Aspirin,Abnormal
rAchEL COoPeR,83,Male,AB+,Diabetes,2019-05-20,Cynthia Dixon,Warren-Davidson,UnitedHealthcare,9420.03,380,Urgent,2019-06-07,Aspirin,Abnormal
mrs. kimBErLY pearsOn dDs,69,Male,O+,Arthritis,2020-07-09,Cynthia Camacho,Johnson-Hill,Aetna,28740.76,333,Emergency,2020-07-31,Lipitor,Inconclusive
KAtHLeEN GorDOn,20,Female,A-,Hypertension,2023-05-02,Robert Vaughn,Group Ayala,Blue Cross,42706.05,228,Urgent,2023-05-05,Aspirin,Abnormal
chriStoPHer gLeNN,55,Female,O-,Arthritis,2020-06-30,Justin Santana,"Johnson Norris Leonard, and",Medicare,5583.22,221,Emergency,2020-07-10,Penicillin,Normal
CaseY AnTHOnY,43,Female,O+,Cancer,2019-10-20,Stephen Escobar,"Cunningham, Larsen Alexander and",Aetna,11604.27,276,Emergency,2019-10-27,Lipitor,Normal
joSePh BrowN,28,Male,A-,Arthritis,2022-01-18,Elizabeth Griffith,Reed-Bailey,Blue Cross,10387.55,258,Urgent,2022-01-25,Penicillin,Inconclusive
cHRIstoPhER rObERts,40,Male,O-,Asthma,2022-10-19,Jo Reyes,West-Roberts,Blue Cross,5679.67,447,Emergency,2022-11-07,Ibuprofen,Normal
MaxWeLL MCLaUGHlin,18,Male,A-,Diabetes,2019-07-23,Richard Camacho,"and Walker Caldwell, Dunlap",Aetna,49937.04,133,Emergency,2019-08-18,Ibuprofen,Normal
pATRicia HaLl,53,Male,O-,Arthritis,2022-05-01,Joseph Nash,White-Martinez,Cigna,23623.58,237,Urgent,2022-05-07,Penicillin,Inconclusive
aShlEy DAVis,58,Male,O+,Diabetes,2022-03-13,Donald Hood,Jenkins-Nash,Medicare,9476.84,297,Emergency,2022-03-30,Aspirin,Normal
JennifEr HIgGINs,29,Male,A+,Asthma,2023-04-06,Elizabeth Hicks,Ltd King,Medicare,17717.17,251,Elective,2023-04-07,Ibuprofen,Abnormal
TimoThY wALKeR,22,Female,B-,Hypertension,2021-09-14,Paul Villegas,PLC Woods,Medicare,5357.69,127,Elective,2021-09-24,Ibuprofen,Inconclusive
JoNathan Lee,77,Female,A-,Arthritis,2023-09-18,Brian Pacheco,"Jones Williams Walker, and",Blue Cross,38200.29,204,Urgent,2023-10-05,Ibuprofen,Abnormal
susAn Wu,81,Female,B+,Cancer,2019-09-10,Laura Lyons,Nichols-Mann,Aetna,20491.86,309,Elective,2019-09-22,Ibuprofen,Abnormal
jamEs HooD,62,Male,O+,Cancer,2024-04-20,Robert Page,LLC Ward,Blue Cross,43758.14,183,Elective,2024-05-04,Aspirin,Normal
sTeve HEnsley,74,Male,O-,Obesity,2024-02-26,Robert Washington,"Odom, Griffith and Scott",UnitedHealthcare,31931.13,128,Elective,2024-03-01,Paracetamol,Normal
AlAN PEtErson,57,Male,O-,Hypertension,2020-12-09,Martha Skinner,"and Lambert Pope, Snow",Cigna,39885.88,415,Urgent,2020-12-19,Paracetamol,Abnormal
jameS nEal,54,Female,B-,Arthritis,2024-03-28,Sherry Navarro,Harris-Benitez,Blue Cross,43720.59,133,Urgent,2024-03-30,Aspirin,Normal
nICOLE WilLiaMs,74,Male,A-,Hypertension,2023-07-31,Tina Johnston,"Moore Watson Day, and",UnitedHealthcare,18145.24,496,Emergency,2023-08-11,Lipitor,Inconclusive
vIRGINIa MeZA,49,Male,AB-,Asthma,2019-12-24,Sharon Martinez,Silva-Taylor,Aetna,23112.06,337,Emergency,2020-01-18,Ibuprofen,Abnormal
COdy STRiCKlAND,32,Male,B-,Asthma,2021-09-13,Nathan Gross,Sons Mcmillan and,Blue Cross,23319.29,386,Urgent,2021-09-19,Penicillin,Normal
pATricia wilLIaMson,39,Male,AB+,Hypertension,2023-10-10,Randy Gibbs,Payne LLC,Aetna,5700.03,265,Elective,2023-10-27,Lipitor,Normal
JoSePh alLIsoN,57,Male,O+,Obesity,2023-12-01,Anthony Lam,Ltd Long,Medicare,19476.48,187,Urgent,2023-12-02,Ibuprofen,Abnormal
dAVid Velez,62,Male,AB+,Obesity,2023-10-31,Ann Hall,Robles-Reynolds,Blue Cross,14262.04,490,Emergency,2023-11-04,Paracetamol,Abnormal
rOBeRt lEE,69,Female,O-,Asthma,2020-11-07,Amber Pittman,and Sons Villanueva,UnitedHealthcare,3931.21,229,Emergency,2020-12-04,Penicillin,Abnormal
MAtTheW SCott,29,Female,AB+,Diabetes,2022-08-25,Christopher Williams,Benton-Reyes,Aetna,46854.34,195,Urgent,2022-09-24,Lipitor,Abnormal
brYan robINSoN,67,Male,B+,Diabetes,2020-04-26,Jennifer Knight,Ltd Jackson,Medicare,17043.37,146,Emergency,2020-05-18,Lipitor,Abnormal
DEnIse WHItE,54,Male,B+,Obesity,2021-02-03,Chase Bauer,Pineda Group,Cigna,15290.06,329,Elective,2021-02-06,Lipitor,Abnormal
aLeXiS MOrris,85,Male,O-,Cancer,2020-03-22,Colin Bowman,Nelson-Contreras,Medicare,39346.73,285,Elective,2020-04-11,Penicillin,Abnormal
lAUrA HaNSEN,43,Female,B+,Cancer,2022-08-30,Katie Foster,Schroeder-Williams,Cigna,21579.06,459,Elective,2022-09-12,Paracetamol,Normal
desIReE bArR,23,Male,A+,Arthritis,2021-03-28,Ashley Sparks,Watson-Davenport,Aetna,12200.4,187,Emergency,2021-04-17,Lipitor,Inconclusive
conNIe Anderson,82,Female,A-,Diabetes,2024-01-20,Kristin Brown,"and Wall Carpenter Bishop,",Blue Cross,1682.52,185,Emergency,2024-02-16,Penicillin,Inconclusive
THOMAs kELlER,35,Female,AB+,Cancer,2021-10-18,Gregory Vincent,"Shaw Allen and Gray,",Blue Cross,27285.92,431,Emergency,2021-11-02,Lipitor,Inconclusive
cHelSEa BiRD,60,Male,O-,Obesity,2024-04-26,David Jones,PLC Curtis,UnitedHealthcare,10240.72,494,Emergency,2024-05-18,Ibuprofen,Abnormal
aNtHoNy nixoN,83,Female,O-,Asthma,2019-12-02,Danielle Charles,Quinn LLC,Aetna,26242.99,255,Emergency,2019-12-31,Penicillin,Inconclusive
DaNiEl hAHn,81,Male,A-,Hypertension,2020-01-04,Ashley Johnson,Bailey LLC,Blue Cross,12261.13,467,Emergency,2020-01-05,Lipitor,Abnormal
HEnrY faRlEY,53,Female,B-,Cancer,2021-11-26,Chad Miller,Thomas-Carter,Cigna,43638.86,476,Emergency,2021-12-05,Lipitor,Abnormal
BritTaNY cOleMan,46,Female,A-,Obesity,2021-05-21,Tony Rodriguez,Inc Freeman,UnitedHealthcare,22641.28,338,Emergency,2021-06-01,Penicillin,Normal
amanDa ngUYEn,53,Female,O-,Arthritis,2022-11-01,Jose Kaufman,Ross Group,Blue Cross,15260.3,104,Urgent,2022-11-15,Paracetamol,Inconclusive
NiCOle HAmMOnD,65,Female,O+,Hypertension,2022-04-26,Melody Morris,Ltd Skinner,Cigna,10371.04,390,Urgent,2022-05-21,Lipitor,Abnormal
CHArLEs aNdErsON,84,Female,O+,Cancer,2024-02-12,Carla Barry,Washington-Lambert,Cigna,23667.77,115,Elective,2024-02-14,Ibuprofen,Inconclusive
felicia PAtRICk,40,Female,AB+,Obesity,2020-10-08,Joan Holloway,Inc Cunningham,Cigna,33698.09,271,Emergency,2020-10-11,Ibuprofen,Abnormal
LISA lewiS,72,Male,O-,Obesity,2023-03-10,Tammy Ewing,Levine PLC,Cigna,33461.96,194,Elective,2023-04-02,Paracetamol,Abnormal
cOnNie GuTierrez,81,Female,B-,Arthritis,2020-12-08,Mark Lopez,"Fuller and Hardy Jackson,",Medicare,43972.04,246,Urgent,2021-01-05,Penicillin,Abnormal
apRil leBLaNc,37,Male,B+,Arthritis,2020-02-22,Angela Strong,Johnson Inc,Medicare,46267.68,491,Emergency,2020-03-01,Lipitor,Normal
KEVin LYncH,23,Male,AB+,Cancer,2020-06-07,Becky Watson,Berg-Robertson,Blue Cross,46603.1,103,Urgent,2020-06-27,Penicillin,Abnormal
bEnJAmIN MEDiNa,79,Male,O+,Asthma,2021-01-03,James Cook,Gilmore-Mills,Medicare,10626.35,332,Emergency,2021-01-06,Lipitor,Normal
sara joNes,50,Male,AB+,Diabetes,2024-03-05,Christopher Murray,PLC Cox,UnitedHealthcare,17549.39,376,Urgent,2024-03-15,Penicillin,Inconclusive
AndrEW claRK,55,Female,AB+,Diabetes,2019-07-22,Carl Carter,LLC Barry,UnitedHealthcare,16486.25,411,Emergency,2019-08-17,Lipitor,Normal
lISa RHOdES,84,Male,B+,Obesity,2020-10-07,Tracie Sanchez,LLC Valentine,UnitedHealthcare,35046.01,114,Urgent,2020-10-18,Paracetamol,Inconclusive
PauL BrOwN,48,Female,AB+,Arthritis,2022-03-08,Susan Reed,"Orr, Wheeler and Carroll",Blue Cross,43669.06,461,Elective,2022-03-22,Lipitor,Inconclusive
jAmeS teRRY,67,Female,A+,Cancer,2024-02-04,Shelby Reyes,"and Giles, Lee Edwards",Cigna,32116.13,318,Elective,2024-02-20,Paracetamol,Abnormal
nANCy mANN,82,Female,AB-,Cancer,2022-10-27,Caleb Miller,Hampton-Ellis,Medicare,17775.43,179,Elective,2022-11-05,Paracetamol,Normal
joANN HeNrY,52,Male,O+,Obesity,2023-07-07,Mary Harris,Group Moreno,Blue Cross,2766.79,286,Urgent,2023-07-09,Ibuprofen,Normal
RobErt mILlER,77,Male,O-,Diabetes,2019-11-30,Brett Green,Petersen-Mitchell,UnitedHealthcare,20253.89,116,Elective,2019-12-13,Lipitor,Abnormal
GreGG malDONaDO,64,Male,B-,Arthritis,2020-06-09,Miss Patricia Strickland,PLC Stone,Aetna,20224.07,478,Emergency,2020-06-15,Paracetamol,Abnormal
mIchaEL McGRAth,56,Male,B-,Hypertension,2021-04-01,Ian Miller,Mcdaniel-Gilbert,Medicare,17120.53,128,Urgent,2021-04-28,Ibuprofen,Abnormal
krisTiNe WaLker,61,Male,O+,Obesity,2020-11-19,Michael Velazquez MD,Inc Lopez,Blue Cross,12923.27,415,Urgent,2020-12-19,Aspirin,Inconclusive
DR. niCholE paUl,54,Female,AB-,Cancer,2022-08-05,Chad Roberts,"Wilson Pineda, Gilbert and",Blue Cross,38978.57,165,Elective,2022-09-04,Aspirin,Normal
ANdRea dRAKe,52,Male,A+,Hypertension,2022-05-05,James Jimenez,Group Jacobs,Medicare,18562.01,105,Urgent,2022-06-03,Ibuprofen,Abnormal
NORman sTOKes,81,Male,B+,Arthritis,2021-08-27,Ashley Wu,"Humphrey Wise, and Bender",Aetna,34578.83,180,Elective,2021-09-16,Aspirin,Normal
jaMIE sTOne pHd,72,Female,O+,Cancer,2022-06-23,Matthew Thompson,Miller-Brown,Medicare,16642.98,324,Elective,2022-06-30,Aspirin,Normal
mArK RIOs,76,Male,O+,Arthritis,2021-04-15,Kara Sullivan,"Thompson, and Sharp Melendez",Cigna,25931.69,227,Elective,2021-04-17,Lipitor,Abnormal
PAUl le,79,Female,B-,Hypertension,2020-04-03,Paul Moses,"Gutierrez Garcia and Garcia,",Blue Cross,33471.86,440,Emergency,2020-04-30,Paracetamol,Inconclusive
jEnNIFEr cole,83,Male,AB+,Cancer,2022-05-01,Tracy Simon,Ltd Hansen,Aetna,26439.09,448,Elective,2022-05-27,Lipitor,Abnormal
RoBeRT SHePHerD,61,Female,A+,Asthma,2022-01-29,Thomas Thompson,Dorsey-Rodriguez,UnitedHealthcare,12415.0,281,Elective,2022-02-27,Lipitor,Abnormal
jEsSE VaRgAS,36,Male,B+,Obesity,2020-10-13,Terri Ferguson,"Gutierrez Farmer Leblanc, and",Blue Cross,20035.51,372,Elective,2020-11-09,Paracetamol,Abnormal
LINDa NguyEn,19,Male,B-,Hypertension,2019-11-25,James Griffin,Webb-Swanson,Aetna,17258.15,277,Urgent,2019-12-21,Paracetamol,Normal
JOsEph DAVIs,73,Female,AB+,Diabetes,2022-07-10,Richard Howell,Group Hall,Medicare,31990.12,331,Emergency,2022-07-29,Lipitor,Abnormal
SUsAn WHeeLer,25,Female,B+,Arthritis,2020-09-15,William Ward,"and Galloway, Hall Dominguez",Aetna,2113.66,404,Elective,2020-09-27,Ibuprofen,Normal
SuSaN CarEY,27,Male,B+,Diabetes,2024-04-19,Dr. Anthony Jones,Ltd Clark,Medicare,23058.94,279,Urgent,2024-05-02,Penicillin,Abnormal
julie HeNdRICks,19,Male,AB+,Asthma,2023-03-26,Kevin Kane,Davis PLC,UnitedHealthcare,32368.63,210,Emergency,2023-03-30,Paracetamol,Normal
PaUL dixoN,65,Female,O-,Asthma,2020-01-25,James Stout,Baker-Lee,Cigna,30338.1,463,Elective,2020-02-05,Penicillin,Normal
niCHolaS gOMEz,56,Female,B+,Obesity,2020-05-22,Amber Adams,Martinez Group,Medicare,44404.9,108,Urgent,2020-06-14,Penicillin,Normal
YOlanDa DuNCAN,74,Male,B-,Hypertension,2019-12-01,Christopher Jackson,Howell PLC,Aetna,14387.37,287,Urgent,2019-12-29,Penicillin,Abnormal
ROBerT sMITH,51,Female,A-,Arthritis,2023-05-29,Kathryn Nguyen,"Johnson Bishop, and Russell",Aetna,23086.55,338,Urgent,2023-05-31,Penicillin,Inconclusive
tRacY BrowN,25,Male,A-,Cancer,2019-06-01,Rodney Lambert,Sons and Singh,Medicare,39398.31,345,Emergency,2019-06-17,Penicillin,Normal
RiChARd RIcHaRdSOn,30,Female,AB-,Obesity,2020-09-02,Suzanne Vargas,"Lee Bowman Cooper, and",Aetna,47856.41,490,Emergency,2020-09-07,Paracetamol,Normal
nIcOLe RoGErS,47,Female,A-,Cancer,2019-11-19,Anthony Hatfield,"Smith and Shepard, May",Cigna,40605.87,462,Emergency,2019-12-17,Penicillin,Abnormal
pauL soto,73,Male,B+,Arthritis,2019-05-09,Melanie George,Johnson-Smith,Aetna,28745.05,108,Urgent,2019-05-22,Ibuprofen,Normal
MR. CHriStoPHER fErgUSOn Jr.,59,Male,A+,Diabetes,2022-05-17,Peter Edwards,Atkinson-Ramirez,Blue Cross,42953.92,129,Urgent,2022-06-11,Aspirin,Abnormal
aNgEla Simon dds,60,Female,B+,Hypertension,2022-01-08,Damon Hodges,"Flores, and Gibson Rodriguez",Cigna,30502.96,441,Elective,2022-01-22,Aspirin,Inconclusive
WIllie dAnieLs,31,Female,AB+,Hypertension,2021-04-15,Jackie Jordan,"Eaton and Jackson, Nunez",Aetna,24937.58,342,Emergency,2021-05-14,Ibuprofen,Abnormal
JennIFer LeWis,65,Female,A+,Obesity,2022-07-15,Donna Ramirez,"Nichols Murphy and Nelson,",Aetna,8784.84,278,Emergency,2022-07-19,Ibuprofen,Normal
StAcy Gillespie,48,Female,B-,Asthma,2021-08-27,Erin Brown,"Jacobs Ramos, Jones and",Medicare,48989.48,437,Elective,2021-09-18,Ibuprofen,Abnormal
TIfFany CAstRo,59,Male,AB-,Hypertension,2019-11-20,Devin Russo,Porter-Best,UnitedHealthcare,49378.93,283,Urgent,2019-12-07,Ibuprofen,Normal
CyNTHIa SIMMoNs,83,Male,O-,Obesity,2020-10-27,Melissa Ortega,Walters Inc,Cigna,27969.98,410,Emergency,2020-10-29,Aspirin,Inconclusive
jAMEs REevEs,31,Male,B+,Obesity,2020-09-23,John Greene,"Glass, and Clark Martinez",Medicare,9289.25,382,Elective,2020-10-17,Ibuprofen,Abnormal
tHomas jenSen,59,Female,O-,Obesity,2022-05-14,Roy Villa,Ltd Walters,Aetna,3447.98,320,Emergency,2022-06-06,Penicillin,Inconclusive
rIChARD GrimEs,53,Female,AB-,Asthma,2019-09-04,Timothy Farrell,Bell-Jimenez,Blue Cross,17962.89,384,Urgent,2019-09-30,Penicillin,Normal
PatrICiA gRiMES,28,Female,AB+,Diabetes,2020-10-16,Michael Gonzalez,Morris-Parrish,Cigna,25674.74,235,Elective,2020-11-11,Aspirin,Inconclusive
ReBEcca cARlsON,40,Male,AB+,Hypertension,2021-01-28,Emily Smith,"and Cardenas Miller, Fisher",Medicare,48451.45,373,Elective,2021-02-09,Aspirin,Inconclusive
JuSTIn sMitH,80,Female,AB+,Obesity,2023-10-15,Sydney Weiss,"Mccarty Anderson Galvan, and",Medicare,48551.53,116,Emergency,2023-10-21,Aspirin,Normal
AMaNdA Gomez,51,Male,O+,Arthritis,2019-09-08,Gregory Crawford,Juarez-Torres,UnitedHealthcare,49241.89,111,Elective,2019-09-20,Paracetamol,Inconclusive
AntHONY mARtin,22,Female,O-,Cancer,2020-12-08,Tamara Travis,Peterson-Cunningham,Blue Cross,10727.13,135,Elective,2020-12-29,Penicillin,Inconclusive
KIMBerly JOHNson,44,Female,AB-,Asthma,2024-02-15,Suzanne Reilly,Reynolds-Brandt,UnitedHealthcare,25814.9,293,Emergency,2024-03-07,Aspirin,Inconclusive
JuliE SaNDErs,35,Male,AB-,Obesity,2024-02-10,Ashley Jackson,Griffith-Jones,Aetna,7925.46,436,Elective,2024-02-16,Penicillin,Inconclusive
rHoNDa FernanDez,21,Female,AB-,Arthritis,2022-09-01,Melissa Wells,Montoya LLC,Blue Cross,42300.61,331,Elective,2022-09-06,Aspirin,Abnormal
dARRyl herNAndez,71,Female,B+,Arthritis,2022-07-11,Marilyn Chen,"Clarke Hunter and Jones,",UnitedHealthcare,21491.24,112,Emergency,2022-07-23,Penicillin,Inconclusive
kATHRYN kiNG,81,Female,O-,Obesity,2019-05-30,Cody Powell,"Johnson, and Mitchell Lyons",Medicare,42555.61,359,Emergency,2019-06-19,Ibuprofen,Normal
zAchaRy SChROeDER,56,Female,AB+,Diabetes,2021-08-23,Erica Adkins,Sons Jones and,Blue Cross,31187.98,396,Urgent,2021-08-27,Aspirin,Inconclusive
toni HOgaN,60,Female,O+,Diabetes,2023-03-17,John Webb,"Miller, and Mills Matthews",Blue Cross,12328.19,440,Urgent,2023-04-01,Ibuprofen,Abnormal
jaMEs fITzpATrick,52,Male,AB+,Asthma,2021-10-29,Stephen Mejia,LLC Brown,UnitedHealthcare,40672.4,302,Emergency,2021-11-15,Paracetamol,Abnormal
tAmmY michAeL,37,Female,AB-,Obesity,2019-10-13,Mark Buchanan,Group Dean,Blue Cross,46380.23,153,Emergency,2019-11-05,Paracetamol,Abnormal
bREnDa ONEILL,27,Female,AB+,Diabetes,2023-05-15,Denise Vaughn,Young-Johnson,UnitedHealthcare,31867.62,127,Elective,2023-05-20,Penicillin,Inconclusive
RyAN RIcHArdSOn,62,Female,B-,Arthritis,2023-03-25,Christopher Sanders,"Price and Pittman Gibson,",Blue Cross,6280.55,357,Elective,2023-04-14,Ibuprofen,Normal
JeFfREY EvaNs,39,Male,O-,Obesity,2020-06-01,Christine Gomez,Taylor Inc,Aetna,20448.06,296,Emergency,2020-06-16,Penicillin,Abnormal
NATHAn PAlmEr,50,Female,O-,Asthma,2021-08-19,Debbie Pittman,"Gray Rivera, Moore and",Medicare,11303.81,347,Emergency,2021-09-08,Paracetamol,Inconclusive
jeNNiFER baKeR,19,Male,AB+,Hypertension,2020-06-20,Rachel Garner,"Wiggins Gilmore Johnson, and",UnitedHealthcare,29424.04,303,Urgent,2020-07-10,Ibuprofen,Normal
MaThew wEbSTEr,33,Female,A+,Arthritis,2019-10-12,Matthew Hawkins,Duran-Hayes,Aetna,31089.03,266,Emergency,2019-11-05,Ibuprofen,Normal
JoSHuA vaLEntINe,74,Male,B-,Hypertension,2020-10-07,Justin Rice,and Sons Sloan,UnitedHealthcare,24757.27,496,Urgent,2020-11-02,Lipitor,Inconclusive
rYAN cHAPmaN,18,Female,AB-,Hypertension,2022-06-24,Jason Chandler,"and Walker, Rojas Martin",Blue Cross,41507.9,414,Urgent,2022-07-18,Ibuprofen,Abnormal
dr. dAvID bAkeR,21,Male,O-,Asthma,2022-12-04,Clinton Hernandez,"Andrade Morrow and Hodge,",Medicare,3057.61,383,Urgent,2022-12-17,Paracetamol,Abnormal
kaTHLeeN frEEMAn,29,Female,A-,Obesity,2022-01-05,Deborah Cole,Gutierrez-Smith,Aetna,46946.88,309,Emergency,2022-01-14,Lipitor,Inconclusive
jeSsICA WooDArd,67,Male,O+,Hypertension,2024-01-17,Adam Griffin,Sims LLC,Blue Cross,12410.87,187,Urgent,2024-01-20,Ibuprofen,Normal
jaMeS baIlEY,39,Male,O-,Arthritis,2024-01-28,Erin Bruce,Cross-Stephens,UnitedHealthcare,14075.86,311,Urgent,2024-02-16,Ibuprofen,Inconclusive
OLiVIA BurgesS,46,Male,AB+,Asthma,2019-11-16,Elizabeth Kelly,Taylor Ltd,Cigna,38590.74,336,Elective,2019-12-09,Lipitor,Normal
rOnNiE fernandEz,22,Female,A+,Cancer,2022-06-02,Christina Grant,"and Bradshaw Miller, Hood",Cigna,7819.99,272,Elective,2022-06-21,Penicillin,Abnormal
bRiTtANY cRaIG,73,Female,AB-,Hypertension,2024-03-05,Michael Marshall,Hood Sons and,UnitedHealthcare,13075.02,410,Emergency,2024-04-03,Penicillin,Inconclusive
JoRGe SpEARs,29,Female,A-,Cancer,2021-02-24,Tracy Huff,Miller-Shepherd,Aetna,33582.02,445,Emergency,2021-03-05,Paracetamol,Abnormal
CyNTHiA blanchard,63,Female,A-,Hypertension,2019-07-26,Jasmin Kelley,Ltd Spencer,Blue Cross,2551.5,183,Urgent,2019-08-12,Lipitor,Inconclusive
jASMIN HAMMoNd,39,Male,B+,Arthritis,2020-05-10,Carrie Donovan,"Marshall, and Ewing Torres",UnitedHealthcare,21920.12,255,Urgent,2020-05-24,Aspirin,Abnormal
paUL yOUNg,47,Male,O+,Asthma,2019-10-04,Anthony Romero,Thompson Group,Cigna,25273.0,151,Elective,2019-10-12,Paracetamol,Inconclusive
cAtheriNE GlenN,46,Female,B+,Hypertension,2022-02-08,Michael Barrett,Booth-Davidson,Aetna,24176.69,354,Urgent,2022-03-04,Ibuprofen,Inconclusive
StEve wHItE,71,Female,AB+,Hypertension,2021-04-30,Leslie Martinez,Davis-Parker,UnitedHealthcare,22122.79,151,Urgent,2021-05-04,Penicillin,Abnormal
AmBEr PrESTon,57,Male,B-,Asthma,2021-01-01,Douglas West,Bradley Ltd,Aetna,12500.85,256,Elective,2021-01-28,Lipitor,Inconclusive
ErIK hUNt,42,Male,B-,Hypertension,2023-10-28,John Lane,Salas PLC,Medicare,26876.44,119,Elective,2023-11-11,Lipitor,Normal
janIcE WooDs,80,Male,B-,Asthma,2022-07-20,Christopher Pearson,Weber-Livingston,Blue Cross,24493.68,111,Emergency,2022-08-15,Lipitor,Abnormal
JOsePh GaRCIA,73,Male,B+,Obesity,2023-03-02,Shannon Porter,"Butler, and Delgado Mcdonald",Blue Cross,16510.63,248,Emergency,2023-03-24,Penicillin,Normal
REbEkAH kIM,25,Male,AB-,Asthma,2022-10-03,James Mcgrath,Davis-Coleman,Medicare,37945.81,482,Emergency,2022-10-11,Ibuprofen,Inconclusive
JeFfRey AusTIN,53,Female,AB-,Hypertension,2022-11-29,Daniel House,"Young Gray and Walker,",UnitedHealthcare,32612.4,354,Emergency,2022-12-10,Ibuprofen,Abnormal
CasSie gRAVes,61,Female,AB+,Diabetes,2019-07-12,Andrew Hall,Morales-Todd,Cigna,35133.23,475,Urgent,2019-08-09,Aspirin,Abnormal
BRaD KElley,40,Female,B-,Cancer,2019-07-14,Calvin Rivera,Mendoza-Howe,Cigna,30832.3,150,Elective,2019-07-26,Lipitor,Normal
HANNAh GArrEtt,22,Male,O-,Asthma,2021-04-29,Willie Stokes,PLC Hill,Aetna,36444.31,267,Emergency,2021-05-11,Aspirin,Inconclusive
mr. BRIAN JOneS,22,Female,AB+,Diabetes,2020-05-07,Susan Thompson,Group Mccarthy,Medicare,4052.89,246,Emergency,2020-05-22,Penicillin,Normal
dR. mATthew HanseN,48,Male,A-,Diabetes,2023-03-02,Gabriel Harrington,"Graves, and Morales Berger",Aetna,48999.94,167,Urgent,2023-03-13,Aspirin,Abnormal
jordAN DUNN,83,Male,B-,Arthritis,2021-09-26,Danielle Cox,Cortez-Kramer,Cigna,28447.44,117,Urgent,2021-10-01,Ibuprofen,Normal
jaMes warrEn,38,Female,O+,Obesity,2021-03-16,Peter Johnson,Elliott-Gonzalez,Aetna,16275.99,201,Elective,2021-03-30,Paracetamol,Normal
jeffeRY reEveS,65,Male,AB+,Arthritis,2021-01-01,Kevin Fisher,Mcdonald LLC,Blue Cross,48411.11,185,Emergency,2021-01-29,Aspirin,Normal
PHIlip GoNzaLeZ MD,46,Male,B+,Arthritis,2021-05-24,Kimberly Bryan,"Nelson Johnson, Ruiz and",Cigna,9871.91,325,Elective,2021-06-09,Penicillin,Abnormal
dOnNa andErsOn,41,Male,B-,Obesity,2022-01-24,Lori Richardson,"and Wood Rios Graham,",Medicare,32500.14,276,Elective,2022-02-21,Paracetamol,Normal
JosEPh cOx,23,Male,AB-,Diabetes,2019-10-13,Peter Smith,Inc Ward,Blue Cross,-353.87,271,Elective,2019-10-25,Lipitor,Inconclusive
Steve JoNES,58,Male,B-,Arthritis,2019-05-23,Elaine Eaton,"Brown Harris Underwood, and",Medicare,2690.82,295,Urgent,2019-06-04,Penicillin,Inconclusive
rObeRT meNdOza,50,Female,O+,Cancer,2024-03-16,Tammy Rose,"Salazar and Robinson, Miller",Cigna,12573.74,200,Emergency,2024-04-12,Aspirin,Inconclusive
WANda BroWN,24,Male,O-,Hypertension,2024-01-06,Christopher Howard,Stewart-Whitaker,UnitedHealthcare,14959.12,281,Elective,2024-02-03,Lipitor,Abnormal
FrederICk phAm,37,Female,B-,Cancer,2021-03-18,Travis Rush,Ball-Bell,Medicare,9704.25,376,Elective,2021-04-03,Lipitor,Abnormal
Jay rangEl,84,Female,AB+,Hypertension,2019-07-20,Ashley Allison,"Riley Montgomery Campbell, and",UnitedHealthcare,10445.05,329,Urgent,2019-08-07,Penicillin,Abnormal
BRUCE ParkEr,57,Female,B+,Arthritis,2023-10-17,Brian Vargas,"Huffman Lozano, and Mckenzie",Aetna,37015.19,313,Emergency,2023-10-18,Ibuprofen,Abnormal
TIFfaNY JohNS,62,Female,O-,Hypertension,2022-03-12,Catherine Smith,Bryan PLC,Aetna,3034.6,236,Emergency,2022-03-24,Aspirin,Inconclusive
JOhNNy hERNAnDEZ,80,Male,B+,Asthma,2023-07-11,Sarah Bowen,Pope Group,Blue Cross,24039.92,485,Urgent,2023-08-10,Lipitor,Abnormal
ChaRleS monRoE,44,Male,O+,Diabetes,2021-07-16,Hannah Walker,"Black Mcdaniel and Johnson,",UnitedHealthcare,51214.83,479,Emergency,2021-07-18,Penicillin,Normal
bRiAN sMith,40,Male,A+,Obesity,2020-04-15,Joshua Anderson,Krueger Group,Aetna,6119.59,214,Emergency,2020-05-08,Penicillin,Inconclusive
DanIeL jOHnSON,66,Male,A+,Arthritis,2020-10-13,Bradley Barnes,Gray-Lewis,Aetna,40715.35,485,Elective,2020-10-14,Penicillin,Abnormal
jAcQuELinE mALonE,82,Male,A+,Cancer,2023-02-25,Darren Young,Jones LLC,Blue Cross,3804.11,149,Elective,2023-03-04,Lipitor,Normal
TIMOthY jaCKsOn,21,Male,A+,Arthritis,2020-10-10,Donna Bentley,"Ramirez Johnson, and Brown",Medicare,29934.61,253,Urgent,2020-11-04,Penicillin,Normal
rObERto FLoREs,72,Male,B+,Cancer,2024-03-10,Alexandra Martin,Carlson LLC,Cigna,38752.19,358,Emergency,2024-04-02,Penicillin,Normal
dR. dOnALD LeE Md,19,Male,B+,Diabetes,2019-09-13,Alan Jones,Pratt Ltd,Aetna,23859.44,220,Emergency,2019-09-21,Lipitor,Abnormal
roBERT carpEnTer,32,Female,A-,Asthma,2019-12-14,Ethan Lyons,Rogers-Meyers,Blue Cross,20791.19,303,Elective,2020-01-10,Aspirin,Abnormal
KATeLYN OrOzCO,57,Male,O+,Hypertension,2022-05-02,Linda Sanchez,"Bentley and Cooper Davis,",Cigna,28806.96,146,Elective,2022-05-30,Lipitor,Inconclusive
CLaRencE HALl,64,Male,AB-,Hypertension,2024-04-26,Hannah Jones,"Robinson, Daniels Perez and",UnitedHealthcare,28285.92,291,Urgent,2024-05-18,Penicillin,Normal
MIchAEl cArneY,68,Female,B-,Obesity,2022-04-19,Mark Campbell,Brooks-Smith,Medicare,12118.11,477,Elective,2022-04-29,Lipitor,Inconclusive
YESeNiA DONalDsON,82,Male,O+,Obesity,2022-08-25,Charles Anderson,Duncan Inc,Medicare,6403.21,476,Elective,2022-09-18,Paracetamol,Normal
benJAMin aVila,35,Female,A-,Cancer,2020-08-22,Kimberly Murphy,Holland and Sons,UnitedHealthcare,22732.39,500,Urgent,2020-09-08,Lipitor,Abnormal
jaMeS green,56,Female,AB-,Diabetes,2020-07-06,Benjamin White DDS,Group Parker,Aetna,18664.59,370,Urgent,2020-07-31,Aspirin,Normal
DAN gARcIA,65,Female,AB+,Asthma,2023-01-02,Michael Richardson,"and Mitchell Johnson, Brown",Medicare,16510.55,130,Urgent,2023-02-01,Penicillin,Abnormal
vICTORIA hERRINg,54,Male,A-,Cancer,2021-10-22,Logan Davidson,"Dominguez Johnson, Baker and",Cigna,29089.73,200,Urgent,2021-11-09,Penicillin,Abnormal
TRaCy CUmmINgs,69,Female,B-,Cancer,2021-07-15,Angela Harrington,Miller-Anderson,Cigna,37616.1,187,Emergency,2021-07-27,Aspirin,Abnormal
rObert casTIlLo,64,Male,O-,Hypertension,2023-07-09,Brenda Brewer,"Merritt, Lopez and Jones",Aetna,30109.93,478,Urgent,2023-08-03,Lipitor,Inconclusive
DAVId SanDOvaL,22,Male,AB-,Hypertension,2019-11-02,Taylor Novak,Sons and Bailey,Blue Cross,52271.66,228,Emergency,2019-11-11,Ibuprofen,Normal
DeRek CaNtrell,52,Male,B+,Arthritis,2020-10-15,Jonathan Dunn,Group Cook,Aetna,33523.47,263,Elective,2020-11-10,Ibuprofen,Normal
darLenE YODer,54,Male,B-,Asthma,2023-04-21,Mario Jones,"Jones and Evans Carter,",Medicare,41986.89,251,Emergency,2023-04-25,Lipitor,Normal
STEPhen kim dvm,52,Male,AB+,Cancer,2020-09-21,Ashley Hopkins,"Cook, Wall and Smith",Blue Cross,46797.52,479,Elective,2020-09-22,Paracetamol,Normal
kiM JOsepH,46,Male,O-,Diabetes,2022-03-13,Kevin Vaughn,"and Cardenas Perry Browning,",Medicare,20950.02,176,Emergency,2022-04-05,Paracetamol,Normal
AnthoNy vazquEZ,56,Male,A-,Hypertension,2021-12-06,Aaron Roberts,"Johnson, Gordon Walls and",Blue Cross,11718.34,208,Elective,2021-12-18,Aspirin,Normal
debOrah LIndsey,77,Male,A+,Hypertension,2021-03-16,Mr. Joseph Nelson,"and Massey Pitts Lang,",Medicare,25214.14,163,Emergency,2021-03-21,Lipitor,Inconclusive
MichaEl wall,51,Male,AB+,Hypertension,2021-11-12,Francisco James,"Malone and Hancock, Ryan",Blue Cross,17556.77,221,Emergency,2021-12-12,Lipitor,Abnormal
TOnY MaRSHalL,34,Female,AB-,Diabetes,2021-01-16,Katelyn Rodriguez,Poole Ltd,Medicare,44643.02,324,Emergency,2021-02-07,Penicillin,Inconclusive
rUTh anDrews,49,Female,AB-,Arthritis,2019-10-25,Nicole Rhodes,"and Hatfield Cobb Clark,",Aetna,5355.41,364,Elective,2019-10-30,Aspirin,Normal
kATherIne mITcHELL,24,Female,A-,Diabetes,2022-01-28,Amanda Obrien,Inc Ellis,Aetna,10020.12,237,Urgent,2022-02-22,Lipitor,Abnormal
jONathon smiTH,45,Male,AB-,Obesity,2021-06-14,Wesley Williams,"and Steele Miller Butler,",Aetna,6140.31,243,Urgent,2021-06-19,Paracetamol,Normal
BRucE SpeNcer,58,Male,B-,Arthritis,2019-08-08,Lisa Moore,"Cook Jones, and Cunningham",UnitedHealthcare,40905.63,341,Urgent,2019-08-19,Paracetamol,Inconclusive
BreNDa Costa,59,Female,O+,Hypertension,2024-04-01,Amanda Dixon,Peterson-Powell,Aetna,51147.73,280,Elective,2024-04-03,Penicillin,Normal
jilliAn DELgaDO,58,Male,AB+,Asthma,2022-04-15,Charles Watts,Terry Ltd,Blue Cross,36227.43,375,Emergency,2022-04-18,Penicillin,Inconclusive
roBERt WoLF,66,Female,O+,Obesity,2019-06-28,Kristina Montoya,LLC Peterson,Medicare,35356.03,383,Urgent,2019-07-07,Lipitor,Normal
DIAna RiTTer,70,Female,AB-,Asthma,2022-09-24,Joe Meyer,Ltd Cameron,Blue Cross,20143.94,126,Emergency,2022-10-09,Penicillin,Inconclusive
MICHAELA haRRiS,45,Male,B+,Asthma,2023-01-09,Mason Fernandez,PLC Lewis,Blue Cross,13959.3,197,Elective,2023-02-07,Penicillin,Normal
WiLliAM JoHnSON,77,Male,B-,Arthritis,2024-03-17,Cheryl Gomez,Pugh-Horton,UnitedHealthcare,17323.87,443,Urgent,2024-04-03,Aspirin,Normal
AMy anDERsoN,19,Female,O-,Obesity,2021-06-05,Alexis Hunter,Woods-Pope,Blue Cross,48795.41,263,Emergency,2021-06-20,Ibuprofen,Abnormal
stEphaNIe ErICKSON,59,Male,AB-,Hypertension,2019-07-13,John Olsen,Stout PLC,UnitedHealthcare,16497.92,284,Elective,2019-08-06,Penicillin,Normal
wIlLiAM REYNolDs,28,Female,B-,Diabetes,2020-06-23,Tammie Boyd,Group Hernandez,Aetna,22250.58,272,Urgent,2020-07-15,Ibuprofen,Inconclusive
tHoMaS hARpEr,40,Female,A-,Hypertension,2020-02-03,Jessica Underwood,"and Mays Johnson Daugherty,",Aetna,26036.25,208,Elective,2020-02-15,Lipitor,Normal
CarmeN CoPeLaND,36,Male,A-,Diabetes,2023-05-06,Bryan Ayala,"Valdez and Navarro York,",Blue Cross,2051.37,130,Elective,2023-05-15,Paracetamol,Inconclusive
KIara BarbeR,34,Male,AB+,Asthma,2021-12-26,Tara Wilson,Peck PLC,Cigna,30747.39,418,Urgent,2022-01-05,Penicillin,Normal
andrEw GARza,25,Female,O+,Arthritis,2020-07-21,John Miller,"Miller and Gomez, Gross",Medicare,34924.44,371,Emergency,2020-08-04,Aspirin,Normal
GlenN waDe,77,Male,O-,Diabetes,2019-10-28,Beth Martin,Sandoval Ltd,Medicare,4933.26,411,Urgent,2019-11-27,Aspirin,Inconclusive
jesSIcA HolmEs,84,Male,O+,Hypertension,2023-03-29,Mary Mckinney,Ortega-Williamson,Blue Cross,4783.35,222,Emergency,2023-04-28,Ibuprofen,Abnormal
aLAn dAwSon,52,Female,O+,Cancer,2020-03-07,Anthony Choi,"Doyle, Gonzales and Benjamin",Cigna,41005.72,475,Emergency,2020-03-21,Aspirin,Normal
donaLd SteIn,65,Female,B-,Diabetes,2023-12-14,Judy Hall,Ford-Robinson,Cigna,50500.72,376,Emergency,2023-12-27,Lipitor,Inconclusive
ThomAs doUgHErty,54,Male,A-,Hypertension,2019-09-09,Sally Hernandez,"and Perez Bell, Wood",Aetna,16051.4,349,Elective,2019-10-03,Paracetamol,Inconclusive
WAynE MaRtInEZ,67,Female,O-,Asthma,2020-03-08,Lisa Walter,Singh-Reyes,UnitedHealthcare,49596.65,141,Urgent,2020-04-01,Paracetamol,Normal
JESsICa GONzALeZ,81,Female,AB-,Diabetes,2020-08-21,Allison Gordon,Schultz-Lara,Blue Cross,8032.27,245,Emergency,2020-09-03,Aspirin,Abnormal
joSE gOOd,73,Male,AB+,Cancer,2023-05-27,David Pollard,Ltd Gilbert,Blue Cross,2602.65,111,Elective,2023-06-02,Ibuprofen,Normal
DaViD flOwErs,50,Female,A-,Diabetes,2023-07-09,William Sullivan,"Little and Lee Perez,",Cigna,15139.52,275,Emergency,2023-08-04,Ibuprofen,Normal
ELIZabeth lEsTER,42,Female,A-,Asthma,2022-09-23,Jennifer Walker,Thompson-Ryan,Cigna,42178.84,406,Elective,2022-10-16,Paracetamol,Normal
MIchAEL RIVeRa,57,Male,AB+,Obesity,2020-07-25,Rebecca Schneider,Montoya-Gonzales,UnitedHealthcare,37916.01,472,Urgent,2020-08-07,Aspirin,Normal
TREvOR ADAMs,82,Male,B-,Obesity,2021-12-14,Justin Spencer,"Mckinney and Bryant, Gonzales",Aetna,16962.16,299,Emergency,2021-12-29,Lipitor,Abnormal
IaN huaNG,21,Male,B-,Hypertension,2021-10-04,Jacob Sandoval,Gomez-Hernandez,UnitedHealthcare,35448.64,478,Emergency,2021-10-09,Paracetamol,Abnormal
maria nGUyEN,42,Male,A-,Diabetes,2019-06-05,Kevin Jefferson,Perkins-Hines,Medicare,3757.62,144,Urgent,2019-06-23,Paracetamol,Inconclusive
jEffREY hAMpton,72,Male,AB-,Hypertension,2021-03-01,Melissa Jones,Malone-Mitchell,Cigna,48887.32,137,Urgent,2021-03-13,Penicillin,Inconclusive
brUCe JOseph dDS,26,Female,O-,Cancer,2023-09-02,Lee Meyers,"Johnson Jones Robertson, and",Cigna,2612.15,302,Emergency,2023-09-25,Aspirin,Normal
MARk floRes,23,Male,B-,Diabetes,2020-11-18,Charles Kirby,"Leblanc, Cole Simon and",Cigna,35644.82,392,Emergency,2020-12-15,Ibuprofen,Normal
RAChEl LANg,42,Female,AB-,Cancer,2024-03-27,Fred Davies,Gray-Bond,Blue Cross,21288.97,305,Elective,2024-04-26,Ibuprofen,Normal
JeNnIfEr KENneDY,34,Male,AB-,Arthritis,2020-12-22,Samuel Herrera,"Wood Gomez and Davidson,",Aetna,43453.24,355,Elective,2021-01-11,Paracetamol,Inconclusive
mary MCDOweLL,41,Male,A+,Arthritis,2020-01-23,Alicia Moore,Wilson PLC,Cigna,897.34,215,Elective,2020-01-24,Lipitor,Inconclusive
JOsePH mENdOZA,53,Female,B+,Arthritis,2021-10-19,Angelica Lambert,Johnson-Hardy,UnitedHealthcare,26407.14,168,Urgent,2021-11-16,Ibuprofen,Abnormal
kRistIn tAyLoR,58,Male,B+,Obesity,2021-03-23,Wendy Dennis,Sanchez-Cook,Blue Cross,6691.91,429,Elective,2021-03-26,Penicillin,Normal
mELIssa DaViS,45,Male,AB+,Obesity,2021-04-20,Michael Bowen,Williams-Stuart,Cigna,2188.15,494,Emergency,2021-04-26,Penicillin,Normal
anDrEW mAsON,59,Female,A-,Hypertension,2020-11-03,Toni Cuevas,Pierce-Sanchez,Aetna,36896.48,343,Urgent,2020-11-24,Lipitor,Inconclusive
ElIZAbetH ROBiNSON,56,Male,AB+,Asthma,2022-05-12,Kimberly Lambert,Ferguson-Ortega,Blue Cross,18470.72,314,Elective,2022-05-24,Paracetamol,Normal
JOSeph weaVer,23,Female,O+,Cancer,2022-01-05,Sarah Reed,Shepard-Mendez,UnitedHealthcare,44198.91,160,Emergency,2022-01-16,Lipitor,Abnormal
eliZaBeTH grahAm,38,Female,O-,Hypertension,2021-12-13,Danielle Henderson,"and Cunningham Martinez, Jones",Blue Cross,28480.33,313,Elective,2021-12-30,Lipitor,Inconclusive
jOSHUA huAng,24,Male,O-,Hypertension,2023-12-04,Mr. Jeffrey Rodriguez,Fernandez-Thompson,UnitedHealthcare,34791.67,316,Emergency,2023-12-29,Ibuprofen,Abnormal
mALIK mOore,79,Female,O+,Arthritis,2023-03-15,Melanie Payne,LLC Fuller,Medicare,22961.79,449,Emergency,2023-03-31,Ibuprofen,Inconclusive
aNTHOny GrEen,65,Female,B-,Diabetes,2023-04-05,Donna Wilson,Galvan-Young,Cigna,48146.92,300,Urgent,2023-04-26,Paracetamol,Normal
VICTOrIA sTEVENs,79,Female,AB+,Asthma,2022-09-22,Daniel Smith,Yang-Shaw,Blue Cross,5253.51,119,Urgent,2022-10-21,Aspirin,Inconclusive
patRICK whItE,70,Male,B+,Arthritis,2021-03-12,Amber Richards,Wallace-Davis,Medicare,13178.64,223,Elective,2021-03-13,Paracetamol,Normal
mEGan Mills,50,Female,B-,Asthma,2022-03-17,Ashley Kennedy,"Jackson, and Mitchell Kemp",UnitedHealthcare,29623.46,132,Urgent,2022-04-16,Aspirin,Inconclusive
RobERt COLEmAn Md,82,Female,B+,Hypertension,2019-12-18,Colton Walker,"Leach, Martinez Taylor and",Cigna,7712.46,422,Emergency,2020-01-15,Ibuprofen,Inconclusive
CrYSTaL jackSOn,39,Male,O+,Cancer,2021-08-26,Cassandra Silva,Inc Weaver,Blue Cross,21853.81,282,Urgent,2021-09-13,Ibuprofen,Abnormal
MErEDIth caldweLl,79,Male,B+,Hypertension,2022-10-08,Christina Garcia,Preston PLC,Medicare,6380.38,233,Urgent,2022-10-10,Lipitor,Abnormal
JoNaTHaN sUllIVAn,67,Male,O+,Cancer,2024-04-30,Victoria Reed,Marshall PLC,UnitedHealthcare,36056.96,248,Elective,2024-05-14,Ibuprofen,Abnormal
WeNDy LOPEZ,73,Female,A+,Hypertension,2019-08-14,Isaac Carrillo,Cunningham Inc,Blue Cross,12990.52,188,Emergency,2019-09-08,Penicillin,Inconclusive
jaViEr eaTOn,33,Female,AB-,Cancer,2021-07-31,Gina Burke,"Figueroa and Stanton Hall,",Cigna,22834.53,326,Elective,2021-08-01,Lipitor,Normal
kIM smith,65,Female,O-,Asthma,2021-11-29,Jaime Robbins,"Campbell, Brewer Hunter and",Medicare,37994.78,335,Emergency,2021-12-22,Penicillin,Abnormal
CHRisTiNa MOrGan,37,Female,A+,Obesity,2024-03-01,Billy Snyder,"and Smith Jordan, Rodriguez",Cigna,11978.42,151,Emergency,2024-03-29,Aspirin,Abnormal
JaNIcE caStilLo,30,Female,A+,Cancer,2023-06-06,Gregory Rodriguez,Kennedy-Horton,Blue Cross,35927.16,284,Elective,2023-06-18,Lipitor,Normal
amanda wArD,72,Male,AB-,Asthma,2021-06-21,John Allen,Ltd Green,Aetna,36385.24,402,Emergency,2021-07-06,Lipitor,Normal
chRIStopHER ROmerO,83,Female,O+,Hypertension,2024-02-18,Brad Cook,"Lopez White, Ross and",Cigna,8814.69,149,Urgent,2024-03-06,Lipitor,Normal
KImbErly CLARk DdS,75,Male,O+,Arthritis,2019-12-27,Lisa Gonzales,Bell-Lawson,Aetna,1043.46,265,Emergency,2020-01-22,Lipitor,Abnormal
CArl pATeL,28,Male,B-,Hypertension,2021-03-29,Amber Robertson,Woodard PLC,Blue Cross,33163.35,310,Emergency,2021-04-13,Penicillin,Inconclusive
DalToN zunIga,25,Female,B-,Hypertension,2023-11-14,Larry Smith,Stewart-Perez,Medicare,13627.55,308,Emergency,2023-12-13,Paracetamol,Inconclusive
BRITTANy sTUArt,62,Male,AB+,Hypertension,2020-05-04,Melissa Chavez,Rodriguez Inc,Aetna,16883.84,131,Urgent,2020-06-01,Aspirin,Normal
aLLISON MCcOY,30,Male,O+,Arthritis,2023-06-26,Sara Wright,Group Young,Cigna,13767.89,162,Urgent,2023-07-22,Lipitor,Normal
MRS. jEnNiFER CHanDLER,77,Female,B-,Asthma,2020-11-27,Jessica Schroeder,Willis PLC,Cigna,34758.55,164,Urgent,2020-12-26,Lipitor,Inconclusive
jEfFERy ARMStRong,54,Female,O+,Hypertension,2022-12-31,Joshua Jensen,Thomas-Evans,Cigna,47283.08,300,Elective,2023-01-24,Aspirin,Abnormal
viNCENt smItH,58,Female,A-,Cancer,2021-09-28,Jeremy Thompson,Hernandez-Freeman,Blue Cross,14783.1,326,Elective,2021-10-17,Ibuprofen,Abnormal
SHERI WalLAce,44,Female,A-,Asthma,2019-08-24,Christine Murphy,Shaw-Bass,Blue Cross,7610.53,185,Elective,2019-09-16,Paracetamol,Abnormal
kriStEN wilSOn,77,Female,AB+,Asthma,2022-12-14,Beth Osborne,Pineda-Johnson,Cigna,45208.59,302,Urgent,2022-12-16,Lipitor,Normal
CASEY collInS,78,Female,O-,Hypertension,2020-04-08,Brandy Orozco,Rasmussen-Yang,Blue Cross,33988.17,273,Elective,2020-04-28,Ibuprofen,Abnormal
aliciA wHiTE,39,Male,A+,Asthma,2021-11-19,Laura Flowers,Turner-Henson,Cigna,27920.32,359,Elective,2021-12-08,Ibuprofen,Abnormal
ANgela yoRK,48,Male,B+,Obesity,2022-07-08,Breanna Mclean,Ponce-Newman,Aetna,8041.54,302,Urgent,2022-07-19,Paracetamol,Abnormal
SaRa wAtSOn,30,Male,B-,Arthritis,2023-11-04,Ashley Jordan,Group Murphy,Cigna,42768.69,274,Urgent,2023-11-11,Paracetamol,Normal
TRavIs mOore,27,Female,AB-,Diabetes,2020-04-23,Lauren Mitchell,Cooke-Rodriguez,Blue Cross,33427.81,314,Urgent,2020-05-12,Ibuprofen,Inconclusive
TrAVIS MOrGAn,62,Male,O-,Diabetes,2019-10-24,Mark Wheeler,Williamson-Arnold,Medicare,31015.06,257,Emergency,2019-11-03,Aspirin,Normal
amAnda MaRTiNEz,73,Female,A+,Cancer,2024-01-03,William Kelly,Inc Myers,Aetna,44499.04,362,Emergency,2024-01-15,Aspirin,Inconclusive
dANiEL keLLY,32,Male,A+,Hypertension,2023-10-03,Michelle Koch,Hays-Peters,Medicare,7542.85,161,Elective,2023-10-13,Aspirin,Normal
thoMas moOre,83,Female,O-,Cancer,2019-09-26,Isaac Hudson,LLC Tran,Cigna,33358.17,204,Urgent,2019-10-21,Paracetamol,Inconclusive
AnThoNy tHORntOn,65,Female,AB+,Hypertension,2022-08-13,Dustin Gardner,"Skinner, Rice Donovan and",UnitedHealthcare,45842.07,319,Urgent,2022-08-22,Lipitor,Abnormal
cheryL CURrY,37,Female,AB-,Arthritis,2024-01-06,Linda Hoffman,"and Pennington Carter, Lewis",Blue Cross,16254.52,277,Urgent,2024-02-01,Ibuprofen,Normal
Dr. COLlEeN MorrIs,34,Male,B+,Cancer,2024-02-19,Kevin Hampton,Young-Johnson,UnitedHealthcare,44954.13,334,Elective,2024-03-04,Paracetamol,Abnormal
MaTTHew marTIN,60,Male,O-,Arthritis,2020-02-09,Benjamin Garner,Sparks-Lopez,Medicare,17811.17,451,Elective,2020-02-16,Paracetamol,Normal
SHaNE BrUce,32,Female,O+,Cancer,2022-06-11,Victoria Jones,Smith-Cruz,Aetna,3179.64,173,Elective,2022-06-25,Ibuprofen,Abnormal
shANNoN HENSOn,69,Male,B+,Asthma,2020-08-03,Spencer Benson,"Bell and Phillips, Davis",Cigna,1862.36,107,Urgent,2020-08-29,Paracetamol,Normal
veRonICA JorDan,48,Male,O-,Arthritis,2024-02-25,Joshua Murray,LLC Harrington,Aetna,24995.59,469,Emergency,2024-03-14,Lipitor,Normal
keLly FIsHER,77,Male,AB+,Cancer,2023-07-14,Audrey Becker,"and Liu, Thompson Mooney",Cigna,36293.32,393,Emergency,2023-08-02,Paracetamol,Abnormal
ASHLEy MUrPhY,84,Female,AB+,Hypertension,2022-03-05,Lawrence Green,Pennington-Mann,Medicare,25083.99,305,Urgent,2022-04-03,Lipitor,Inconclusive
dr. BeCky SmITh,68,Male,B-,Asthma,2024-01-20,Eric Rowe,Burton-Garcia,Aetna,40521.7,261,Urgent,2024-01-24,Aspirin,Normal
FERNANdO ryAn,24,Female,A+,Cancer,2021-01-22,Sara Rodriguez,Farley-Flores,Medicare,11042.83,439,Emergency,2021-02-07,Ibuprofen,Abnormal
rObERt moRALES,25,Male,AB+,Arthritis,2023-04-26,Brandon Lee,Christian-Murray,Medicare,35888.42,410,Emergency,2023-05-22,Penicillin,Abnormal
nIColE wAlKEr,64,Female,O-,Hypertension,2020-12-03,Deanna Campbell,Smith-Reyes,Medicare,13097.9,282,Urgent,2020-12-08,Ibuprofen,Abnormal
josEPH BaTES,73,Male,A-,Obesity,2021-05-24,Brooke Wright,Jordan Group,Medicare,47680.14,442,Urgent,2021-06-17,Paracetamol,Normal
viCtOriA HuBBARd,22,Female,AB-,Cancer,2020-12-23,Samuel Craig,Ltd Scott,Medicare,49464.64,486,Emergency,2021-01-22,Ibuprofen,Inconclusive
beNJamIn WoLfE,65,Male,O-,Asthma,2022-09-26,Brianna Pena,Owens PLC,Medicare,3706.64,419,Emergency,2022-10-24,Lipitor,Abnormal
Sarah CASeY,67,Male,AB-,Hypertension,2023-02-21,Gabriel Hensley MD,Obrien PLC,Aetna,19391.59,388,Urgent,2023-03-11,Lipitor,Abnormal
SuMMer RIChaRdSOn,56,Male,B-,Arthritis,2024-04-30,Tiffany Frye,"and Jackson Smith Elliott,",Blue Cross,16261.28,164,Emergency,2024-05-20,Paracetamol,Abnormal
beTtY COWAn,82,Male,B+,Asthma,2020-10-22,Kristen Wood,Sweeney-Rojas,UnitedHealthcare,36737.06,340,Elective,2020-11-10,Lipitor,Inconclusive
hEIDI lAwRence,47,Female,AB-,Cancer,2019-08-28,Angela Fowler,and Sons Bryant,Cigna,21300.58,221,Emergency,2019-08-30,Paracetamol,Inconclusive
chRIStOPhEr hilL,21,Male,AB-,Arthritis,2022-09-29,Jerry Brown,"and Martin Abbott Jackson,",Blue Cross,36330.03,306,Urgent,2022-10-07,Lipitor,Inconclusive
cHrIstopHER GOnZaleZ,44,Male,B-,Obesity,2021-08-20,Heather Padilla,Horn-Macdonald,UnitedHealthcare,47662.63,350,Urgent,2021-08-25,Ibuprofen,Abnormal
SusAn cOnTReRaS,23,Male,AB-,Cancer,2019-06-28,Kaitlyn Vazquez,Simmons-Stokes,UnitedHealthcare,25958.28,423,Urgent,2019-07-01,Aspirin,Inconclusive
alexIs WIgGiNS,45,Male,O+,Diabetes,2020-07-16,Mercedes Shepherd,Martinez-Douglas,UnitedHealthcare,6546.99,123,Emergency,2020-07-27,Aspirin,Normal
ALan wATKIns iI,73,Female,AB-,Asthma,2023-09-03,Tamara Hammond,White-Morgan,Cigna,46471.21,280,Emergency,2023-09-05,Aspirin,Normal
anthonY clARK,69,Female,A+,Asthma,2020-08-15,Matthew Wells,"and Reeves Jones Conway,",Aetna,37975.13,223,Elective,2020-09-03,Aspirin,Inconclusive
LAuRa WeAVer,73,Female,AB+,Arthritis,2021-12-22,Matthew Gibson DVM,Phillips-Morrison,Medicare,44190.94,410,Elective,2022-01-12,Paracetamol,Normal
BriAN JacKSoN,52,Female,B-,Obesity,2019-12-30,Brandi Maldonado,Ferguson-Hicks,Blue Cross,35901.69,474,Elective,2020-01-08,Paracetamol,Abnormal
joNAThAN tAYLor,58,Female,A-,Asthma,2022-11-02,Beverly Koch,"Payne Turner and Tanner,",Aetna,46181.29,354,Elective,2022-11-18,Lipitor,Inconclusive
sylviA PeArSoN,81,Male,B+,Asthma,2021-07-29,Benjamin Walker,Inc Brock,Medicare,22257.87,492,Elective,2021-08-14,Ibuprofen,Abnormal
lISA TayLor,41,Female,O-,Diabetes,2019-11-03,Alice Fitzpatrick,Riley-Hunter,Blue Cross,26807.92,233,Urgent,2019-11-12,Aspirin,Inconclusive
DrEw CuNNinGham,59,Male,AB+,Hypertension,2022-07-30,Lindsey Ochoa,Inc Garza,Medicare,14205.5,189,Emergency,2022-07-31,Aspirin,Abnormal
sarAH WaRe,77,Female,A-,Hypertension,2020-04-12,Tanya Conrad,"and Hobbs Warren Bird,",Cigna,21937.24,390,Urgent,2020-05-07,Ibuprofen,Inconclusive
Dawn whitE,73,Female,AB-,Hypertension,2020-01-10,Kimberly Green,Flores-Glass,UnitedHealthcare,2707.71,356,Elective,2020-01-21,Penicillin,Inconclusive
taMmy GARCIa,47,Male,O-,Obesity,2024-04-27,Jonathan Stafford,"and Clark, Mercado Stark",UnitedHealthcare,9661.97,392,Urgent,2024-05-06,Paracetamol,Normal
tARA KEnneDy,58,Male,O-,Obesity,2022-01-20,Danielle Navarro,Ball Group,Aetna,11987.04,264,Urgent,2022-02-19,Paracetamol,Abnormal
cAsSANDRA HamiLTOn,52,Male,B-,Cancer,2022-09-12,Jessica Brooks,Rivera Ltd,Blue Cross,30292.35,283,Elective,2022-10-06,Paracetamol,Normal
DANiEL TRaN,33,Female,B-,Arthritis,2022-06-21,Amy Johnson,Brady-Collins,Cigna,3241.79,180,Elective,2022-07-04,Aspirin,Abnormal
PATRiCiA JOHnsoN,85,Male,O-,Cancer,2023-02-10,Michael Ortega,"Rodriguez Cox and Benjamin,",Cigna,32608.52,443,Elective,2023-03-12,Ibuprofen,Inconclusive
robErT braDLeY,83,Female,B-,Arthritis,2023-04-13,Brent Fry,Booker-Hubbard,Medicare,34693.65,271,Urgent,2023-04-20,Paracetamol,Inconclusive
rebECcA ThoMPSOn,46,Male,O-,Obesity,2022-10-08,Laura Higgins,"Gross Jackson Finley, and",Aetna,47192.39,355,Emergency,2022-10-26,Paracetamol,Normal
LINda BuCKley,50,Female,O-,Obesity,2020-01-11,Kara Brooks,Cox Group,Aetna,17287.12,454,Emergency,2020-01-28,Aspirin,Inconclusive
riCHArd LoPeZ,82,Female,O+,Asthma,2020-07-05,Antonio Thomas,LLC Park,Blue Cross,7119.81,171,Emergency,2020-08-03,Lipitor,Inconclusive
ChRiSTIne HoUstOn,61,Female,B+,Diabetes,2021-08-13,Stacy Clark,Booker PLC,Cigna,34134.12,394,Emergency,2021-09-08,Lipitor,Inconclusive
DENise MorRiS,78,Male,O+,Arthritis,2019-06-04,Jonathan Mahoney,Adams-Bennett,Medicare,30363.33,359,Emergency,2019-06-24,Paracetamol,Inconclusive
dAvID bOwEn,55,Male,O+,Diabetes,2023-01-29,Kathy Pierce,"Patrick, Petty and Sullivan",Cigna,15109.15,325,Elective,2023-02-10,Ibuprofen,Normal
jaCoB rosS,79,Female,O+,Asthma,2023-02-11,Mariah Carpenter,Taylor Ltd,Cigna,11684.87,175,Urgent,2023-02-24,Paracetamol,Abnormal
SeTH marshALl,75,Female,A+,Asthma,2021-11-19,Lee Barajas,PLC Williams,Cigna,3529.13,429,Elective,2021-12-07,Ibuprofen,Normal
ScOtt beRG,40,Male,AB+,Diabetes,2022-10-19,Raven Cole,LLC Carey,Aetna,34123.9,481,Elective,2022-11-11,Penicillin,Normal
DianA pEaRsON,49,Male,O-,Cancer,2020-05-19,Evelyn Moran,"Perkins, Young and Smith",UnitedHealthcare,3771.19,392,Elective,2020-06-06,Paracetamol,Abnormal
vicToria KNIght,79,Male,B-,Hypertension,2021-11-27,Scott Kerr,"Randall and Rasmussen, Sosa",Blue Cross,6191.1,311,Urgent,2021-12-14,Aspirin,Inconclusive
dAnA ChEN,83,Male,A+,Hypertension,2021-02-11,Ashley Lynch,Underwood-Harding,Aetna,19062.84,481,Emergency,2021-02-20,Aspirin,Normal
joSEph esTEs,27,Male,A+,Hypertension,2020-03-13,Victoria Harmon,Roy-Smith,UnitedHealthcare,41104.62,460,Urgent,2020-04-01,Ibuprofen,Abnormal
VictoRIa MIlLER,27,Male,O-,Obesity,2023-02-09,Isaac Peck DDS,"and Mcguire Smith, Smith",UnitedHealthcare,48635.49,295,Elective,2023-02-14,Penicillin,Abnormal
LAUreN grEER,40,Female,AB-,Cancer,2020-08-30,Jennifer Snow,and Kramer Sons,Blue Cross,10826.76,190,Emergency,2020-09-18,Penicillin,Normal
eLIzABetH shErmAN,54,Female,AB-,Arthritis,2020-09-23,Maria Wallace,Group Cherry,Medicare,23688.72,374,Urgent,2020-10-11,Lipitor,Inconclusive
maRK wILLiams,31,Male,O+,Obesity,2023-06-19,Christopher Kemp,Rich-Jackson,Blue Cross,4028.48,348,Urgent,2023-06-23,Paracetamol,Normal
MaTThEW LeE,35,Female,O+,Diabetes,2020-04-16,Cory Young,Knight Ltd,Cigna,6474.75,305,Emergency,2020-05-15,Ibuprofen,Inconclusive
BRent rogeRs,78,Female,AB+,Diabetes,2022-04-20,Regina Foster,"and Tran Lara, Nguyen",Medicare,18002.54,324,Emergency,2022-04-28,Lipitor,Normal
jEANeTtE jONEs,72,Male,O-,Asthma,2024-01-27,Kristin Freeman,"Anderson, and Frazier Lowery",Aetna,9016.77,290,Elective,2024-01-29,Lipitor,Normal
mRs. DanIellE Sanders,52,Male,O-,Arthritis,2020-03-18,Brian Bishop,Inc Juarez,Aetna,5800.58,165,Emergency,2020-03-20,Aspirin,Abnormal
pHilliP waRreN,67,Female,O+,Obesity,2020-10-30,Jesus Washington,"Mays, and Walker West",Cigna,25939.71,163,Emergency,2020-11-04,Paracetamol,Inconclusive
MIchaEl hUNT,64,Female,A-,Arthritis,2019-06-20,Joshua Garcia,Bryan-Robbins,Cigna,43940.19,390,Elective,2019-06-28,Paracetamol,Normal
DaNIel DAVis,63,Female,B-,Arthritis,2023-02-09,Steven Gibson,Inc Ross,Medicare,6143.39,189,Urgent,2023-03-11,Penicillin,Inconclusive
ALExanDeR maRTinez,48,Male,B-,Hypertension,2022-09-10,Anna Barr,Johnson Group,Cigna,48402.19,491,Urgent,2022-09-11,Paracetamol,Abnormal
CATHy mCCOrMICK,34,Male,B-,Asthma,2022-12-20,Ann Payne,Hart-Mueller,Medicare,42573.15,113,Elective,2023-01-08,Lipitor,Abnormal
zaCharY ESteS,80,Female,O-,Obesity,2021-09-13,Kevin Young,Inc Watson,UnitedHealthcare,36130.42,357,Urgent,2021-10-13,Aspirin,Normal
jOsHuA joNes,25,Female,O-,Diabetes,2021-07-21,Michelle Brooks,"and Henson, Zamora Hart",Medicare,8589.06,308,Urgent,2021-08-02,Paracetamol,Abnormal
anthoNY woLFe,65,Female,B-,Obesity,2019-05-23,Susan Sanchez,Jones-Mcguire,Medicare,25143.29,292,Elective,2019-06-07,Ibuprofen,Normal
MARTiN sMitH,45,Male,A-,Hypertension,2022-10-05,Thomas Mcgee,Wyatt Group,UnitedHealthcare,27361.72,113,Elective,2022-10-20,Ibuprofen,Normal
dAnIelle kleIn,34,Female,B-,Arthritis,2019-09-08,William Underwood,Willis-Todd,Blue Cross,23545.92,452,Elective,2019-09-12,Penicillin,Inconclusive
MIcHaeL evans,41,Male,AB+,Asthma,2022-01-02,Tonya Taylor,PLC Shepherd,Blue Cross,13073.44,337,Elective,2022-01-10,Paracetamol,Normal
KatherINe anDerSon,23,Female,AB-,Hypertension,2023-11-02,Amanda Perry,Wilson-Valdez,Cigna,31936.09,311,Urgent,2023-11-20,Paracetamol,Abnormal
diaNa RosS,23,Male,A-,Cancer,2019-06-06,John Figueroa,"Vincent, Howell and Adams",Aetna,50649.23,278,Emergency,2019-06-28,Lipitor,Inconclusive
jaMES cOpELanD,26,Female,AB+,Hypertension,2023-09-10,Jessica Watkins,"and Vargas Hardin, Miller",Cigna,48563.76,172,Urgent,2023-09-23,Lipitor,Abnormal
JoHN rhodeS jr.,26,Male,A+,Diabetes,2021-10-03,William Howell,PLC Hernandez,Medicare,47874.97,485,Urgent,2021-10-28,Aspirin,Abnormal
richArd joNES,64,Male,A-,Hypertension,2022-04-17,Kenneth Brown,Mcpherson-Campos,UnitedHealthcare,18168.22,112,Elective,2022-04-28,Lipitor,Inconclusive
iAN MCCLAIn,25,Male,AB-,Obesity,2023-05-26,Amy Anderson,Roth-Benton,UnitedHealthcare,35693.38,260,Emergency,2023-06-25,Lipitor,Normal
STEPhEN hOlT,84,Male,O+,Cancer,2023-06-23,Richard Bailey,"Chavez, and Smith Hawkins",Cigna,43681.54,125,Urgent,2023-06-24,Lipitor,Inconclusive
leE JoHNsOn,20,Male,AB+,Diabetes,2020-12-29,Tony Harper,"Daniels and Ewing, Morris",Aetna,3287.66,316,Elective,2021-01-14,Lipitor,Normal
jeFfrEY robInsON,82,Male,A-,Cancer,2023-01-22,Samantha Miranda,"Lambert Warren and Carey,",Aetna,43707.68,187,Urgent,2023-02-13,Paracetamol,Normal
AMy DurAN,77,Male,AB-,Asthma,2021-03-02,Jessica Spencer,Moore-Willis,Blue Cross,49538.15,335,Urgent,2021-03-07,Aspirin,Normal
MS. CHeLSEa GrEer Md,77,Female,A+,Cancer,2022-03-28,Bradley Sellers,Sons Gonzalez and,Cigna,23005.36,429,Emergency,2022-04-19,Aspirin,Normal
CYNThiA AdAms,72,Male,O-,Diabetes,2022-01-13,Laura Rogers,"Moore Reid, and Freeman",Aetna,46845.01,120,Urgent,2022-02-12,Ibuprofen,Normal
bRyan CRoss,51,Female,A+,Diabetes,2024-02-05,Phillip Frank,Garcia LLC,Blue Cross,21760.65,163,Elective,2024-02-07,Paracetamol,Inconclusive
aSHlEY RYAN,70,Male,A-,Cancer,2022-09-20,Melissa Morris,Williams-Yu,Blue Cross,44892.52,121,Urgent,2022-10-07,Aspirin,Normal
JuSTIn StONE,45,Female,A+,Arthritis,2020-01-06,Anthony Day,Smith PLC,Blue Cross,47728.96,138,Urgent,2020-02-02,Ibuprofen,Abnormal
MELiNdA HANson,80,Female,AB-,Obesity,2020-03-22,Christina Hall,Group Torres,Cigna,41834.63,154,Elective,2020-04-09,Paracetamol,Abnormal
JeSSICa CrUZ,23,Male,O+,Arthritis,2023-11-08,Amanda Santiago,"Barnes Perez, Jackson and",Medicare,26081.98,122,Emergency,2023-11-21,Penicillin,Normal
brANdI warReN,53,Male,AB+,Obesity,2019-07-24,Rita Williams,"Berry and Martinez, Anderson",Blue Cross,33310.99,278,Elective,2019-08-20,Ibuprofen,Inconclusive
angELa nIcHoLS,59,Male,O-,Asthma,2022-08-22,Daisy Williams,LLC Strickland,Aetna,29892.88,229,Elective,2022-09-09,Paracetamol,Inconclusive
todd SulliVan,28,Male,O+,Obesity,2024-04-27,Victoria Ewing,"Carey Romero, and Osborne",Aetna,42900.48,428,Emergency,2024-05-03,Lipitor,Normal
Amy HUeRTa,74,Female,B+,Diabetes,2021-03-31,James Smith,Robinson Inc,Blue Cross,18498.08,373,Emergency,2021-04-13,Ibuprofen,Abnormal
DomiNiquE sTONE,58,Male,B+,Cancer,2022-07-15,Charles Brown,Sons and Moore,Cigna,36638.04,282,Emergency,2022-08-09,Ibuprofen,Abnormal
BObby ClaY,62,Female,AB-,Diabetes,2020-05-06,Jennifer Cherry,"Weber, and Garcia Young",Cigna,25656.93,409,Elective,2020-05-15,Lipitor,Abnormal
ThomAs huErTA,28,Female,AB+,Hypertension,2020-03-29,Ryan Anderson,"Reyes, Henderson Logan and",Aetna,27907.26,106,Elective,2020-04-27,Aspirin,Normal
JosePh oWEn,62,Male,B+,Obesity,2020-03-14,Kristina Foster,"Allen Decker Taylor, and",UnitedHealthcare,42029.96,480,Urgent,2020-03-30,Aspirin,Abnormal
AngELA AdAmS,70,Female,AB+,Obesity,2020-09-06,Thomas Jackson,Lowe Group,Aetna,27378.72,351,Emergency,2020-09-10,Ibuprofen,Inconclusive
MaRK WRiGht,82,Male,AB+,Hypertension,2022-06-14,Jill Wright,Mcmahon-Gomez,Cigna,7263.67,124,Elective,2022-06-19,Aspirin,Abnormal
debbiE riChMond,84,Female,A+,Cancer,2020-03-15,Michael Williams,"Garcia Mosley, and Baker",Cigna,45237.94,301,Elective,2020-04-07,Aspirin,Inconclusive
niCoLAs CHaPmAN,64,Male,AB-,Diabetes,2020-02-22,Joseph Austin,"Daugherty and Mclean, Parsons",Aetna,26522.98,322,Urgent,2020-03-04,Ibuprofen,Inconclusive
beNJAmIN marTIn,36,Male,A-,Asthma,2021-10-30,Justin Hammond,Smith PLC,Cigna,35398.71,263,Emergency,2021-11-02,Paracetamol,Normal
jeNniFer BrOWN,22,Female,B-,Hypertension,2021-03-18,Danielle Jones,"Roberts, Delgado Johnson and",Cigna,35656.14,416,Elective,2021-04-10,Aspirin,Normal
cAROLYn GArza,62,Female,AB+,Arthritis,2023-12-13,Angela Tucker,"Harris and Potter, Vargas",Medicare,16148.94,106,Emergency,2023-12-17,Lipitor,Inconclusive
angeLA MElToN,61,Female,A-,Arthritis,2023-11-11,Suzanne Wood,"Villa Valdez and Herrera,",UnitedHealthcare,33517.03,310,Elective,2023-11-14,Ibuprofen,Normal
MIChELLE avIla,63,Male,A+,Hypertension,2022-07-08,Ryan Molina,"Russo Buckley, and Ferguson",Aetna,6696.26,179,Elective,2022-08-05,Penicillin,Inconclusive
MIsty dAvIS,26,Male,AB+,Asthma,2022-03-23,Wendy Peters,Williams-Henderson,Medicare,14447.8,409,Urgent,2022-04-22,Ibuprofen,Normal
greGOry Nelson,65,Male,O-,Cancer,2019-07-06,Stacey Myers,Wilson-Lopez,Medicare,27961.41,145,Elective,2019-07-17,Paracetamol,Abnormal
vIcTORiA moRAlES,24,Male,O-,Cancer,2019-06-22,Bianca Wright,Gibson-Alvarez,Blue Cross,40403.56,284,Emergency,2019-07-09,Aspirin,Normal
CoURTNeY pETeRSoN,58,Female,A-,Obesity,2020-11-08,Sheila Walton,"and Williams, Young Maddox",UnitedHealthcare,18842.44,326,Elective,2020-11-26,Penicillin,Normal
eRiC bates,55,Male,O+,Diabetes,2021-01-15,James Simmons,Brooks-Gray,UnitedHealthcare,2688.89,377,Emergency,2021-02-01,Penicillin,Inconclusive
DAvId baUeR,22,Male,AB-,Obesity,2019-07-13,Denise Kelly,Ltd Rivera,Blue Cross,17331.35,374,Urgent,2019-08-03,Paracetamol,Abnormal
JoEl jeNKIns,77,Female,A+,Cancer,2021-07-30,Kayla Garrett,"Jackson, Foley and Klein",Cigna,12852.67,462,Urgent,2021-08-08,Aspirin,Normal
nICOlE HUff,46,Female,AB+,Cancer,2023-05-05,Dawn Matthews,Group Davis,Medicare,23103.06,409,Elective,2023-06-01,Lipitor,Normal
MIChAeL HarDiNg,18,Female,A-,Obesity,2020-09-06,Nicole Lester,Gray-Lee,Cigna,33490.9,469,Elective,2020-09-07,Aspirin,Abnormal
jOSe RiVAS,81,Female,AB-,Asthma,2022-02-17,Shannon Meyer,"Durham, Burch and Webb",Cigna,26196.14,331,Urgent,2022-03-09,Lipitor,Inconclusive
DIAnE sMitH,65,Male,AB-,Obesity,2022-09-30,Christopher Caldwell,"Perez and Cook, Hines",Cigna,12264.64,146,Urgent,2022-10-20,Lipitor,Normal
kriSTen lowE,81,Female,AB-,Asthma,2021-05-20,John Murillo,"and Anderson Williams Harrison,",Aetna,44514.94,427,Emergency,2021-05-22,Aspirin,Inconclusive
lisa CAsTRO,19,Male,B-,Arthritis,2022-06-08,Jeremy Richards,Hall-Duran,Aetna,49471.69,308,Elective,2022-06-15,Paracetamol,Abnormal
gRegOrY wELLs,19,Male,AB+,Hypertension,2021-04-20,Tammy Rogers,"Ritter, and Thomas Johnson",Medicare,8945.18,244,Emergency,2021-04-28,Paracetamol,Abnormal
RODNey BURNs,63,Female,A-,Arthritis,2022-06-24,Noah Montgomery,"Solomon, Mejia and Quinn",Medicare,29448.06,122,Elective,2022-07-02,Aspirin,Inconclusive
ERIc BUtlER,76,Female,AB-,Hypertension,2021-04-22,Angela May,"Thompson Morales, and Clark",Cigna,34892.54,202,Urgent,2021-05-06,Penicillin,Abnormal
jaCOb RoDRIgUeZ,49,Male,B+,Arthritis,2020-12-13,Benjamin Blankenship,"Neal Pennington Ellison, and",Cigna,39915.1,376,Emergency,2020-12-18,Lipitor,Inconclusive
MElAniE PhElPs,39,Male,B-,Obesity,2019-12-24,Jonathan Webb,LLC West,Blue Cross,39574.63,364,Emergency,2019-12-31,Ibuprofen,Inconclusive
keLsEY lOWe,39,Male,O+,Arthritis,2021-12-13,Yolanda Olsen,Hall Group,UnitedHealthcare,24392.43,378,Emergency,2022-01-06,Ibuprofen,Normal
KiM JOhnsoN,41,Female,A-,Hypertension,2020-06-08,Sydney Osborne,"Washington Sanchez, and Gates",Aetna,21036.52,333,Emergency,2020-06-29,Paracetamol,Inconclusive
STacy gARcIA,77,Male,B-,Hypertension,2019-11-29,Jonathan Salazar,Williams-Baxter,Blue Cross,44464.61,366,Elective,2019-12-01,Ibuprofen,Abnormal
anGela TAYlOR,20,Male,B+,Hypertension,2023-01-08,Jennifer Williams,"Rocha Townsend, and Casey",Cigna,38702.05,157,Elective,2023-01-18,Aspirin,Inconclusive
niCHOlE KeNnedy,41,Male,AB+,Cancer,2020-01-28,Emily Pearson,"and Hill Ramirez Hart,",Blue Cross,44259.35,295,Urgent,2020-02-12,Penicillin,Inconclusive
GReGory rOChA,43,Male,B-,Obesity,2020-12-31,Jared Larson,Ltd Olson,UnitedHealthcare,31778.97,188,Urgent,2021-01-08,Lipitor,Inconclusive
crAIG GOODmAn,27,Female,AB+,Obesity,2022-01-31,Dana Smith,"Wagner and Pearson Johnson,",UnitedHealthcare,37361.69,485,Elective,2022-02-20,Aspirin,Normal
ALBErT miDDLETon,68,Female,A-,Cancer,2023-07-18,Melissa West,Group Lewis,UnitedHealthcare,36886.9,298,Urgent,2023-07-23,Ibuprofen,Inconclusive
RoBeRT GReEN,67,Female,AB+,Obesity,2024-03-03,Michael Berg,Figueroa and Sons,UnitedHealthcare,24188.34,444,Elective,2024-03-29,Lipitor,Inconclusive
tERESA bradshAW,29,Female,AB-,Arthritis,2019-05-26,Kyle Duncan,"Martin and Jones, Martin",Medicare,50174.0,329,Elective,2019-06-23,Penicillin,Normal
jamEs McBRIDE,83,Female,O+,Hypertension,2021-07-19,Joseph Cunningham,Dean-Gutierrez,Blue Cross,30046.44,122,Elective,2021-08-15,Ibuprofen,Normal
MOlLy Howell,35,Female,AB+,Diabetes,2020-08-14,Michael Rice,"and Phillips Floyd, Jackson",Aetna,24888.46,190,Elective,2020-09-09,Ibuprofen,Abnormal
chrISTY cHAPMAn,60,Male,A+,Obesity,2019-12-15,Cory Baxter,Ltd Lopez,Cigna,45427.26,389,Elective,2019-12-30,Paracetamol,Inconclusive
katheRINE mORriSOn,29,Male,B+,Arthritis,2022-03-22,Erica Smith,Trevino-Holloway,Blue Cross,31378.12,362,Emergency,2022-03-26,Lipitor,Normal
mInDy MeNDez,69,Female,AB-,Diabetes,2024-03-24,Stephen Rogers,PLC Rogers,Cigna,41720.42,291,Elective,2024-03-30,Lipitor,Inconclusive
DanIELle tHoMPSon,49,Male,B+,Arthritis,2019-11-29,Scott Jones,Inc Dyer,Blue Cross,10691.5,356,Emergency,2019-12-18,Ibuprofen,Inconclusive
alExanDEr hArReLl,69,Female,AB+,Asthma,2020-12-09,Nancy Richards,LLC Hahn,Cigna,44269.51,282,Emergency,2021-01-07,Ibuprofen,Abnormal
hEaTheR MURiLlO,34,Male,AB+,Cancer,2023-06-21,Victoria Kelly,PLC Harrison,Aetna,33232.58,262,Emergency,2023-07-04,Lipitor,Abnormal
stAceY SPEncER,54,Female,O+,Cancer,2019-07-05,Benjamin Adams,Duncan-Webb,Medicare,45114.84,196,Elective,2019-07-14,Penicillin,Normal
weNDY hUdSON,41,Male,B+,Hypertension,2024-04-19,John Arnold,Ellis Ltd,Medicare,12664.1,137,Urgent,2024-05-14,Paracetamol,Normal
CHRIstinA bUrnEtT,79,Male,AB+,Obesity,2020-11-09,Keith Grimes,Brown-Combs,UnitedHealthcare,49668.58,139,Elective,2020-12-02,Penicillin,Normal
PAtrICK JeNKins,24,Male,O-,Arthritis,2022-05-03,Elizabeth Macias,"and Mitchell Clayton, White",Aetna,27992.08,131,Elective,2022-06-02,Aspirin,Abnormal
jennIFEr boOne,48,Female,AB-,Hypertension,2019-06-11,Robert Rowe,Williams Group,Cigna,47187.46,255,Urgent,2019-07-03,Penicillin,Normal
BObBy CARtEr,78,Male,A+,Obesity,2023-05-09,Sarah Brennan,"Lopez, and Jackson Gomez",Blue Cross,32777.7,132,Elective,2023-05-28,Lipitor,Inconclusive
heATHER haRdIng,59,Female,A-,Arthritis,2022-08-25,Rebecca Hodges,"Johnson, and Hodge Novak",UnitedHealthcare,8981.27,241,Elective,2022-09-09,Lipitor,Inconclusive
SAMANtha mYeRs,52,Male,O+,Cancer,2024-03-14,Danielle Willis,"and Rodriguez Robinson Johnson,",Blue Cross,43939.06,108,Urgent,2024-04-01,Aspirin,Inconclusive
MRS. sTEpHAniE FISheR DvM,33,Male,B-,Diabetes,2021-02-10,William Perkins,"Donovan Hampton, and Weaver",Blue Cross,14769.51,424,Emergency,2021-02-14,Paracetamol,Normal
chasE dougLas,22,Male,O-,Arthritis,2021-06-12,Zachary Howell,Ltd Lee,Aetna,7534.13,305,Urgent,2021-06-15,Aspirin,Abnormal
DONAld HIlL Md,27,Male,AB+,Obesity,2019-09-26,Elizabeth Johnson,Ltd Gates,Aetna,30280.08,243,Urgent,2019-10-06,Lipitor,Abnormal
MoniCA JoNes,58,Male,B-,Cancer,2019-05-11,Jennifer Newton,Group Moon,Aetna,23035.37,444,Urgent,2019-05-28,Penicillin,Normal
DavId WattS,35,Male,AB+,Obesity,2023-01-27,Eric Johnson,LLC Cantrell,Medicare,11938.37,162,Emergency,2023-01-28,Ibuprofen,Normal
jAMeS mILLER,46,Male,A+,Obesity,2023-10-10,Amber Chavez,Lewis and Sons,UnitedHealthcare,17674.24,226,Elective,2023-10-30,Aspirin,Normal
chrIStophEr BriGgs,74,Male,A+,Asthma,2019-06-30,Gregory Park,"Conway Brooks and Green,",Blue Cross,18178.66,187,Elective,2019-07-12,Aspirin,Abnormal
eRic tUCkER,82,Female,A-,Obesity,2023-05-09,Joshua Martinez,"Potts and Bird, Petersen",Medicare,28476.06,154,Urgent,2023-06-06,Aspirin,Abnormal
GEOrge caStro,57,Male,A+,Asthma,2023-05-06,Michelle Wells,Miller-Matthews,UnitedHealthcare,19772.11,386,Emergency,2023-05-19,Paracetamol,Inconclusive
ANGELA whItE,23,Female,O+,Obesity,2019-11-18,James Leonard,PLC Williams,Medicare,28180.02,105,Emergency,2019-12-13,Lipitor,Abnormal
JoNAthAN bArnEs,81,Female,A+,Cancer,2019-08-22,Dillon Waters,Sherman-Moore,Cigna,7512.22,260,Emergency,2019-09-17,Ibuprofen,Inconclusive
NAtHan oRoZcO,45,Female,AB+,Obesity,2022-01-25,Donna Thompson,Beard-Chandler,Medicare,33926.14,268,Urgent,2022-02-03,Paracetamol,Inconclusive
dAnIEl sELleRs,73,Male,AB+,Hypertension,2021-12-02,Sarah Ochoa,Brown LLC,Blue Cross,17651.75,208,Urgent,2021-12-11,Lipitor,Normal
rYAn raMirez,75,Female,AB+,Asthma,2020-12-21,Anna Brown,PLC Le,UnitedHealthcare,29394.53,242,Elective,2020-12-23,Ibuprofen,Abnormal
JeNnIFer JoHNsoN,18,Female,AB+,Arthritis,2020-05-03,Denise Mayo,"Banks Gordon and Browning,",Medicare,30506.94,459,Emergency,2020-05-29,Aspirin,Abnormal
AmY bEnITEz,71,Male,O+,Obesity,2019-06-18,Danielle Mayo,Greene-Travis,Aetna,41400.97,423,Elective,2019-06-26,Lipitor,Normal
Laura bURtOn,25,Male,B+,Hypertension,2019-11-25,John Pham,Walsh-Knight,UnitedHealthcare,11032.51,272,Urgent,2019-12-02,Lipitor,Abnormal
SaMaNtHA HALL,26,Female,O-,Arthritis,2023-07-18,Susan Torres,Inc Powell,UnitedHealthcare,20939.12,331,Emergency,2023-08-10,Aspirin,Abnormal
MicHaeL wOODS,34,Female,A-,Hypertension,2021-03-31,Patricia Collins,and Sons Bond,UnitedHealthcare,18734.76,232,Emergency,2021-04-20,Aspirin,Normal
john HERNaNdEZ,45,Male,B+,Diabetes,2021-06-21,Yvonne Alvarado,"Mitchell Kirby and Bradley,",Aetna,26851.61,386,Urgent,2021-06-22,Ibuprofen,Abnormal
JOshUa bLaNkEnShiP,22,Male,AB-,Diabetes,2022-09-29,Heather Jacobs,PLC Flowers,UnitedHealthcare,33757.71,256,Elective,2022-10-13,Ibuprofen,Normal
AlEXANder meNdoza,51,Male,B-,Cancer,2021-06-29,Erika Johnson,Neal-Mitchell,Cigna,10011.8,471,Emergency,2021-07-25,Ibuprofen,Inconclusive
ASHleY ricHaRds,77,Female,B-,Arthritis,2021-07-28,Charles Ochoa,Byrd-Parsons,Blue Cross,19350.55,237,Urgent,2021-08-26,Aspirin,Inconclusive
JOsepH TOrREs,36,Female,O+,Asthma,2023-01-26,Angela Cuevas,Rios-Barker,Aetna,15548.01,367,Urgent,2023-02-08,Penicillin,Normal
sARAh BArNEs,80,Female,A+,Hypertension,2020-01-05,Andrew Flores,Montes Ltd,Medicare,19008.26,310,Elective,2020-01-12,Paracetamol,Abnormal
dALE viNCEnT,75,Male,A-,Obesity,2022-01-11,William West,Clark-Bailey,Aetna,3045.32,251,Urgent,2022-02-01,Ibuprofen,Inconclusive
KATHLEEN wRIgHt,57,Male,AB-,Asthma,2021-03-20,Cameron Hicks,Cross-Smith,Aetna,23296.48,378,Emergency,2021-04-07,Paracetamol,Normal
Kim rodrigUez,30,Male,B+,Hypertension,2022-10-18,Melissa Howell,Foster-Smith,Medicare,9946.12,476,Elective,2022-11-04,Lipitor,Inconclusive
timoThy milLer,64,Female,A-,Arthritis,2024-04-17,Jill Allen,Ali Sons and,Aetna,19008.85,206,Emergency,2024-04-22,Aspirin,Normal
BRenT woOd,48,Female,O-,Obesity,2021-02-18,Gregory Johnson,Newman-Anderson,Medicare,17203.44,390,Elective,2021-03-03,Penicillin,Normal
KrIstI colON,30,Male,A-,Cancer,2019-10-25,Jeffrey Wilson,Group Miller,UnitedHealthcare,24681.02,216,Elective,2019-10-26,Aspirin,Inconclusive
jO harrIS,53,Male,B-,Arthritis,2023-09-21,Theresa Hebert,Meyer-Scott,Cigna,47642.24,251,Urgent,2023-10-16,Ibuprofen,Abnormal
TYlER wilLiaMs,62,Female,O-,Cancer,2023-06-04,Zachary Brown,Sons and Huber,UnitedHealthcare,36507.88,453,Urgent,2023-06-17,Ibuprofen,Abnormal
tINa SCOTt,49,Female,B+,Obesity,2021-03-28,Sylvia Oneal,Lopez-Savage,Medicare,36458.3,320,Elective,2021-04-10,Paracetamol,Inconclusive
kRiStinE aGUiLaR,23,Female,O-,Asthma,2023-05-13,Shari Davis,Sons and Taylor,Medicare,41799.97,294,Elective,2023-06-03,Lipitor,Normal
MaLik coOpEr,26,Male,B-,Obesity,2019-06-10,Ashley Brown,Ltd Miller,Aetna,40929.38,362,Urgent,2019-06-23,Paracetamol,Normal
TimOTHy reynOldS,74,Male,A-,Hypertension,2020-05-15,Jenna Williams,Daniels-Lopez,Blue Cross,17937.65,448,Elective,2020-06-13,Ibuprofen,Normal
nIcOle mCdONalD,58,Female,AB+,Hypertension,2019-11-17,Heather Scott,"Bender, and Garza Friedman",Medicare,29444.55,165,Urgent,2019-12-09,Paracetamol,Inconclusive
JOhn arnolD,38,Female,AB+,Cancer,2021-03-30,Rhonda Simon,PLC Williams,Medicare,43378.32,432,Urgent,2021-04-05,Aspirin,Abnormal
aDAm ReYes,39,Female,A+,Asthma,2019-06-09,Adam Buckley,"and Dickerson Terry Sandoval,",Aetna,14924.23,202,Elective,2019-06-19,Penicillin,Normal
DOnna GArcIA,64,Female,O+,Arthritis,2020-03-18,Alexander Cline,Hood Inc,Medicare,2450.99,281,Elective,2020-03-28,Aspirin,Normal
eDwArd baTeS,70,Male,AB-,Hypertension,2019-10-17,Julie Wright,Stewart LLC,Aetna,9983.86,420,Emergency,2019-11-16,Paracetamol,Abnormal
eDWArD daVIS,75,Female,AB+,Obesity,2021-03-29,Ashley King,"Harris and Greer Novak,",Aetna,10913.39,403,Emergency,2021-04-01,Aspirin,Inconclusive
BRAnDY Lee,62,Female,O+,Obesity,2019-05-12,Heidi Jefferson,Ltd Murray,UnitedHealthcare,13014.72,140,Emergency,2019-06-05,Ibuprofen,Normal
jeffREy GaRdNer,56,Female,AB-,Cancer,2022-04-11,Meghan Jennings,"Terry Jordan and Jones,",Cigna,20031.37,326,Emergency,2022-04-22,Penicillin,Inconclusive
daVid hoWeLL,59,Female,B+,Asthma,2023-11-25,Megan Flores,Patrick Group,Blue Cross,17383.91,368,Emergency,2023-11-29,Paracetamol,Inconclusive
maRiA aGUiLar,44,Female,B-,Cancer,2022-10-22,Brittany Livingston,and Sons Morales,Cigna,41723.05,363,Elective,2022-11-01,Penicillin,Inconclusive
SEth DavidSOn,56,Female,O-,Cancer,2020-08-14,Rachel Johnson DVM,Group Randolph,Aetna,33614.21,197,Urgent,2020-09-08,Penicillin,Normal
JEaN FLORES,27,Female,A-,Diabetes,2020-07-18,Hannah Wang,Duncan-Smith,Blue Cross,32976.94,364,Elective,2020-07-21,Ibuprofen,Abnormal
heaThER rOBINSON,46,Female,AB-,Obesity,2022-12-05,Katherine Jacobs,"and Leon, Casey Walls",Cigna,35159.98,126,Elective,2023-01-01,Paracetamol,Abnormal
rEBEcCA dUraN,79,Male,A-,Asthma,2022-02-23,Gabriela Moreno,LLC Wilkerson,UnitedHealthcare,9219.22,435,Elective,2022-03-04,Aspirin,Abnormal
kIMberlY MaRSHall,30,Male,B-,Diabetes,2019-10-08,James Rangel,"Stanley, Garrett and Wiley",Cigna,39458.41,279,Elective,2019-11-02,Paracetamol,Abnormal
JaMES dAviS,42,Female,B+,Arthritis,2022-01-29,Samantha Anderson,Sons and Carroll,Medicare,22886.98,374,Emergency,2022-02-21,Paracetamol,Inconclusive
jIm DAY,18,Male,O-,Arthritis,2021-06-20,Rhonda Davis DVM,"and Spencer Johnson Lewis,",Blue Cross,1539.61,238,Elective,2021-06-28,Aspirin,Abnormal
douGLAs SMiTh,80,Female,AB-,Arthritis,2021-05-12,Michael Collins,Franklin-Abbott,Aetna,27570.43,233,Emergency,2021-05-21,Paracetamol,Inconclusive
RiChaRD mOrRIs,83,Female,O+,Asthma,2020-01-17,Lisa Delacruz,Griffin PLC,Cigna,7798.57,368,Elective,2020-02-15,Lipitor,Abnormal
saMantha WaTkInS,75,Female,B+,Hypertension,2022-11-25,Christopher Bennett,Williams-Brown,UnitedHealthcare,28109.66,171,Urgent,2022-12-16,Lipitor,Abnormal
shAWN ScHMIdT,71,Female,O-,Arthritis,2023-02-06,Bethany Obrien,"Johnson Mcintyre, and Webb",Medicare,31448.25,102,Elective,2023-02-07,Lipitor,Abnormal
JOsEpH MORGAN,84,Female,A-,Arthritis,2021-07-29,Karen Hansen,Gonzalez-Webb,Blue Cross,25408.19,229,Urgent,2021-08-19,Lipitor,Normal
katheRINe WhItE,48,Male,B+,Asthma,2019-12-04,Dylan Hall,Ford-Mason,Aetna,13299.85,106,Urgent,2019-12-11,Paracetamol,Normal
SUSAn SmItH,54,Female,O+,Diabetes,2023-09-29,Tara Valdez,Campbell-Woods,Aetna,32120.04,266,Emergency,2023-10-13,Ibuprofen,Abnormal
cOREy mORgAN,66,Female,AB-,Hypertension,2019-09-29,Tony Goodman,Mclean LLC,Medicare,13001.41,388,Emergency,2019-10-19,Ibuprofen,Abnormal
aaron dOmIngUeZ,70,Female,B-,Hypertension,2021-11-14,Matthew West,Kim and Sons,UnitedHealthcare,29977.91,447,Elective,2021-11-30,Aspirin,Abnormal
nIcHolAs LEwIS,69,Male,AB-,Asthma,2020-04-03,Sharon Harris,Young-Mcclure,UnitedHealthcare,12404.92,118,Urgent,2020-04-21,Lipitor,Normal
tifFAnY hAnCocK,48,Male,AB-,Obesity,2022-05-22,Olivia Snyder MD,Skinner Ltd,Blue Cross,45923.84,325,Emergency,2022-05-24,Penicillin,Abnormal
paTricK JoNeS,18,Male,A-,Asthma,2022-05-26,Amanda Herrera,"Miller Dean, and Mcclure",Medicare,3228.11,127,Emergency,2022-06-20,Aspirin,Inconclusive
thomas lopez,54,Male,O-,Asthma,2022-04-15,Matthew Smith,"Lopez Parks, and Barrett",Blue Cross,28991.83,397,Elective,2022-05-14,Aspirin,Normal
CAsSIE MoORE,32,Male,B+,Asthma,2023-05-04,Rachel Estes,Inc Lee,Blue Cross,23182.72,182,Elective,2023-05-22,Aspirin,Abnormal
jULiE yanG,85,Female,A+,Arthritis,2019-06-07,Amy Robinson,Chavez Group,Aetna,20005.2,499,Urgent,2019-07-01,Ibuprofen,Inconclusive
AndREa RicH,59,Male,O+,Hypertension,2023-02-21,Denise Lopez,"Rivera Choi, Brown and",Aetna,49270.25,123,Urgent,2023-03-06,Lipitor,Normal
annE obrIEn,84,Male,AB+,Diabetes,2022-11-20,Doris Smith,Group Booth,UnitedHealthcare,10227.8,171,Elective,2022-12-19,Ibuprofen,Normal
kiMBerLY MurPHy,79,Male,A+,Diabetes,2020-04-20,Christine Williams,Inc Hughes,Cigna,26198.04,377,Elective,2020-05-13,Penicillin,Inconclusive
MARY HowE,76,Male,AB-,Hypertension,2022-03-11,Mr. Gerald Khan,Kelly Inc,Aetna,39264.07,286,Elective,2022-03-26,Lipitor,Inconclusive
CAtheRIne jonES,41,Male,O+,Hypertension,2020-11-04,Scott Reyes,PLC Estrada,Medicare,15489.89,247,Elective,2020-11-17,Aspirin,Abnormal
mIchAEl kANE,24,Male,B-,Diabetes,2020-04-24,Laura Dunn,"Smith, Richardson and Stewart",Cigna,38471.8,118,Elective,2020-05-15,Penicillin,Inconclusive
JOHn jOHNsON,44,Male,A+,Obesity,2022-09-26,Erika Tucker,Inc Harris,Medicare,19526.35,341,Urgent,2022-10-11,Paracetamol,Inconclusive
mArIA RODrIGuEZ,19,Female,B-,Asthma,2019-09-08,Chelsea Clark,Thompson and Sons,Cigna,4263.55,309,Urgent,2019-09-12,Paracetamol,Inconclusive
AMBer wOOD,71,Female,AB-,Asthma,2023-11-18,Steven Huff,Anderson Sons and,Aetna,31725.56,112,Emergency,2023-12-07,Aspirin,Normal
StEvEn BeaN,25,Female,AB+,Hypertension,2022-09-28,Denise Francis,Jenkins-Fields,Aetna,6333.76,322,Elective,2022-10-06,Aspirin,Inconclusive
sUsan hAAs,20,Male,AB+,Asthma,2020-09-20,Amy Jimenez,"Jensen Gross, Arias and",Cigna,13355.1,271,Urgent,2020-10-13,Aspirin,Inconclusive
sAndRa POwers,60,Male,A-,Diabetes,2022-08-18,Jon Davis,Hernandez-Lopez,Aetna,37606.2,324,Emergency,2022-09-03,Aspirin,Abnormal
AnGeLA HaNey,25,Female,A+,Obesity,2022-07-16,William Byrd,Ferguson Group,Cigna,17837.44,342,Urgent,2022-08-14,Paracetamol,Abnormal
DoN EdWaRdS,18,Male,O+,Diabetes,2023-01-01,Daniel Wilson,"and Thomas Ballard, Stewart",UnitedHealthcare,16760.65,194,Elective,2023-01-11,Ibuprofen,Abnormal
kaItlYn JaCKSON,46,Female,AB+,Cancer,2024-01-29,Austin Norman,Hughes-Watson,Cigna,12499.76,352,Emergency,2024-01-31,Aspirin,Normal
mAry KElLEY,45,Male,AB-,Cancer,2022-10-22,Michael Diaz,Sanders-Young,Cigna,29819.16,294,Emergency,2022-11-11,Aspirin,Inconclusive
bARbara jonES,43,Female,A-,Arthritis,2020-04-23,Joshua Allen,Miller-Moore,UnitedHealthcare,20417.55,260,Urgent,2020-04-30,Lipitor,Abnormal
PAtRIcia VAuGhN,77,Male,B-,Obesity,2023-10-23,Jacob Russo,"Brown Andrews, and Cunningham",Medicare,35965.91,322,Urgent,2023-11-16,Ibuprofen,Normal
Mary saNDOvAL,60,Female,O+,Obesity,2019-06-13,Natalie Smith,"Scott and Lee, Morris",Cigna,7572.2,191,Emergency,2019-06-17,Lipitor,Abnormal
susAN roDrIguEz,61,Female,A+,Asthma,2019-09-30,Anthony Vasquez,Mahoney-Cooper,Medicare,15522.64,153,Urgent,2019-10-02,Aspirin,Inconclusive
EmilY MaYER,46,Female,A-,Hypertension,2023-05-19,Antonio Nash,Ltd Olson,Cigna,31679.41,373,Urgent,2023-06-16,Paracetamol,Inconclusive
bENJamIN LewIS,37,Male,B-,Diabetes,2020-01-28,Jeffery Peterson,"and Castillo, Hale Hart",Cigna,23670.35,222,Emergency,2020-02-22,Lipitor,Abnormal
DEnISe GreEN,30,Male,B+,Hypertension,2019-09-27,Daniel Lucas,Harris-Chambers,Medicare,13470.8,113,Emergency,2019-10-25,Lipitor,Inconclusive
mARvIn tRAN,63,Female,A+,Arthritis,2022-01-17,Lisa Torres,Wolf PLC,Blue Cross,16244.79,289,Emergency,2022-02-15,Aspirin,Inconclusive
DaViD HAMiLtOn,75,Female,O-,Hypertension,2020-08-27,Robert Jimenez,Shepherd-Mitchell,Cigna,8631.94,152,Urgent,2020-09-04,Penicillin,Inconclusive
miCHAel HOwArD,33,Female,O-,Hypertension,2023-04-04,Miss Nicole Hernandez MD,"and Smith, Ball Gregory",Cigna,24417.41,467,Emergency,2023-04-06,Paracetamol,Abnormal
ChrIsTiNA lEe,23,Male,O-,Asthma,2021-12-06,Lori Campbell,Juarez-Smith,Cigna,23029.46,458,Emergency,2021-12-08,Paracetamol,Normal
johN jONES,28,Female,A-,Asthma,2019-07-27,Michael Lee,"Lindsey and Keller Taylor,",Cigna,21785.61,381,Elective,2019-08-20,Lipitor,Abnormal
JaIMe DuraN,26,Male,AB-,Diabetes,2022-05-03,Michael Fisher,"and Wallace Larson, Berry",UnitedHealthcare,25309.2,290,Elective,2022-06-02,Penicillin,Inconclusive
NicHOlas RaY,42,Female,O+,Asthma,2021-11-23,Christopher Shaw,Sons Martin and,Aetna,28725.63,488,Elective,2021-12-15,Penicillin,Inconclusive
dANA WiLsoN,83,Male,AB+,Obesity,2021-04-15,Karen Chavez,Daniels-Simmons,Cigna,21514.47,141,Emergency,2021-05-15,Ibuprofen,Normal
taMI hoFFman,75,Female,B+,Asthma,2019-11-04,Devin Gibbs,Cabrera-Lawrence,Medicare,32809.02,409,Elective,2019-11-18,Penicillin,Abnormal
dOnnA GRAhaM,43,Female,B-,Asthma,2022-04-27,Stephanie Castillo,Rose Inc,UnitedHealthcare,43092.43,442,Urgent,2022-05-09,Ibuprofen,Normal
BrANDOn Ryan,64,Female,O-,Diabetes,2023-04-08,Todd Smith,LLC Aguilar,UnitedHealthcare,44098.0,329,Urgent,2023-04-21,Lipitor,Abnormal
miChaEL sMiTh,22,Female,A-,Obesity,2020-07-17,Walter Hubbard,Simmons-Diaz,UnitedHealthcare,24517.68,128,Urgent,2020-07-31,Paracetamol,Abnormal
cOliN kIRK,83,Female,A+,Hypertension,2022-07-04,Jerry Miller,Daugherty-Singleton,Cigna,43810.14,310,Emergency,2022-07-31,Penicillin,Normal
NIcOLe GrEen,72,Female,B+,Arthritis,2024-01-12,Scott Ross,Inc Roberts,Aetna,11584.04,181,Emergency,2024-01-17,Lipitor,Normal
KaThlEEn COLEmaN,32,Female,O+,Asthma,2019-10-03,Joanne White,and Sons White,Aetna,47050.22,351,Elective,2019-10-08,Paracetamol,Normal
cHarles ngUYeN,28,Male,B+,Arthritis,2019-09-21,Whitney Pope,"Smith, Bruce and Johnson",Cigna,19795.42,497,Emergency,2019-10-03,Ibuprofen,Abnormal
STephanie jOHnSon,42,Male,A+,Diabetes,2023-01-16,Jennifer Johnson,Lloyd Group,Aetna,1620.95,290,Elective,2023-02-14,Lipitor,Normal
ASHLeY joneS,33,Male,O+,Arthritis,2019-08-17,Dominique Mclean,"Perkins, Palmer Brooks and",Medicare,39365.47,164,Emergency,2019-08-20,Paracetamol,Inconclusive
TerrI SMALL,73,Female,B+,Diabetes,2020-02-03,Michael Dillon,Chavez Sons and,Blue Cross,20573.86,182,Emergency,2020-03-02,Paracetamol,Abnormal
jOsE JeFfERsOn,27,Male,A+,Asthma,2021-06-30,Miranda Mccormick,Kaiser-Chapman,UnitedHealthcare,8860.36,140,Emergency,2021-07-23,Paracetamol,Normal
MIcHael WIlLIAms,55,Male,A-,Hypertension,2019-12-05,Jamie Hodges,LLC Taylor,Cigna,8407.06,359,Elective,2019-12-15,Lipitor,Normal
cHrIsTY jOhnson md,44,Female,O-,Asthma,2020-10-25,Mary Davenport,"Harding Davis Phillips, and",Medicare,46201.1,178,Emergency,2020-11-24,Lipitor,Normal
frank fOX,29,Male,B-,Arthritis,2022-01-25,David Simmons,Cervantes-Williams,Aetna,33451.05,494,Urgent,2022-02-16,Penicillin,Abnormal
keVIN MILlEr,83,Male,AB-,Arthritis,2022-10-18,Jason Orr,and Ferrell Sons,Medicare,9363.69,138,Urgent,2022-11-15,Ibuprofen,Inconclusive
daNiElLe leE,73,Male,B+,Diabetes,2022-12-09,Jeremy Fernandez,"and Moody Landry, Miller",Medicare,18939.47,219,Elective,2022-12-20,Aspirin,Inconclusive
mrs. alexandra MuELleR,69,Female,O-,Asthma,2022-08-26,Angela Knight,"Lopez, Mendoza and Garrett",UnitedHealthcare,42834.33,485,Elective,2022-09-04,Ibuprofen,Inconclusive
CoREY adkiNs,83,Female,A+,Arthritis,2020-12-08,Allen Duarte,Hendrix Inc,Cigna,26910.93,119,Elective,2020-12-22,Ibuprofen,Normal
mIcHaEL MArtIn,19,Female,AB+,Asthma,2021-11-14,Tiffany Hansen,"and Krause Walters Bird,",Medicare,25722.58,480,Emergency,2021-11-16,Lipitor,Normal
EDWaRd ocONnOr,61,Female,A-,Hypertension,2019-06-01,James Morales,"Villarreal and Herman, Graham",Aetna,6971.5,361,Emergency,2019-06-02,Paracetamol,Normal
CalvIn hOlMeS,65,Male,B+,Diabetes,2020-04-16,Kimberly Marshall,Group Bowman,Cigna,26649.4,345,Urgent,2020-04-26,Lipitor,Normal
Ana stoKES,74,Male,AB+,Cancer,2023-02-10,Andrea Lewis,"and Johnson Walker Bruce,",Cigna,86.13,300,Urgent,2023-03-12,Ibuprofen,Inconclusive
shErry MAloNE,31,Male,A-,Diabetes,2022-11-28,Mrs. Alexa Boyd,"Clarke and Roth, Donovan",Blue Cross,25781.85,344,Emergency,2022-12-17,Penicillin,Inconclusive
dr. COREY MoRaleS,41,Male,A-,Asthma,2019-11-23,Leslie Raymond,Gonzales PLC,Blue Cross,24510.89,446,Elective,2019-12-23,Aspirin,Abnormal
willIaM HenDersoN,78,Female,B-,Diabetes,2022-11-15,Kaitlyn Gonzalez,Ltd Chambers,Medicare,41620.96,488,Elective,2022-11-18,Paracetamol,Abnormal
antHoNy fREEmaN,55,Male,AB-,Obesity,2023-03-13,Dustin Williams,"Frazier and Wilkins, Thompson",Aetna,30468.43,163,Elective,2023-03-18,Penicillin,Normal
jamie KEnneDY,62,Male,O+,Diabetes,2020-01-07,Adam Bradley,Frye Inc,Cigna,45982.86,332,Urgent,2020-01-25,Lipitor,Inconclusive
BRIaN hOward,29,Male,O-,Asthma,2022-03-06,Anne Park,Inc Erickson,UnitedHealthcare,8525.84,308,Emergency,2022-03-20,Ibuprofen,Inconclusive
aNtHONY PatrICK mD,21,Female,O+,Hypertension,2023-05-10,Daniel Rodriguez,Sons Williams and,UnitedHealthcare,8285.17,187,Elective,2023-05-31,Penicillin,Inconclusive
dIAnE GONZaleZ,20,Female,B-,Obesity,2023-05-05,Kathy Thompson,Inc Hernandez,Blue Cross,24660.88,269,Emergency,2023-05-18,Aspirin,Abnormal
marK GOmez,77,Female,B-,Diabetes,2022-02-11,Dean Powell,"Phelps, and Williams Briggs",Cigna,19703.45,432,Elective,2022-03-04,Aspirin,Inconclusive
jEremy ThomaS,82,Male,AB-,Diabetes,2021-06-04,Raymond Henry,Ltd Mccarty,UnitedHealthcare,41092.13,278,Elective,2021-06-16,Penicillin,Normal
stEVeN sImMONs,74,Female,AB+,Cancer,2021-03-24,Maria Wells,Santiago-Martinez,Aetna,27896.71,422,Elective,2021-04-13,Paracetamol,Inconclusive
nicOLE jImeNez,77,Male,AB+,Diabetes,2020-01-10,Jared Olson,Berry-Gonzales,Medicare,38251.69,467,Emergency,2020-01-22,Penicillin,Inconclusive
EMilY wElLS,23,Male,AB-,Arthritis,2023-10-25,Hannah Powell,Schwartz-Jones,Cigna,29784.3,286,Urgent,2023-11-19,Ibuprofen,Abnormal
rObert bROWN,65,Female,AB+,Asthma,2021-09-19,Patricia Castro,Williams Group,Blue Cross,29051.73,475,Emergency,2021-10-06,Penicillin,Inconclusive
Kim CarpeNTeR,33,Male,B-,Asthma,2021-04-06,William Gonzalez,Inc Buchanan,Cigna,13781.52,211,Elective,2021-04-30,Penicillin,Abnormal
LinDa MckenZie,65,Male,B+,Obesity,2022-07-11,Stephen Hayes,"Miller Nguyen, Harris and",Cigna,34362.89,152,Urgent,2022-07-22,Aspirin,Inconclusive
COREY joNEs,64,Female,B+,Diabetes,2021-02-27,Stephen Salazar,"and Baldwin, King Stephens",UnitedHealthcare,10941.87,449,Elective,2021-03-13,Aspirin,Inconclusive
mr. david FREy,24,Male,AB-,Diabetes,2022-10-29,Christopher Sanders,Group Calderon,Aetna,7566.43,394,Elective,2022-11-21,Aspirin,Abnormal
susaN LyNCH,29,Female,B+,Hypertension,2020-08-09,Albert Gibson,"and Fleming, Powell Bryant",Aetna,17754.04,147,Emergency,2020-08-18,Ibuprofen,Abnormal
SARAh CRUZ,34,Female,B+,Cancer,2021-03-09,Keith Anderson,Hall-Mendoza,Aetna,49650.68,451,Elective,2021-03-11,Lipitor,Inconclusive
JaMes Olsen,68,Male,O+,Obesity,2023-09-17,Paul Lee,Thompson PLC,Cigna,43462.81,290,Elective,2023-09-19,Aspirin,Abnormal
daKotA lEE,78,Male,AB-,Asthma,2021-01-19,Barry Golden,Stevenson LLC,Blue Cross,42693.65,343,Emergency,2021-02-08,Ibuprofen,Normal
mAry jOnes,22,Female,O+,Arthritis,2023-10-21,Shane Hayes,Ltd Richmond,Medicare,45593.41,476,Elective,2023-10-27,Ibuprofen,Inconclusive
mArK GuTIErrEz,20,Female,O-,Diabetes,2019-10-02,Derrick Hull,"and Palmer Schaefer, Sullivan",Blue Cross,42312.71,478,Elective,2019-10-08,Paracetamol,Abnormal
ronald paCheCo,77,Male,AB-,Obesity,2023-03-17,Tracy Jimenez,"Ellison, and Williams Smith",Aetna,43039.33,150,Emergency,2023-04-04,Lipitor,Inconclusive
LAUReN lAWrENCe,41,Female,AB-,Asthma,2020-08-15,Michelle Norman,Stewart and Sons,Blue Cross,17761.34,351,Elective,2020-09-06,Paracetamol,Normal
KEnNETH GARCiA,71,Male,B+,Hypertension,2022-01-06,Kevin Manning,Riggs-Gomez,UnitedHealthcare,38037.94,141,Urgent,2022-01-17,Lipitor,Normal
cOLLIn HODGE,33,Male,A+,Diabetes,2023-07-11,Desiree Collins,and Sons Matthews,Aetna,44455.54,362,Emergency,2023-07-26,Lipitor,Normal
heaTHER JeNSen,27,Female,A-,Hypertension,2022-10-24,Kelly Santiago,LLC Alvarez,Cigna,29648.63,417,Emergency,2022-10-30,Aspirin,Normal
jaCOB jaMeS,50,Female,A-,Hypertension,2022-10-20,Michelle Cruz,Inc Blake,Blue Cross,21066.16,177,Urgent,2022-11-13,Aspirin,Inconclusive
AMY CAsTRo DDs,67,Female,B-,Asthma,2020-04-05,Blake Barnes,Tran Group,Cigna,46525.29,431,Urgent,2020-04-12,Aspirin,Normal
mIcHAel PatTerSOn,76,Male,O+,Obesity,2022-12-14,Stephen Shields,LLC Garcia,UnitedHealthcare,41286.99,420,Emergency,2022-12-21,Penicillin,Inconclusive
JeNNiFer olsOn,69,Female,B-,Asthma,2021-03-21,Julie Lewis MD,Colon-Fisher,Aetna,27389.16,356,Emergency,2021-04-12,Ibuprofen,Abnormal
brENdA mOrgaN,24,Male,AB-,Diabetes,2021-07-07,Chad Stevens,"Gilbert, Brooks Peterson and",Aetna,5544.37,145,Elective,2021-08-04,Paracetamol,Abnormal
sHERi TurNEr,44,Female,B+,Arthritis,2020-05-29,David Strickland,Arias-Allen,Blue Cross,35636.38,205,Elective,2020-06-26,Aspirin,Abnormal
Mr. raNdalL ACoSTA,70,Female,B+,Obesity,2021-07-16,Lisa Francis,and Tucker Sons,Medicare,3267.05,265,Urgent,2021-07-25,Aspirin,Abnormal
CrYstAL MItChELl,81,Female,AB+,Obesity,2021-09-20,Todd George,Medina-Bennett,Cigna,11862.2,124,Urgent,2021-09-25,Ibuprofen,Inconclusive
JeSsIca HarTMaN,49,Female,B-,Diabetes,2023-01-26,Mary Mcdaniel,Inc Martin,Cigna,48514.54,351,Elective,2023-02-01,Paracetamol,Inconclusive
jOhn rICE,66,Male,O-,Cancer,2021-02-12,Kristin Ray,Peters Group,UnitedHealthcare,13761.52,396,Urgent,2021-02-18,Aspirin,Normal
rANDY barajaS,56,Female,B+,Cancer,2022-12-01,Terry Campbell,Woodward PLC,UnitedHealthcare,13802.07,352,Emergency,2022-12-15,Lipitor,Normal
kRiStina tAYlOR,72,Male,O+,Cancer,2021-07-29,Denise Erickson,"Phillips and Conrad Herrera,",Aetna,21697.8,295,Urgent,2021-08-22,Aspirin,Inconclusive
stEphen CasTRO,22,Female,AB-,Obesity,2019-07-21,Julia Daniels,Myers LLC,UnitedHealthcare,29983.6,420,Elective,2019-08-04,Penicillin,Inconclusive
JESSica muRpHy,36,Female,B-,Diabetes,2022-08-06,Barbara Mendez,"and Williams Garza Smith,",Blue Cross,9176.55,284,Elective,2022-08-25,Lipitor,Inconclusive
shAnE chaPMaN,69,Male,O+,Obesity,2020-04-30,Gabrielle Sutton,Perry-Bean,UnitedHealthcare,32091.8,351,Emergency,2020-05-21,Lipitor,Inconclusive
gregorY MccARTHY,26,Female,A-,Obesity,2019-05-26,Jason Smith,"Nguyen Baker Walker, and",UnitedHealthcare,45077.9,461,Urgent,2019-06-05,Paracetamol,Inconclusive
robErt shEpHerd,70,Male,A-,Cancer,2020-12-16,Daniel Anderson,Jackson LLC,Blue Cross,4663.98,399,Elective,2020-12-27,Paracetamol,Normal
aNNetTe AlLEN DDS,39,Female,O-,Cancer,2022-04-26,Danny Jackson,Williams-Fisher,UnitedHealthcare,11031.75,164,Urgent,2022-04-28,Lipitor,Normal
JosE gIleS,36,Male,AB+,Asthma,2023-08-06,Kelly Parrish,"and Curtis, Robles Adkins",Cigna,47716.65,241,Urgent,2023-08-08,Ibuprofen,Normal
EvAn mARtiNEZ,47,Female,O-,Diabetes,2024-03-08,Robert Maldonado,and Golden Sons,Cigna,8507.74,462,Emergency,2024-03-24,Lipitor,Normal
CHristie GibSon,57,Male,B+,Diabetes,2021-09-02,Hannah Hernandez,Vargas LLC,Aetna,39618.08,173,Urgent,2021-09-03,Aspirin,Abnormal
rOBIN mcCARtY,26,Male,A-,Diabetes,2019-06-23,Jacqueline Walters,Group Stevenson,Aetna,7359.46,410,Elective,2019-07-15,Lipitor,Abnormal
MaRK bIShoP,65,Female,O+,Hypertension,2024-03-22,Logan White,Pittman Group,UnitedHealthcare,1586.68,169,Elective,2024-03-30,Ibuprofen,Normal
eLIZaBETH WILLiams,48,Female,AB-,Arthritis,2019-07-18,Emily Kelly,and Johnston Sons,Aetna,19086.66,120,Urgent,2019-07-31,Lipitor,Inconclusive
cOuRTnEY fRAZiER,18,Male,A+,Diabetes,2019-09-26,Andrew Moore,"Richmond and Garcia, Choi",Aetna,11296.84,432,Urgent,2019-10-08,Penicillin,Inconclusive
tImOThY bakeR,64,Male,O-,Obesity,2019-09-02,Steven Williams,"Mckenzie Perry and Coleman,",UnitedHealthcare,17498.77,129,Elective,2019-09-04,Lipitor,Abnormal
troy sims,38,Male,B+,Asthma,2022-12-08,Glenn Wilkinson,Barber-Lopez,UnitedHealthcare,33161.54,351,Urgent,2023-01-04,Ibuprofen,Normal
NaNcY joNes,41,Female,B+,Arthritis,2022-07-04,Richard Singh,"and Gonzalez, James Kelly",Cigna,15328.96,146,Elective,2022-07-24,Lipitor,Abnormal
AMbeR sMitH,31,Female,A-,Obesity,2020-10-30,David Richards,Herrera-Shaw,Cigna,5728.49,356,Urgent,2020-11-12,Penicillin,Abnormal
Bill FergUSoN,44,Female,B-,Asthma,2023-10-09,Brenda Morris,Williams-Carr,UnitedHealthcare,3330.45,123,Elective,2023-11-02,Lipitor,Abnormal
ChrIstIna MAy,48,Male,O+,Arthritis,2021-12-29,Dominique Kelly,Oneill-Calhoun,Medicare,44161.57,440,Elective,2021-12-30,Paracetamol,Inconclusive
SheILA williams,81,Female,A-,Obesity,2019-11-05,Pamela Hall,"Rogers, French and Henry",Medicare,21638.0,253,Urgent,2019-11-11,Paracetamol,Abnormal
Juan WeBsTEr,60,Female,A+,Hypertension,2022-10-07,Marie Mendoza,Sanders-Boyle,Medicare,49794.26,418,Emergency,2022-10-21,Lipitor,Inconclusive
rIcharD bAkER,20,Male,AB+,Cancer,2022-08-23,Jonathan Haynes,Williams-Gonzalez,UnitedHealthcare,28262.09,376,Emergency,2022-09-04,Lipitor,Normal
KiMBErlY dIaZ,42,Male,O+,Diabetes,2024-01-17,Erika Lee,"Mcguire, Hicks Phillips and",Blue Cross,4795.82,228,Urgent,2024-02-03,Aspirin,Normal
liSa CRAne,23,Male,AB+,Arthritis,2020-08-01,Nicholas Simmons DDS,"Jones Miller and Williams,",Cigna,3181.35,362,Emergency,2020-08-24,Ibuprofen,Abnormal
saLLy JOsePh,54,Female,A-,Obesity,2024-01-27,Kimberly Rosario,"and Ortega, Andrade Tran",Blue Cross,37572.62,325,Elective,2024-02-02,Lipitor,Normal
aMBEr boYD,47,Female,B-,Asthma,2019-12-15,Joan Peters,"and Castaneda Romero Powell,",Cigna,13940.66,449,Urgent,2020-01-12,Penicillin,Inconclusive
raNdy wu,57,Male,A-,Asthma,2020-11-20,Jeremiah Rodgers,LLC Joseph,Blue Cross,33800.5,306,Urgent,2020-12-18,Paracetamol,Abnormal
RonAld tOrrES,77,Male,AB+,Cancer,2019-08-05,Gary Wilson,Dawson Group,Aetna,43253.51,219,Elective,2019-09-02,Lipitor,Normal
KevIN cAmaCHo,39,Female,O-,Asthma,2022-01-01,Jason Valenzuela,Ochoa LLC,UnitedHealthcare,39637.61,227,Urgent,2022-01-10,Paracetamol,Inconclusive
lINdA bOYD,45,Female,A-,Arthritis,2021-08-21,Stephen Hess,"Foster, Bentley and Price",Aetna,27623.69,198,Elective,2021-09-04,Lipitor,Normal
jOshuA sIMs,21,Male,AB+,Arthritis,2019-11-10,Emily Taylor,"Hill, Norris Montgomery and",Aetna,24199.97,420,Urgent,2019-12-09,Lipitor,Inconclusive
diANE maCk,33,Female,O+,Hypertension,2020-04-20,Anne Arnold,Compton PLC,Blue Cross,20328.68,156,Emergency,2020-05-09,Aspirin,Inconclusive
LaRRY GonzaLeZ,33,Male,O-,Hypertension,2021-09-19,Daniel Harrison,Sons and Barrett,Blue Cross,31264.86,322,Urgent,2021-10-15,Ibuprofen,Inconclusive
DAna odom,33,Male,A-,Cancer,2020-10-12,Donald Jackson,Webb Ltd,Cigna,32845.8,204,Elective,2020-10-24,Ibuprofen,Inconclusive
ELIzAbeTh sMitH,30,Male,B+,Diabetes,2020-05-27,Gina Gregory,Peterson-Ortiz,Medicare,49459.62,150,Emergency,2020-06-21,Penicillin,Normal
auTUmn FRAnciS,51,Male,A+,Hypertension,2021-08-29,Kathryn Hays,Shaw Inc,Blue Cross,21114.4,275,Emergency,2021-09-06,Lipitor,Abnormal
aSHlEy BAiLey,73,Male,O-,Asthma,2022-12-24,Patrick Johnson,"Guzman, and Krause Gray",Cigna,29194.69,319,Urgent,2022-12-25,Paracetamol,Normal
JaMeS BROcK,79,Female,O-,Cancer,2022-01-02,Jorge Parrish,Sons Cox and,Blue Cross,46661.68,411,Elective,2022-01-30,Paracetamol,Normal
ANGeLA kElly,20,Male,B+,Arthritis,2020-05-05,Linda Villa,Hendrix-Hobbs,Medicare,13359.86,274,Elective,2020-05-11,Lipitor,Normal
HEaTHEr rEeD,18,Male,AB+,Hypertension,2024-05-01,Kathy Scott,Hale-Franklin,UnitedHealthcare,44968.17,155,Elective,2024-05-20,Ibuprofen,Abnormal
TERRy kLInE,39,Female,A+,Arthritis,2020-04-11,Richard Avery,Bowman-Molina,UnitedHealthcare,48522.93,366,Elective,2020-05-11,Aspirin,Abnormal
catherinE joHNSoN,67,Male,AB-,Diabetes,2024-03-09,Erik Baird,Reyes-Diaz,UnitedHealthcare,4279.38,190,Urgent,2024-03-18,Penicillin,Inconclusive
Jo WARREn,30,Male,B+,Obesity,2023-05-06,Joshua Moore,"Olson, Smith Martin and",Aetna,10174.16,172,Elective,2023-05-14,Ibuprofen,Abnormal
steVeN FUlleR,58,Female,O+,Arthritis,2021-11-19,Jerry Garcia,Blankenship-Scott,Aetna,22374.23,387,Elective,2021-12-02,Aspirin,Normal
ALExaNdeR jOrDan,84,Male,O-,Hypertension,2023-04-23,Mario Gonzales,Garcia-Jacobs,Cigna,50288.99,408,Urgent,2023-04-25,Lipitor,Inconclusive
mIcHelLe GarciA,79,Female,O-,Cancer,2023-05-24,Benjamin Hamilton,"Walters and Orr Butler,",Cigna,10259.2,476,Emergency,2023-05-30,Aspirin,Normal
lISA MAXWelL,37,Female,A+,Obesity,2022-09-22,Danielle Rivera,"and Galvan, Villa Decker",Cigna,15035.77,485,Elective,2022-10-11,Ibuprofen,Inconclusive
JuLIa ROsAriO,49,Female,O-,Asthma,2021-02-03,Dale Chambers,"Brown Baldwin and David,",Medicare,12043.66,310,Urgent,2021-02-04,Penicillin,Normal
valEriE JoneS,85,Female,O-,Cancer,2019-10-21,Corey Anderson,Garcia-Johnson,Medicare,32387.93,216,Elective,2019-11-04,Aspirin,Abnormal
jacob JoNEs,60,Female,A-,Hypertension,2021-07-07,Sally Thompson,Johnson-Whitehead,Blue Cross,49236.86,390,Urgent,2021-07-15,Ibuprofen,Inconclusive
JoHn MORALeS,32,Male,O+,Arthritis,2022-04-09,Michael Conley,Martinez Ltd,Blue Cross,15887.29,283,Elective,2022-05-01,Lipitor,Abnormal
rubeN jAckSon,43,Male,A+,Asthma,2021-09-03,Katherine Roman,"and Garcia, Steele Christensen",Aetna,39417.57,429,Emergency,2021-10-03,Penicillin,Normal
MR. ConnOR oBRieN,73,Female,O+,Diabetes,2022-12-31,Alicia Williams,Ltd Burns,Blue Cross,47338.13,385,Emergency,2023-01-17,Penicillin,Abnormal
NichOlAS wilLiamS,81,Male,O-,Obesity,2021-02-09,Christine Lopez,Larson PLC,Aetna,31352.94,282,Elective,2021-02-17,Paracetamol,Normal
LiSa smAlL,47,Male,O-,Diabetes,2020-03-14,Lisa Obrien,Contreras-Johnson,UnitedHealthcare,37456.93,473,Urgent,2020-03-28,Penicillin,Inconclusive
HeATher fitZgErAlD,80,Female,A-,Asthma,2022-06-19,Ashley Graves,Welch-Cole,Aetna,30297.53,160,Emergency,2022-07-19,Lipitor,Abnormal
cAthErIne MIlLER,70,Male,O+,Obesity,2020-06-14,Mrs. Elizabeth Wells DVM,Kerr LLC,UnitedHealthcare,11546.31,344,Elective,2020-06-22,Lipitor,Normal
SUSAn DOmInGuEz,67,Male,O-,Diabetes,2022-02-13,Rodney Hill,"Esparza Smith, Glass and",Cigna,11972.36,207,Elective,2022-03-04,Lipitor,Inconclusive
taRa maRqUeZ,65,Female,A-,Arthritis,2020-12-30,Brandon Ward,Harris Group,Blue Cross,1421.89,272,Emergency,2021-01-19,Lipitor,Normal
maUreEn yANG,75,Male,B+,Arthritis,2023-01-11,James Jenkins,Inc Graham,UnitedHealthcare,40283.81,158,Emergency,2023-02-07,Paracetamol,Normal
SaRah deNNIs,47,Female,A+,Cancer,2023-08-04,Brett Wells,Ltd Young,Cigna,21984.86,348,Urgent,2023-08-19,Lipitor,Normal
TERRy DavID,62,Female,B+,Arthritis,2020-12-21,Nicholas Hanna,Smith LLC,Aetna,26028.6,159,Urgent,2021-01-20,Lipitor,Abnormal
LorI HaRmoN,58,Male,B+,Hypertension,2022-07-01,Jennifer Howard,Bishop Inc,Blue Cross,3397.4,376,Urgent,2022-07-04,Paracetamol,Abnormal
MELISsA frEEMAn,34,Female,O-,Arthritis,2020-11-03,Gary Garza,Young Inc,Medicare,18811.01,421,Elective,2020-11-16,Penicillin,Inconclusive
davId WasHinGTON,57,Female,AB+,Diabetes,2023-04-04,Jaime Elliott,"and Vazquez, Burns Smith",Aetna,36443.23,434,Elective,2023-04-27,Penicillin,Normal
aLEX patTeRsOn,37,Female,B+,Diabetes,2023-10-01,Mark Paul,Lee-Miller,Aetna,20798.4,349,Emergency,2023-10-28,Ibuprofen,Inconclusive
dAvId mIlLER,63,Male,A-,Asthma,2022-12-27,Wendy Johnson,Allison PLC,Aetna,15593.0,236,Urgent,2023-01-10,Lipitor,Inconclusive
JEAnEtTe wAltoN,69,Female,O-,Diabetes,2021-09-05,Bradley Williams,"Hudson Reynolds, and Gonzalez",Medicare,44346.11,483,Emergency,2021-09-10,Paracetamol,Inconclusive
JEffrey hART,38,Male,O-,Diabetes,2020-10-18,John Benjamin,Adams Ltd,Cigna,24915.75,288,Urgent,2020-11-14,Ibuprofen,Normal
lIsa roDriGueZ,39,Male,O+,Obesity,2022-02-01,Ryan Leonard,LLC Wells,Blue Cross,16917.96,485,Elective,2022-02-20,Paracetamol,Normal
kArEn gReEn,54,Female,B-,Diabetes,2021-04-13,Christopher Walker,"Wood Black, and Kelley",Blue Cross,43031.19,251,Urgent,2021-05-13,Ibuprofen,Inconclusive
RIChaRD mason,71,Female,B-,Diabetes,2020-02-23,Kari Rush,Smith-Barr,Medicare,17692.5,226,Elective,2020-03-22,Penicillin,Normal
RObeRT eVaNS,80,Male,A+,Arthritis,2019-12-11,Joshua Tate,Robertson-Glass,UnitedHealthcare,38707.62,432,Elective,2019-12-26,Aspirin,Normal
joShuA wILKinSOn,66,Male,AB-,Hypertension,2022-03-25,Michelle Richmond,"Garrett and Lawson, Quinn",Blue Cross,17107.0,477,Emergency,2022-04-18,Paracetamol,Normal
JACoB WArd,39,Male,A-,Arthritis,2020-07-15,Robert Lewis,Group Peters,UnitedHealthcare,6019.28,103,Elective,2020-08-13,Ibuprofen,Inconclusive
liSA snYdEr,19,Female,B+,Asthma,2024-04-25,John Porter,"Hunt, and Alvarez Mendoza",UnitedHealthcare,6421.92,124,Urgent,2024-05-04,Paracetamol,Abnormal
SUSaN neLSOn,18,Female,AB-,Hypertension,2023-03-22,Aimee Terry,"Rogers and Meza Callahan,",Blue Cross,28597.79,431,Emergency,2023-04-05,Lipitor,Abnormal
JoHn RoSAlES pHD,26,Male,A-,Obesity,2021-05-23,Brandon Cochran,Wallace-Chan,Medicare,44436.15,384,Urgent,2021-06-01,Lipitor,Normal
ANgeLA BEckEr,68,Female,O-,Arthritis,2022-10-26,Alicia Higgins,"Baker, and Padilla Mclaughlin",Blue Cross,12854.18,247,Urgent,2022-11-12,Ibuprofen,Normal
JaKe whItNey,46,Female,A+,Hypertension,2019-06-06,Daniel Powers,Blackwell-Gilbert,Cigna,10182.01,378,Urgent,2019-07-03,Lipitor,Normal
CHRisToPHEr RIvEra,24,Male,A-,Diabetes,2022-07-09,Gerald Brown,Scott Ltd,Cigna,28296.19,110,Urgent,2022-08-03,Ibuprofen,Normal
aLlison COnNeR,43,Female,B-,Diabetes,2022-12-28,James Roman,"Murillo and Sanders, Morris",Aetna,36946.39,328,Emergency,2023-01-14,Aspirin,Abnormal
saRA mArqUez,52,Female,B-,Asthma,2023-07-06,April Hall,"Livingston, Allen and Burns",Blue Cross,49459.09,340,Emergency,2023-07-08,Penicillin,Normal
bEnjAMIn maTtHewS,79,Female,AB+,Hypertension,2024-01-11,David Roach,Ltd Griffin,Medicare,15346.2,457,Elective,2024-01-27,Aspirin,Normal
WayNE SotO,41,Male,A-,Asthma,2019-08-05,Linda Smith,Torres-Hayden,Medicare,18999.33,216,Urgent,2019-08-25,Penicillin,Abnormal
chRIstOpHER RosS,79,Female,O-,Hypertension,2021-04-24,Brent Martinez,"Newman and Carroll Morrison,",Medicare,8203.5,433,Urgent,2021-05-23,Paracetamol,Inconclusive
sCott munoz,45,Male,AB-,Diabetes,2020-05-18,Kathryn Baldwin,Fuentes-Calderon,Aetna,12558.59,328,Emergency,2020-06-14,Ibuprofen,Inconclusive
KriSTIN ROwlanD,50,Female,O-,Obesity,2020-01-10,Amy Mcbride,"Martin, Nolan and Young",Aetna,35208.67,262,Urgent,2020-01-14,Penicillin,Inconclusive
AnNA bReWER,56,Male,B-,Diabetes,2022-02-10,Jesse Flowers,"Marsh Michael Odom, and",Blue Cross,28317.37,435,Emergency,2022-03-05,Lipitor,Inconclusive
AliCia BarNES,26,Male,AB-,Cancer,2024-04-14,Justin Brown,PLC Perez,Blue Cross,50459.92,130,Urgent,2024-04-22,Lipitor,Normal
cLaREnCE NUNEz,60,Female,A-,Cancer,2021-11-26,Misty Brown,"Brown and Henry, Suarez",Aetna,34443.99,433,Urgent,2021-12-13,Penicillin,Inconclusive
JUAn Hull,69,Female,O+,Asthma,2019-12-13,Brian Sims,Franklin-Davis,Cigna,20791.55,275,Urgent,2020-01-04,Ibuprofen,Normal
shaNNOn JoHNsON,32,Male,O-,Diabetes,2021-08-12,James Allen,Clark-Glass,Medicare,7796.64,125,Urgent,2021-08-25,Lipitor,Abnormal
DENNIs goRDON,68,Male,A-,Cancer,2019-10-31,Hannah Patel,Anderson Group,Medicare,10743.85,229,Elective,2019-11-15,Lipitor,Abnormal
CHrISToPher ROMeRO,54,Male,B+,Asthma,2021-08-01,Kevin Hill,Meza-Flores,Aetna,34753.24,155,Emergency,2021-08-27,Paracetamol,Normal
CINdY JamES,23,Male,B-,Cancer,2020-08-12,Vanessa Hoffman,LLC Curtis,Medicare,6261.38,137,Elective,2020-08-20,Aspirin,Inconclusive
Kimberly heRNAndEz,62,Male,B+,Asthma,2023-10-26,Kristy Huffman,Long LLC,Blue Cross,8906.2,447,Urgent,2023-11-11,Lipitor,Normal
NATalIE gutiERReZ,27,Female,AB-,Obesity,2024-04-23,Ariel Hunt,Simmons-Patterson,Cigna,1178.66,485,Emergency,2024-05-10,Paracetamol,Abnormal
Lisa haRVEY,60,Female,B+,Diabetes,2023-02-21,Diane Owens,Ltd Eaton,Blue Cross,15041.24,488,Emergency,2023-03-18,Aspirin,Inconclusive
kAtiE wRIGht,75,Female,O-,Obesity,2023-07-17,Anthony Guerra,"Evans Michael, and Reyes",Aetna,34749.1,275,Emergency,2023-07-23,Paracetamol,Inconclusive
lee YoUnG mD,25,Female,AB+,Diabetes,2023-08-20,Emily Lang,PLC Smith,Medicare,3334.71,102,Urgent,2023-09-18,Aspirin,Inconclusive
SaBriNA wAtERS,51,Female,B+,Obesity,2020-03-16,Matthew Hall,"Bartlett, Baker and Fowler",Medicare,43082.91,415,Emergency,2020-03-23,Paracetamol,Normal
RobERTO AlvareZ,59,Female,B-,Arthritis,2019-10-20,Scott Bryan,White-Gonzalez,Cigna,2457.85,211,Elective,2019-11-12,Ibuprofen,Inconclusive
erIcA CaRr,37,Male,B+,Asthma,2023-08-22,Deborah Harris,Burton LLC,Aetna,1966.13,252,Emergency,2023-09-08,Ibuprofen,Abnormal
DAVId NeWTOn,85,Female,O+,Arthritis,2021-02-08,Jerry Hopkins,"Cooper Brown Parks, and",Aetna,34500.02,242,Elective,2021-02-20,Penicillin,Inconclusive
BriTtanY rAMoS,71,Female,AB-,Obesity,2023-08-27,Brenda Hunt,Jones-Hunter,Blue Cross,8292.0,288,Elective,2023-09-11,Aspirin,Inconclusive
coRey LamBERt,46,Female,O+,Obesity,2020-07-26,Nicole Brown,Velez Sons and,UnitedHealthcare,39436.26,328,Emergency,2020-07-27,Paracetamol,Abnormal
josHuA wArrEN,57,Female,B+,Obesity,2023-05-23,Casey Baker,"and Cisneros Jackson, Kelly",Blue Cross,6257.39,263,Elective,2023-06-13,Penicillin,Abnormal
jeSsicA greEn,33,Female,O-,Arthritis,2019-08-09,Jennifer Fox,LLC Berry,Medicare,11628.48,243,Urgent,2019-08-17,Aspirin,Abnormal
ChArlES HArRINgTON,32,Male,A-,Hypertension,2019-07-22,Lindsay Obrien,"Williams Guerrero Robinson, and",Medicare,13650.86,161,Urgent,2019-08-11,Lipitor,Inconclusive
mark HuaNg,29,Female,A-,Diabetes,2020-01-07,Valerie Perez,"and Adams Brown, Fuller",Aetna,11235.25,188,Elective,2020-01-23,Aspirin,Inconclusive
john Bean,79,Female,B-,Arthritis,2020-11-16,Jacob Roberson,Meyers-Jenkins,UnitedHealthcare,38471.77,469,Urgent,2020-12-12,Paracetamol,Abnormal
jameS wILliAMS JR.,79,Female,AB-,Asthma,2021-08-13,Christopher Shepherd,Arnold-Nguyen,UnitedHealthcare,39686.35,368,Urgent,2021-08-18,Aspirin,Abnormal
mICHaEl LYONs,68,Female,O+,Cancer,2020-10-16,Steven Parker,"Patterson, Walker Turner and",UnitedHealthcare,23843.8,441,Emergency,2020-10-18,Paracetamol,Inconclusive
cATHeRINe GaRZa,24,Male,O-,Hypertension,2022-11-06,Dominique Torres,Bryant Group,Medicare,37324.27,203,Urgent,2022-11-11,Penicillin,Inconclusive
RICHarD hOLden,49,Male,O-,Cancer,2019-10-20,Brandon Carroll,LLC Moreno,Aetna,5864.24,114,Elective,2019-10-25,Paracetamol,Normal
mr. Justin MorrOW,58,Male,B-,Asthma,2021-06-02,Charles Young,Group Bolton,UnitedHealthcare,9516.37,150,Elective,2021-06-29,Paracetamol,Normal
lauRa WatTS,78,Female,AB+,Arthritis,2023-08-07,Austin Austin,"Stewart Guzman Moore, and",UnitedHealthcare,12753.27,427,Emergency,2023-08-20,Aspirin,Inconclusive
Jerry aNDREWS,27,Male,O+,Arthritis,2020-06-21,Stacey Rios,"Barber, Rojas Carlson and",Cigna,19147.98,413,Emergency,2020-07-19,Paracetamol,Inconclusive
saRA harT,66,Male,A-,Diabetes,2022-03-22,Nicole Martin,Ball-Brown,Blue Cross,19499.2,399,Elective,2022-04-03,Lipitor,Inconclusive
keLsey RyAn,71,Female,O-,Cancer,2020-08-16,Matthew Fox,"Daniels Moore Lloyd, and",UnitedHealthcare,31408.16,165,Elective,2020-09-13,Lipitor,Abnormal
DANa oLseN,70,Male,A-,Asthma,2022-12-14,Andrew Parker III,Thomas Sons and,Blue Cross,28592.41,478,Elective,2022-12-25,Lipitor,Abnormal
RoNNIe PaUl Jr.,35,Female,A+,Obesity,2021-03-10,Joe Johnson,Johnson-Larson,Blue Cross,2154.6,152,Emergency,2021-04-08,Aspirin,Abnormal
KaThERine kinG,30,Female,AB+,Obesity,2021-04-19,Heidi Sanchez,"Smith Jensen, Shaffer and",UnitedHealthcare,42524.7,275,Urgent,2021-05-11,Ibuprofen,Inconclusive
roBerT hOwARd,60,Female,A-,Diabetes,2020-03-13,David Wilson,Group Ward,Medicare,49649.95,163,Elective,2020-04-01,Aspirin,Normal
JAreD bELL,79,Female,A-,Asthma,2022-06-15,Jeff Paul,Hale-Johnson,UnitedHealthcare,37300.43,130,Elective,2022-06-20,Ibuprofen,Abnormal
maTThew OwEnS,85,Female,A+,Diabetes,2022-09-08,Nicole Perkins,LLC Jones,UnitedHealthcare,16199.78,452,Urgent,2022-09-23,Penicillin,Abnormal
BeVerLY Morgan,56,Male,B+,Asthma,2023-01-25,Amanda Knox,Winters-Cochran,Cigna,39749.84,432,Emergency,2023-02-16,Paracetamol,Inconclusive
amy WalSh,55,Male,B+,Obesity,2022-11-19,Jared Smith,"Ortiz, Franklin Freeman and",Cigna,30592.8,158,Emergency,2022-12-17,Penicillin,Normal
miSTy JOnES,82,Female,O-,Asthma,2019-09-04,Rachel Underwood,and Sons Morton,UnitedHealthcare,35571.42,106,Urgent,2019-09-26,Aspirin,Abnormal
thOmaS ThOmAS,44,Female,A-,Diabetes,2023-03-01,Ricardo Watson,Middleton-Hill,Cigna,39764.58,479,Emergency,2023-03-05,Lipitor,Abnormal
JOSEph mOOre,18,Male,A-,Asthma,2019-11-27,Lisa Blake,Jackson-Warner,Aetna,21042.79,158,Elective,2019-12-12,Paracetamol,Normal
tImoTHY parsONs,23,Male,B+,Obesity,2019-07-03,John Smith,Mcpherson-Bryant,Blue Cross,13816.21,229,Urgent,2019-07-29,Lipitor,Inconclusive
sCoTT hoFFman,64,Female,A-,Diabetes,2023-10-05,Meghan Mitchell,"and Barber Johnson Coleman,",Aetna,33028.74,414,Emergency,2023-10-08,Penicillin,Inconclusive
BRYAN CaSTILLO,66,Female,O+,Arthritis,2024-02-04,Sarah Vasquez,PLC Mcdaniel,Blue Cross,30434.14,401,Elective,2024-02-18,Penicillin,Inconclusive
CaseY RIcE,76,Female,B-,Asthma,2023-09-16,Mathew Nunez,Hartman-Williams,Blue Cross,14532.92,460,Elective,2023-09-30,Ibuprofen,Abnormal
jeffreY sTeelE,46,Male,A+,Obesity,2020-04-23,Jennifer Saunders,LLC Allen,Medicare,44965.22,130,Urgent,2020-05-04,Paracetamol,Inconclusive
ANDrEA FErRELl,42,Female,A-,Diabetes,2023-08-21,Brett Young,Hancock PLC,Blue Cross,5683.95,127,Urgent,2023-09-15,Paracetamol,Normal
CHristopheR cLeMentS,54,Male,O-,Arthritis,2024-05-07,Theresa Nixon,Harvey-Wright,Medicare,41751.11,197,Elective,2024-05-19,Ibuprofen,Abnormal
kaThLEen daViS,56,Female,O+,Obesity,2020-01-12,Marc Salazar,Mayo Ltd,Aetna,7853.8,280,Elective,2020-01-24,Aspirin,Normal
RAYmoND WALtErs,21,Male,O-,Hypertension,2022-05-07,Nicole Craig,Ballard Ltd,Medicare,28104.41,420,Elective,2022-05-10,Penicillin,Abnormal
nATaLie Smith,53,Female,AB+,Diabetes,2022-04-30,Rebecca Dyer,"and Brown English, Sullivan",Medicare,16635.41,484,Urgent,2022-05-26,Penicillin,Normal
VaNesSa GRaHAM,80,Male,B+,Asthma,2023-05-28,Natalie Jensen,LLC Mccarty,Medicare,35509.37,345,Emergency,2023-06-21,Lipitor,Normal
eVAn EdwardS,45,Male,B-,Hypertension,2022-07-20,Taylor Fry,Lynch-Anthony,Medicare,34302.4,188,Elective,2022-07-30,Aspirin,Inconclusive
adRIan coMBs,29,Male,A-,Cancer,2021-06-30,Mrs. Rebecca Johnson,Garcia-Bennett,Blue Cross,14425.89,387,Elective,2021-07-09,Aspirin,Inconclusive
jeNnIfEr RivEra,45,Male,B-,Diabetes,2023-12-19,Joshua Johnson,"and Wall, Williams Jensen",UnitedHealthcare,39351.22,369,Emergency,2023-12-31,Penicillin,Abnormal
nAthANIEl MacdonALD,37,Female,A+,Arthritis,2020-05-31,Jennifer Hernandez,"Zuniga Rogers and Jones,",Medicare,11993.95,230,Urgent,2020-06-20,Lipitor,Normal
JuLiA cOheN,33,Female,AB+,Hypertension,2021-08-03,Wendy Carter,"Hughes and Ramirez, Gordon",Cigna,31564.25,136,Elective,2021-08-06,Lipitor,Inconclusive
laUren jONes,34,Female,A-,Asthma,2020-06-12,Joseph Curtis,Ltd Thompson,Cigna,33385.39,414,Elective,2020-07-12,Ibuprofen,Normal
AndrEw wELcH,75,Female,O-,Hypertension,2022-06-18,Kevin Montgomery,"Booker Smith, Harrison and",UnitedHealthcare,38373.76,199,Urgent,2022-06-21,Ibuprofen,Abnormal
KeLLY PECk,47,Male,O+,Asthma,2021-03-17,Bruce Martin,Stone-Gross,Aetna,34609.63,219,Elective,2021-04-16,Ibuprofen,Inconclusive
ambeR JoNES,59,Female,B+,Arthritis,2021-05-23,Tammy Sosa,"Gutierrez, Massey Chaney and",Medicare,42840.44,394,Elective,2021-06-07,Paracetamol,Abnormal
mELIsSA MaYeR,41,Male,AB-,Cancer,2023-07-16,Elizabeth Montgomery,"Shepherd and Ho, Delgado",Aetna,4610.49,247,Urgent,2023-08-11,Paracetamol,Abnormal
jERemY Evans,19,Male,B-,Asthma,2020-11-05,Charles Williams,"and Maldonado Mora Gonzalez,",Medicare,35400.38,353,Urgent,2020-11-18,Lipitor,Abnormal
DaNNy mOrenO,35,Female,AB+,Asthma,2020-08-06,Marissa Hampton,LLC Mayo,UnitedHealthcare,22963.15,138,Emergency,2020-09-04,Lipitor,Abnormal
ABIGAIl bEltrAn,69,Male,AB+,Arthritis,2019-10-27,Robert Taylor,Bowman-Owens,Blue Cross,45106.02,402,Emergency,2019-10-30,Penicillin,Normal
John VeLeZ,48,Male,A+,Cancer,2023-07-04,Robert Bryant,Cruz-Smith,Blue Cross,30799.6,204,Urgent,2023-07-13,Aspirin,Normal
aLlISoN AlEXAnder,33,Male,AB-,Hypertension,2022-07-25,Julie Fowler,"Curry Robbins, Reeves and",Aetna,32569.36,287,Elective,2022-08-18,Lipitor,Inconclusive
juLIe DiCkERsON,62,Male,O+,Diabetes,2022-01-21,Caroline Jackson,Diaz-Olsen,Cigna,25659.07,240,Urgent,2022-02-15,Ibuprofen,Inconclusive
ThomAS sPencE,26,Female,B-,Obesity,2019-08-04,Kathleen Cummings,"Lee, Kim and Gallagher",Aetna,23170.05,101,Urgent,2019-08-18,Penicillin,Abnormal
AliCIa RObeRts,57,Male,O+,Asthma,2021-12-17,Andrew Taylor,"Harris Werner and Moore,",UnitedHealthcare,2608.32,412,Elective,2022-01-16,Penicillin,Abnormal
rANDy RilEy,38,Male,B+,Hypertension,2021-01-03,Regina Navarro,Smith-Anderson,Aetna,37135.1,241,Elective,2021-01-14,Paracetamol,Inconclusive
RIChard mYerS,65,Male,A-,Asthma,2023-02-23,Ronald Davis,Robles Group,Aetna,37224.37,448,Emergency,2023-03-04,Paracetamol,Normal
ASHLeY freemaN,75,Male,B+,Asthma,2020-09-16,Collin Sanchez,Jennings Group,Blue Cross,1561.12,330,Urgent,2020-09-28,Ibuprofen,Inconclusive
NiCHOlas young,69,Female,O+,Cancer,2020-10-02,Thomas Nelson,Mahoney-Fischer,Blue Cross,48162.96,440,Elective,2020-10-31,Paracetamol,Normal
daviD edWArdS,73,Male,AB-,Diabetes,2024-01-18,Steven Blanchard MD,Mitchell-Hicks,Blue Cross,45644.75,459,Elective,2024-02-16,Paracetamol,Abnormal
ruth wrIGhT,42,Female,AB-,Obesity,2021-03-15,Kenneth Mcdaniel,Inc Clark,Medicare,45989.86,435,Elective,2021-03-22,Lipitor,Abnormal
JaMes NOrRIS,31,Male,AB+,Obesity,2021-08-27,Maria Miller,"Walker Garcia, and Williams",Medicare,19335.89,115,Elective,2021-09-05,Lipitor,Normal
aLExandEr PIERCe,50,Female,O-,Obesity,2023-05-14,Rachel Potter,"Fuentes, Williams and Flores",Aetna,12984.95,156,Urgent,2023-06-04,Ibuprofen,Inconclusive
DonaLD WANg,70,Female,AB-,Diabetes,2020-09-13,Cody Tucker,"Gomez and Norris Holloway,",Cigna,11439.7,139,Urgent,2020-10-01,Paracetamol,Normal
jAimE adkinS,40,Female,A+,Arthritis,2024-04-05,Dr. David Mitchell PhD,"and Long Carr, Johnson",Blue Cross,19783.94,399,Urgent,2024-04-08,Paracetamol,Inconclusive
MaDISOn HENDerSon,46,Female,AB+,Cancer,2020-09-04,Larry Allen,Bonilla and Sons,Aetna,6208.41,320,Elective,2020-09-06,Lipitor,Normal
miChaeL WiSe,35,Female,B-,Hypertension,2024-04-23,Robert Zavala,Dixon-Ponce,Medicare,20928.31,248,Elective,2024-05-07,Aspirin,Abnormal
mattHeW ThomAs,55,Female,O-,Cancer,2020-02-03,Julian Palmer,"Higgins, and Martinez Stevens",Blue Cross,10873.84,338,Urgent,2020-02-24,Ibuprofen,Inconclusive
ShErri oLsEN,55,Female,A+,Cancer,2022-12-31,Heidi Flores,Ray Sons and,UnitedHealthcare,44581.14,394,Elective,2023-01-11,Penicillin,Normal
dr. teResA HunteR,70,Male,O+,Hypertension,2020-06-15,Randy Morales,Walton PLC,Medicare,14641.5,307,Urgent,2020-06-17,Penicillin,Abnormal
DanIeL avILA,44,Female,A+,Hypertension,2021-04-18,Dr. Valerie Guerrero,"Simmons Mathews, Martinez and",Aetna,3260.7,332,Urgent,2021-04-23,Ibuprofen,Inconclusive
CaiTLIN LoWE,18,Female,B+,Hypertension,2021-01-24,Ashley Long,Mckenzie-Rivera,UnitedHealthcare,40767.16,231,Urgent,2021-02-14,Ibuprofen,Inconclusive
tErRY wESt,47,Female,B+,Obesity,2022-08-21,Melissa Williams,"and Harmon, Willis Frey",UnitedHealthcare,20610.92,498,Urgent,2022-09-10,Penicillin,Inconclusive
ROBeRt thoMAS,83,Male,A+,Obesity,2021-08-29,Jessica Herring,"Kerr, and Rhodes Miles",UnitedHealthcare,26162.76,316,Elective,2021-09-13,Paracetamol,Inconclusive
aMaNDa COX,44,Female,O-,Arthritis,2022-07-20,Shannon Hines,Ltd Robles,Cigna,48082.08,237,Elective,2022-08-09,Ibuprofen,Inconclusive
Samuel joYCe,56,Male,O+,Arthritis,2022-11-03,Krista Hartman,Thomas-Ballard,UnitedHealthcare,15654.83,157,Urgent,2022-11-22,Aspirin,Inconclusive
trAvIs clAYTOn,63,Male,O-,Obesity,2022-07-24,Douglas Campbell,Austin Ltd,UnitedHealthcare,44305.32,159,Emergency,2022-08-23,Aspirin,Abnormal
jAcob wILLiAMs,18,Female,A+,Obesity,2020-03-03,Samantha Scott,"and Huerta, Cox Price",Medicare,42349.11,373,Urgent,2020-03-20,Ibuprofen,Normal
chArLes PhIlLiPs,28,Male,AB-,Obesity,2021-05-20,Mackenzie Glover,"Kennedy Scott, and Hamilton",Medicare,27148.24,190,Urgent,2021-06-13,Lipitor,Normal
curTIs SImmOnS,36,Male,AB-,Hypertension,2020-07-02,Linda Mcintyre,"Gregory Crawford, and Gonzalez",Aetna,4449.59,176,Elective,2020-07-19,Lipitor,Abnormal
CATHy SHAffer,69,Female,A+,Diabetes,2023-05-20,Danielle Chavez,Martin-Booker,Aetna,45573.66,171,Elective,2023-06-12,Ibuprofen,Abnormal
jAmEs parks,48,Female,A-,Diabetes,2019-10-29,Jared Bentley,Davis-Waters,Medicare,25133.51,170,Urgent,2019-11-07,Paracetamol,Inconclusive
jILL HOlLAnD,73,Male,AB-,Arthritis,2024-02-05,Michelle Tran,Evans Ltd,Medicare,48104.29,436,Elective,2024-03-04,Penicillin,Inconclusive
mR. johN sPeNcEr,35,Male,A-,Hypertension,2023-03-12,Lauren Liu,"and Burch White, Jackson",Aetna,17689.76,102,Emergency,2023-03-21,Paracetamol,Inconclusive
mArIlyN McKINnEY,65,Female,O-,Obesity,2023-08-27,Jeremy Fox,Allen-Ferguson,Aetna,9818.96,368,Emergency,2023-09-07,Ibuprofen,Abnormal
nicole fItZgeRald,31,Female,A+,Arthritis,2022-03-03,Crystal Brown,Gardner-Scott,Cigna,35688.11,117,Urgent,2022-03-20,Penicillin,Normal
dOUglAS BRowN dvM,27,Male,AB+,Obesity,2022-05-15,Keith Silva,Smith-Lucas,Medicare,24478.56,452,Urgent,2022-05-16,Lipitor,Inconclusive
lAura aGUiLAR,84,Female,B-,Cancer,2021-01-05,Emily Newton,Martinez Inc,UnitedHealthcare,32050.66,259,Urgent,2021-01-20,Aspirin,Inconclusive
denisE Hall md,18,Female,A-,Hypertension,2020-11-18,Nicole Obrien,Brown-Rivera,UnitedHealthcare,32260.55,106,Emergency,2020-11-21,Aspirin,Normal
JosePh DAvIS,51,Male,AB+,Arthritis,2021-07-15,Jennifer Compton,"Herrera and Hughes Perkins,",UnitedHealthcare,44507.18,359,Urgent,2021-08-06,Penicillin,Inconclusive
StEVEN SmIth,72,Female,A+,Arthritis,2021-10-07,Eric Mccoy,"Long White, Wells and",Blue Cross,10795.41,182,Emergency,2021-10-12,Paracetamol,Abnormal
JOsE JoNes,27,Female,A+,Hypertension,2019-11-03,Kristi White,Cantu LLC,Aetna,8522.86,373,Elective,2019-11-28,Penicillin,Normal
miTchElL MAlDOnADo,41,Female,A+,Asthma,2022-06-22,Melissa Woods,Richardson-Bennett,Medicare,-378.96,414,Urgent,2022-06-30,Lipitor,Inconclusive
jAMES wHIte,72,Female,O-,Diabetes,2019-10-31,Diana Garcia,Cooper-Mcdaniel,Blue Cross,11012.44,283,Elective,2019-11-25,Ibuprofen,Abnormal
brYAn sims,27,Female,O+,Cancer,2022-12-13,Angela Turner,Moss PLC,Blue Cross,33878.15,192,Urgent,2023-01-03,Ibuprofen,Inconclusive
maCkEnzIE ThoMPson,25,Male,AB+,Diabetes,2020-09-13,Emily Ramirez,Humphrey Group,UnitedHealthcare,14778.32,463,Emergency,2020-10-12,Paracetamol,Inconclusive
aarOn cHAN,57,Male,A+,Obesity,2020-05-16,Dylan Rodriguez,"and Yoder Hayes Thomas,",UnitedHealthcare,30794.35,396,Elective,2020-05-18,Penicillin,Normal
HunTEr BlEvINS,76,Male,AB-,Asthma,2022-02-25,Travis Thompson,"Vargas, Morales and Banks",Aetna,40308.0,409,Urgent,2022-03-24,Paracetamol,Normal
tiMothY BAKEr,72,Male,AB+,Cancer,2019-08-22,Tracy Shelton,and Gross Sons,Blue Cross,6259.83,272,Urgent,2019-09-15,Aspirin,Inconclusive
jESsICa rAMirEz,22,Female,O+,Obesity,2023-02-18,Katherine Garcia,Ross-Lopez,Medicare,45372.66,228,Emergency,2023-03-19,Lipitor,Inconclusive
AMandA DiaZ,65,Female,B+,Hypertension,2020-11-19,Stefanie Meyer,Ortega-Rice,Cigna,3847.97,448,Elective,2020-11-25,Penicillin,Inconclusive
zaCHAry balL,85,Female,B-,Diabetes,2020-04-25,Matthew Conley,"and Morgan Jones, Matthews",Blue Cross,15207.55,202,Emergency,2020-05-25,Penicillin,Inconclusive
rOBeRto RITteR,83,Male,O+,Cancer,2022-04-06,Barbara Baker,"Black, Carter Hendrix and",Aetna,8119.87,113,Urgent,2022-04-30,Ibuprofen,Normal
LAuRa cARTer,46,Female,AB-,Arthritis,2023-08-19,Kelly Garcia,Arnold-Johnson,Cigna,41188.21,181,Emergency,2023-09-12,Paracetamol,Abnormal
PaTriCiA gArcIA,76,Male,A+,Asthma,2019-06-21,Amanda Summers,Cox-Sims,Medicare,27981.07,213,Urgent,2019-07-14,Aspirin,Abnormal
miChaEl MARtiN,40,Female,O-,Cancer,2022-09-24,Teresa White,Hall-Hunt,Cigna,31086.74,449,Emergency,2022-10-22,Lipitor,Inconclusive
cOURTNeY gIbBS,34,Female,O-,Cancer,2022-11-26,Beth Marshall,Hardin-Bennett,Cigna,28989.9,420,Urgent,2022-12-21,Ibuprofen,Inconclusive
HANNaH ROSE,44,Male,AB-,Arthritis,2019-06-18,Adam Raymond,"and Robbins, Baker Smith",Aetna,35862.36,414,Urgent,2019-07-06,Penicillin,Inconclusive
alIsoN CoNrAd,55,Female,O-,Asthma,2024-01-17,Donald Benjamin,"Wright Miller, Sanchez and",UnitedHealthcare,20246.09,339,Urgent,2024-02-06,Lipitor,Abnormal
MR. JOsHUa SOsA,52,Female,A-,Arthritis,2020-11-12,Katherine Hurley,Ltd Johnson,Cigna,12663.72,398,Urgent,2020-12-02,Penicillin,Abnormal
syDney doUGHErtY,47,Male,B-,Obesity,2022-05-23,James Gutierrez,Smith-Davis,Cigna,28405.27,258,Urgent,2022-06-22,Paracetamol,Abnormal
CasSidY nichOls,24,Male,B+,Arthritis,2022-03-02,Mark Cuevas,"Murphy Smith, and Thomas",Blue Cross,36038.38,474,Urgent,2022-03-07,Lipitor,Inconclusive
kAthLeEn RoberTS,69,Female,A-,Asthma,2022-01-09,John Dixon,"Kerr and Miller, Mayer",Cigna,27503.17,224,Elective,2022-01-23,Paracetamol,Inconclusive
AmY fErGuSon,64,Female,AB+,Arthritis,2019-10-11,Casey Harris,Murphy-Gonzales,Cigna,13142.54,298,Emergency,2019-10-25,Ibuprofen,Abnormal
SamAnTha rUsseLl,66,Male,O-,Diabetes,2024-01-28,Alexander Fox,"Munoz Ward Benson, and",UnitedHealthcare,3990.87,155,Elective,2024-02-08,Aspirin,Abnormal
corEy bAKER,74,Male,O-,Asthma,2022-08-01,Timothy Silva,Thompson-Payne,Cigna,39968.44,433,Elective,2022-08-25,Penicillin,Abnormal
jose WrIgHT,42,Male,A-,Hypertension,2023-05-24,Jordan Miller,"Bass Martinez Watson, and",Cigna,8415.26,287,Emergency,2023-06-16,Ibuprofen,Normal
joSE fOrD,40,Male,AB-,Obesity,2020-06-05,Jeffrey Young,Rodriguez-Collins,UnitedHealthcare,6603.62,266,Urgent,2020-06-13,Ibuprofen,Abnormal
STePHeN RosS,66,Female,O-,Arthritis,2021-10-26,Robyn Allen,Ltd Li,Blue Cross,8921.11,428,Urgent,2021-10-27,Aspirin,Abnormal
maurIce wIlSOn,50,Female,B-,Obesity,2020-10-10,Amber Rush,Inc Murphy,UnitedHealthcare,16680.04,365,Urgent,2020-10-26,Penicillin,Normal
mARY pOWELL,36,Male,AB+,Diabetes,2022-12-16,Darrell Edwards,Hughes-White,UnitedHealthcare,41741.26,355,Elective,2023-01-04,Lipitor,Inconclusive
jenNY StepHENSoN,36,Female,B+,Asthma,2023-12-13,Sandy Cruz,Sanchez-Miller,UnitedHealthcare,49443.14,412,Emergency,2023-12-14,Ibuprofen,Abnormal
jOHn moOre,40,Male,B-,Asthma,2024-01-07,Amanda Vaughn,Mendez-Rodriguez,Medicare,49689.03,476,Emergency,2024-02-02,Lipitor,Normal
MichAel SaNDOvAL,68,Female,AB-,Cancer,2023-07-27,Scott Hayes,and Sons Bond,Aetna,40932.2,484,Emergency,2023-08-23,Penicillin,Inconclusive
jAcob bRidGeS,74,Male,A+,Obesity,2023-04-06,Brittany Velasquez,Acevedo PLC,Medicare,18742.65,266,Elective,2023-04-11,Penicillin,Abnormal
frEDeRicK myErs,46,Male,B+,Cancer,2020-10-06,Anthony Gaines,"Cox, Moore Pugh and",UnitedHealthcare,11421.14,187,Emergency,2020-10-08,Lipitor,Inconclusive
JoSePH rIOS,67,Male,A-,Asthma,2023-08-07,Chad Phelps,"Sellers and Evans Marshall,",Medicare,22157.79,240,Emergency,2023-08-11,Paracetamol,Abnormal
KAREN knapp,58,Female,O-,Diabetes,2024-03-12,Shawn Davis,Pena-Griffin,UnitedHealthcare,37913.47,325,Elective,2024-04-09,Penicillin,Inconclusive
alySsa smitH,60,Female,A+,Diabetes,2019-10-29,Susan Phillips,"and Hall, Lewis Ramirez",Aetna,16188.64,204,Emergency,2019-11-14,Lipitor,Normal
mAtTHEw FlORES,84,Male,B+,Obesity,2022-12-06,Mary Howell MD,Mendoza-Ewing,Aetna,2340.61,114,Elective,2022-12-15,Penicillin,Inconclusive
CUrTIS bERRy,73,Male,AB+,Obesity,2022-04-03,Joseph Ray,"Soto Barrett, and Curry",Aetna,22579.4,235,Urgent,2022-04-29,Paracetamol,Inconclusive
BriAn yOdeR,74,Male,O-,Cancer,2021-12-15,Heather Hansen,Wilson Ltd,Medicare,40542.15,223,Emergency,2021-12-18,Paracetamol,Normal
KAren rogERs,19,Male,O-,Arthritis,2019-11-22,Andrea Johnson,"Perry Stewart and Vincent,",UnitedHealthcare,39406.23,201,Urgent,2019-12-10,Paracetamol,Inconclusive
SUSan RIvErA,76,Male,A-,Arthritis,2022-04-11,Michael Rubio,Murphy-Reyes,Cigna,2779.95,489,Elective,2022-05-04,Lipitor,Inconclusive
WAYNe leE,32,Female,AB+,Arthritis,2024-03-30,Judy Mccullough,Group Henson,Aetna,48720.2,439,Urgent,2024-04-19,Ibuprofen,Normal
tiNa WilSOn,67,Female,A-,Obesity,2022-09-01,Patrick Payne,Inc Nunez,Cigna,20433.34,120,Urgent,2022-09-02,Penicillin,Abnormal
bIllY copelaND,38,Male,B-,Hypertension,2023-02-10,Patricia Donaldson,Vasquez-Wallace,UnitedHealthcare,46298.46,334,Emergency,2023-03-04,Paracetamol,Inconclusive
kiM SimpSOn,53,Male,AB+,Cancer,2019-11-10,Beverly Cordova,"Parker and Santos Williams,",Aetna,23032.18,401,Elective,2019-11-30,Penicillin,Abnormal
kIMBERlY JAcoBs,73,Male,A-,Arthritis,2024-02-05,Megan Brown,"Frank, Lawson Craig and",Blue Cross,21855.47,311,Elective,2024-02-17,Aspirin,Abnormal
DOuGlas mUrpHY,26,Male,B-,Arthritis,2022-08-24,Randy Alexander,Ltd Stephenson,Blue Cross,36938.32,484,Urgent,2022-09-09,Penicillin,Inconclusive
aMY GIbsON,57,Female,A+,Obesity,2023-09-04,Caitlyn Lee,Rodriguez-Sanchez,UnitedHealthcare,40177.93,354,Elective,2023-09-27,Penicillin,Inconclusive
JOhnny OcONNOr,34,Female,O+,Diabetes,2023-09-27,Ashley Smith,"Henry, and Guerrero Johnson",UnitedHealthcare,38943.66,338,Emergency,2023-10-20,Ibuprofen,Inconclusive
MAdISoN JOnes,74,Male,B+,Asthma,2022-07-26,Calvin Estes,"Green Jenkins Weaver, and",Medicare,12657.18,467,Elective,2022-08-11,Ibuprofen,Normal
DaNieL CoLemaN,44,Male,O+,Hypertension,2021-10-10,Michelle Torres,Ingram Sons and,Aetna,35763.15,325,Urgent,2021-10-27,Paracetamol,Inconclusive
katHryN fIsheR,78,Male,AB+,Diabetes,2020-02-28,Donald Love,"Rasmussen Little, Campbell and",Medicare,43319.42,466,Urgent,2020-03-18,Penicillin,Inconclusive
dOnNa GEOrgE,43,Male,A-,Arthritis,2020-04-25,Raven Frazier,Perry-King,Aetna,36974.05,115,Emergency,2020-05-11,Aspirin,Abnormal
ChriSTine MElEndEz,65,Female,O-,Obesity,2020-10-25,Monica Cole,"Sanchez Johnson, Gilbert and",Aetna,35568.03,231,Emergency,2020-11-05,Ibuprofen,Inconclusive
MIguEl haMILtoN,27,Male,AB-,Hypertension,2021-03-01,Tiffany Burke,"Garza and Escobar, Chavez",UnitedHealthcare,25785.3,177,Elective,2021-03-25,Ibuprofen,Normal
cRyStal greEN,22,Male,A+,Obesity,2022-08-28,Victoria Foster,Blair-Butler,Blue Cross,8748.6,207,Elective,2022-09-24,Lipitor,Inconclusive
mEgAn Mack,25,Male,A+,Diabetes,2021-04-15,Kelly Duncan,Fitzpatrick-Johnson,Cigna,36895.69,223,Elective,2021-05-13,Penicillin,Abnormal
Donald cOOk,25,Male,B+,Hypertension,2019-12-27,Lisa Nelson,Chapman-Barnett,UnitedHealthcare,38579.43,405,Urgent,2019-12-30,Paracetamol,Inconclusive
dR. eBOny GoOdman Dvm,22,Female,AB+,Arthritis,2021-12-16,Rhonda Hunter,Rasmussen Ltd,UnitedHealthcare,41174.54,374,Urgent,2021-12-31,Paracetamol,Inconclusive
lucas waRe,41,Male,A-,Arthritis,2022-10-18,Eric Roberts,"Ford Hamilton, Ramsey and",Cigna,19651.29,241,Urgent,2022-10-21,Ibuprofen,Inconclusive
kATHerine coOPER,67,Male,O+,Asthma,2019-08-03,Brent Koch,Chambers-Barnett,Medicare,6146.6,195,Elective,2019-09-01,Ibuprofen,Inconclusive
maRCUs MccANN,70,Female,O+,Arthritis,2020-12-12,Jason Johnson,Greer Group,Medicare,33554.48,320,Urgent,2021-01-05,Paracetamol,Abnormal
AnTHony PRIce,27,Female,AB-,Obesity,2019-11-26,Courtney Garcia,Group Robinson,UnitedHealthcare,26037.85,392,Elective,2019-12-26,Ibuprofen,Inconclusive
micHAeL SOTo,83,Female,O-,Asthma,2022-08-28,Jennifer Odonnell,Decker Group,Cigna,42600.4,191,Urgent,2022-09-14,Aspirin,Inconclusive
john HilL,71,Female,O+,Obesity,2022-07-13,Charles Harris,Ltd Vaughn,Cigna,6485.59,364,Emergency,2022-07-28,Paracetamol,Abnormal
daNiel pEREZ,69,Female,A+,Asthma,2020-10-22,Kayla Smith,Cordova-Vega,UnitedHealthcare,28090.91,135,Elective,2020-11-17,Ibuprofen,Normal
MatthEW ROgers,61,Female,A+,Arthritis,2021-10-08,Dean Guzman,Webb-Allen,UnitedHealthcare,48502.25,325,Elective,2021-10-29,Aspirin,Inconclusive
DEvin aguilAR,59,Male,O+,Asthma,2022-11-16,Sean Gonzales,"Cowan, James Rojas and",Aetna,22532.05,201,Urgent,2022-12-09,Paracetamol,Inconclusive
scOTt RaMseY,80,Male,A-,Obesity,2022-12-05,William Ray,Inc Barnes,Medicare,10628.62,168,Urgent,2022-12-12,Aspirin,Abnormal
aNdrea DUNcAN,18,Female,AB-,Cancer,2021-10-15,Laura Acevedo,May LLC,Blue Cross,3431.95,363,Urgent,2021-11-02,Paracetamol,Normal
deBrA rIcHArdSON,51,Female,AB-,Arthritis,2023-10-04,Angela Carter,Howard Inc,Blue Cross,41453.54,245,Elective,2023-10-24,Aspirin,Inconclusive
erICa HErNanDEZ,49,Female,A+,Obesity,2020-03-27,Kelly Martin,James-Barrett,Aetna,6152.6,354,Elective,2020-04-01,Paracetamol,Inconclusive
stEVEn HalL,35,Female,AB-,Arthritis,2022-07-28,Heather Allen,Huff Ltd,Cigna,29431.24,386,Elective,2022-08-12,Paracetamol,Abnormal
heatHeR tRan,58,Male,B-,Diabetes,2022-05-20,Zoe Khan,Hunter PLC,UnitedHealthcare,25569.2,258,Emergency,2022-06-12,Lipitor,Inconclusive
tYLeR LAwSon,62,Male,AB-,Hypertension,2020-05-25,Megan Gamble,"Medina Ochoa Hall, and",Medicare,1248.22,148,Urgent,2020-06-03,Lipitor,Inconclusive
DANA colE,28,Female,AB+,Arthritis,2023-01-29,Julie Leonard,Ltd Bennett,Aetna,20465.81,173,Elective,2023-02-17,Ibuprofen,Inconclusive
RENEE caSTRo,72,Female,B-,Arthritis,2023-07-07,Thomas Anderson,Group Scott,Cigna,33374.55,214,Elective,2023-07-25,Aspirin,Inconclusive
CheRyl bAUTIsTa,37,Male,O+,Asthma,2023-12-08,Randy Walsh MD,Ltd Warren,Aetna,32693.86,367,Urgent,2024-01-05,Ibuprofen,Abnormal
CURTiS rOgeRS,64,Female,AB+,Arthritis,2024-04-07,Jason Mcgee,"and Cain Wilcox Smith,",Medicare,2171.07,212,Emergency,2024-04-17,Paracetamol,Normal
eRIkA JOHNSOn,53,Female,O-,Cancer,2021-10-01,Eric Gonzalez DVM,"and Torres Evans, Kane",Blue Cross,28587.71,428,Urgent,2021-10-14,Ibuprofen,Abnormal
seLEna lee,18,Female,B-,Diabetes,2019-08-23,Randy Berger,Wilson-Hayden,Aetna,48723.47,306,Elective,2019-08-25,Aspirin,Inconclusive
RAyMONd smITH,22,Female,B+,Hypertension,2022-02-19,Paul Acevedo,Bauer-Santos,Blue Cross,45238.61,266,Elective,2022-03-08,Ibuprofen,Inconclusive
MAKaYLA bROwN,41,Male,B-,Hypertension,2021-10-28,Nicole Rodgers,Gonzalez LLC,UnitedHealthcare,19407.45,283,Urgent,2021-10-29,Penicillin,Inconclusive
SarAh JeNSeN,29,Female,O-,Asthma,2020-03-12,Richard Ross,"Griffith, and Shepherd Donaldson",Medicare,27060.2,256,Elective,2020-04-10,Lipitor,Normal
doRothY hoffMAn,18,Female,O-,Cancer,2020-07-18,Suzanne Jones,"Davis Davis, and Davis",Cigna,22316.17,379,Elective,2020-08-10,Ibuprofen,Abnormal
CASsIe JiMEneZ,43,Male,B+,Cancer,2022-11-19,Eric Harris,"and Valencia Gallagher, Salazar",UnitedHealthcare,14316.65,318,Elective,2022-12-17,Lipitor,Abnormal
HEatHer TAYLOR,73,Female,O+,Asthma,2020-03-02,Beverly Thomas,Brooks-Taylor,Blue Cross,703.82,315,Elective,2020-03-31,Lipitor,Normal
JaMes dAVIs,76,Male,A+,Cancer,2022-11-21,Cynthia Hutchinson,Sons Flynn and,UnitedHealthcare,40646.91,259,Elective,2022-12-16,Penicillin,Normal
jOANne KOCh,45,Male,AB-,Cancer,2021-07-28,Linda Nelson,Inc Todd,Blue Cross,34518.69,480,Urgent,2021-08-18,Aspirin,Inconclusive
keLly wrIGHT,80,Female,AB+,Hypertension,2021-03-30,Jamie Mathis,Casey-Young,Cigna,46993.19,182,Elective,2021-04-18,Paracetamol,Normal
JEFfrEy MAxwElL,35,Male,AB+,Hypertension,2019-06-26,Jay Marshall,"Villarreal King, Esparza and",UnitedHealthcare,46060.03,364,Urgent,2019-07-11,Lipitor,Normal
LISa haMPTON,40,Male,B-,Asthma,2020-07-17,Bryan Castillo,Robinson Inc,Aetna,43979.61,263,Urgent,2020-07-29,Penicillin,Inconclusive
JasOn davIs,54,Male,AB-,Hypertension,2019-07-05,Brian Thomas,Wang-Torres,Blue Cross,31160.12,133,Emergency,2019-07-28,Ibuprofen,Abnormal
josePh elLioTT,81,Male,A+,Arthritis,2022-09-01,Steven Rios,"Mann, Lee Martinez and",Medicare,11075.27,257,Urgent,2022-09-18,Lipitor,Inconclusive
AlExandeR steWArT,50,Male,AB+,Asthma,2019-08-27,James Lopez,Inc Collins,Aetna,21908.29,158,Urgent,2019-09-26,Penicillin,Normal
TInA white,20,Female,B-,Obesity,2019-11-18,Andrew Williams,Kim-Dodson,Medicare,5812.04,417,Urgent,2019-11-24,Aspirin,Inconclusive
mARC gOOdwIn,20,Female,A-,Diabetes,2022-03-07,Denise Johnston,LLC Eaton,Medicare,6889.32,315,Urgent,2022-03-25,Paracetamol,Abnormal
melindA mCmILLAn,67,Male,AB-,Obesity,2020-07-23,Amy Crane,Inc Stanley,UnitedHealthcare,25477.71,146,Elective,2020-08-19,Aspirin,Abnormal
heAtHER MOrris,67,Female,AB+,Arthritis,2023-01-19,Victoria Gay,Ross Group,Cigna,16788.81,125,Emergency,2023-02-02,Ibuprofen,Abnormal
JAmEs hoffMaN,79,Male,B+,Asthma,2023-02-07,Robert Price,"Wright, Pollard Kennedy and",Medicare,37961.17,287,Emergency,2023-03-01,Lipitor,Inconclusive
MRS. KiMbeRLY sChMIdT MD,19,Male,AB+,Arthritis,2024-03-10,Travis Martin,Khan-Franklin,UnitedHealthcare,31050.21,398,Urgent,2024-04-09,Aspirin,Abnormal
aMy GRahAM,23,Male,B+,Cancer,2021-11-27,Ross Mitchell,Morrison-Snyder,Medicare,28063.61,214,Elective,2021-11-30,Penicillin,Normal
mArGARet McGEE,57,Female,O+,Obesity,2023-10-22,Elizabeth Harrison,"Shaw, Solomon and Aguirre",Cigna,47281.78,328,Elective,2023-11-03,Aspirin,Inconclusive
jESsiCa maRTinEZ,34,Female,AB-,Cancer,2020-05-06,Tina Baker,Holmes Ltd,Blue Cross,11985.32,136,Urgent,2020-06-03,Penicillin,Inconclusive
GILBeRT StEPhENs,57,Male,A-,Asthma,2024-03-30,Tina Williams,"Rangel Anderson and Snyder,",UnitedHealthcare,3041.14,387,Emergency,2024-04-10,Penicillin,Normal
bRandi oRTeGa,66,Male,AB-,Hypertension,2021-04-18,John Kim,Wong-Stewart,Blue Cross,4015.41,283,Urgent,2021-05-11,Penicillin,Normal
mrs. MArY RIVaS,70,Male,A-,Hypertension,2020-01-08,Lawrence Phillips,Beck-Kim,Blue Cross,22509.23,232,Urgent,2020-01-31,Paracetamol,Normal
SanDRa blAkE,72,Male,AB+,Asthma,2020-01-26,Brittany Davis,Burns-Branch,Blue Cross,13127.0,322,Emergency,2020-02-23,Lipitor,Abnormal
JESSe pArK,72,Male,A+,Arthritis,2022-03-05,Whitney Rodriguez,Stewart-Stanton,Blue Cross,2660.23,350,Urgent,2022-03-13,Aspirin,Inconclusive
MICHaEL bARR,28,Female,A+,Arthritis,2022-05-07,Melissa Atkins,Williams-Hoffman,Cigna,9686.75,316,Urgent,2022-06-03,Ibuprofen,Normal
GeorgE nicHOls,39,Female,B-,Hypertension,2023-12-21,Stephanie Burke,"Mcfarland Diaz and Klein,",Blue Cross,46759.59,121,Urgent,2024-01-11,Aspirin,Inconclusive
JoSePH GOrDOn,39,Male,A-,Arthritis,2022-06-29,Savannah Hurst,"Valdez and Blair, Watson",Blue Cross,44578.82,315,Urgent,2022-07-10,Penicillin,Abnormal
TROY PereZ,25,Male,AB-,Hypertension,2024-04-06,Heather Villanueva,Group Davidson,Medicare,2499.42,419,Emergency,2024-04-19,Penicillin,Inconclusive
SARAh johnSOn,66,Female,B-,Hypertension,2022-04-24,Luis Hamilton,Wade and Sons,Blue Cross,7952.62,340,Elective,2022-04-30,Lipitor,Abnormal
ChrIstian peREZ,84,Female,A+,Diabetes,2022-08-23,Mr. William Haas,"Mcguire and Lopez Daniels,",Cigna,6099.38,108,Urgent,2022-09-01,Ibuprofen,Inconclusive
bRaNdy braY,84,Male,B+,Hypertension,2023-11-21,Jonathan Rivera,Group Sanders,Cigna,7434.42,330,Elective,2023-11-28,Ibuprofen,Abnormal
sTEven BisHoP,39,Female,O-,Arthritis,2023-09-03,Dawn Miller,Buchanan-Gonzalez,UnitedHealthcare,47387.41,178,Emergency,2023-10-02,Aspirin,Abnormal
SaMUEL smItH,62,Female,AB+,Hypertension,2022-12-03,Mrs. Ashley Parrish,Clayton-Cunningham,Blue Cross,13574.0,289,Elective,2022-12-26,Aspirin,Abnormal
jOsE SimoN,69,Male,A+,Asthma,2023-09-20,Mariah Murphy,Inc Acosta,UnitedHealthcare,6089.57,386,Elective,2023-10-01,Aspirin,Abnormal
sTEvEn lloyD,84,Female,A+,Hypertension,2023-07-26,Grant Wright II,Patel-Sanchez,Aetna,35516.67,343,Urgent,2023-08-03,Paracetamol,Inconclusive
DEANnA CHAndLeR,68,Male,O+,Hypertension,2019-11-01,Diana Williams DDS,"Smith, Hayden and Smith",Medicare,41294.17,347,Urgent,2019-11-28,Ibuprofen,Inconclusive
DawN JoNES,45,Female,B-,Asthma,2020-04-10,William Moore,Green-Hill,Medicare,46729.79,308,Elective,2020-05-10,Ibuprofen,Normal
tAMaRA PAlMER,55,Male,A-,Diabetes,2022-10-10,Jason Valencia,Taylor-Sanchez,Medicare,39896.61,434,Urgent,2022-11-09,Ibuprofen,Normal
keiTh MORRow,33,Male,O-,Hypertension,2020-03-09,Crystal Knight,Ltd Morgan,Blue Cross,33185.5,234,Elective,2020-03-19,Penicillin,Abnormal
HunTer MeNDOZa,44,Male,O+,Hypertension,2022-06-19,Jonathan Lane,Thomas-Bradley,Aetna,24336.11,499,Elective,2022-06-26,Paracetamol,Normal
rALPh SmiTh,82,Female,A-,Diabetes,2023-01-30,Willie Thompson,Savage-Hall,Medicare,25593.19,326,Emergency,2023-02-02,Ibuprofen,Abnormal
tERrI LynN,71,Male,B-,Cancer,2022-08-16,Andre Mills,"Ramirez and Vasquez Jones,",UnitedHealthcare,39796.11,313,Elective,2022-08-30,Lipitor,Abnormal
aShLEY HufF,71,Male,O+,Diabetes,2022-11-01,Miss Lauren Huff,Hughes-Allen,Medicare,8022.67,176,Emergency,2022-11-21,Aspirin,Normal
KAtHY BrOwn,81,Male,AB-,Cancer,2020-01-08,Mark Edwards,Smith-Stevens,Aetna,23792.39,204,Emergency,2020-01-24,Aspirin,Normal
sCoTt JoneS,34,Female,A+,Cancer,2021-09-23,Nicole Pugh,Wilson-Cohen,Blue Cross,16450.31,364,Emergency,2021-09-27,Ibuprofen,Inconclusive
JACob roBinson,34,Female,AB-,Obesity,2022-07-14,Dominique Rios,Oneill-Wilson,Aetna,23379.49,265,Elective,2022-07-28,Penicillin,Inconclusive
maRY ChanG,44,Male,B-,Cancer,2023-06-13,Austin Orr,"Allen and Gray, Scott",Cigna,7860.76,223,Emergency,2023-07-06,Lipitor,Inconclusive
ElLen CartEr,49,Female,A+,Asthma,2021-11-11,Zachary Nielsen,Ryan Ltd,Cigna,3206.41,476,Urgent,2021-11-22,Penicillin,Inconclusive
ThOmas OrTEGA,52,Male,AB-,Arthritis,2019-11-24,Leonard Malone,"Chung Sherman, Adkins and",Blue Cross,42309.78,161,Emergency,2019-12-12,Lipitor,Abnormal
micHAel RoBInsON,53,Female,AB+,Cancer,2020-06-05,Christine Nguyen,Kane-Haynes,Cigna,19393.63,162,Urgent,2020-06-28,Ibuprofen,Normal
ApRiL sauNdErs,57,Male,O-,Diabetes,2023-05-18,Eugene Fox,"Jackson, and Burns Russell",Aetna,21318.67,442,Urgent,2023-05-28,Penicillin,Abnormal
zAchaRy GaRNER,78,Female,B+,Cancer,2023-11-19,Amanda Lopez,Ochoa-Jennings,Cigna,11320.45,400,Elective,2023-12-10,Lipitor,Inconclusive
DaVid JoNes,52,Male,A-,Diabetes,2022-03-26,Jeremy Morales,Wilson Group,Blue Cross,21511.04,149,Emergency,2022-04-05,Ibuprofen,Inconclusive
DaniELle GONzalez,52,Female,B+,Cancer,2019-06-22,Elizabeth Hayden,"Edwards Gibson Wheeler, and",UnitedHealthcare,48097.61,344,Urgent,2019-07-01,Paracetamol,Inconclusive
JOsEPh smIth,46,Female,B+,Arthritis,2023-05-03,Matthew Pierce,"Lopez Nolan and Evans,",UnitedHealthcare,7275.61,324,Elective,2023-05-16,Lipitor,Inconclusive
chRisToPheR mARTIneZ,73,Male,O-,Diabetes,2020-01-20,Benjamin Wade,"Cole Alvarez, Johnson and",Aetna,34590.48,282,Elective,2020-02-19,Aspirin,Normal
wILlIam wRIGHt,64,Male,B+,Cancer,2020-06-28,Larry Parker,"and Robertson Hernandez, Bridges",Blue Cross,38535.72,151,Elective,2020-07-14,Penicillin,Inconclusive
lEROY HeRnAndez,70,Male,B-,Asthma,2023-09-12,Cassandra Gates,Winters-Riley,Blue Cross,16327.62,464,Elective,2023-10-07,Aspirin,Inconclusive
SherrY CarTEr,47,Male,A-,Cancer,2021-12-04,Angel Moore,LLC Thomas,Aetna,11657.31,102,Urgent,2021-12-06,Paracetamol,Abnormal
TIfFaNy BoWman,69,Male,AB+,Arthritis,2020-12-03,Adam Sanders,Bowman-Jimenez,Aetna,51567.28,188,Emergency,2020-12-29,Aspirin,Normal
WILLiAM oNEILL,24,Female,O+,Asthma,2023-02-05,Hannah Richardson,Willis-Higgins,UnitedHealthcare,12479.08,266,Elective,2023-02-23,Aspirin,Inconclusive
AnITa BarnES,41,Male,O+,Arthritis,2023-01-19,Tony Barron,Sullivan-Lewis,Aetna,2620.85,408,Emergency,2023-01-26,Aspirin,Inconclusive
LUCaS bRadlEy,35,Female,O-,Arthritis,2023-05-12,Rebecca Ruiz,Weaver-Thompson,Medicare,2242.91,362,Emergency,2023-05-15,Ibuprofen,Normal
meLiNDA grAy,85,Female,A+,Diabetes,2022-01-14,Kimberly Leonard,"Chapman Harmon and Mcgee,",Aetna,45687.78,318,Elective,2022-01-30,Lipitor,Normal
GREG SCHnEiDer,30,Male,O+,Asthma,2021-05-16,Danny Smith,Patterson-Murphy,Cigna,21383.87,117,Elective,2021-05-18,Lipitor,Abnormal
JoSePH HUrST,83,Male,O-,Cancer,2022-07-14,Patricia Barnes,Tanner-Whitaker,Medicare,22356.46,379,Emergency,2022-07-18,Penicillin,Inconclusive
viRGiNIA WrIght DDS,53,Male,A-,Diabetes,2022-09-02,Brandon Simon,"Davis Williams and Oconnell,",Medicare,6760.66,104,Emergency,2022-09-11,Paracetamol,Normal
mIChAeL RoDRIGUEz,38,Female,A-,Arthritis,2022-09-18,Christopher Mcbride,"Miller English Brady, and",UnitedHealthcare,34356.69,151,Urgent,2022-09-26,Aspirin,Inconclusive
cHriSTophER roBBiNS,36,Male,O-,Arthritis,2023-04-06,John Ramsey,Watson-Macdonald,UnitedHealthcare,21710.71,456,Elective,2023-04-07,Ibuprofen,Inconclusive
RiLey gaRCIa,54,Male,A+,Cancer,2022-07-14,Zachary Edwards,"Johnson, and Gallagher English",Medicare,42856.63,406,Urgent,2022-07-22,Aspirin,Normal
jOhnAthAN LoNG,38,Male,A+,Cancer,2022-02-03,Courtney Tran,Hayes-Rhodes,Blue Cross,2763.29,347,Elective,2022-02-13,Ibuprofen,Inconclusive
lIsA Koch,20,Male,AB+,Arthritis,2021-04-08,Amanda Barton,Young-Hernandez,Blue Cross,8658.69,307,Emergency,2021-05-08,Penicillin,Normal
iAN fLores,68,Male,A-,Arthritis,2023-11-29,Kathy Thompson,"and Nicholson, Payne Richmond",UnitedHealthcare,3753.43,137,Urgent,2023-12-17,Penicillin,Inconclusive
jeffreY macK,76,Female,AB-,Hypertension,2023-12-27,Jessica Browning,"Boyd and Clark, Macias",Blue Cross,18577.37,474,Emergency,2024-01-01,Aspirin,Abnormal
WanDA SiMMoNs,28,Male,A-,Diabetes,2021-09-01,Andrea Chambers,"and Pratt Brown Thomas,",Blue Cross,7994.86,154,Urgent,2021-10-01,Paracetamol,Normal
dAniel MOOre,45,Female,O-,Asthma,2020-09-13,John Martinez,Singh-Foley,Medicare,21618.99,497,Elective,2020-10-11,Lipitor,Abnormal
mR. clInTon claRk,42,Male,O-,Diabetes,2019-08-07,William Lee,Perez-Robbins,UnitedHealthcare,13175.35,109,Urgent,2019-08-13,Lipitor,Normal
rAChel OlSen,34,Female,A-,Arthritis,2023-01-04,Melissa Young,"Grant, Barnes Cameron and",Medicare,38649.22,346,Emergency,2023-01-17,Ibuprofen,Inconclusive
TErRi aDaMs,46,Male,A+,Cancer,2020-12-13,Nicholas Russell,and Sons Gray,Medicare,29298.46,206,Emergency,2021-01-05,Penicillin,Abnormal
ARiEL JOhNSoN,82,Female,B+,Obesity,2021-08-24,Maria Torres,Farmer-Martin,Aetna,31475.16,222,Urgent,2021-09-18,Lipitor,Normal
kRISTophEr paTEL,75,Female,A+,Obesity,2020-01-20,Jessica Harrison,Sons and Hood,Cigna,10677.14,347,Emergency,2020-02-15,Paracetamol,Inconclusive
jOSepH Li,35,Male,B+,Obesity,2019-10-23,Kevin Bryant,Nguyen-Kennedy,Cigna,39062.22,364,Urgent,2019-11-18,Penicillin,Inconclusive
RUsSeLl RoGERS,49,Male,B+,Asthma,2023-01-06,Benjamin Gross,"and Robles Burgess, Gibson",Blue Cross,28196.81,257,Urgent,2023-01-09,Penicillin,Normal
jeAnnE WElLS,48,Female,O+,Diabetes,2020-08-21,John Sims,"Friedman, and Ryan Gilbert",UnitedHealthcare,8223.35,494,Urgent,2020-08-31,Ibuprofen,Normal
aNdre gRimES,67,Female,A-,Diabetes,2022-05-17,Stephanie Cisneros,Group Roberts,Blue Cross,23670.49,304,Elective,2022-05-28,Ibuprofen,Normal
lauRa rOse,78,Female,O-,Hypertension,2021-08-13,Cindy Chang,"Ortiz, and Lawrence Cunningham",Medicare,40940.68,475,Elective,2021-08-20,Aspirin,Normal
JeaneTTe MITchelL,66,Female,B-,Diabetes,2023-04-16,Andre Nicholson,"Snyder, and Kim Howard",Cigna,36673.71,241,Elective,2023-05-04,Paracetamol,Normal
sydNEY foX mD,57,Female,B-,Diabetes,2020-11-12,April Pham,Moore-Bowen,Cigna,18139.25,380,Urgent,2020-11-29,Aspirin,Inconclusive
RobIn HawkiNS,20,Female,B-,Arthritis,2021-11-21,Raven Spencer,"Jenkins and Smith, Garcia",Aetna,31227.46,458,Urgent,2021-12-13,Penicillin,Inconclusive
JONATHon Davis DDs,47,Female,O+,Hypertension,2020-09-05,Ryan Johnson,Simpson-Stein,UnitedHealthcare,21369.63,414,Urgent,2020-09-20,Ibuprofen,Normal
FRanciScO wRIgHT,53,Male,AB+,Cancer,2019-08-17,Kevin Farrell,Brown-Barrett,Cigna,7595.95,232,Emergency,2019-09-14,Ibuprofen,Inconclusive
dAVId eDWArdS,41,Female,A+,Cancer,2020-12-01,Richard Peters,Case-Moore,Cigna,40642.63,357,Urgent,2020-12-17,Penicillin,Normal
bRiAN bENNeTt,43,Female,AB+,Cancer,2022-05-04,Keith Young,Harrison-Gardner,UnitedHealthcare,19928.55,395,Elective,2022-05-28,Aspirin,Abnormal
asHLeY dUnLAp,85,Male,AB-,Asthma,2021-04-03,Peter Allison,"Vaughn Perez and Gardner,",Medicare,22803.34,144,Emergency,2021-04-10,Penicillin,Normal
TiMoTHy mCDONAlD,47,Female,O-,Asthma,2023-10-16,Chloe Smith,"and Santana Short Meza,",Blue Cross,26235.59,445,Urgent,2023-10-23,Lipitor,Abnormal
JeREmY KElLER,20,Male,A-,Hypertension,2021-12-10,Paul Ortega,Cox-Glenn,Blue Cross,5053.98,153,Emergency,2022-01-04,Ibuprofen,Inconclusive
susAN aUstin,43,Female,AB-,Asthma,2019-11-09,Christopher Garcia,"Vasquez, and Mcmillan Bautista",Blue Cross,23580.58,458,Elective,2019-11-22,Penicillin,Inconclusive
jiLLIaN BoLtOn,24,Female,AB+,Hypertension,2020-06-06,Christina Hughes,PLC Austin,Blue Cross,42344.62,146,Urgent,2020-06-24,Paracetamol,Normal
BRItTanY GiLlEsPIe,21,Female,B-,Hypertension,2023-10-03,Christine Lawson,Miller-Lopez,Aetna,16532.66,260,Elective,2023-10-17,Penicillin,Abnormal
KrISTINA BAiLEY,66,Female,AB-,Hypertension,2020-11-18,Jody Henderson,Johnston-Malone,Cigna,30572.39,496,Elective,2020-11-22,Penicillin,Inconclusive
Paul WILsON,33,Male,A-,Diabetes,2020-04-22,Joseph Graham,Brown-Day,Cigna,7476.04,414,Emergency,2020-04-27,Penicillin,Normal
JoRdAn JONEs,44,Female,AB-,Asthma,2022-02-22,Marcia Bailey,PLC Thornton,Cigna,23751.2,321,Emergency,2022-03-24,Paracetamol,Inconclusive
MiCHeLE feRNandez,33,Female,AB+,Cancer,2022-06-05,Amber Henry,and Sons Beasley,Aetna,22655.1,388,Urgent,2022-06-21,Aspirin,Normal
BraNDON pORter,69,Female,A+,Asthma,2019-08-27,Maria Harper,Orozco-Tucker,UnitedHealthcare,1683.98,484,Emergency,2019-09-21,Paracetamol,Inconclusive
CAthy FLoRES,19,Male,AB-,Diabetes,2021-12-28,James Velazquez,and Sons Thompson,Blue Cross,4366.9,332,Emergency,2022-01-11,Aspirin,Inconclusive
phILlip SteVEnS,18,Male,A+,Diabetes,2021-01-11,Tammy Smith,"Smith Neal, and Ramirez",Medicare,36585.77,415,Urgent,2021-02-07,Ibuprofen,Inconclusive
riChARd cOhEN,56,Male,O-,Arthritis,2024-05-07,Eric Robinson,Morrison-Wright,Medicare,26491.48,107,Emergency,2024-06-01,Lipitor,Normal
jEnNiFer MeaDOws,49,Female,B+,Cancer,2019-07-14,Ricky King,Webster-Tucker,UnitedHealthcare,42590.2,349,Emergency,2019-08-12,Penicillin,Normal
JEffrey wiGGiNS II,18,Male,B+,Diabetes,2023-07-18,Robin Wright,Inc Thomas,Aetna,40275.37,353,Urgent,2023-08-11,Penicillin,Normal
kAiTLYN bakeR,71,Female,A-,Obesity,2023-07-31,Mark Hanna,"and Torres Martinez Stewart,",Cigna,15944.29,101,Elective,2023-08-30,Ibuprofen,Inconclusive
sTePhAnie milleR,20,Female,A+,Obesity,2023-08-07,Brittany Rodriguez,Walters-Weiss,Cigna,40171.95,306,Urgent,2023-08-28,Ibuprofen,Normal
MArk mcKeNzIe,27,Female,AB+,Obesity,2020-05-16,Jack Torres,Estes Inc,Aetna,28155.18,338,Emergency,2020-06-01,Penicillin,Normal
brEndA li,64,Female,AB+,Asthma,2019-10-14,Jennifer Haley,Ltd Ford,Aetna,37359.95,106,Emergency,2019-11-09,Aspirin,Inconclusive
DAWN RobERtS,37,Female,A-,Obesity,2021-06-20,Christopher Brady,Bonilla Ltd,Aetna,4472.82,326,Urgent,2021-07-19,Lipitor,Inconclusive
HeatHer lOZAnO,65,Female,AB+,Arthritis,2021-01-20,Anna Kennedy,Mullins Group,Medicare,45955.34,451,Elective,2021-02-11,Penicillin,Abnormal
MR. miChAEL JONeS,58,Female,B+,Cancer,2022-09-27,Marvin Nelson,"and Carter Nolan Bates,",UnitedHealthcare,20083.54,245,Urgent,2022-09-29,Penicillin,Abnormal
ChloE jOhnson,62,Female,B+,Cancer,2020-02-27,Carl Hall,Logan-Lawson,Blue Cross,33828.71,474,Emergency,2020-03-12,Penicillin,Abnormal
GrEgORy wolFe,74,Male,B-,Obesity,2021-08-21,David Silva,"Griffin, and Harvey Miller",Blue Cross,35048.62,282,Emergency,2021-09-20,Aspirin,Abnormal
EDdiE mIleS,61,Male,A+,Hypertension,2019-12-07,Sally James,Reilly and Sons,Medicare,8923.62,130,Emergency,2019-12-13,Penicillin,Normal
AniTA AguiLaR,81,Female,B-,Obesity,2020-12-09,Michael Cruz,Hernandez Sons and,Blue Cross,49119.36,481,Urgent,2020-12-28,Paracetamol,Inconclusive
rOBErt dAvEnpoRt,72,Female,AB-,Arthritis,2023-03-31,Brian Simpson,"and Martinez Skinner Good,",Aetna,47338.39,497,Emergency,2023-04-25,Paracetamol,Inconclusive
DAviD beRg,61,Male,A+,Asthma,2021-05-13,Johnny Tran,Diaz-Alexander,Blue Cross,37214.31,291,Elective,2021-05-16,Penicillin,Normal
laUrA VaUGHn,54,Female,A+,Hypertension,2022-07-24,Dakota Boyd,Smith PLC,Blue Cross,30853.42,275,Emergency,2022-08-06,Ibuprofen,Abnormal
MackEnZiE MAxwEll,64,Female,AB-,Arthritis,2019-08-03,Thomas Pratt,"and Alvarez, Cox Powers",Cigna,392.91,113,Urgent,2019-08-15,Ibuprofen,Inconclusive
aNgelA POWeRS,65,Female,B-,Diabetes,2019-11-11,Sharon Miller,"Mcintyre Scott, Anthony and",Aetna,44912.85,192,Urgent,2019-12-08,Lipitor,Abnormal
joShuA RoWE,71,Female,O-,Asthma,2021-05-24,Rebecca Brown,Ltd Lee,Aetna,19687.24,131,Emergency,2021-05-29,Lipitor,Normal
RYaN wOod,73,Male,AB+,Cancer,2020-02-21,Joe Weeks,Bennett-Murillo,Blue Cross,49699.61,464,Elective,2020-03-11,Aspirin,Abnormal
mELIssa ramIrEz,75,Female,A-,Obesity,2023-03-06,Nathan Nelson,Jennings PLC,Cigna,10295.97,349,Elective,2023-04-03,Aspirin,Normal
kaTIe AtKInSon,19,Female,B+,Obesity,2023-05-25,John Norton,"Garcia Morales and Pope,",Blue Cross,25049.63,204,Urgent,2023-06-01,Paracetamol,Inconclusive
dEBorah SMIth,48,Male,AB+,Diabetes,2020-03-16,William Gutierrez,PLC Gonzalez,Cigna,11105.49,458,Urgent,2020-04-02,Aspirin,Abnormal
KeVIn caRLSOn,28,Female,A-,Hypertension,2022-04-13,Jordan Johnson,Group Gonzalez,Aetna,46771.88,431,Urgent,2022-05-10,Ibuprofen,Abnormal
mEliSsa bROWN,56,Female,B-,Arthritis,2020-09-20,Joseph Hunt,Parker-Foster,Medicare,35751.86,104,Urgent,2020-10-01,Penicillin,Abnormal
JESSIca shaH,52,Female,B+,Obesity,2022-05-02,Brian Green,Inc Lawson,Blue Cross,11216.87,334,Emergency,2022-05-03,Ibuprofen,Normal
ANDrEA HuERTA,29,Female,A-,Hypertension,2019-06-03,Ricky Taylor,Ltd Knox,UnitedHealthcare,9456.04,352,Emergency,2019-06-13,Penicillin,Normal
BryCE KIng,71,Male,AB+,Diabetes,2021-08-06,Caitlin Keith,May-Michael,Blue Cross,17605.52,370,Urgent,2021-08-31,Penicillin,Abnormal
gIna MorrIs,77,Male,A-,Arthritis,2020-09-02,Katie King,Chapman-Gibbs,Cigna,20147.47,472,Urgent,2020-09-20,Ibuprofen,Normal
SaMuEL teRry,43,Female,AB-,Asthma,2020-01-09,Gary Spears,Dougherty-Rogers,Blue Cross,26385.76,375,Emergency,2020-01-15,Penicillin,Normal
JAMiE OWEn,47,Male,O+,Hypertension,2023-01-31,Leonard Swanson,Davis Group,Blue Cross,9128.88,270,Elective,2023-02-19,Lipitor,Abnormal
Amanda BULlOCK,38,Male,O-,Diabetes,2020-10-12,Michelle Collins,Quinn-Barrett,Medicare,24413.39,494,Elective,2020-10-18,Paracetamol,Abnormal
GLENdA REeVes,21,Male,B-,Hypertension,2023-04-22,Samantha Williams,Woods-Smith,Cigna,16415.77,297,Elective,2023-04-28,Lipitor,Inconclusive
erik heRNaNdEZ DdS,63,Female,A-,Arthritis,2020-11-20,Miss Monica Reilly PhD,LLC Moreno,UnitedHealthcare,11552.0,409,Urgent,2020-11-24,Penicillin,Abnormal
JENnifeR SmiTh,77,Female,A+,Hypertension,2021-08-04,Cathy West,Stevens Ltd,Aetna,19315.35,204,Emergency,2021-08-24,Paracetamol,Inconclusive
Ms. KeLly HeRReRA,39,Female,AB-,Hypertension,2021-06-12,Brian Mcmillan,"Wallace, Knight and Mills",Aetna,20715.32,401,Emergency,2021-06-22,Lipitor,Normal
PHilIp PoRTeR,45,Male,AB-,Asthma,2022-04-24,Kevin Hendricks,Williams-Mccoy,UnitedHealthcare,6606.34,474,Urgent,2022-05-04,Paracetamol,Inconclusive
jason BURnS,53,Male,A-,Obesity,2022-10-23,Kevin Pope,Lutz-Hawkins,Blue Cross,13024.64,201,Urgent,2022-10-24,Lipitor,Inconclusive
StefAnIe aNdrade,21,Female,O+,Diabetes,2021-03-19,Phillip Bailey,Smith-Carter,UnitedHealthcare,7903.14,227,Emergency,2021-04-16,Paracetamol,Abnormal
HEIdI kelly,38,Male,A+,Asthma,2024-03-14,Michael Sloan,Davis PLC,Aetna,45427.61,355,Urgent,2024-04-07,Penicillin,Abnormal
dOnAld aLlIsOn,35,Male,A+,Cancer,2019-06-04,Ricky Velasquez,"Scott, Mitchell Wood and",UnitedHealthcare,2497.49,202,Urgent,2019-06-17,Ibuprofen,Abnormal
jEssIca rayMoND,55,Female,B-,Cancer,2020-08-14,Kristy Hartman,Jackson-Kim,UnitedHealthcare,42696.06,414,Emergency,2020-08-22,Lipitor,Inconclusive
lAtOyA jOhNsON,50,Female,B-,Arthritis,2021-09-29,Susan Fisher,Hunt Ltd,Blue Cross,18152.02,200,Emergency,2021-10-13,Penicillin,Normal
ChRistIAn joSEPH,35,Male,A+,Cancer,2023-08-12,Ashley Benson,Inc Cantu,Cigna,11111.32,266,Elective,2023-08-28,Lipitor,Normal
MATtHEW MiLlER,39,Female,AB+,Asthma,2019-09-09,Heather Smith,"Norton Ray Caldwell, and",UnitedHealthcare,26305.26,481,Elective,2019-10-04,Penicillin,Normal
JosEpH pENa,69,Male,AB-,Diabetes,2021-03-02,Spencer Floyd,Ltd Moran,UnitedHealthcare,36458.48,334,Elective,2021-03-26,Lipitor,Inconclusive
HAROLD RObertS,19,Female,AB-,Hypertension,2021-11-18,Miguel Meza,Mitchell Sons and,UnitedHealthcare,3958.91,454,Urgent,2021-11-27,Aspirin,Inconclusive
ROBin CLARk,58,Male,B+,Asthma,2022-06-29,Thomas Stewart,"Bennett, Mccarthy and Anderson",Cigna,14184.55,375,Urgent,2022-07-17,Ibuprofen,Normal
HArRy RoY,76,Female,O-,Hypertension,2021-01-10,Anthony Montgomery,Ruiz-Wilkinson,Cigna,16596.48,406,Urgent,2021-02-09,Paracetamol,Normal
denIsE MorAles,71,Female,B+,Diabetes,2024-02-17,Terri Cherry,"Mcguire Valdez, White and",Blue Cross,29269.63,353,Urgent,2024-02-27,Paracetamol,Inconclusive
MiCHAeL RIcH,19,Female,A+,Cancer,2022-06-28,Christy Ford,Thompson-Tucker,Cigna,47852.72,152,Urgent,2022-07-08,Lipitor,Abnormal
Ryan JENkIns,69,Male,AB+,Asthma,2021-07-17,Stephanie Ingram,"Brown and Duran, Frank",UnitedHealthcare,28415.28,121,Elective,2021-07-18,Penicillin,Inconclusive
JuliE Welch,35,Male,O-,Asthma,2022-05-21,Mary Ramos,Mendez-Barker,Aetna,44030.41,332,Urgent,2022-06-04,Aspirin,Abnormal
HANnAh snyDer,29,Male,AB-,Diabetes,2020-08-22,Kimberly Ballard,PLC Hanson,Aetna,38653.28,368,Elective,2020-09-08,Lipitor,Inconclusive
HeAThER vasqUEZ,27,Female,A+,Obesity,2023-01-16,Melanie Bowen,Ltd Hoffman,Cigna,34661.18,485,Urgent,2023-02-05,Aspirin,Abnormal
KYLe dAViD,30,Female,A+,Cancer,2020-01-21,Victoria Cook MD,Barr Inc,Blue Cross,15809.5,413,Urgent,2020-02-06,Penicillin,Abnormal
mARGarET STewaRT,46,Male,A-,Asthma,2023-05-10,Mario Hogan,"Nielsen, and Anderson Watson",Cigna,44342.09,363,Elective,2023-06-02,Lipitor,Normal
aNtHONY StEvenS,71,Female,B+,Hypertension,2023-05-17,Keith Meyer,Johnson-Lawson,Medicare,32430.15,356,Urgent,2023-05-31,Lipitor,Inconclusive
braNdy mUrRAY,22,Female,B-,Hypertension,2021-06-14,Kayla Ramirez,Griffin PLC,Cigna,14998.8,416,Emergency,2021-07-07,Paracetamol,Normal
LinDseY HAmiLTon,21,Male,AB+,Diabetes,2023-06-23,Rachel Brooks,Valdez-Ellis,Blue Cross,35587.62,438,Urgent,2023-06-24,Ibuprofen,Inconclusive
sTEPhanie JoHnsON,65,Female,O-,Diabetes,2024-03-08,Kimberly Nielsen,"Morrison, and Andrews Foley",UnitedHealthcare,36618.41,297,Urgent,2024-03-29,Penicillin,Normal
mArY FisCHer,51,Male,A+,Cancer,2021-02-12,Daniel Cardenas,"Allen Stanley, Woods and",Cigna,10994.08,447,Urgent,2021-02-24,Aspirin,Inconclusive
jAMEs elLiS,75,Female,O+,Diabetes,2020-07-30,Kristin Marshall,"Taylor Torres Valenzuela, and",Blue Cross,45432.62,335,Elective,2020-08-14,Aspirin,Normal
jameS WAshinGtON,40,Male,AB+,Asthma,2023-01-09,Brett Chapman,Ali-Warren,Aetna,37400.33,113,Emergency,2023-02-06,Ibuprofen,Abnormal
GeorGe rOBErts,64,Female,O+,Arthritis,2022-11-21,Brett Haynes,Carter PLC,Aetna,20478.61,454,Emergency,2022-12-03,Paracetamol,Normal
RAchel PAynE phD,51,Female,B+,Arthritis,2019-08-30,Antonio Jordan,"Schroeder, Day Swanson and",UnitedHealthcare,3196.15,418,Emergency,2019-09-26,Paracetamol,Inconclusive
wilLIaM ROSe pHd,85,Female,B+,Diabetes,2023-10-20,Lauren Oconnor,Mason-Krause,Medicare,22210.08,157,Urgent,2023-11-18,Penicillin,Normal
juLiE cHRisTIAn,28,Female,AB+,Diabetes,2019-06-30,Kathryn Ray,Group Mcconnell,Cigna,-367.2,387,Urgent,2019-07-09,Lipitor,Normal
JAcoB wARREn,58,Male,AB-,Obesity,2021-02-22,David Duncan MD,"Williams, and Roman Chen",UnitedHealthcare,19299.88,378,Urgent,2021-03-14,Penicillin,Inconclusive
lAUra rUSSeLl,48,Female,AB+,Asthma,2024-03-16,Michelle White,and Sons Velasquez,Cigna,29473.96,214,Elective,2024-03-22,Lipitor,Abnormal
erin oBrieN,74,Male,B+,Obesity,2022-05-27,Mr. Ryan Adams DDS,Group Allen,Aetna,2894.96,160,Elective,2022-06-13,Ibuprofen,Normal
TonYA wERNeR,39,Male,B-,Diabetes,2020-03-12,Stephanie Reyes,Inc Andrews,UnitedHealthcare,39041.63,142,Emergency,2020-04-01,Aspirin,Inconclusive
ROdNey AvilA,70,Male,A-,Diabetes,2020-08-23,Bryan Richmond,Alvarez LLC,Cigna,30826.49,369,Urgent,2020-08-31,Paracetamol,Abnormal
WiLliAM HoFfman,73,Female,O-,Obesity,2023-07-27,Mark Foley,PLC Kim,Medicare,25918.58,499,Emergency,2023-08-17,Penicillin,Normal
carmEN Le,36,Male,A+,Arthritis,2020-11-17,Barry Smith,Group Rhodes,UnitedHealthcare,45532.24,364,Elective,2020-12-09,Paracetamol,Abnormal
harRY alVArEz,31,Female,AB+,Hypertension,2024-03-13,Jacqueline Williams,Perez and Sons,Blue Cross,33003.18,390,Urgent,2024-03-16,Paracetamol,Inconclusive
JENNiFEr hOGaN,48,Male,O-,Arthritis,2019-09-10,Maria Salazar,Group Lindsey,Aetna,1872.41,373,Urgent,2019-09-13,Aspirin,Inconclusive
JEsSica figueroA,59,Female,AB+,Obesity,2020-10-01,Robert Curry,PLC Johnson,Blue Cross,42990.96,253,Elective,2020-10-18,Paracetamol,Abnormal
HENrY HeRREra,70,Female,B+,Cancer,2020-02-02,Robin Martinez,Rivera-Wilson,Medicare,37262.28,347,Urgent,2020-02-16,Aspirin,Inconclusive
danIEl SMiTH,35,Female,A+,Hypertension,2020-01-25,Andrea Jones,Medina-Austin,Aetna,5531.34,148,Urgent,2020-02-12,Penicillin,Normal
kENnEth JOhNSOn,75,Male,A-,Cancer,2022-04-30,Michael Reynolds,Phillips-Morales,Medicare,2384.66,306,Emergency,2022-05-20,Lipitor,Inconclusive
sUsAN nEwToN,59,Male,B-,Hypertension,2023-11-11,Austin Berry,Adams-Best,UnitedHealthcare,35296.48,256,Elective,2023-11-19,Paracetamol,Normal
NANCY gAllAGhEr,71,Female,B+,Diabetes,2023-11-29,Paul Smith,"Clark Scott, Sims and",Blue Cross,29404.91,448,Urgent,2023-12-10,Aspirin,Abnormal
bRyAn SAlaZaR,74,Male,A+,Diabetes,2019-10-23,Jennifer King,"Norton Hill and Craig,",Cigna,34451.91,192,Emergency,2019-11-13,Aspirin,Normal
TiMOthy aCEVeDo,62,Male,B+,Asthma,2020-09-17,Brandy Douglas,"Williams Stephenson Curtis, and",Medicare,46288.63,346,Emergency,2020-10-01,Aspirin,Normal
ERic PaCHECo,34,Female,O-,Hypertension,2024-01-15,Ann Johnston,"Rogers Evans and Owen,",Blue Cross,38774.29,383,Emergency,2024-02-10,Aspirin,Normal
john andErSoN,34,Female,AB-,Asthma,2020-01-23,Michelle Roberts,and Rivera Sons,UnitedHealthcare,49784.43,264,Emergency,2020-02-06,Paracetamol,Normal
ROGeR caMeRoN,75,Female,A-,Arthritis,2023-06-02,Francisco Diaz,Graham-Smith,Blue Cross,36134.15,211,Elective,2023-06-07,Ibuprofen,Abnormal
joYCe MeNDoZA,57,Male,B+,Hypertension,2021-12-18,Anna Gould,and Sons Lin,Cigna,4906.79,236,Urgent,2022-01-01,Paracetamol,Abnormal
ERIc AllEN,77,Female,O-,Obesity,2021-08-05,Joseph Patel,"Cox Love, and Saunders",Aetna,35635.2,202,Emergency,2021-08-08,Penicillin,Abnormal
CONNIe LeWIs,26,Male,AB+,Cancer,2021-01-11,Susan Haney,"James Harris and Morales,",Medicare,42920.62,269,Elective,2021-02-05,Penicillin,Normal
JOsePh knIght,77,Male,AB-,Asthma,2023-06-20,Benjamin Lopez,Rodriguez-Smith,Aetna,41167.63,433,Emergency,2023-06-25,Aspirin,Abnormal
SAra SchulTZ,21,Male,AB-,Cancer,2021-08-05,Ronald Moyer,Murphy-Coleman,Cigna,32302.45,350,Elective,2021-08-31,Paracetamol,Inconclusive
misS veRONicA PaRkeR,22,Male,A+,Obesity,2023-12-14,Michele Gray,Dickerson Ltd,Aetna,31427.95,450,Urgent,2023-12-30,Lipitor,Abnormal
RoBerT smiTH,21,Female,O+,Obesity,2021-05-24,Joshua Bryant,"Estrada Burke, and Bernard",Blue Cross,43935.51,116,Elective,2021-06-19,Ibuprofen,Inconclusive
dAvID muRrAy,18,Male,A-,Cancer,2023-06-23,Tonya Castaneda,Johnson LLC,Cigna,35709.07,284,Elective,2023-07-09,Paracetamol,Normal
sTeVe AriAs,51,Male,O+,Hypertension,2024-04-24,Laura Porter,Rowe-Rivera,Blue Cross,10567.71,343,Urgent,2024-05-18,Aspirin,Normal
BROOke alLEN,70,Male,B-,Asthma,2019-08-25,Andrea Glenn,"and Jordan Cowan, Glass",Cigna,25857.71,349,Emergency,2019-09-24,Ibuprofen,Abnormal
shAWn EVerett,73,Male,A-,Asthma,2020-04-16,Jessica Stewart,Best-Davis,UnitedHealthcare,46750.66,131,Emergency,2020-05-09,Penicillin,Inconclusive
CHrIstophER nichOlSon,83,Female,AB+,Hypertension,2023-11-15,Donna Huerta,"Davis Nguyen Wade, and",Aetna,46710.06,369,Emergency,2023-12-10,Ibuprofen,Abnormal
MICHAEL PaTrIcK,34,Male,O+,Hypertension,2020-04-19,Joshua Alvarez,Ford-Olson,UnitedHealthcare,46596.87,297,Elective,2020-04-27,Paracetamol,Inconclusive
kevIN santOS,52,Female,AB-,Cancer,2022-06-01,Laura Cobb,"Torres, Martin Bell and",Blue Cross,38361.1,302,Urgent,2022-06-19,Paracetamol,Abnormal
natashA SMITh,18,Female,A+,Diabetes,2020-07-23,Benjamin Perez,"Smith Harvey Wells, and",UnitedHealthcare,23840.31,206,Elective,2020-08-09,Aspirin,Abnormal
jANIce SmitH,32,Female,A-,Cancer,2024-05-07,Mark Brown,and Sons Rodriguez,Medicare,10093.24,466,Elective,2024-05-15,Paracetamol,Normal
AlySSa dEaN,84,Female,AB+,Cancer,2022-03-28,Kimberly Boyer,"Goodwin Walker, Gamble and",Blue Cross,4143.67,356,Emergency,2022-04-14,Penicillin,Normal
JASon rObbiNS,53,Female,AB+,Obesity,2022-06-30,Kimberly Howard,Williams PLC,Aetna,11344.14,214,Urgent,2022-07-20,Penicillin,Inconclusive
sanDRA JONeS,63,Female,A-,Cancer,2019-09-02,Mrs. Monique Newman,"Robinson and Russell Ramirez,",Cigna,39981.9,253,Elective,2019-09-07,Aspirin,Inconclusive
KEvin holdER,43,Male,AB-,Cancer,2021-01-27,Kevin Valdez,Thornton-Keller,Blue Cross,30330.84,457,Urgent,2021-02-04,Paracetamol,Abnormal
MIcheLlE MiLLER,41,Male,A+,Obesity,2019-07-19,Phillip Lopez,Sexton Group,Cigna,32826.42,329,Urgent,2019-08-02,Penicillin,Normal
antHONY HuNt,76,Male,A+,Diabetes,2020-09-25,Andrea Compton,Walker-Jones,Aetna,6586.96,446,Urgent,2020-10-23,Aspirin,Inconclusive
JOsHua fOrD,71,Female,O+,Cancer,2023-01-30,Rebecca Williamson,Taylor-Bradley,Blue Cross,34898.95,258,Emergency,2023-02-01,Penicillin,Abnormal
mICHaeL GlAss,53,Male,B+,Arthritis,2022-11-25,Jennifer Ward,Galvan-Huber,Medicare,31677.65,131,Elective,2022-11-28,Lipitor,Abnormal
DAviD MoOre,71,Male,B-,Obesity,2022-03-07,Olivia Sanders,Odom-Howard,UnitedHealthcare,13763.87,286,Elective,2022-03-20,Paracetamol,Abnormal
AnGelIcA StEWART,39,Male,B-,Obesity,2022-09-28,Jeffrey Morales,Gilbert-Singleton,Cigna,48359.01,145,Urgent,2022-10-13,Lipitor,Inconclusive
JohN ROBiNSon,25,Male,B-,Obesity,2019-10-19,Tara King,Ltd Williams,Medicare,34773.74,341,Urgent,2019-11-12,Penicillin,Inconclusive
aSHLey MalDonAdO,83,Male,B-,Arthritis,2021-09-23,John Crawford,Peterson-Moore,Blue Cross,28396.66,201,Emergency,2021-10-12,Paracetamol,Inconclusive
dEBra LInDsEy,42,Male,O+,Cancer,2022-02-09,Vicki Levine,LLC Dorsey,UnitedHealthcare,44404.47,420,Urgent,2022-02-24,Ibuprofen,Inconclusive
NicOlE lEwis,24,Female,O+,Cancer,2019-09-12,Alicia Moore,Thompson and Sons,Blue Cross,22096.79,374,Elective,2019-10-08,Ibuprofen,Abnormal
MattheW HERRing,58,Male,AB-,Asthma,2019-10-21,Amy Wallace,"Campbell, Smith Lewis and",Medicare,26248.87,328,Elective,2019-11-07,Paracetamol,Abnormal
feliCia CrawFoRd,70,Female,O-,Asthma,2020-10-13,Mary Fletcher,Johnson Inc,Medicare,18300.93,430,Emergency,2020-11-06,Paracetamol,Abnormal
JaMes WiLlIamS,48,Female,AB-,Obesity,2021-07-12,Jasmine Fuentes,Smith-Collins,Medicare,9622.01,125,Emergency,2021-08-08,Aspirin,Normal
KELSeY cLarK,60,Male,A+,Diabetes,2020-03-07,Marvin Hartman,Greene LLC,UnitedHealthcare,41594.16,101,Urgent,2020-04-02,Penicillin,Inconclusive
CatheRInE eVans,33,Female,AB-,Diabetes,2020-10-15,Megan Ibarra,"Williams Palmer Miller, and",Aetna,28209.17,459,Elective,2020-10-16,Ibuprofen,Normal
mARGAret Smith,35,Male,AB+,Hypertension,2021-09-24,Bryan Jones,Brown-Lopez,Blue Cross,10700.68,241,Urgent,2021-10-06,Ibuprofen,Abnormal
YOLANda wang,78,Female,A+,Asthma,2024-04-01,Jasmine Green,"Hill Allen, Mitchell and",Medicare,33539.11,417,Emergency,2024-04-11,Penicillin,Abnormal
Terry alVARez,18,Male,B-,Obesity,2022-07-06,Jonathan Meadows,Conrad-Lee,UnitedHealthcare,21660.25,379,Urgent,2022-07-27,Paracetamol,Normal
lIsa cRane,74,Male,B+,Cancer,2021-03-08,Kristen King,Hernandez-Thompson,Blue Cross,31034.56,457,Emergency,2021-03-25,Aspirin,Abnormal
mrS. Nancy RAmiRez,57,Male,O-,Hypertension,2022-09-23,Melanie Rhodes,"Jenkins, Brown Phillips and",Medicare,40307.03,260,Elective,2022-10-20,Penicillin,Inconclusive
Tammy ERicKsON,82,Male,O-,Arthritis,2019-09-21,David Moore,"Allen, and Parker Lynch",Aetna,17077.98,216,Emergency,2019-09-24,Penicillin,Inconclusive
AngelA REYnOlDs,18,Female,A+,Diabetes,2019-10-16,Andrea Calderon,Rich Ltd,Cigna,39421.8,315,Urgent,2019-10-18,Lipitor,Inconclusive
mARk FRanklin,66,Male,O+,Asthma,2022-04-27,Samantha Roman,Group Walter,UnitedHealthcare,46153.54,487,Urgent,2022-05-20,Ibuprofen,Inconclusive
MrS. chrISTina mArTIn,46,Female,A+,Cancer,2022-07-13,Jeffery Ryan,Ramirez-Harvey,UnitedHealthcare,37313.92,104,Emergency,2022-08-12,Ibuprofen,Normal
DEbOraH gReeN,73,Female,O-,Obesity,2023-07-03,Thomas Gentry,Wolfe-Richardson,UnitedHealthcare,16671.29,462,Elective,2023-07-14,Penicillin,Inconclusive
tHOMAs coOK,74,Female,O-,Obesity,2021-01-07,Christopher White,PLC Norton,UnitedHealthcare,28765.83,352,Urgent,2021-01-31,Lipitor,Normal
LAuRie hOod,42,Female,A-,Arthritis,2021-06-27,Brian Riley,Walker-Garcia,Cigna,52170.04,306,Urgent,2021-06-29,Penicillin,Normal
TyLer DuFfY,82,Male,A+,Cancer,2022-04-16,James Martin,Sanchez-Thompson,Blue Cross,45511.17,173,Urgent,2022-05-16,Lipitor,Inconclusive
kEIth wilEy,76,Female,AB-,Hypertension,2019-11-06,Cheryl Williams,"Torres Montgomery and Torres,",Medicare,15160.73,497,Elective,2019-11-28,Lipitor,Inconclusive
marY RiChARDS,47,Female,O-,Diabetes,2022-10-21,Tanner Schroeder,"Smith, Ortiz and Sanchez",Cigna,33891.66,159,Urgent,2022-10-24,Lipitor,Abnormal
EVELyN johNSON,27,Female,AB-,Cancer,2021-04-19,Todd Barr,Lewis-Martinez,UnitedHealthcare,42077.02,320,Urgent,2021-04-25,Paracetamol,Abnormal
aNdreA MccArThy,19,Male,B+,Asthma,2019-10-23,David Chavez,"Cole, Shaw Boyd and",Medicare,44779.59,128,Urgent,2019-11-02,Ibuprofen,Inconclusive
MARY BOYd,52,Male,B-,Hypertension,2020-09-18,Michael Grimes,"and Edwards, Hancock Owens",Cigna,25984.67,136,Elective,2020-09-21,Aspirin,Inconclusive
MarIA BRoWNIng,29,Female,AB-,Asthma,2022-07-09,Earl Bradshaw,"and Freeman Zimmerman, Salazar",Blue Cross,36945.0,379,Emergency,2022-07-26,Aspirin,Inconclusive
KAri mcMAHoN,44,Female,A+,Obesity,2024-02-18,Brittany Terry,Barker Ltd,Blue Cross,24016.63,259,Elective,2024-03-18,Aspirin,Normal
LORi JenkINs,22,Male,O+,Obesity,2024-04-23,Kevin Dixon,Wright-Myers,Medicare,29213.59,190,Urgent,2024-05-07,Lipitor,Normal
JameS GlOveR,19,Female,O+,Arthritis,2020-02-24,Angelica Barron DDS,Reyes-Lopez,Medicare,22812.37,484,Emergency,2020-02-28,Paracetamol,Abnormal
Drew SMITH,37,Female,O+,Obesity,2020-02-22,Jeffrey Johnson,"Carlson Sutton, and Beasley",Cigna,8263.83,370,Elective,2020-03-04,Penicillin,Inconclusive
sherRY gOnzALEz,82,Male,A+,Obesity,2021-05-05,Mark Price,Inc Carlson,Blue Cross,30670.55,484,Emergency,2021-05-29,Penicillin,Normal
naTAlIE HannA,53,Female,O-,Cancer,2023-10-25,Carlos Rivera,"Nelson, Thomas Perez and",Medicare,45560.3,414,Elective,2023-11-02,Ibuprofen,Normal
jamES pOWeRS,59,Male,O+,Obesity,2022-12-25,Anthony Pugh,Reed-Reese,Blue Cross,46541.74,151,Urgent,2023-01-18,Aspirin,Abnormal
CHriSTOpHER mYErs,75,Female,A-,Obesity,2019-07-03,Gina Schmitt,"Allen, Davies and Mcintyre",Blue Cross,34613.0,201,Elective,2019-07-18,Penicillin,Abnormal
mElviN HAnNa,64,Male,A-,Obesity,2023-06-02,Matthew Smith,Sherman LLC,Blue Cross,37955.42,323,Urgent,2023-06-06,Paracetamol,Abnormal
JOsE StEeLe,21,Male,A-,Cancer,2023-08-15,Carla Bradford,"and Lewis Fischer, Harrell",Medicare,4748.54,159,Urgent,2023-08-28,Paracetamol,Abnormal
dAvid WilLiaMS,81,Male,A-,Diabetes,2021-10-27,Dorothy Meadows,Nichols-Hart,UnitedHealthcare,7272.24,436,Elective,2021-11-03,Lipitor,Abnormal
JAmes RObERtsOn,22,Female,A-,Arthritis,2023-08-10,Vincent Jones,"Simmons Henderson Smith, and",UnitedHealthcare,11536.34,283,Elective,2023-08-22,Paracetamol,Normal
KEItH tHOmAS,70,Female,AB+,Asthma,2020-05-25,Tamara Hammond,Taylor PLC,Cigna,26704.44,161,Urgent,2020-06-23,Aspirin,Abnormal
TYLEr SmiTH,77,Male,B-,Diabetes,2021-02-26,Daniel Dunn,Kelly Ltd,Medicare,41707.73,185,Emergency,2021-03-26,Ibuprofen,Normal
kAtheRInE mOReNo,69,Male,A+,Obesity,2023-07-11,Nicole Berry,LLC Williams,Blue Cross,16120.67,218,Elective,2023-07-30,Aspirin,Abnormal
dAwN rObERTsoN,52,Male,B+,Diabetes,2024-01-12,John Smith,"Church, Ochoa and Johnson",UnitedHealthcare,41676.96,369,Urgent,2024-01-24,Aspirin,Normal
ANDREw sImon,35,Female,B+,Cancer,2019-07-01,Joshua Arias,and Sons Hutchinson,Aetna,22619.12,458,Urgent,2019-07-13,Lipitor,Normal
sarAH SMItH,31,Female,B-,Arthritis,2023-03-05,Kimberly Gomez,Nielsen PLC,UnitedHealthcare,35531.56,147,Elective,2023-03-10,Penicillin,Inconclusive
MICHaeL cROSS,37,Female,A-,Diabetes,2019-11-29,Mary Simmons,Jones-Wall,Blue Cross,32161.85,301,Urgent,2019-12-07,Paracetamol,Normal
kImbeRLY rOdRIgUEz,44,Female,AB+,Asthma,2020-12-04,Raymond Santiago,"Brown Vazquez, Oconnor and",Blue Cross,22501.79,476,Urgent,2020-12-20,Ibuprofen,Abnormal
MaRy rIchards md,55,Male,AB-,Asthma,2023-05-22,Jill Munoz,Williams Group,Blue Cross,16817.96,396,Urgent,2023-06-20,Aspirin,Normal
StePHaNiE EVANs,66,Female,A-,Hypertension,2020-02-18,Sally Nguyen,"Trevino Williams, Hodge and",Cigna,44334.25,119,Urgent,2020-02-20,Aspirin,Inconclusive
nORma HuFFMaN,31,Male,A-,Arthritis,2020-07-31,Mrs. Katherine Gregory,Inc Nelson,Aetna,23538.37,290,Elective,2020-08-05,Paracetamol,Inconclusive
ScOtt ocONNelL,84,Female,A-,Hypertension,2021-07-17,Marc Evans,Kelley-Johnston,Blue Cross,28831.64,167,Urgent,2021-07-21,Penicillin,Abnormal
CHaD jaMES,79,Male,B+,Asthma,2021-08-31,Brian Phelps,"Franklin, Dickerson and Logan",Cigna,43221.6,446,Emergency,2021-09-06,Lipitor,Inconclusive
kImbeRLy RICharD,58,Female,B-,Obesity,2020-09-18,Cynthia Riley,Collins-Jones,UnitedHealthcare,23744.26,209,Elective,2020-10-08,Penicillin,Abnormal
sAmanTHa dANiEl,79,Male,AB-,Arthritis,2020-11-10,Blake Gardner,Inc Jackson,Cigna,30259.74,210,Urgent,2020-11-24,Paracetamol,Inconclusive
AsHleY WAdE,56,Male,O-,Diabetes,2021-01-12,Katherine Cole,Ltd Castro,Blue Cross,35971.13,282,Urgent,2021-01-25,Lipitor,Normal
tHOmaS mArTiNEz,76,Male,AB-,Cancer,2022-12-21,Sandra Hayes,Sons Whitaker and,UnitedHealthcare,10327.64,214,Elective,2023-01-01,Penicillin,Abnormal
anGeLa foSTER,70,Female,AB+,Diabetes,2022-09-20,Brandon Jones,Brooks Ltd,Aetna,30906.19,406,Elective,2022-09-26,Lipitor,Abnormal
MArY GRaHaM,59,Male,AB+,Cancer,2021-01-16,James Jensen,Inc Rubio,UnitedHealthcare,47449.32,230,Elective,2021-01-29,Paracetamol,Normal
cHristINE aNderSon,65,Male,B+,Diabetes,2022-05-11,Melissa Johnston,Williams-Herrera,Medicare,40468.79,119,Urgent,2022-06-06,Penicillin,Abnormal
GaRRETt pOWELl,67,Male,AB-,Hypertension,2020-08-23,Marissa Allen,Ayala-Lewis,Blue Cross,31254.17,335,Elective,2020-09-06,Ibuprofen,Abnormal
JUAN CLaRk,72,Female,AB+,Hypertension,2021-01-27,Jacob Sanders,"Cochran and Rogers Brock,",UnitedHealthcare,15577.3,146,Elective,2021-02-24,Paracetamol,Inconclusive
lISa sTewart md,75,Male,A+,Diabetes,2023-04-17,Tyler Moses,Rich LLC,Medicare,33300.14,340,Emergency,2023-05-06,Ibuprofen,Normal
kIMbeRLy bISHoP,58,Male,B+,Hypertension,2020-01-14,Alexandra Richard,Holt-Barnes,Aetna,37977.47,437,Elective,2020-01-21,Lipitor,Inconclusive
OLIVIA RUIz,31,Male,AB-,Diabetes,2022-12-14,William Simmons,LLC Lee,Medicare,21646.64,135,Emergency,2023-01-06,Aspirin,Abnormal
LANcE HANsEN,39,Male,AB+,Hypertension,2022-08-24,Nicholas Henry,"Hernandez and Marsh, Kim",UnitedHealthcare,39492.47,425,Emergency,2022-09-08,Penicillin,Inconclusive
kImBERLy mCkinneY,84,Male,O+,Hypertension,2020-08-20,Amber Dillon,Barker Group,UnitedHealthcare,46753.39,388,Elective,2020-08-25,Penicillin,Abnormal
CORY jUArez,80,Male,O-,Cancer,2019-08-24,Laurie Holland,Burns-Drake,Aetna,47173.57,439,Urgent,2019-09-20,Paracetamol,Abnormal
anNa beNnEtT,28,Female,B-,Arthritis,2024-02-11,Paige David,"Montgomery and Morris Morgan,",Cigna,39355.43,260,Elective,2024-03-05,Paracetamol,Normal
roBERt mIller,18,Male,B-,Hypertension,2023-04-05,Brandy Henderson,LLC Perkins,Aetna,33214.29,320,Urgent,2023-04-24,Lipitor,Abnormal
robERT anDersoN,20,Male,A+,Asthma,2021-07-16,Cody Jefferson,"Wiggins Garcia, Wheeler and",Aetna,49495.18,237,Urgent,2021-08-01,Penicillin,Normal
riCHArD RiCh,20,Male,O+,Cancer,2019-08-24,Jennifer Zimmerman,"Lozano, Foster Taylor and",Cigna,4938.82,437,Elective,2019-09-22,Paracetamol,Inconclusive
kATIE YouNg,67,Male,AB-,Hypertension,2024-02-01,Catherine Williamson,"White, Marshall and Durham",UnitedHealthcare,41244.9,443,Elective,2024-02-27,Ibuprofen,Abnormal
vaNesSA mEyER,84,Female,A+,Obesity,2022-12-15,Eileen Walker,"and Shannon Glenn, Morrow",Aetna,26514.89,132,Elective,2022-12-28,Lipitor,Inconclusive
TEResa WebSTeR,38,Female,O-,Hypertension,2019-08-13,Mark Johns,Mcconnell-Brock,Blue Cross,42048.22,404,Elective,2019-09-03,Lipitor,Normal
LEE laRSEn phD,71,Female,A-,Diabetes,2020-07-26,Walter Hill,"and Willis Leblanc Turner,",Medicare,4061.17,341,Emergency,2020-08-19,Paracetamol,Inconclusive
AMy aNdErson,38,Female,AB+,Hypertension,2020-05-24,Megan Mitchell,"Weaver Smith, and Jackson",Cigna,3939.09,142,Emergency,2020-06-12,Aspirin,Abnormal
sUSaN PhilliPs,59,Male,B-,Arthritis,2022-08-02,Christine Powell,Brown-Landry,Aetna,44140.12,311,Urgent,2022-08-27,Lipitor,Abnormal
DR. SamanThA lEE,41,Female,B+,Obesity,2020-08-21,Michelle Peterson,Lee Sons and,Cigna,35802.47,331,Emergency,2020-08-26,Paracetamol,Inconclusive
rHondA WHiTe,61,Female,A-,Obesity,2021-12-22,Leslie Hernandez,"Grimes Romero and Davis,",Cigna,8011.19,432,Elective,2022-01-17,Lipitor,Normal
ryAN KENT,20,Female,A-,Diabetes,2020-03-03,Michael Houston,Ramirez-Santiago,Cigna,6083.12,243,Elective,2020-03-09,Penicillin,Abnormal
KYlE WarnER,60,Male,A-,Diabetes,2023-03-24,Jeffrey Ayers,"and Bryant Sanders Fields,",Blue Cross,23489.79,496,Urgent,2023-04-18,Lipitor,Abnormal
jOhn JonEs,79,Male,AB+,Asthma,2023-07-07,Anthony Fox,"Ramirez, and Walsh Snyder",UnitedHealthcare,25679.77,325,Elective,2023-07-14,Ibuprofen,Normal
JilL SheA,78,Male,A+,Diabetes,2023-05-13,Jonathan Zamora,"Kim and Velazquez, Morris",Blue Cross,30212.92,329,Urgent,2023-05-25,Penicillin,Abnormal
LiNdsey BrIgGs,77,Female,AB-,Cancer,2020-02-26,Keith Wilson,"Romero Perez Warren, and",Aetna,44285.43,158,Urgent,2020-03-16,Penicillin,Normal
cHRisTIna ochOa,20,Female,A-,Hypertension,2022-03-21,Anthony Mills,"and Small Gonzalez Smith,",Blue Cross,29410.59,230,Emergency,2022-04-08,Ibuprofen,Abnormal
ThoMaS kElLy,19,Male,O+,Hypertension,2021-08-17,James Knox,"Arellano, and Burch Walsh",Aetna,44430.21,136,Emergency,2021-09-08,Aspirin,Normal
JacoB jAcobsOn,44,Female,A-,Obesity,2021-11-27,Teresa Swanson,Clements-Allen,Aetna,27358.08,354,Emergency,2021-12-21,Ibuprofen,Abnormal
GERALd mUrILLo,55,Female,AB+,Diabetes,2023-12-05,Scott Johnson MD,"Pena Lee Franklin, and",Cigna,27164.51,285,Elective,2023-12-06,Ibuprofen,Inconclusive
cArL DavIs,80,Male,A+,Cancer,2019-07-18,Rita Gonzalez,Inc Chambers,Cigna,33237.62,302,Elective,2019-08-01,Penicillin,Normal
KaYlA rOBBiNs,74,Male,AB+,Cancer,2023-02-23,Brian Williams,Garner Group,Medicare,9654.33,268,Urgent,2023-03-17,Ibuprofen,Inconclusive
jEnnIFer reed,29,Male,O+,Hypertension,2023-05-15,Maria Harper,"Gomez, and Grant Harris",Blue Cross,30535.48,176,Urgent,2023-05-21,Penicillin,Inconclusive
SAmaNtHa hOOd,78,Male,O+,Arthritis,2020-01-04,Marcia Diaz,Thompson-Rodriguez,UnitedHealthcare,45305.36,429,Emergency,2020-01-12,Lipitor,Inconclusive
ANgElIcA THOrnton,21,Female,A+,Asthma,2023-05-10,Christy Lane,Cooper-Burgess,UnitedHealthcare,25814.93,179,Emergency,2023-05-20,Paracetamol,Inconclusive
KatHERIne hEath,37,Male,B+,Arthritis,2020-11-22,Brenda Maldonado,Williams-Richards,UnitedHealthcare,38990.15,430,Urgent,2020-12-18,Penicillin,Normal
AmAndA GrEEN,45,Female,O+,Arthritis,2022-09-19,Cameron Clark,"Willis, and Mckinney Holmes",Blue Cross,37496.7,167,Urgent,2022-09-30,Lipitor,Inconclusive
dYlAN lOPEZ,33,Female,A-,Asthma,2021-09-09,Diana Simmons,Mitchell-Cline,Medicare,8495.55,133,Elective,2021-09-28,Paracetamol,Abnormal
rIChard LAwsON,25,Female,O-,Diabetes,2021-04-16,Kathryn Anderson,Cummings Group,Aetna,26665.62,200,Urgent,2021-05-06,Ibuprofen,Normal
maDison pErKINs,69,Male,A+,Arthritis,2023-12-08,Brian Morgan,Stewart LLC,Aetna,14265.87,120,Urgent,2023-12-28,Lipitor,Inconclusive
LONNiE BEll,62,Male,AB+,Cancer,2023-01-12,Tammy Johnson,Hernandez-Ochoa,Blue Cross,24092.98,352,Emergency,2023-01-30,Lipitor,Normal
jaMES coOK,36,Female,O+,Asthma,2022-03-08,Jason Jones,PLC Norton,Medicare,35843.72,191,Urgent,2022-03-16,Penicillin,Normal
Dr. JASMINE fLETcher,53,Female,A+,Diabetes,2020-05-17,Amanda Orr,Baird-Young,Blue Cross,27725.05,348,Elective,2020-05-28,Paracetamol,Normal
natALIe bROWn,63,Male,B-,Arthritis,2021-10-04,Ryan Gibson,Greene-Ramirez,Aetna,16300.99,454,Emergency,2021-10-18,Ibuprofen,Abnormal
JosE HOOD,52,Female,AB+,Hypertension,2022-05-11,Meghan Esparza,Group Ford,Medicare,22896.16,142,Urgent,2022-05-21,Ibuprofen,Abnormal
rEneE bARKER,31,Female,AB-,Cancer,2020-08-10,Bradley Kelly,"and Hester Swanson, Glenn",UnitedHealthcare,36877.53,295,Elective,2020-08-29,Ibuprofen,Abnormal
JameS wilKiNs,66,Female,B-,Asthma,2024-01-21,Carlos Fernandez,and Sons Moore,Blue Cross,3626.51,474,Urgent,2024-01-22,Paracetamol,Abnormal
ABigaIL rOgErS,22,Male,A-,Asthma,2023-08-01,Jill Harvey,Mcknight-Jordan,Aetna,48745.74,300,Urgent,2023-08-27,Penicillin,Abnormal
MicHEllE PAul,35,Female,A+,Arthritis,2022-04-19,Shannon Cameron,Bishop PLC,Blue Cross,5676.24,112,Elective,2022-05-10,Aspirin,Inconclusive
BrAnDI fLoyD,49,Male,O+,Hypertension,2021-10-10,Adam Anderson,Butler-Powell,Medicare,3933.48,158,Emergency,2021-10-16,Paracetamol,Normal
dEANNa wIllIS,78,Female,B+,Asthma,2022-11-12,Elizabeth Hill,Lee Group,Cigna,40541.36,215,Elective,2022-12-05,Paracetamol,Abnormal
cRYstAL rOLLiNS,84,Male,O-,Cancer,2020-09-14,Richard Harrison,Ltd Finley,Aetna,4831.38,158,Emergency,2020-09-17,Paracetamol,Abnormal
JenNIFer philLIps,41,Female,AB+,Asthma,2020-05-03,Steven Harris,Gonzalez Inc,UnitedHealthcare,11418.57,325,Urgent,2020-05-09,Aspirin,Inconclusive
coLton mArTinEZ,30,Female,O-,Cancer,2020-02-28,Sandra Garcia,Lewis-Smith,Blue Cross,16698.67,433,Urgent,2020-03-23,Penicillin,Inconclusive
lAuriE gArcIa,19,Male,O+,Cancer,2021-12-03,Steven Stephens,"Orr Turner, and Foley",Cigna,10565.59,336,Elective,2021-12-04,Lipitor,Abnormal
dr. JasoN MOnROE mD,62,Male,A+,Hypertension,2020-04-14,Suzanne Sandoval,Rivera-Wolf,Aetna,6769.06,171,Elective,2020-05-12,Lipitor,Abnormal
bElINDa SmITh,75,Male,AB+,Obesity,2021-02-10,Jason Knight,Franklin-Buckley,Medicare,31318.04,118,Emergency,2021-03-05,Penicillin,Inconclusive
DoNAlD alvarAdo,68,Female,B-,Arthritis,2020-10-23,Zachary Mack,Brandt-Austin,Medicare,40379.13,476,Emergency,2020-11-14,Penicillin,Abnormal
daviD BRAdSHAW,63,Female,A+,Arthritis,2024-04-18,Alicia Acosta,Anderson-Cook,UnitedHealthcare,18592.89,385,Emergency,2024-05-11,Ibuprofen,Inconclusive
WIlliam McDaNieL,77,Female,O-,Asthma,2020-09-10,Joseph Dunlap,Sons and Edwards,Medicare,6846.4,293,Elective,2020-09-16,Paracetamol,Abnormal
AmBer pAul md,44,Female,B-,Asthma,2022-11-02,Richard Schneider,"Patterson Miller and Johnston,",Medicare,8776.13,306,Urgent,2022-11-21,Paracetamol,Inconclusive
tonyA jOHnSON,72,Female,B+,Cancer,2024-05-03,Amanda Griffith,Leonard PLC,UnitedHealthcare,17118.59,213,Emergency,2024-05-29,Paracetamol,Abnormal
DENiSe sauNdERS,48,Male,B-,Asthma,2022-06-30,David Hicks,"Smith, and Knight Marshall",Aetna,17387.45,360,Elective,2022-07-18,Ibuprofen,Inconclusive
anTHoNY canTREll,46,Female,A-,Arthritis,2020-06-09,Matthew Mayo,Brooks-Turner,Aetna,16500.35,266,Elective,2020-06-13,Aspirin,Abnormal
nICOle crAWForD,69,Female,A+,Asthma,2020-09-28,Lance Ali,Jackson-Burnett,Cigna,48561.31,246,Emergency,2020-10-11,Ibuprofen,Abnormal
vICkiE wALkEr,32,Male,A-,Obesity,2023-11-05,Amanda Stephenson,and Sons Gomez,Aetna,20948.06,427,Emergency,2023-11-30,Lipitor,Normal
soNYa CoLeMan,63,Female,AB-,Obesity,2023-03-27,Cassandra Hatfield,"Landry, Jones Marquez and",Cigna,5376.83,299,Urgent,2023-03-28,Aspirin,Normal
aNgeLa cLArk,34,Male,AB-,Arthritis,2022-09-16,Rachel Sparks,Hood LLC,Blue Cross,30670.48,301,Elective,2022-10-14,Aspirin,Inconclusive
ChrIsTopHer WeLch,34,Male,O+,Obesity,2020-09-20,Mr. Larry Torres Jr.,Lopez Sons and,Blue Cross,32853.08,226,Elective,2020-09-24,Aspirin,Inconclusive
sTacey jordAn,26,Male,AB+,Obesity,2019-11-04,Mark Williams,Inc Bell,Cigna,42063.45,144,Urgent,2019-11-22,Lipitor,Normal
bRenda GONZALeS,65,Male,O-,Arthritis,2023-02-07,Michelle Rogers,"Reese Olson Patterson, and",Medicare,11134.39,246,Elective,2023-02-14,Lipitor,Normal
LauRA LEACH,35,Male,O-,Cancer,2020-11-19,Andrew Graham,Miles-Melendez,Blue Cross,48426.72,295,Urgent,2020-12-07,Lipitor,Normal
caroL mARTin,28,Male,A-,Asthma,2019-11-09,Cynthia Flynn,PLC Snyder,UnitedHealthcare,37994.09,498,Urgent,2019-11-11,Lipitor,Abnormal
dAVid bARry,80,Male,A+,Obesity,2023-02-20,Michael Ramos,"Sawyer and Velez Christensen,",UnitedHealthcare,33636.14,210,Emergency,2023-03-03,Paracetamol,Normal
jennIfer STark,76,Male,O+,Asthma,2019-05-14,Linda Brown,Vasquez LLC,Medicare,49565.85,175,Emergency,2019-06-05,Penicillin,Normal
juStin VArGAS,78,Female,O+,Asthma,2019-11-21,Danielle Hernandez,"Price Cole Davis, and",Medicare,17863.83,437,Elective,2019-12-21,Aspirin,Abnormal
kEvIn fRederick,44,Female,B-,Hypertension,2023-06-05,Nicole Boyer,and Sons Pitts,UnitedHealthcare,4147.18,125,Emergency,2023-07-04,Lipitor,Normal
MARy LIVINGsToN,49,Female,B-,Diabetes,2019-06-21,Colleen Perez,Miranda Inc,UnitedHealthcare,27645.36,420,Urgent,2019-06-22,Lipitor,Inconclusive
victorIa cAmpbelL,23,Male,O+,Hypertension,2019-06-01,William Patel,"Morgan Lee, and Young",Aetna,16751.42,304,Elective,2019-06-22,Penicillin,Inconclusive
KeVin AdaMs,52,Female,A+,Asthma,2021-10-17,John Pope,"Lambert, and Joseph Holland",UnitedHealthcare,25087.39,332,Elective,2021-11-14,Penicillin,Inconclusive
CHriSTine HOdGEs,28,Female,A+,Hypertension,2021-05-26,Kelly James,Bell-Smith,Blue Cross,27627.73,322,Elective,2021-06-12,Lipitor,Inconclusive
JuLIE lambeRT,21,Male,O-,Obesity,2021-03-04,Charles Johnson,"and Lloyd Wells Smith,",Aetna,10570.87,405,Elective,2021-03-09,Ibuprofen,Normal
jAmie eLLioTt,30,Male,O+,Hypertension,2022-11-18,Courtney Evans,Silva-Obrien,Blue Cross,3060.86,111,Urgent,2022-11-25,Aspirin,Normal
JESsE Gamble,53,Male,A-,Cancer,2023-11-24,Kayla Turner,Walker-Jackson,Medicare,44253.68,246,Urgent,2023-12-07,Penicillin,Abnormal
Danny StAfFOrD,56,Female,B-,Cancer,2022-04-03,Gabrielle Johnson,James LLC,UnitedHealthcare,28694.2,309,Urgent,2022-04-17,Penicillin,Abnormal
mark AlVARADO,56,Male,A-,Hypertension,2019-08-22,Ronald Mata,"Henry, Cervantes and Garcia",Medicare,35907.58,150,Emergency,2019-08-26,Penicillin,Normal
ruBeN raMos,74,Female,O+,Arthritis,2020-02-08,Megan Wood DDS,"Ross, and Ross Ballard",UnitedHealthcare,2802.9,226,Urgent,2020-02-28,Paracetamol,Abnormal
GerALD BECKer,27,Male,A-,Arthritis,2022-02-16,Emily Booth,"Neal Meyer and Gonzales,",UnitedHealthcare,42876.61,342,Urgent,2022-02-27,Ibuprofen,Abnormal
hollY haRrell,71,Male,O-,Diabetes,2022-06-13,Kimberly Campbell,Santiago Sons and,Cigna,9234.09,318,Urgent,2022-06-24,Lipitor,Inconclusive
SAMuEl WaLTeRS,71,Male,B-,Obesity,2021-11-26,Darrell Santos,"and Thomas Brooks Owens,",Cigna,35560.35,323,Emergency,2021-12-17,Penicillin,Inconclusive
MicHaeL caSe md,76,Female,AB+,Obesity,2023-07-09,Seth Beck,"Cook Griffin Price, and",Blue Cross,15761.72,420,Elective,2023-07-13,Penicillin,Abnormal
kaThLEen cLARk,67,Female,O-,Obesity,2020-10-02,Roy Andrews,Cruz-Rasmussen,Aetna,45061.21,197,Elective,2020-10-03,Ibuprofen,Abnormal
cHArLES roDRIgUEz,19,Female,B-,Obesity,2022-07-03,Ronald Francis,King Group,Aetna,40363.63,196,Urgent,2022-07-29,Aspirin,Inconclusive
KatHErinE dAViS,64,Female,A+,Obesity,2022-05-06,William Rodriguez,"Mayer Jones and Richards,",Aetna,31536.33,233,Emergency,2022-05-24,Aspirin,Abnormal
JasoN blaiR,82,Male,B+,Arthritis,2022-08-26,Steven Ortiz,Boyd-Simmons,UnitedHealthcare,28773.3,172,Emergency,2022-09-25,Aspirin,Abnormal
nIcOlE HErnAndEZ,35,Female,B+,Cancer,2022-06-01,Lindsay Arias MD,"Williams Reeves, Thompson and",Medicare,13462.12,363,Urgent,2022-06-14,Penicillin,Inconclusive
AlExaNDER gArdneR,45,Male,AB-,Cancer,2023-03-23,Tracy Brown,Maldonado Group,Cigna,-198.28,329,Elective,2023-04-09,Aspirin,Abnormal
kELSey pHIllIPS,26,Female,AB-,Diabetes,2023-04-24,Philip Jackson,"Olson and Blake, Martin",Medicare,45328.7,168,Emergency,2023-05-06,Penicillin,Inconclusive
neiL BAkER,56,Male,A-,Asthma,2020-01-21,Sarah Clark,Green PLC,UnitedHealthcare,25273.26,162,Emergency,2020-02-17,Penicillin,Inconclusive
KArINA Nash,58,Female,O-,Hypertension,2021-02-10,Craig Carter,"Rodriguez and Anderson Carter,",Blue Cross,27834.96,398,Emergency,2021-02-25,Aspirin,Inconclusive
leaH wiLsOn,22,Male,A-,Obesity,2023-12-31,Gregory Wolf,"Bryant, and Peterson Evans",UnitedHealthcare,28478.28,467,Urgent,2024-01-13,Aspirin,Normal
aMANDA roAch,44,Male,A+,Arthritis,2022-02-03,Lisa Vazquez,Sons Mcclure and,Cigna,12072.87,249,Emergency,2022-02-12,Penicillin,Abnormal
bRIttany PATtersON,44,Male,B-,Asthma,2020-09-04,Joseph Brown,"Ware Arnold, Vega and",Aetna,27202.89,460,Emergency,2020-09-25,Aspirin,Inconclusive
CAndaCE scHroeDeR,23,Female,A-,Asthma,2020-09-23,Eric Ball,Anderson-Norris,Cigna,47854.59,110,Emergency,2020-10-06,Paracetamol,Abnormal
aManda Le,72,Female,A-,Arthritis,2021-11-01,Christopher Cooper,"and Bryant Burton, Perry",Cigna,39027.01,346,Emergency,2021-11-17,Paracetamol,Abnormal
STEVEn JOhNSON,21,Female,A-,Diabetes,2022-11-07,Robert Miller,"Estrada Ramos Jones, and",Aetna,34419.87,424,Emergency,2022-11-19,Paracetamol,Inconclusive
JuAN BaiLEY,38,Male,B-,Diabetes,2024-04-17,Jeffrey Campos,"Rogers, and Sanford Henry",Medicare,6366.41,450,Urgent,2024-05-12,Paracetamol,Abnormal
KeLly waTSON,50,Female,O+,Diabetes,2022-04-22,Mark Conley,Cooper-Carrillo,Medicare,41881.35,172,Elective,2022-05-07,Ibuprofen,Abnormal
RyAN COhEN,42,Male,B+,Obesity,2023-04-26,Cheryl Bailey,Deleon-Stanley,UnitedHealthcare,26659.92,376,Emergency,2023-05-15,Lipitor,Inconclusive
HEaTheR CaRr,30,Male,AB+,Cancer,2022-08-02,Richard Vazquez,Ltd Ramirez,Aetna,17889.21,240,Elective,2022-08-25,Lipitor,Abnormal
CHRIS larsON,37,Male,B+,Obesity,2022-10-26,Jeffrey Harris,Inc Short,Cigna,40495.62,497,Urgent,2022-11-25,Paracetamol,Inconclusive
KAThleen orr,75,Female,A+,Obesity,2020-09-23,Dr. Brenda Thornton,Johnson-Stout,UnitedHealthcare,41882.12,212,Emergency,2020-10-17,Paracetamol,Abnormal
KEitH LANe,38,Female,AB-,Hypertension,2024-03-16,Angela Charles,Mcgee-Lopez,Aetna,45939.03,112,Urgent,2024-04-08,Lipitor,Abnormal
hOWArd russELl,70,Female,AB+,Arthritis,2020-01-12,John Cross,"and Harris Underwood Hernandez,",Cigna,6202.07,395,Emergency,2020-01-18,Paracetamol,Abnormal
SamUEl lOVE,20,Male,B+,Asthma,2020-03-08,Erica Moore,Matthews-Watson,Medicare,47988.46,190,Urgent,2020-03-28,Ibuprofen,Abnormal
ReNeE BROwn mD,25,Male,B+,Hypertension,2022-07-16,Mark Francis,"Scott Landry Wright, and",Aetna,22918.04,284,Elective,2022-08-10,Ibuprofen,Abnormal
AlExAndRiA pOTts,25,Female,A+,Obesity,2022-10-07,Sierra Adams,"Miller, and Huber Archer",Blue Cross,29027.5,260,Urgent,2022-10-26,Paracetamol,Inconclusive
LisA jOHNSon,32,Male,AB-,Diabetes,2021-03-20,Kelly Carter,"Jackson Harmon and Brewer,",Blue Cross,47724.83,368,Elective,2021-03-31,Lipitor,Abnormal
ChRISTiNe SaLiNaS,59,Female,B+,Hypertension,2023-12-30,Richard Jones,Pratt-Rodriguez,UnitedHealthcare,6219.57,205,Elective,2024-01-13,Paracetamol,Inconclusive
daVId ESPInozA,71,Male,A+,Cancer,2024-03-25,Donald Cobb,"and Fisher Doyle Kennedy,",Cigna,45780.66,328,Elective,2024-03-29,Ibuprofen,Inconclusive
tanYa hObBs,34,Female,AB+,Hypertension,2020-03-20,John Gibson,Ltd Thompson,Medicare,5129.07,254,Urgent,2020-04-05,Ibuprofen,Abnormal
jasOn WaLsH,53,Female,A+,Diabetes,2021-07-03,Chad Curtis,Inc Rasmussen,UnitedHealthcare,26750.41,306,Emergency,2021-07-31,Aspirin,Abnormal
NINa CHEn,82,Male,O+,Arthritis,2024-01-21,Matthew Morris,Rodriguez-Bond,Aetna,14897.24,245,Urgent,2024-02-07,Ibuprofen,Abnormal
StePHAnIE rAmIreZ,77,Female,B-,Hypertension,2020-01-08,Carrie Padilla,Reed-Gonzalez,Aetna,14371.12,128,Emergency,2020-01-20,Lipitor,Normal
chrISTOpHEr rOBerTS,39,Female,O+,Obesity,2019-10-31,Angela Haley,Huffman-Mooney,Medicare,19934.26,433,Emergency,2019-11-15,Paracetamol,Normal
jill SiLVA,35,Female,A-,Cancer,2023-12-14,Aaron Jacobs,Hernandez-Prince,Medicare,6824.12,250,Emergency,2023-12-22,Lipitor,Inconclusive
TaYLoR BaXTeR,27,Male,AB-,Obesity,2023-08-28,Manuel Lopez,"Lopez and Peterson Mitchell,",Cigna,27108.34,318,Urgent,2023-08-31,Ibuprofen,Normal
KaTHleeN DufFY,22,Female,O-,Asthma,2023-09-28,Anna Arnold,Finley-Snyder,Cigna,7826.55,486,Urgent,2023-10-22,Aspirin,Normal
eMIly HoLlanD,52,Male,O+,Cancer,2021-05-05,Danielle Robbins,Group Bennett,Blue Cross,23114.8,374,Emergency,2021-06-03,Penicillin,Inconclusive
lErOy OcONNelL,38,Female,O+,Arthritis,2020-10-01,Annette Palmer,Maxwell-Grimes,Medicare,18636.34,339,Urgent,2020-10-17,Ibuprofen,Normal
joaNNE AlexaNDeR,38,Female,A-,Diabetes,2022-06-07,Allison Johnson,Jones PLC,UnitedHealthcare,2353.91,424,Urgent,2022-07-03,Aspirin,Normal
rebECcA david,20,Female,AB-,Asthma,2022-06-06,Aaron Higgins,King Ltd,Aetna,19013.69,156,Emergency,2022-06-28,Ibuprofen,Normal
MEgHAn RoDriGuEz,49,Female,A+,Hypertension,2023-10-07,Melissa Duke,"Burke and Moore Lee,",Cigna,4462.19,354,Urgent,2023-10-27,Penicillin,Abnormal
jUlie hOwaRD,24,Female,A+,Arthritis,2019-11-03,Gerald Marquez,Brown-Ruiz,Aetna,39503.87,221,Emergency,2019-11-24,Penicillin,Abnormal
samanTHa BaUer,18,Female,O+,Hypertension,2019-09-15,Clayton Franklin,Ibarra-Garcia,Cigna,12619.56,186,Urgent,2019-09-29,Ibuprofen,Inconclusive
sTEFaNie JoRdan,41,Female,O-,Obesity,2023-11-15,Daniel Bradley,"Barrett Johnson King, and",Medicare,7710.92,296,Elective,2023-12-09,Aspirin,Abnormal
NIChOlAS GUtIERrEZ,76,Female,B+,Asthma,2021-05-06,Katrina Nicholson,Henderson-Vasquez,Blue Cross,1638.87,383,Elective,2021-05-13,Ibuprofen,Inconclusive
linDsAy tURnEr,43,Female,B-,Hypertension,2024-01-16,Juan Woods,"Chapman, and Edwards Bush",Blue Cross,16053.52,155,Urgent,2024-02-14,Aspirin,Abnormal
mICHAeL MoNToya,38,Female,A-,Hypertension,2020-10-17,Megan Simon,Vargas-Reeves,Aetna,15446.31,110,Elective,2020-10-24,Paracetamol,Normal
aShlEY CoLeMaN,76,Female,AB-,Asthma,2024-03-22,Kathryn Jackson,"and Burns Shields, Elliott",Cigna,32791.45,405,Emergency,2024-04-19,Paracetamol,Inconclusive
lEe GrEGorY,79,Male,AB-,Asthma,2023-07-25,Michael Williams,Ltd Wheeler,Cigna,36387.4,324,Elective,2023-08-17,Aspirin,Abnormal
jeNNIFER sanFOrD,82,Male,O-,Asthma,2019-11-27,Shelby Peters,Perez-Anderson,Blue Cross,19372.94,248,Elective,2019-12-23,Paracetamol,Abnormal
marGaREt NguYen,32,Male,A+,Asthma,2023-10-06,Mr. Donald Murray PhD,Gaines-Mitchell,UnitedHealthcare,20900.56,229,Emergency,2023-10-20,Ibuprofen,Inconclusive
lAToyA rIce,74,Male,AB-,Arthritis,2019-05-16,Rebecca Miller,"and Jones Stevens Tyler,",Cigna,28079.59,219,Urgent,2019-05-20,Ibuprofen,Abnormal
bRAnDy PHILlIps,72,Female,A+,Diabetes,2021-05-12,Holly Parker,Baker Inc,Blue Cross,34771.79,256,Urgent,2021-05-19,Paracetamol,Abnormal
RebecCa gUeRrA,70,Female,B+,Cancer,2021-03-08,Stephanie Mathis,Group Coleman,Aetna,21524.09,470,Elective,2021-03-15,Ibuprofen,Inconclusive
BeNjAmIn wiLSOn,70,Female,O-,Diabetes,2021-10-07,Nicole Schultz,Grimes-Ramsey,Aetna,34418.68,466,Elective,2021-10-29,Penicillin,Normal
reNee heRRera,29,Male,A-,Cancer,2022-12-20,Connie Matthews,"Johnson Padilla and Garcia,",Medicare,16882.55,497,Elective,2022-12-27,Ibuprofen,Abnormal
ELizaBEth Hall,26,Female,B-,Obesity,2023-02-17,David Edwards,Taylor-Flores,Medicare,19362.08,471,Emergency,2023-02-23,Paracetamol,Inconclusive
cOnNor AnDERSon,81,Female,O-,Obesity,2024-04-28,Jennifer Baldwin,"and Bailey Sawyer, Weiss",Aetna,4508.97,160,Elective,2024-05-04,Aspirin,Abnormal
dYlaN HumPHRey,46,Male,AB-,Arthritis,2020-10-22,Robyn Livingston,"Dyer Smith, and Lin",UnitedHealthcare,15780.38,301,Urgent,2020-11-18,Penicillin,Normal
GrEgg PAyNe,49,Male,O+,Asthma,2019-12-20,Michael Jackson,Inc Yu,Medicare,35006.19,127,Elective,2020-01-01,Aspirin,Abnormal
cuRTIs WaLKER,26,Male,O+,Cancer,2023-12-30,Tammie White,Weaver-Watkins,UnitedHealthcare,12775.68,391,Urgent,2024-01-23,Lipitor,Abnormal
scoTt GaRcIA,67,Male,A-,Cancer,2022-06-15,Jackie Hall,"Sanchez Cruz and Rose,",Cigna,22894.73,292,Elective,2022-07-01,Ibuprofen,Abnormal
jeSsICa PEttY,83,Male,B+,Obesity,2023-09-21,Tina Heath,Allen PLC,Cigna,31416.72,115,Elective,2023-09-23,Lipitor,Normal
stUArT HOLmES,55,Male,A+,Diabetes,2020-06-07,Richard Williams,Gray-Joyce,Cigna,30366.89,331,Elective,2020-06-08,Paracetamol,Abnormal
SAMuEl tatE,41,Female,AB+,Hypertension,2021-09-01,Gregory Taylor,Ellis-Flores,UnitedHealthcare,25503.51,348,Elective,2021-09-06,Lipitor,Normal
MiCHEaL aRMstroNg,40,Female,B+,Arthritis,2021-05-01,Michelle Lopez,Hooper-Holt,Cigna,22983.57,314,Emergency,2021-05-31,Ibuprofen,Abnormal
CARlA DavIS,75,Male,AB+,Asthma,2021-07-30,Melissa Giles,Young-Perez,Cigna,3712.4,453,Urgent,2021-08-26,Penicillin,Normal
bOBBy alLEN,80,Female,AB+,Asthma,2021-05-15,Ellen Perry,Cook-Rogers,Cigna,36915.58,275,Emergency,2021-06-14,Ibuprofen,Normal
ricKY WaLKeR,65,Male,B+,Obesity,2022-08-15,Lisa Johnson,Smith-Ramsey,Aetna,6834.19,192,Elective,2022-08-25,Ibuprofen,Normal
aMy jOhnson,23,Female,AB+,Obesity,2022-02-03,Timothy Bernard,"Miller, Miller and Cole",UnitedHealthcare,30429.21,206,Emergency,2022-02-15,Ibuprofen,Normal
ConniE ThomaS,70,Female,A+,Arthritis,2022-02-27,Amanda Garrett,"Collier Grant Jacobs, and",Medicare,30905.39,294,Elective,2022-03-14,Ibuprofen,Normal
MaTTheW MoORE,25,Female,B-,Asthma,2024-03-19,Kelly Velasquez,Parsons-Villa,Aetna,38803.34,376,Elective,2024-04-01,Ibuprofen,Normal
wiLlIAm CArpenter,56,Male,B-,Cancer,2023-05-02,Katrina Ellis,Sanchez-Fischer,Blue Cross,38895.94,323,Elective,2023-05-17,Ibuprofen,Abnormal
JAmES HarPeR,64,Male,AB-,Hypertension,2019-09-08,Martin Rice,"Bauer, and Watson Little",UnitedHealthcare,18190.18,236,Elective,2019-09-20,Penicillin,Normal
Amanda rICHardSON,48,Female,O-,Arthritis,2023-07-16,Michele Dunn,Ltd Lewis,UnitedHealthcare,49030.11,254,Elective,2023-08-01,Ibuprofen,Inconclusive
SCOtt HarDy,63,Male,A-,Hypertension,2020-09-28,Ann Green,"Rodriguez and Robinson, Church",Blue Cross,32132.02,306,Emergency,2020-10-15,Penicillin,Inconclusive
kAYLa MIller,75,Male,AB-,Hypertension,2020-07-25,Jeremy Jones,Zhang-Trevino,Cigna,27219.6,456,Urgent,2020-08-08,Ibuprofen,Normal
SUE tYlER,61,Male,B-,Asthma,2022-02-09,Taylor Baker,Group Fleming,Cigna,40028.3,106,Elective,2022-03-09,Penicillin,Abnormal
sErGIO claRk,60,Female,AB+,Cancer,2021-11-24,Shane Owen,"Gonzalez Anderson and Decker,",Cigna,26738.81,498,Elective,2021-12-02,Paracetamol,Inconclusive
BRiAN EsTrada,64,Male,A-,Diabetes,2022-01-27,Alejandro Hernandez,Group Hunt,Cigna,15094.04,298,Elective,2022-02-01,Lipitor,Inconclusive
cHarLEs baRkER,56,Female,O+,Asthma,2022-12-09,Dr. David Evans,"Sanders Burton and Stewart,",UnitedHealthcare,15278.63,152,Urgent,2022-12-10,Ibuprofen,Abnormal
LoRI cAStro,21,Male,B+,Diabetes,2022-07-10,Alan Long,"Adams West and Poole,",Blue Cross,31473.65,293,Emergency,2022-07-28,Penicillin,Normal
JaMes SmitH,83,Male,A-,Cancer,2022-05-20,Dylan Patton,"and Beck, Scott Leblanc",Aetna,11191.02,325,Urgent,2022-05-26,Penicillin,Inconclusive
jOsEPh nObLe,35,Female,A-,Obesity,2022-01-27,Jeffrey Adams,Schneider-Bell,Blue Cross,13182.45,332,Elective,2022-02-14,Ibuprofen,Normal
AMy DaVIs,80,Female,B-,Hypertension,2021-10-10,Natasha Watson,and Sons Marshall,Medicare,20832.09,335,Urgent,2021-10-22,Penicillin,Abnormal
jEremY jOhNsToN,76,Female,B-,Diabetes,2019-10-21,Darlene Rodriguez,Williams Group,Medicare,36792.39,179,Elective,2019-10-25,Penicillin,Normal
isaiaH PaRRIsh,23,Male,B-,Arthritis,2024-04-09,Gary Nguyen,Fuller-Jones,Cigna,44734.19,210,Elective,2024-04-26,Penicillin,Inconclusive
dEBRa caMpbell,52,Female,O-,Asthma,2023-10-23,Stacy Holt,LLC Flores,Medicare,32722.38,433,Emergency,2023-11-09,Aspirin,Inconclusive
CHARLEs HAyeS,61,Male,B-,Diabetes,2020-03-09,Kyle Blackwell,Payne-Lynch,Cigna,14277.84,225,Elective,2020-03-13,Paracetamol,Abnormal
angELA LEonArD,80,Male,AB-,Obesity,2021-01-20,James Goodwin,"Kline, Davis Thomas and",Cigna,15548.7,311,Urgent,2021-02-10,Lipitor,Inconclusive
KiMberlY COLliNS,76,Male,AB-,Hypertension,2023-10-03,Jenna Gardner,Ayers Group,Blue Cross,24988.11,147,Emergency,2023-10-23,Ibuprofen,Abnormal
keitH LoPEz,49,Male,O-,Asthma,2024-04-01,Daniel Lopez,Cox Group,Aetna,30633.95,315,Emergency,2024-04-18,Aspirin,Normal
dOUglaS johnSoN,18,Female,O+,Asthma,2021-01-09,Javier Allen,Reid-Brooks,UnitedHealthcare,12366.44,319,Elective,2021-01-27,Lipitor,Normal
mR. kylE kaiSer jr.,71,Male,O-,Asthma,2022-03-08,Dr. Stephen Thompson,"Rodgers and Perkins, Anderson",Medicare,19389.1,484,Emergency,2022-03-21,Ibuprofen,Normal
VeroNIcA wallAce,60,Male,O-,Diabetes,2023-05-15,Mr. Christopher Zimmerman MD,"Valenzuela Johnson and Peters,",UnitedHealthcare,40997.03,230,Urgent,2023-05-24,Ibuprofen,Inconclusive
kelLy CoPelANd,48,Female,A-,Obesity,2021-12-13,Jennifer Bowman,Gill PLC,Cigna,28936.32,444,Urgent,2022-01-08,Lipitor,Inconclusive
jULie smIth,66,Female,A+,Asthma,2020-08-01,Mrs. Vanessa Jordan,Mcdonald-Carey,Cigna,34207.24,266,Emergency,2020-08-06,Lipitor,Abnormal
ChRiStoPHEr BARnes,27,Female,AB+,Diabetes,2023-07-18,Stephanie Owens,"and Burke, Fowler Hoffman",Blue Cross,22240.22,216,Elective,2023-08-02,Aspirin,Normal
MiChelLe rioS,32,Male,AB+,Arthritis,2019-11-22,Katie Burgess,Inc Stephens,Cigna,18391.52,185,Elective,2019-12-18,Lipitor,Inconclusive
ms. JEnNifer lE,59,Male,AB-,Arthritis,2023-07-24,Eric Mendoza,Wilson Group,Medicare,5839.39,169,Emergency,2023-08-06,Penicillin,Inconclusive
SteveN GriFfiN,48,Male,O+,Obesity,2023-08-02,Robert King,LLC Stewart,Medicare,29146.47,316,Elective,2023-08-30,Lipitor,Inconclusive
TonyA sMITH,34,Female,AB-,Hypertension,2022-05-16,Sean Gomez,Parsons-Hughes,Aetna,29894.66,465,Elective,2022-06-01,Paracetamol,Abnormal
MELiSSA heRNaNdEZ,79,Female,O-,Hypertension,2021-12-19,Randy Sims,Flores Inc,Cigna,25268.1,372,Emergency,2021-12-20,Paracetamol,Normal
RoNALd miLLer,27,Female,AB-,Obesity,2020-11-10,Lauren Dawson,Collins-Frazier,Cigna,35640.09,275,Emergency,2020-12-02,Aspirin,Abnormal
DAvID mEyER,47,Female,B-,Arthritis,2023-05-25,Joseph Alvarado,Allen Group,Aetna,32373.13,396,Emergency,2023-06-17,Aspirin,Normal
RObert DomINGUeZ,39,Male,A-,Asthma,2020-12-02,Marie Stuart,Sons and Smith,Cigna,18895.4,324,Emergency,2020-12-23,Lipitor,Normal
maRgAReT WRiGHT,75,Female,AB+,Asthma,2022-08-17,Jennifer Mcpherson,and Webb Sons,Blue Cross,43960.42,139,Emergency,2022-09-16,Penicillin,Inconclusive
TErEsA BlAckWELL,18,Female,B-,Diabetes,2019-06-03,Emily Jones,Smith Ltd,UnitedHealthcare,25046.64,147,Elective,2019-06-15,Penicillin,Normal
tinA maRTinEz,56,Male,AB+,Arthritis,2019-11-30,Diane White,"Rodriguez, and Dawson Jimenez",Medicare,36674.12,310,Urgent,2019-12-03,Aspirin,Inconclusive
DouGLAs fosteR,38,Male,A-,Cancer,2022-08-21,Hayden Cole,Mata-Clark,Blue Cross,16550.09,419,Elective,2022-09-10,Penicillin,Inconclusive
kathY carroLl,64,Male,O-,Diabetes,2022-04-30,Leslie Cantrell,"and Cole Fields, Brennan",UnitedHealthcare,47655.04,424,Elective,2022-05-05,Lipitor,Inconclusive
gRAcE barBER,43,Female,O+,Hypertension,2023-08-28,Mark Bell Jr.,"Garner, and King Smith",UnitedHealthcare,41738.71,498,Emergency,2023-09-18,Ibuprofen,Abnormal
DavId SMITh,27,Female,AB+,Obesity,2023-12-03,Melissa Thomas,"Phillips Jennings and Glass,",Medicare,10454.34,298,Elective,2023-12-11,Ibuprofen,Normal
JOhn pieRce,83,Male,AB+,Asthma,2022-01-14,Michelle Taylor,Butler LLC,Cigna,46063.15,437,Emergency,2022-01-28,Penicillin,Normal
jASON vAsqUez,53,Male,O+,Diabetes,2021-12-17,Lance Garcia,"and Hicks Ray, Lloyd",UnitedHealthcare,21913.88,302,Elective,2022-01-13,Ibuprofen,Abnormal
aDAM sMith,27,Male,B-,Arthritis,2023-01-02,Rebecca Williams,"Oliver, Watson Golden and",Cigna,30144.17,389,Urgent,2023-01-17,Paracetamol,Abnormal
MalIk IrwIn,32,Female,AB-,Hypertension,2021-01-24,Michael Espinoza,"Terry Stevens, and Ramos",Blue Cross,42499.91,245,Urgent,2021-02-08,Ibuprofen,Abnormal
WIllIaM sANCHEz,36,Male,A-,Arthritis,2019-09-19,Robin Gordon,"Patel and White, Lucas",Cigna,24625.5,464,Emergency,2019-09-25,Paracetamol,Normal
DaViD dEAn,81,Male,B-,Cancer,2020-04-26,James Richards,"Young and Hanson Long,",Aetna,18056.17,499,Elective,2020-05-24,Aspirin,Normal
jameS eDwArdS,24,Female,O+,Cancer,2023-07-02,Mitchell Bell,Rocha Inc,Blue Cross,45690.96,266,Emergency,2023-08-01,Lipitor,Abnormal
lIsA maldOnaDo,63,Male,B+,Diabetes,2022-11-09,Nicholas Holmes,Sawyer Inc,Cigna,41225.92,336,Urgent,2022-11-17,Paracetamol,Abnormal
RIChArD LaWSon,78,Female,B-,Obesity,2022-02-24,Robert Brady,"Phillips Michael and Daniel,",UnitedHealthcare,13449.38,162,Emergency,2022-02-26,Aspirin,Inconclusive
HANNah MaTTHeWS,50,Female,AB-,Diabetes,2021-07-05,Troy Smith,"Wells, and Davidson Reyes",Medicare,1137.98,461,Urgent,2021-07-18,Penicillin,Normal
TimotHy simMons,32,Female,A+,Hypertension,2020-12-04,Taylor Bell,LLC Drake,Cigna,29560.22,112,Emergency,2020-12-05,Penicillin,Abnormal
Ray suTTon,38,Male,A+,Hypertension,2021-12-24,Luis Baldwin,LLC Tate,Cigna,10891.93,490,Urgent,2022-01-13,Ibuprofen,Normal
DEBRa Garner,55,Female,O+,Cancer,2020-07-10,Grant Dawson,"Lester, Robles and Jackson",Aetna,5803.43,374,Elective,2020-07-15,Paracetamol,Inconclusive
DavId bROWn,35,Female,AB-,Hypertension,2022-04-10,Meredith Mejia,Cox-Neal,Medicare,34508.51,311,Urgent,2022-04-20,Paracetamol,Normal
chrisTINe Powell,61,Female,AB+,Hypertension,2019-09-08,Cathy Jackson,Park Sons and,Aetna,45268.23,172,Urgent,2019-09-10,Paracetamol,Inconclusive
COrey fLOYd,80,Male,B-,Arthritis,2023-07-21,Alex Johnson,Burns-Rose,Medicare,51257.62,312,Elective,2023-07-23,Penicillin,Abnormal
HaNnah McCaLL,71,Female,B+,Obesity,2020-09-25,Charles Gross,"and Johnston Gill Mathis,",Medicare,22832.15,232,Emergency,2020-10-21,Penicillin,Abnormal
EtHan SIMPSON,70,Female,O-,Hypertension,2021-05-06,Renee Sanchez,Ltd Byrd,Medicare,35610.62,333,Emergency,2021-05-26,Lipitor,Inconclusive
JilLiaN Good,30,Female,O+,Asthma,2021-06-08,Katherine Chavez,"Montes, Medina and Wilson",UnitedHealthcare,36769.47,392,Emergency,2021-06-30,Paracetamol,Inconclusive
jOSE POwERS,33,Female,O-,Obesity,2022-04-02,Maxwell Scott,Shaw Sons and,Blue Cross,49494.56,338,Urgent,2022-04-29,Paracetamol,Abnormal
jaCOB gaTeS,68,Female,O+,Arthritis,2021-11-21,Tamara Mendoza,Newman Ltd,UnitedHealthcare,1120.36,340,Emergency,2021-12-01,Penicillin,Normal
cLAyton RYAn,67,Male,B+,Obesity,2022-11-13,Amber Gonzalez,Brown Group,Cigna,27544.72,459,Urgent,2022-11-22,Paracetamol,Inconclusive
reGINA wEbb,51,Male,O+,Obesity,2023-01-17,Misty Nguyen,Thompson Group,Blue Cross,2757.37,386,Urgent,2023-02-13,Penicillin,Normal
aRThUR PortER,42,Male,AB-,Hypertension,2022-05-25,Diana Johnson,Ayers-Bowers,UnitedHealthcare,10487.87,184,Elective,2022-06-02,Paracetamol,Normal
dANiel bROokS,32,Female,A-,Cancer,2019-06-11,Christina Schmidt,Peterson-Hodges,UnitedHealthcare,29685.4,120,Emergency,2019-06-21,Lipitor,Normal
AntOnio ENGLiSH,33,Male,B-,Hypertension,2021-07-19,Ricky Holmes,"Shields and Chandler Parker,",UnitedHealthcare,6421.71,362,Elective,2021-08-08,Ibuprofen,Normal
VicTor RusSElL,63,Female,B+,Diabetes,2023-02-04,Dawn Dennis,"Bates, Jarvis and Moore",UnitedHealthcare,24415.59,148,Urgent,2023-02-18,Paracetamol,Normal
JENnIFEr bENsoN,35,Male,A-,Asthma,2020-10-12,Don Harris,LLC Winters,UnitedHealthcare,19979.28,169,Elective,2020-10-15,Lipitor,Abnormal
TrAcY preStON,77,Male,B+,Diabetes,2023-08-06,James Robertson,PLC Williams,UnitedHealthcare,18691.22,242,Urgent,2023-08-19,Lipitor,Normal
ALexANdRa MArTIn,41,Male,B-,Cancer,2020-08-12,Douglas Sanchez,"and Conway Cruz, Hayes",Medicare,34734.61,189,Urgent,2020-08-15,Aspirin,Inconclusive
AMy LOpeZ,31,Female,B-,Hypertension,2020-01-18,Maurice Brown,Ltd Torres,Aetna,21720.59,401,Emergency,2020-01-21,Paracetamol,Normal
APriL bUChAnaN,80,Female,A-,Hypertension,2023-09-19,Tyrone Young,Alexander-George,UnitedHealthcare,10320.16,300,Elective,2023-10-09,Ibuprofen,Abnormal
jeNNiFeR CharleS,22,Male,AB+,Diabetes,2021-01-07,Brian Fleming,and Thomas Sons,Cigna,9701.68,110,Emergency,2021-01-27,Lipitor,Inconclusive
aMy NGUYEN,71,Female,A+,Asthma,2023-09-30,Brandon Proctor,"Anderson Massey Johnson, and",Medicare,47683.43,366,Emergency,2023-10-04,Ibuprofen,Inconclusive
jAMES ROSs,59,Female,A+,Asthma,2021-05-24,Maxwell Rogers,Grant-Brown,Aetna,19957.7,112,Urgent,2021-05-28,Lipitor,Inconclusive
lOuIs WILLiams,21,Male,AB+,Asthma,2023-11-13,Robert Bradley,Daniels-Castaneda,Medicare,43750.65,438,Elective,2023-11-17,Aspirin,Normal
CaRLos gaRcIA,48,Male,B+,Asthma,2020-05-08,Ashley Castaneda,Burgess-West,Medicare,48883.77,494,Emergency,2020-05-13,Aspirin,Normal
nICOlE KELlY,44,Female,A+,Hypertension,2024-04-20,Craig Diaz,and Yoder Sons,Aetna,20112.82,441,Elective,2024-05-09,Lipitor,Normal
mArio DanieLS,50,Female,B+,Arthritis,2024-04-28,Grace Wright,"Wade, and Kane Brooks",Blue Cross,1347.54,173,Emergency,2024-04-30,Aspirin,Abnormal
CHeRyL HArris,43,Male,B+,Hypertension,2023-05-07,Mark Cunningham,"and Bradshaw, Rowe Edwards",UnitedHealthcare,30059.93,294,Emergency,2023-05-28,Aspirin,Abnormal
MARCuS JEnkINs,62,Female,AB-,Arthritis,2023-04-07,Lori Nelson,PLC Patel,Cigna,32694.29,297,Elective,2023-04-28,Aspirin,Abnormal
miChAEl thOMPSon,47,Male,O+,Hypertension,2023-06-28,Paul Ashley,"Robertson, and Phillips Hopkins",UnitedHealthcare,32034.81,468,Urgent,2023-07-21,Ibuprofen,Inconclusive
MICHAEL hoUSE dVm,50,Female,O+,Cancer,2020-05-01,Tina Chung,"Noble and Kelly, Dominguez",Blue Cross,42102.05,446,Urgent,2020-05-04,Lipitor,Normal
ELIZaBeTH ZhANg,59,Male,O-,Asthma,2022-01-27,Kimberly Pearson,Bowman PLC,Cigna,36086.79,193,Urgent,2022-01-31,Paracetamol,Normal
JeSSIca DIaz,45,Male,B-,Diabetes,2022-01-16,Deborah Smith,"and Smith Saunders Johnson,",Blue Cross,4477.83,123,Urgent,2022-01-31,Penicillin,Normal
auTuMN jonEs,28,Male,AB+,Hypertension,2023-12-16,Amanda Johnston,LLC Griffin,Cigna,45382.99,387,Emergency,2023-12-18,Lipitor,Abnormal
JASoN SMITh,81,Female,O+,Cancer,2022-01-06,Sara Cantu,Bailey-White,Cigna,12009.05,459,Emergency,2022-01-19,Paracetamol,Abnormal
mARISsa miLES,58,Female,O-,Arthritis,2023-10-10,Brandi Lozano,"Dillon Nichols, Kane and",UnitedHealthcare,15300.91,461,Urgent,2023-11-06,Ibuprofen,Normal
michaeL lAMB,82,Female,AB-,Hypertension,2020-04-06,Robert Peterson,"Franklin Franklin Riggs, and",Aetna,33334.1,330,Urgent,2020-04-29,Paracetamol,Inconclusive
CaSsanDRa SpeNCER,47,Female,O-,Asthma,2020-07-30,Richard Pratt,King-Nunez,Medicare,36406.84,250,Urgent,2020-08-22,Lipitor,Abnormal
aNDReW wALLeR,20,Male,A-,Diabetes,2022-05-29,Gail Higgins,"and Boyd Weaver Diaz,",Medicare,10537.31,301,Urgent,2022-06-18,Aspirin,Normal
EvAN GOnzaleZ,25,Male,O-,Asthma,2021-08-19,Anne Johnson,"Carson, Jordan Hines and",UnitedHealthcare,27265.73,364,Elective,2021-09-14,Paracetamol,Inconclusive
pAUL DAVIS,77,Female,B+,Cancer,2021-12-19,Brandon Ayers,Baker-Rice,UnitedHealthcare,45121.51,385,Elective,2021-12-29,Lipitor,Inconclusive
joHNny JoNES,32,Female,O-,Arthritis,2022-10-30,Benjamin Fitzpatrick,"and Jones Coleman, Willis",Aetna,5843.15,116,Elective,2022-11-13,Penicillin,Abnormal
anGelA aLlEn,83,Female,B-,Diabetes,2019-08-21,Robert Kennedy,"Brown and Randolph, Young",Cigna,-43.1,189,Urgent,2019-08-24,Penicillin,Abnormal
DaVId WriGhT,51,Female,A+,Diabetes,2024-04-19,Joseph Garrett,Conley and Sons,Blue Cross,2821.67,446,Emergency,2024-05-05,Penicillin,Normal
gABrIeLLE pIERcE,55,Male,AB-,Cancer,2021-06-20,Joyce Bullock,"Smith, Parks Garrett and",Medicare,12549.83,157,Emergency,2021-07-08,Aspirin,Abnormal
EdWArD BROWN,27,Male,A-,Hypertension,2022-10-12,Robert Patel,"Branch, Pennington Vega and",Cigna,12498.9,184,Elective,2022-10-31,Ibuprofen,Abnormal
KrIstiN fiTZGEraLd,73,Female,B+,Cancer,2021-08-07,Randall Peterson,Thompson-Newman,Blue Cross,26918.66,448,Elective,2021-09-02,Aspirin,Normal
TaylOr edWarDS,37,Male,B-,Arthritis,2020-09-25,Dale Higgins,Brown PLC,Cigna,2769.46,494,Elective,2020-10-23,Paracetamol,Abnormal
jaREd hawkinS,59,Female,B+,Asthma,2021-09-24,Adam Freeman,Montgomery-Smith,Blue Cross,40527.5,330,Elective,2021-09-27,Penicillin,Inconclusive
ShanNOn WASHinGtON,65,Male,AB-,Obesity,2022-12-15,Michael Golden,"Gregory, Crawford Butler and",Blue Cross,2626.64,221,Emergency,2022-12-29,Lipitor,Inconclusive
gary BuRToN,51,Male,AB-,Arthritis,2022-06-15,Wendy Richards,"Beck and Hopkins Vasquez,",Medicare,18530.82,400,Emergency,2022-06-25,Paracetamol,Abnormal
ThoMAS lewiS,72,Female,B+,Hypertension,2020-03-31,Sean Gilbert,Ferguson Ltd,Cigna,47051.93,404,Emergency,2020-04-20,Aspirin,Normal
ALaN bENNetT,31,Male,B+,Arthritis,2022-11-25,Nicholas Murray,and Padilla Sons,Blue Cross,4683.63,169,Urgent,2022-12-15,Ibuprofen,Abnormal
MicHAEL hilL,53,Male,A-,Hypertension,2021-08-24,Christian Walters,Park-Webster,Cigna,47689.03,209,Urgent,2021-09-21,Paracetamol,Inconclusive
dAVID gRAVES,65,Male,O-,Cancer,2020-04-04,David Bowers,Cobb-Reed,UnitedHealthcare,48419.54,320,Emergency,2020-04-09,Ibuprofen,Abnormal
aNGEla madDeN,26,Male,B-,Hypertension,2022-06-06,Jordan Rivera,"Alvarez, Ross and Hurst",Medicare,34858.4,134,Elective,2022-07-06,Ibuprofen,Normal
kaTHerInE rOSE,29,Female,AB-,Cancer,2023-02-15,Heather Nunez,"and Grant Morales, Wheeler",UnitedHealthcare,22447.41,464,Emergency,2023-02-26,Paracetamol,Inconclusive
CHRiSTY leWis,27,Male,AB+,Hypertension,2021-07-25,Brittney Campbell,"and Griffin Mueller, Perez",Aetna,32010.14,407,Emergency,2021-08-17,Penicillin,Abnormal
VicToR YORk,18,Female,B+,Obesity,2020-10-23,Jessica Crawford,Mckenzie LLC,Aetna,23726.75,488,Urgent,2020-11-20,Ibuprofen,Abnormal
ChRiSTophEr jeNSeN,65,Female,O-,Diabetes,2023-08-15,Ann Higgins,Thompson-Byrd,UnitedHealthcare,36023.53,262,Urgent,2023-08-16,Penicillin,Normal
JiLlIan rIchArDs,46,Female,O+,Hypertension,2022-01-21,Jessica Martinez,Sons and Wilson,UnitedHealthcare,8276.7,275,Emergency,2022-02-10,Penicillin,Abnormal
WilLiam willIaMS,63,Male,O-,Obesity,2023-05-29,Michelle Garcia,LLC Small,Cigna,16688.42,350,Urgent,2023-06-06,Penicillin,Inconclusive
jo TrUjiLLo,53,Male,O+,Arthritis,2021-08-04,Ashlee Webster,Butler and Sons,Blue Cross,47212.91,286,Elective,2021-09-01,Penicillin,Normal
eliZaBeth WRight,68,Female,AB+,Hypertension,2022-03-03,Kristopher Murphy,PLC Scott,UnitedHealthcare,48083.03,152,Emergency,2022-03-17,Paracetamol,Normal
alExaNDra pHillIps,62,Male,A+,Diabetes,2021-04-03,Michelle Williamson,Hutchinson-Haney,Aetna,34676.04,390,Elective,2021-04-27,Aspirin,Abnormal
hOLly PArk,72,Male,B-,Cancer,2021-10-30,Tyler Shelton,Martinez-Tucker,Cigna,36848.04,437,Elective,2021-11-07,Aspirin,Normal
TRAViS wiLLiamS,44,Male,AB+,Arthritis,2021-01-21,Andrew Brown,"and Clark Johnson, Matthews",Blue Cross,30108.06,447,Emergency,2021-01-30,Paracetamol,Normal
liNDa SWANSOn,24,Male,A+,Diabetes,2020-05-13,Norman Patterson,Ltd Hansen,Medicare,9428.68,130,Urgent,2020-05-16,Lipitor,Inconclusive
RobErT VASQUEZ,69,Male,O+,Asthma,2020-10-02,Tyler Cochran,Group Santana,Medicare,24017.61,273,Urgent,2020-10-28,Penicillin,Inconclusive
jereMy hOrToN,77,Male,A+,Diabetes,2020-10-14,Charles Johnston,Spencer LLC,Medicare,32924.56,294,Elective,2020-11-07,Ibuprofen,Abnormal
sUsAn biShOP,26,Female,A+,Arthritis,2019-09-08,Levi Hutchinson,Garcia-Kelley,Cigna,32421.98,329,Emergency,2019-09-20,Penicillin,Inconclusive
RhoNdA rUIZ,67,Female,AB+,Diabetes,2024-03-01,Logan Day,Williams PLC,UnitedHealthcare,41291.23,466,Elective,2024-03-30,Paracetamol,Normal
LaUrA gARzA,61,Female,A-,Diabetes,2022-08-08,Renee Cooper,"Sanchez, and Singh Murray",Blue Cross,11880.09,369,Emergency,2022-08-10,Lipitor,Normal
EMILY wAsHINgtoN,39,Female,A-,Obesity,2019-06-15,Ronald Henderson,"Brown, David and Cervantes",Blue Cross,47720.56,275,Elective,2019-06-17,Paracetamol,Normal
eDwIn HiCkS,70,Male,A+,Obesity,2022-12-23,Daniel Morris,"and Roth Edwards, Black",Medicare,22521.4,127,Elective,2023-01-22,Lipitor,Inconclusive
MIchellE wU,59,Female,A-,Hypertension,2019-10-26,David Lee,Martinez-Washington,UnitedHealthcare,37967.85,206,Urgent,2019-11-03,Lipitor,Abnormal
rONaLD sAnCHEZ,61,Male,B-,Cancer,2023-09-01,Joseph Thompson,"Murillo Thomas and Jones,",Medicare,36169.86,127,Elective,2023-09-03,Aspirin,Abnormal
cHRISTOPhEr vALDEz,42,Male,O+,Diabetes,2020-05-24,Latoya Blanchard,Edwards-Chapman,Aetna,41586.52,367,Elective,2020-05-27,Paracetamol,Abnormal
jOhN JOrdAN,66,Female,A-,Asthma,2021-05-18,Donald Padilla,"Fowler and Allen, Holt",Medicare,12451.16,124,Elective,2021-06-01,Paracetamol,Abnormal
ANgelA bAllARD,49,Female,O-,Cancer,2021-09-09,Mark Glenn,"Heath and Hart Pearson,",Medicare,2656.22,439,Emergency,2021-10-01,Aspirin,Abnormal
joHn JacKsoN,74,Male,B+,Hypertension,2020-07-14,Rhonda Moss,"and Blanchard Walker, Barrett",Blue Cross,9802.1,299,Urgent,2020-08-02,Aspirin,Normal
JosEpH MayNard,69,Male,O-,Cancer,2022-12-30,Mary Thompson,Ltd Garcia,Cigna,5784.11,356,Emergency,2023-01-07,Paracetamol,Abnormal
BraDlEY poTts,43,Male,A+,Arthritis,2022-08-22,Christopher Rush,"Clark Logan, Nichols and",Medicare,13515.34,117,Urgent,2022-09-04,Lipitor,Inconclusive
daNiEl WEST,42,Female,AB+,Diabetes,2023-08-14,Benjamin Donaldson,Rodriguez-Decker,Aetna,20234.28,200,Urgent,2023-09-11,Penicillin,Inconclusive
ANGeliCA HOdgE,24,Female,O+,Arthritis,2020-03-21,Dr. Warren Smith,Andersen-Jordan,Cigna,11688.91,224,Elective,2020-04-07,Aspirin,Inconclusive
elIJAh brYAnt,73,Male,AB-,Cancer,2019-11-07,Ashley White,Sandoval Group,Cigna,4230.77,478,Elective,2019-11-09,Penicillin,Normal
Alex guTIErrEZ,83,Male,AB-,Diabetes,2023-05-12,Brandy Riley,Anderson-Hernandez,Medicare,41450.46,416,Elective,2023-06-05,Penicillin,Abnormal
ShaNNOn torReS,73,Female,B+,Asthma,2024-02-10,Sandra Anderson,"Rose and Scott Holt,",UnitedHealthcare,25127.63,155,Emergency,2024-02-22,Lipitor,Inconclusive
SAbrINA roSAles,47,Male,A+,Diabetes,2020-03-16,David Green,Sharp-Dominguez,Aetna,45702.33,463,Urgent,2020-03-24,Aspirin,Abnormal
tHOmAs cOOPEr,40,Male,A+,Arthritis,2019-07-07,Tammy May,"Russo and Meyers Johnson,",Blue Cross,49298.06,144,Emergency,2019-07-15,Ibuprofen,Abnormal
PAmELA rEYEs,19,Female,O+,Asthma,2023-02-18,Kenneth Gomez,Armstrong-Williamson,Cigna,46847.38,210,Elective,2023-03-06,Penicillin,Inconclusive
stEpHANIe haRRISOn,33,Female,B-,Arthritis,2019-07-07,Edwin Kirk,Group Pena,Medicare,12850.47,213,Urgent,2019-07-08,Penicillin,Normal
DaNIEL caMPBEll,68,Male,O-,Cancer,2023-08-21,Sandra Cole,Inc Summers,Cigna,32559.05,352,Elective,2023-08-29,Aspirin,Normal
sTevEn rusSell,20,Female,AB+,Arthritis,2022-12-17,Daniel Brooks,Inc Oliver,Cigna,17458.82,130,Elective,2023-01-06,Aspirin,Normal
hArOLd WEBB,85,Female,A-,Asthma,2021-09-15,Heather Larson,Simpson-Travis,Blue Cross,23420.53,212,Urgent,2021-09-23,Lipitor,Abnormal
SArA MIranda,64,Male,B+,Asthma,2022-12-25,Austin Nguyen,"Allen Watson and Robinson,",Cigna,18144.51,149,Elective,2022-12-26,Ibuprofen,Abnormal
jackSON lOpez,21,Female,B+,Asthma,2020-08-03,Jeffery Martinez,Brewer-Marquez,Medicare,9471.8,192,Emergency,2020-08-08,Lipitor,Normal
STACy baXtER,58,Female,O-,Cancer,2023-09-17,Amy Roberts,Sullivan-Jackson,Cigna,17827.91,119,Emergency,2023-09-20,Aspirin,Normal
LINdA KrAmEr,74,Female,O+,Cancer,2020-05-21,Edward Gill,Morales-Ho,Blue Cross,43810.05,440,Elective,2020-06-08,Paracetamol,Inconclusive
WIlLiaM HaNNa,32,Female,AB-,Asthma,2022-11-27,Rachel Cunningham,"Duncan and Wright, Williams",Medicare,40345.76,252,Elective,2022-12-24,Lipitor,Inconclusive
kIMBeRly williAMs,52,Male,O+,Asthma,2023-05-21,Patricia Randolph,"and Moody, Cochran Alexander",UnitedHealthcare,44470.71,176,Elective,2023-06-15,Paracetamol,Inconclusive
DAviD laNDry,65,Male,A+,Asthma,2024-02-08,Nicholas Singh,"Shaw, Mitchell and Campbell",UnitedHealthcare,7340.08,482,Urgent,2024-03-06,Ibuprofen,Abnormal
ERIC GONZaLeZ,18,Female,B-,Cancer,2021-06-25,Thomas Rangel,Inc Hernandez,Cigna,19040.92,250,Urgent,2021-06-26,Lipitor,Abnormal
mR. CHRistoPher BaNks DvM,85,Female,O+,Arthritis,2019-09-16,Steven Lewis,Mclaughlin LLC,Blue Cross,2202.39,461,Urgent,2019-10-09,Aspirin,Inconclusive
LAurEN roGeRs DdS,49,Male,A-,Asthma,2022-03-28,Katelyn Green,Williams Ltd,Blue Cross,43251.84,147,Urgent,2022-04-27,Paracetamol,Normal
gina CarPENTer,38,Female,A-,Diabetes,2023-12-18,Andrew Cline,House Ltd,Aetna,35216.48,155,Elective,2024-01-11,Lipitor,Abnormal
CHRIsTophER mCinTOsh,55,Male,B+,Asthma,2022-10-09,Robert Ramirez,Nelson-Wallace,UnitedHealthcare,12272.26,370,Urgent,2022-11-08,Ibuprofen,Abnormal
KAreN BaIley,79,Female,AB+,Asthma,2022-08-03,Melinda Wright,"and Graham Martinez Spence,",Medicare,2953.34,412,Urgent,2022-08-15,Paracetamol,Normal
daNny ThoMpSoN,36,Male,O+,Asthma,2022-01-14,Latasha Solis,"Smith, Hanna Wilcox and",Medicare,28906.55,331,Urgent,2022-01-16,Ibuprofen,Inconclusive
cHarLES tREvINO,18,Female,A+,Hypertension,2023-05-08,Natalie Boyd,"Franklin Smith and Price,",Blue Cross,2646.14,311,Elective,2023-05-27,Aspirin,Abnormal
alEXIs SmIth Md,23,Male,A+,Cancer,2021-10-23,Jennifer Boyd,"Walker Jensen, and Hernandez",Medicare,31125.0,163,Urgent,2021-11-08,Lipitor,Abnormal
BEtTy hANSeN,19,Female,AB-,Cancer,2023-08-14,Matthew Pittman,Johnson-Kirk,Medicare,6737.15,207,Urgent,2023-09-12,Ibuprofen,Normal
JESSICa mArTiN,49,Male,A+,Obesity,2023-08-24,Elizabeth Jimenez,"Lawrence and Sellers, Williams",Cigna,38676.66,241,Urgent,2023-09-14,Paracetamol,Normal
aNGelA perKiNs,79,Female,AB+,Cancer,2023-10-06,Diane Patterson,"Anderson Keller Lewis, and",UnitedHealthcare,8335.45,276,Urgent,2023-11-05,Penicillin,Abnormal
aNgELa mcpheRson,42,Male,B+,Hypertension,2023-12-02,Catherine Snow,Baker-Simon,Aetna,6723.19,172,Urgent,2023-12-21,Lipitor,Inconclusive
MElIsSa GardNEr,74,Female,B+,Diabetes,2023-11-29,David Nelson,Inc Jones,Aetna,30961.24,413,Emergency,2023-12-09,Aspirin,Normal
ElIzAbeTH PALmeR,68,Female,O-,Cancer,2022-03-06,Steve Cunningham,"and Jones Sutton Nichols,",Aetna,8358.66,282,Emergency,2022-03-10,Aspirin,Inconclusive
shawn diaz,22,Female,O+,Hypertension,2021-04-12,Dwayne Burton,Page LLC,Medicare,36734.63,446,Elective,2021-05-07,Paracetamol,Abnormal
gwENdOLyN BroWN,69,Female,B-,Diabetes,2019-07-06,Krystal Jackson,"and Jones, Evans Williams",Aetna,5469.47,244,Urgent,2019-07-17,Penicillin,Normal
dIAmoND knIght,76,Male,B-,Hypertension,2022-01-13,Kiara Hayes,Cole-Morgan,Blue Cross,35664.69,379,Urgent,2022-02-11,Ibuprofen,Abnormal
DEboRAh AdAMS,41,Male,AB+,Obesity,2022-12-10,Kimberly Flores,Davis PLC,Cigna,29881.64,169,Elective,2022-12-23,Penicillin,Inconclusive
James MonTGOmeRy iI,34,Male,B+,Diabetes,2023-05-26,Manuel Thomas,"Lee Clark Hatfield, and",Aetna,32997.5,454,Urgent,2023-06-16,Ibuprofen,Normal
donALD ORtEGA,70,Male,O-,Obesity,2022-01-05,Tristan Jones,Inc Hughes,UnitedHealthcare,33261.45,120,Elective,2022-02-04,Penicillin,Abnormal
jESSiCA Jones,27,Male,B+,Asthma,2022-09-09,Kristen Smith,Schneider-Schwartz,Blue Cross,37514.41,169,Urgent,2022-09-21,Paracetamol,Inconclusive
tRaCy cABRerA,33,Female,B-,Cancer,2022-11-06,Margaret Lopez,Miller-Adams,Blue Cross,20554.71,136,Elective,2022-11-28,Lipitor,Normal
MelIssa chaPMAN,83,Female,B-,Arthritis,2020-10-24,Leslie White,Ltd Taylor,Aetna,29873.23,285,Emergency,2020-11-07,Penicillin,Inconclusive
SaNdrA CUNNIngHAm,38,Male,B+,Diabetes,2021-03-13,Chad Mccoy,Thompson-Vargas,Medicare,27895.44,226,Emergency,2021-04-08,Paracetamol,Normal
daVID jOhNSoN,23,Male,AB+,Hypertension,2019-08-04,Nancy Burns,PLC Harris,Blue Cross,42420.04,444,Emergency,2019-08-30,Ibuprofen,Normal
EmiLY WIlLIAMS,58,Male,B-,Hypertension,2020-12-28,Sherry Murphy,Baldwin Inc,Blue Cross,43701.68,109,Emergency,2021-01-19,Aspirin,Abnormal
ChriStOphER JoneS,49,Female,AB-,Diabetes,2020-06-02,Elizabeth Berry,Sanchez Inc,Medicare,41488.19,312,Emergency,2020-06-09,Penicillin,Inconclusive
EDGAr wIlLIs,80,Female,B-,Obesity,2020-09-21,James Mason,"Gates and Davis, Thomas",Medicare,31625.94,450,Emergency,2020-10-19,Paracetamol,Inconclusive
jaSmIne dawSon,79,Female,AB+,Asthma,2019-10-18,Nicole Miller,"and Huang, Rivera Ryan",Cigna,16922.71,159,Elective,2019-11-16,Ibuprofen,Abnormal
mICHAeL SmITH,47,Male,AB-,Cancer,2022-02-19,Penny Rhodes,Moore-Barnes,UnitedHealthcare,48460.91,364,Elective,2022-02-22,Lipitor,Normal
Mark DOYle,68,Female,AB+,Asthma,2024-01-03,Elizabeth Lam,LLC Martin,UnitedHealthcare,33186.56,359,Urgent,2024-01-20,Aspirin,Abnormal
mRS. donNA hOLLAnd Md,40,Male,B+,Obesity,2020-05-17,David Wallace,Yang-Beltran,Blue Cross,14055.26,316,Urgent,2020-06-16,Lipitor,Abnormal
stePhEn RuSSeLl,19,Female,B-,Arthritis,2023-09-15,Charles Tucker,Gonzalez PLC,Medicare,22908.93,403,Emergency,2023-09-19,Penicillin,Abnormal
ApriL bRowN,84,Female,O+,Diabetes,2021-12-20,Lori Johnson,Mitchell PLC,Aetna,27327.45,496,Emergency,2021-12-21,Penicillin,Abnormal
cHrisTY JaCksoN,69,Male,O-,Arthritis,2021-07-18,Margaret Medina,"Freeman Stevenson, and Clay",Blue Cross,25733.51,207,Urgent,2021-08-13,Aspirin,Inconclusive
niCoLe CRuZ,51,Female,O-,Diabetes,2021-02-17,David Burke,"Williams, Moore Martin and",Cigna,27318.21,356,Emergency,2021-03-19,Aspirin,Inconclusive
maRcus ANdeRsoN,51,Male,O-,Hypertension,2021-03-01,Jean Gonzalez,Tate-Johnson,UnitedHealthcare,40508.79,258,Urgent,2021-03-15,Aspirin,Normal
JillIAN jOHNsON,31,Female,B-,Obesity,2020-09-17,Joann Harris,Garcia-Thompson,UnitedHealthcare,5132.52,307,Elective,2020-10-08,Lipitor,Normal
richARD aLVARADo,75,Female,A-,Diabetes,2020-11-02,Billy White DDS,Davenport-Simpson,Medicare,38025.75,411,Elective,2020-11-03,Aspirin,Normal
DevON coOPER,43,Male,AB-,Cancer,2023-03-31,Renee Elliott,"Miller Hartman, Flores and",Aetna,28930.87,446,Urgent,2023-04-16,Lipitor,Inconclusive
KyLE PAlmeR,56,Male,AB-,Hypertension,2022-11-19,Meghan Rasmussen,"Lee Meyers and Wilson,",Blue Cross,17771.32,159,Urgent,2022-12-08,Penicillin,Inconclusive
bRItTaNY SmIth,23,Male,B-,Asthma,2021-11-01,Shannon Drake,Dean Sons and,Aetna,4291.01,348,Urgent,2021-11-18,Ibuprofen,Normal
aNgel MeyEr,74,Male,A-,Asthma,2020-01-25,Kristin Johnson,Taylor-Reid,Aetna,47306.39,184,Emergency,2020-02-15,Penicillin,Abnormal
anTHoNY COlemAn,79,Female,A-,Arthritis,2021-07-28,Amy Daugherty,PLC Mahoney,UnitedHealthcare,15675.45,423,Elective,2021-08-22,Lipitor,Abnormal
MR. JamES wIlkinSoN,24,Female,O-,Asthma,2023-09-27,Timothy Mitchell,Sanchez-Newman,UnitedHealthcare,2820.63,438,Urgent,2023-10-27,Aspirin,Abnormal
tifFAny phiLlIPS,52,Male,A-,Obesity,2020-12-30,Tiffany Johns,Garcia-Brown,Medicare,18085.89,390,Emergency,2021-01-20,Ibuprofen,Inconclusive
TyLer HAMILtON,69,Male,O-,Diabetes,2021-07-21,Stacy Johnson,Hatfield-Wilson,Medicare,32931.68,146,Urgent,2021-08-05,Paracetamol,Inconclusive
Yvonne LARSOn,32,Male,B+,Arthritis,2022-07-01,Brittany Griffith,"Myers Walsh, Schultz and",UnitedHealthcare,16259.87,137,Emergency,2022-07-10,Aspirin,Inconclusive
KaThlEEN hansOn,48,Female,AB+,Obesity,2023-11-30,Keith Savage,Rivera-Peters,Cigna,31815.98,204,Emergency,2023-12-11,Ibuprofen,Normal
SaRA WaLteRs,42,Male,B-,Diabetes,2019-10-01,Mark Barajas,Butler-Banks,Medicare,11703.21,181,Urgent,2019-10-08,Aspirin,Normal
bENJaMIn MAy,74,Male,A+,Asthma,2022-08-26,Peter Cortez,LLC Chavez,Cigna,2945.64,410,Elective,2022-09-18,Penicillin,Inconclusive
HEATHEr BuCkLEy,48,Male,B-,Arthritis,2020-05-19,Michael Johnson,"and Richards Lewis, Hunt",Aetna,46387.64,332,Urgent,2020-05-30,Ibuprofen,Inconclusive
diANE mOrAles,85,Male,O-,Arthritis,2022-05-10,Brandi Hodges,Schmitt Inc,UnitedHealthcare,4459.87,360,Elective,2022-05-27,Penicillin,Normal
nicolE coLLiNS,50,Male,A+,Obesity,2021-09-05,Margaret Aguirre,Kramer-Stewart,Medicare,41154.96,147,Emergency,2021-09-30,Paracetamol,Abnormal
MAry faRMER,77,Female,AB+,Cancer,2022-03-02,Johnny Roberts,"Ross Hart, and Mercer",UnitedHealthcare,24560.87,255,Emergency,2022-03-11,Paracetamol,Normal
TrAVIs salaZaR,56,Male,B-,Cancer,2020-08-02,Nicole Davis,Garcia Group,Medicare,33066.43,312,Elective,2020-08-03,Aspirin,Abnormal
EdwARd HernanDez,27,Female,AB+,Hypertension,2020-12-19,Danielle Phillips,Suarez Inc,Cigna,40170.07,106,Elective,2020-12-26,Lipitor,Normal
mrS. AngEL SANDovAl DDs,63,Female,B-,Obesity,2021-01-21,John Patterson,"Nielsen and Moore Hansen,",Aetna,38660.0,331,Elective,2021-01-29,Ibuprofen,Inconclusive
SHARi kellY,28,Male,O+,Cancer,2023-02-21,Brian Mckee,Lee-Robinson,Medicare,22920.95,341,Emergency,2023-03-10,Ibuprofen,Abnormal
melanie abBOtt,31,Female,B-,Arthritis,2021-05-30,Melissa Graham,Sons Morse and,Medicare,14871.6,119,Elective,2021-06-07,Ibuprofen,Inconclusive
